episode,epsilon,moves,raw_return,train_return,won,replay_size,updates,loss,lr,rolling_success_100
1,1.0,3,-12.0,-12.4,False,3,0,0.0,0.0008,0.0
2,0.99973,29,-18.0,-17.8,True,32,0,0.0,0.0008,0.5
3,0.99946,5,-14.0,-14.0,False,37,0,0.0,0.0008,0.3333333333333333
4,0.99919,1,10.0,10.0,True,38,0,0.0,0.0008,0.5
5,0.99891,43,-32.0,-32.0,True,81,0,0.0,0.0008,0.6
6,0.99864,6,-15.0,-14.8,False,87,0,0.0,0.0008,0.5
7,0.99837,18,-7.0,-6.4,True,105,0,0.0,0.0008,0.5714285714285714
8,0.9981,2,9.0,9.0,True,107,0,0.0,0.0008,0.625
9,0.99783,4,7.0,7.4,True,111,0,0.0,0.0008,0.6666666666666666
10,0.99756,15,-4.0,-3.4,True,126,0,0.0,0.0008,0.7
11,0.99729,6,-15.0,-15.4,False,132,0,0.0,0.0008,0.6363636363636364
12,0.99701,3,-12.0,-12.0,False,135,0,0.0,0.0008,0.5833333333333334
13,0.99674,17,-6.0,-5.8,True,152,0,0.0,0.0008,0.6153846153846154
14,0.99647,9,2.0,2.2,True,161,0,0.0,0.0008,0.6428571428571429
15,0.9962,45,-54.0,-53.4,False,206,0,0.0,0.0008,0.6
16,0.99593,2,-11.0,-10.8,False,208,0,0.0,0.0008,0.5625
17,0.99566,2,9.0,9.2,True,210,0,0.0,0.0008,0.5882352941176471
18,0.99539,8,3.0,3.2,True,218,0,0.0,0.0008,0.6111111111111112
19,0.99511,5,-14.0,-13.8,False,223,0,0.0,0.0008,0.5789473684210527
20,0.99484,2,-11.0,-10.8,False,225,0,0.0,0.0008,0.55
21,0.99457,3,-12.0,-12.0,False,228,0,0.0,0.0008,0.5238095238095238
22,0.9943,3,-12.0,-11.8,False,231,0,0.0,0.0008,0.5
23,0.99403,7,-16.0,-16.2,False,238,0,0.0,0.0008,0.4782608695652174
24,0.99376,4,-13.0,-13.2,False,242,0,0.0,0.0008,0.4583333333333333
25,0.99349,17,-6.0,-5.4,True,259,0,0.0,0.0008,0.48
26,0.99321,7,4.0,4.2,True,266,0,0.0,0.0008,0.5
27,0.99294,1,10.0,10.0,True,267,0,0.0,0.0008,0.5185185185185185
28,0.99267,5,6.0,6.4,True,272,0,0.0,0.0008,0.5357142857142857
29,0.9924,10,-19.0,-19.2,False,282,0,0.0,0.0008,0.5172413793103449
30,0.99213,35,-24.0,-23.6,True,317,0,0.0,0.0008,0.5333333333333333
31,0.99186,5,-14.0,-14.2,False,322,0,0.0,0.0008,0.5161290322580645
32,0.99159,11,0.0,0.8,True,333,0,0.0,0.0008,0.53125
33,0.99131,13,-22.0,-22.0,False,346,0,0.0,0.0008,0.5151515151515151
34,0.99104,3,8.0,8.4,True,349,0,0.0,0.0008,0.5294117647058824
35,0.99077,3,-12.0,-12.0,False,352,0,0.0,0.0008,0.5142857142857142
36,0.9905,15,-4.0,-3.8,True,367,0,0.0,0.0008,0.5277777777777778
37,0.99023,1,-10.0,-10.0,False,368,0,0.0,0.0008,0.5135135135135135
38,0.98996,39,-48.0,-47.8,False,407,0,0.0,0.0008,0.5
39,0.98969,43,-52.0,-52.6,False,450,0,0.0,0.0008,0.48717948717948717
40,0.98941,1,-10.0,-10.0,False,451,0,0.0,0.0008,0.475
41,0.98914,12,-21.0,-21.4,False,463,0,0.0,0.0008,0.4634146341463415
42,0.98887,30,-19.0,-18.4,True,493,0,0.0,0.0008,0.47619047619047616
43,0.9886,1,-10.0,-10.0,False,494,0,0.0,0.0008,0.46511627906976744
44,0.98833,43,-52.0,-52.0,False,537,26,0.9170501232147217,0.0007999999309127715,0.45454545454545453
45,0.98806,16,-5.0,-4.4,True,553,42,0.7629950046539307,0.0007999997236511132,0.4666666666666667
46,0.98779,8,3.0,3.6,True,561,50,0.9390634894371033,0.0007999993782151068,0.4782608695652174
47,0.98751,17,-26.0,-26.4,False,578,67,0.7448405623435974,0.0007999988946048889,0.46808510638297873
48,0.98724,11,-20.0,-20.0,False,589,78,0.798946738243103,0.0007999982728206504,0.4583333333333333
49,0.98697,32,-21.0,-20.6,True,621,110,0.7665655016899109,0.0007999975128626365,0.46938775510204084
50,0.9867,9,-18.0,-18.8,False,630,119,0.7514438629150391,0.0007999966147311475,0.46
51,0.98643,1,10.0,10.0,True,631,120,0.8157002925872803,0.0007999955784265379,0.47058823529411764
52,0.98616,11,0.0,0.4,True,642,131,0.7652709484100342,0.0007999944039492168,0.4807692307692308
53,0.98589,23,-12.0,-11.4,True,665,154,0.7668368220329285,0.0007999930912996479,0.49056603773584906
54,0.98561,9,-18.0,-18.0,False,674,163,0.6296494603157043,0.0007999916404783494,0.48148148148148145
55,0.98534,1,10.0,10.0,True,675,164,0.6383699774742126,0.000799990051485894,0.4909090909090909
56,0.98507,10,-19.0,-19.0,False,685,174,0.7116803526878357,0.000799988324322909,0.48214285714285715
57,0.9848,45,-45.0,-44.8,False,730,219,0.7607131004333496,0.0007999864589900763,0.47368421052631576
58,0.98453,31,-40.0,-39.6,False,761,250,0.7157135605812073,0.0007999844554881323,0.46551724137931033
59,0.98426,12,-1.0,-1.0,True,773,262,0.6852620244026184,0.000799982313817868,0.4745762711864407
60,0.98399,12,-21.0,-20.8,False,785,274,0.6698753833770752,0.000799980033980129,0.4666666666666667
61,0.98371,9,-18.0,-18.0,False,794,283,0.6082866191864014,0.0007999776159758151,0.45901639344262296
62,0.98344,31,-20.0,-19.6,True,825,314,0.555326521396637,0.0007999750598058809,0.46774193548387094
63,0.98317,15,-4.0,-3.8,True,840,329,0.5734405517578125,0.0007999723654713356,0.47619047619047616
64,0.9829,12,-21.0,-21.4,False,852,341,0.6361864805221558,0.000799969532973243,0.46875
65,0.98263,3,8.0,8.2,True,855,344,0.5455949306488037,0.0007999665623127212,0.47692307692307695
66,0.98236,12,-1.0,-0.6,True,867,356,0.62464439868927,0.0007999634534909429,0.48484848484848486
67,0.98209,4,-13.0,-12.8,False,871,360,0.449988454580307,0.0007999602065091356,0.47761194029850745
68,0.98181,10,1.0,1.6,True,881,370,0.613186240196228,0.0007999568213685811,0.4852941176470588
69,0.98154,13,-2.0,-1.4,True,894,383,0.5316779613494873,0.0007999532980706158,0.4927536231884058
70,0.98127,15,-24.0,-23.8,False,909,398,0.5424596667289734,0.0007999496366166305,0.4857142857142857
71,0.981,45,-45.0,-44.8,False,954,443,0.437086284160614,0.0007999458370080709,0.4788732394366197
72,0.98073,9,-18.0,-17.8,False,963,452,0.41532889008522034,0.0007999418992464368,0.4722222222222222
73,0.98046,9,-18.0,-18.0,False,972,461,0.3109884560108185,0.000799937823333283,0.4657534246575342
74,0.98019,16,-25.0,-24.4,False,988,477,0.3458458185195923,0.0007999336092702184,0.4594594594594595
75,0.97991,17,-26.0,-26.2,False,1005,494,0.25771304965019226,0.0007999292570589069,0.4533333333333333
76,0.97964,12,-1.0,-0.6,True,1017,506,0.5304734706878662,0.0007999247667010665,0.4605263157894737
77,0.97937,7,4.0,4.2,True,1024,513,0.6423211097717285,0.00079992013819847,0.4675324675324675
78,0.9791,13,-2.0,-1.2,True,1037,526,0.7392486929893494,0.0007999153715529444,0.47435897435897434
79,0.97883,5,6.0,6.0,True,1042,531,0.86133873462677,0.0007999104667663718,0.4810126582278481
80,0.97856,5,6.0,6.2,True,1047,536,0.7200867533683777,0.0007999054238406884,0.4875
81,0.97829,2,-11.0,-11.0,False,1049,538,0.6888421773910522,0.0007999002427778851,0.48148148148148145
82,0.97801,7,-16.0,-16.0,False,1056,545,0.6403242945671082,0.0007998949235800074,0.47560975609756095
83,0.97774,45,-45.0,-44.8,False,1101,590,0.5359141230583191,0.0007998894662491551,0.46987951807228917
84,0.97747,2,-11.0,-11.2,False,1103,592,0.20977675914764404,0.0007998838707874826,0.4642857142857143
85,0.9772,38,-27.0,-26.2,True,1141,630,0.42028623819351196,0.0007998781371971991,0.47058823529411764
86,0.97693,39,-48.0,-47.8,False,1180,669,0.33727020025253296,0.0007998722654805681,0.46511627906976744
87,0.97666,6,5.0,5.4,True,1186,675,0.3763220012187958,0.0007998662556399076,0.47126436781609193
88,0.97639,5,-14.0,-14.4,False,1191,680,0.2662704586982727,0.00079986010767759,0.4659090909090909
89,0.97611,45,-45.0,-44.8,False,1236,725,0.24879570305347443,0.0007998538215960427,0.4606741573033708
90,0.97584,12,-1.0,-0.6,True,1248,737,0.2083095759153366,0.0007998473973977471,0.4666666666666667
91,0.97557,1,10.0,10.0,True,1249,738,0.2289225459098816,0.0007998408350852397,0.4725274725274725
92,0.9753,45,-45.0,-45.0,False,1294,783,0.5672765374183655,0.0007998341346611111,0.4673913043478261
93,0.97503,3,8.0,8.0,True,1297,786,0.6141907572746277,0.0007998272961280063,0.4731182795698925
94,0.97476,2,-11.0,-11.2,False,1299,788,0.47096461057662964,0.0007998203194886251,0.46808510638297873
95,0.97449,10,-19.0,-18.6,False,1309,798,0.44692689180374146,0.0007998132047457219,0.4631578947368421
96,0.97421,1,10.0,10.0,True,1310,799,0.5016164779663086,0.0007998059519021055,0.46875
97,0.97394,9,-18.0,-17.8,False,1319,808,0.4548632800579071,0.000799798560960639,0.4639175257731959
98,0.97367,5,6.0,6.4,True,1324,813,0.46285176277160645,0.0007997910319242406,0.46938775510204084
99,0.9734,24,-33.0,-33.0,False,1348,837,0.3981490135192871,0.0007997833647958824,0.46464646464646464
100,0.97313,18,-7.0,-6.0,True,1366,855,0.39730948209762573,0.0007997755595785911,0.47
101,0.97286,9,2.0,2.2,True,1375,864,0.38188984990119934,0.0007997676162754485,0.48
102,0.97259,10,-19.0,-19.2,False,1385,874,0.3446597456932068,0.0007997595348895901,0.47
103,0.97231,37,-26.0,-25.8,True,1422,911,0.3285157084465027,0.0007997513154242065,0.48
104,0.97204,6,5.0,5.4,True,1428,917,0.35068783164024353,0.0007997429578825425,0.48
105,0.97177,8,3.0,3.4,True,1436,925,0.3150683343410492,0.0007997344622678975,0.48
106,0.9715,24,-13.0,-12.8,True,1460,949,0.39619389176368713,0.0007997258285836257,0.49
107,0.97123,2,-11.0,-11.0,False,1462,951,0.2702940106391907,0.0007997170568331352,0.48
108,0.97096,11,0.0,0.4,True,1473,962,0.3620922863483429,0.0007997081470198892,0.48
109,0.97069,7,4.0,4.0,True,1480,969,0.29660680890083313,0.0007996990991474051,0.48
110,0.97041,6,-15.0,-14.8,False,1486,975,0.20884685218334198,0.0007996899132192548,0.47
111,0.97014,12,-1.0,-0.8,True,1498,987,0.29689767956733704,0.0007996805892390648,0.48
112,0.96987,21,-10.0,-9.6,True,1519,1008,0.6820384860038757,0.0007996711272105161,0.49
113,0.9696,4,-13.0,-13.2,False,1523,1012,1.1632179021835327,0.0007996615271373439,0.48
114,0.96933,11,0.0,0.4,True,1534,1023,0.8586650490760803,0.0007996517890233384,0.48
115,0.96906,4,-13.0,-13.0,False,1538,1027,0.790819525718689,0.000799641912872344,0.48
116,0.96879,7,4.0,4.8,True,1545,1034,0.6860071420669556,0.0007996318986882597,0.49
117,0.96851,2,-11.0,-11.2,False,1547,1036,0.8154847621917725,0.000799621746475039,0.48
118,0.96824,18,-7.0,-6.6,True,1565,1054,0.570568859577179,0.0007996114562366897,0.48
119,0.96797,19,-8.0,-7.4,True,1584,1073,0.5260956883430481,0.0007996010279772741,0.49
120,0.9677,45,-45.0,-45.0,False,1629,1118,0.456622451543808,0.0007995904617009094,0.49
121,0.96743,1,10.0,10.0,True,1630,1119,0.4453831613063812,0.0007995797574117668,0.5
122,0.96716,5,-14.0,-14.0,False,1635,1124,0.3917282819747925,0.0007995689151140723,0.5
123,0.96689,45,-45.0,-45.0,False,1680,1169,0.36149102449417114,0.0007995579348121062,0.5
124,0.96661,25,-34.0,-34.0,False,1705,1194,0.33881688117980957,0.0007995468165102034,0.5
125,0.96634,4,-13.0,-12.8,False,1709,1198,0.3424415588378906,0.0007995355602127531,0.49
126,0.96607,3,-12.0,-12.4,False,1712,1201,0.2870957553386688,0.0007995241659241993,0.48
127,0.9658,17,-6.0,-5.8,True,1729,1218,0.3251936137676239,0.0007995126336490401,0.48
128,0.96553,2,-11.0,-10.8,False,1731,1220,0.2808161973953247,0.0007995009633918283,0.47
129,0.96526,9,2.0,2.0,True,1740,1229,0.3105260729789734,0.0007994891551571713,0.48
130,0.96499,32,-21.0,-20.4,True,1772,1261,0.6498552560806274,0.0007994772089497307,0.48
131,0.96471,8,-17.0,-16.8,False,1780,1269,0.8485602140426636,0.0007994651247742227,0.48
132,0.96444,35,-44.0,-44.0,False,1815,1304,0.6471118927001953,0.0007994529026354178,0.47
133,0.96417,11,-20.0,-19.8,False,1826,1315,0.49768131971359253,0.0007994405425381413,0.47
134,0.9639,17,-26.0,-26.2,False,1843,1332,0.4411923885345459,0.0007994280444872726,0.46
135,0.96363,26,-15.0,-14.6,True,1869,1358,0.4257712960243225,0.0007994154084877458,0.47
136,0.96336,3,8.0,8.4,True,1872,1361,0.3041166365146637,0.0007994026345445496,0.47
137,0.96309,9,-18.0,-17.8,False,1881,1370,0.3635370433330536,0.0007993897226627265,0.47
138,0.96281,15,-4.0,-3.6,True,1896,1385,0.36922529339790344,0.0007993766728473741,0.48
139,0.96254,5,6.0,6.0,True,1901,1390,0.44634756445884705,0.0007993634851036444,0.49
140,0.96227,4,-13.0,-13.0,False,1905,1394,0.4859641194343567,0.0007993501594367438,0.49
141,0.962,5,6.0,6.2,True,1910,1399,0.4445726275444031,0.0007993366958519326,0.5
142,0.96173,34,-23.0,-22.4,True,1944,1433,0.32466062903404236,0.0007993230943545266,0.5
143,0.96146,12,-21.0,-21.2,False,1956,1445,0.3301660120487213,0.000799309354949895,0.5
144,0.96119,2,-11.0,-10.8,False,1958,1447,0.2858492434024811,0.000799295477643462,0.5
145,0.96091,3,8.0,8.2,True,1961,1450,0.22769980132579803,0.0007992814624407063,0.5
146,0.96064,17,-26.0,-25.6,False,1978,1467,0.30696895718574524,0.0007992673093471608,0.49
147,0.96037,30,-39.0,-38.4,False,2008,1497,0.30704766511917114,0.0007992530183684129,0.49
148,0.9601,1,-10.0,-10.0,False,2009,1498,0.22042451798915863,0.0007992385895101045,0.49
149,0.95983,7,4.0,4.0,True,2016,1505,0.8789429068565369,0.0007992240227779317,0.49
150,0.95956,15,-4.0,-3.2,True,2031,1520,0.7815291881561279,0.0007992093181776454,0.5
151,0.95929,21,-30.0,-29.8,False,2052,1541,0.5750372409820557,0.0007991944757150507,0.49
152,0.95901,15,-4.0,-3.6,True,2067,1556,0.5254256725311279,0.0007991794953960073,0.49
153,0.95874,45,-45.0,-45.2,False,2112,1601,0.3754500448703766,0.0007991643772264289,0.48
154,0.95847,45,-45.0,-45.0,False,2157,1646,0.2859269976615906,0.0007991491212122841,0.48
155,0.9582,23,-32.0,-32.0,False,2180,1669,0.23600097000598907,0.0007991337273595958,0.47
156,0.95793,1,-10.0,-10.0,False,2181,1670,0.17143136262893677,0.0007991181956744409,0.47
157,0.95766,8,3.0,3.4,True,2189,1678,0.16847340762615204,0.0007991025261629514,0.48
158,0.95739,45,-45.0,-44.6,False,2234,1723,0.23326270282268524,0.0007990867188313133,0.48
159,0.95711,2,9.0,9.2,True,2236,1725,0.25842371582984924,0.0007990707736857671,0.48
160,0.95684,4,7.0,7.0,True,2240,1729,0.24211658537387848,0.0007990546907326076,0.49
161,0.95657,45,-45.0,-45.4,False,2285,1774,0.4410559833049774,0.0007990384699781843,0.49
162,0.9563,3,8.0,8.4,True,2288,1777,0.40088632702827454,0.0007990221114289006,0.49
163,0.95603,40,-49.0,-49.0,False,2328,1817,0.34723061323165894,0.0007990056150912148,0.48
164,0.95576,27,-16.0,-15.2,True,2355,1844,0.2467816323041916,0.0007989889809716394,0.49
165,0.95549,6,-15.0,-15.0,False,2361,1850,0.24688875675201416,0.0007989722090767413,0.48
166,0.95521,8,-17.0,-17.2,False,2369,1858,0.3351922333240509,0.0007989552994131416,0.47
167,0.95494,2,-11.0,-11.0,False,2371,1860,0.19244825839996338,0.000798938251987516,0.47
168,0.95467,30,-19.0,-18.2,True,2401,1890,0.23596633970737457,0.0007989210668065948,0.47
169,0.9544,1,10.0,10.0,True,2402,1891,0.3558638095855713,0.0007989037438771622,0.47
170,0.95413,3,8.0,8.4,True,2405,1894,0.32424917817115784,0.0007988862832060572,0.48
171,0.95386,8,-17.0,-17.2,False,2413,1902,0.1954347938299179,0.0007988686848001727,0.48
172,0.95359,2,9.0,9.0,True,2415,1904,0.2643756866455078,0.0007988509486664566,0.49
173,0.95331,38,-27.0,-26.2,True,2453,1942,0.21090763807296753,0.0007988330748119106,0.5
174,0.95304,3,-12.0,-12.0,False,2456,1945,0.22906015813350677,0.0007988150632435912,0.5
175,0.95277,2,9.0,9.2,True,2458,1947,0.18266049027442932,0.000798796913968609,0.51
176,0.9525,26,-35.0,-35.4,False,2484,1973,0.17804890871047974,0.0007987786269941289,0.5
177,0.95223,24,-33.0,-33.0,False,2508,1997,0.20006245374679565,0.0007987602023273705,0.49
178,0.95196,2,9.0,9.2,True,2510,1999,0.17330509424209595,0.0007987416399756075,0.49
179,0.95169,4,-13.0,-13.0,False,2514,2003,0.5679537057876587,0.0007987229399461681,0.48
180,0.95141,1,10.0,10.0,True,2515,2004,0.6149119734764099,0.0007987041022464346,0.48
181,0.95114,6,5.0,5.0,True,2521,2010,0.5584807991981506,0.0007986851268838442,0.49
182,0.95087,1,-10.0,-10.0,False,2522,2011,0.730641782283783,0.0007986660138658876,0.49
183,0.9506,45,-45.0,-45.0,False,2567,2056,0.33352789282798767,0.0007986467632001105,0.49
184,0.95033,1,-10.0,-10.0,False,2568,2057,0.24992485344409943,0.0007986273748941128,0.49
185,0.95006,1,-10.0,-10.0,False,2569,2058,0.29435470700263977,0.0007986078489555487,0.48
186,0.94979,18,-27.0,-26.6,False,2587,2076,0.2534254193305969,0.0007985881853921268,0.48
187,0.94951,1,-10.0,-10.0,False,2588,2077,0.19026194512844086,0.0007985683842116099,0.47
188,0.94924,5,6.0,6.6,True,2593,2082,0.23516833782196045,0.000798548445421815,0.48
189,0.94897,3,8.0,8.0,True,2596,2085,0.24477814137935638,0.000798528369030614,0.49
190,0.9487,6,5.0,5.4,True,2602,2091,0.1808633655309677,0.0007985081550459324,0.49
191,0.94843,8,3.0,3.2,True,2610,2099,0.2241453379392624,0.0007984878034757505,0.49
192,0.94816,9,-18.0,-18.6,False,2619,2108,0.23540298640727997,0.0007984673143281028,0.49
193,0.94789,8,3.0,3.2,True,2627,2116,0.21385996043682098,0.0007984466876110781,0.49
194,0.94761,13,-22.0,-21.8,False,2640,2129,0.17723597586154938,0.0007984259233328193,0.49
195,0.94734,24,-33.0,-33.4,False,2664,2153,0.19897086918354034,0.0007984050215015242,0.49
196,0.94707,6,-15.0,-14.6,False,2670,2159,0.1849662810564041,0.0007983839821254441,0.48
197,0.9468,10,1.0,1.8,True,2680,2169,0.2153943032026291,0.0007983628052128852,0.49
198,0.94653,2,9.0,9.2,True,2682,2171,0.2503848671913147,0.000798341490772208,0.49
199,0.94626,7,-16.0,-16.6,False,2689,2178,0.17564795911312103,0.0007983200388118267,0.49
200,0.94599,45,-45.0,-45.4,False,2734,2223,0.17367734014987946,0.0007982984493402106,0.48
201,0.94571,9,2.0,2.2,True,2743,2232,0.1427820920944214,0.0007982767223658825,0.48
202,0.94544,45,-45.0,-44.6,False,2788,2277,0.3202604353427887,0.0007982548578974202,0.48
203,0.94517,5,6.0,6.4,True,2793,2282,0.34169286489486694,0.0007982328559434552,0.48
204,0.9449,11,0.0,0.2,True,2804,2293,0.29038065671920776,0.0007982107165126736,0.48
205,0.94463,17,-26.0,-25.8,False,2821,2310,0.2713814973831177,0.0007981884396138158,0.47
206,0.94436,7,4.0,4.8,True,2828,2317,0.20625486969947815,0.0007981660252556761,0.47
207,0.94409,5,-14.0,-13.8,False,2833,2322,0.2336277961730957,0.0007981434734471036,0.47
208,0.94381,5,6.0,6.2,True,2838,2327,0.34948480129241943,0.0007981207841970013,0.47
209,0.94354,45,-45.0,-44.4,False,2883,2372,0.2108921855688095,0.0007980979575143267,0.46
210,0.94327,7,-16.0,-15.8,False,2890,2379,0.17872320115566254,0.0007980749934080912,0.46
211,0.943,30,-19.0,-18.8,True,2920,2409,0.17698006331920624,0.0007980518918873608,0.46
212,0.94273,27,-16.0,-15.4,True,2947,2436,0.17391593754291534,0.0007980286529612554,0.46
213,0.94246,30,-39.0,-38.6,False,2977,2466,0.17814622819423676,0.0007980052766389497,0.46
214,0.94219,30,-19.0,-18.2,True,3007,2496,0.1675773561000824,0.000797981762929672,0.46
215,0.94191,16,-5.0,-4.2,True,3023,2512,0.3350825607776642,0.0007979581118427053,0.47
216,0.94164,45,-34.0,-33.8,True,3068,2557,0.27410268783569336,0.0007979343233873867,0.47
217,0.94137,9,2.0,2.4,True,3077,2566,0.17578966915607452,0.0007979103975731073,0.48
218,0.9411,1,-10.0,-10.0,False,3078,2567,0.245615616440773,0.000797886334409313,0.47
219,0.94083,1,10.0,10.0,True,3079,2568,0.22442726790905,0.0007978621339055032,0.47
220,0.94056,10,1.0,1.2,True,3089,2578,0.17892619967460632,0.000797837796071232,0.48
221,0.94029,25,-34.0,-33.8,False,3114,2603,0.20356139540672302,0.0007978133209161076,0.47
222,0.94001,4,-13.0,-13.2,False,3118,2607,0.13238686323165894,0.0007977887084497924,0.47
223,0.93974,7,4.0,4.6,True,3125,2614,0.15106429159641266,0.0007977639586820031,0.48
224,0.93947,39,-28.0,-27.6,True,3164,2653,0.1614523082971573,0.0007977390716225103,0.49
225,0.9392,19,-8.0,-7.4,True,3183,2672,0.144431471824646,0.0007977140472811393,0.5
226,0.93893,2,9.0,9.2,True,3185,2674,0.1611926555633545,0.0007976888856677691,0.51
227,0.93866,9,-18.0,-18.0,False,3194,2683,0.12076173722743988,0.0007976635867923331,0.5
228,0.93839,13,-2.0,-1.6,True,3207,2696,0.16506341099739075,0.0007976381506648191,0.51
229,0.93811,1,10.0,10.0,True,3208,2697,0.0791516825556755,0.0007976125772952687,0.51
230,0.93784,1,-10.0,-10.0,False,3209,2698,0.1983291655778885,0.0007975868666937778,0.5
231,0.93757,6,5.0,5.0,True,3215,2704,0.14737080037593842,0.0007975610188704968,0.51
232,0.9373,17,-26.0,-26.0,False,3232,2721,0.14207924902439117,0.0007975350338356297,0.51
233,0.93703,5,6.0,6.0,True,3237,2726,0.21175949275493622,0.0007975089115994351,0.52
234,0.93676,10,-19.0,-18.4,False,3247,2736,0.14146508276462555,0.0007974826521722257,0.52
235,0.93649,11,-20.0,-19.8,False,3258,2747,0.1631220430135727,0.0007974562555643685,0.51
236,0.93621,26,-35.0,-34.6,False,3284,2773,0.2852126657962799,0.0007974297217862841,0.5
237,0.93594,4,-13.0,-13.0,False,3288,2777,0.2026197612285614,0.0007974030508484475,0.5
238,0.93567,15,-4.0,-3.2,True,3303,2792,0.22852478921413422,0.0007973762427613886,0.5
239,0.9354,9,2.0,2.4,True,3312,2801,0.18003685772418976,0.0007973492975356904,0.5
240,0.93513,36,-45.0,-45.0,False,3348,2837,0.20661050081253052,0.0007973222151819903,0.5
241,0.93486,1,-10.0,-10.0,False,3349,2838,0.17050741612911224,0.0007972949957109803,0.49
242,0.93459,44,-53.0,-53.0,False,3393,2882,0.1535668522119522,0.0007972676391334061,0.48
243,0.93431,7,-16.0,-16.0,False,3400,2889,0.13085415959358215,0.0007972401454600677,0.48
244,0.93404,10,1.0,1.4,True,3410,2899,0.10471057891845703,0.0007972125147018188,0.49
245,0.93377,3,8.0,8.2,True,3413,2902,0.12937413156032562,0.0007971847468695681,0.49
246,0.9335,13,-2.0,-1.8,True,3426,2915,0.12280673533678055,0.0007971568419742776,0.5
247,0.93323,10,1.0,1.2,True,3436,2925,0.1527232825756073,0.0007971288000269638,0.51
248,0.93296,25,-14.0,-13.4,True,3461,2950,0.1490679681301117,0.0007971006210386973,0.52
249,0.93269,3,8.0,8.4,True,3464,2953,0.19061918556690216,0.0007970723050206024,0.52
250,0.93241,45,-45.0,-44.4,False,3509,2998,0.1363477259874344,0.0007970438519838582,0.51
251,0.93214,2,-11.0,-10.8,False,3511,3000,0.20476284623146057,0.0007970152619396973,0.51
252,0.93187,6,5.0,5.4,True,3517,3006,0.31104761362075806,0.0007969865348994068,0.51
253,0.9316,21,-10.0,-9.8,True,3538,3027,0.24876031279563904,0.0007969576708743275,0.52
254,0.93133,25,-34.0,-34.0,False,3563,3052,0.17368590831756592,0.0007969286698758544,0.52
255,0.93106,3,-12.0,-12.2,False,3566,3055,0.11427456885576248,0.0007968995319154368,0.52
256,0.93079,1,10.0,10.0,True,3567,3056,0.219551682472229,0.0007968702570045779,0.53
257,0.93051,19,-28.0,-27.6,False,3586,3075,0.16500224173069,0.0007968408451548347,0.52
258,0.93024,3,8.0,8.0,True,3589,3078,0.1525774747133255,0.0007968112963778188,0.53
259,0.92997,40,-49.0,-49.4,False,3629,3118,0.14336583018302917,0.0007967816106851955,0.52
260,0.9297,9,-18.0,-18.2,False,3638,3127,0.13729451596736908,0.0007967517880886843,0.51
261,0.92943,45,-45.0,-45.2,False,3683,3172,0.12311685085296631,0.0007967218286000587,0.51
262,0.92916,1,10.0,10.0,True,3684,3173,0.18811838328838348,0.0007966917322311461,0.51
263,0.92889,6,-15.0,-14.8,False,3690,3179,0.09214508533477783,0.0007966614989938282,0.51
264,0.92861,2,-11.0,-10.8,False,3692,3181,0.0700574666261673,0.0007966311289000406,0.5
265,0.92834,3,8.0,8.2,True,3695,3184,0.07353100925683975,0.0007966006219617728,0.51
266,0.92807,2,9.0,9.2,True,3697,3186,0.05281474441289902,0.0007965699781910686,0.52
267,0.9278,41,-30.0,-29.2,True,3738,3227,0.12909924983978271,0.0007965391976000256,0.53
268,0.92753,41,-50.0,-49.6,False,3779,3268,0.16234691441059113,0.0007965082802007954,0.52
269,0.92726,10,1.0,1.2,True,3789,3278,0.16318224370479584,0.0007964772260055839,0.52
270,0.92699,21,-10.0,-9.8,True,3810,3299,0.1592136025428772,0.0007964460350266508,0.52
271,0.92671,8,3.0,3.0,True,3818,3307,0.21929815411567688,0.0007964147072763096,0.53
272,0.92644,13,-22.0,-22.2,False,3831,3320,0.17216695845127106,0.0007963832427669282,0.52
273,0.92617,6,-15.0,-14.8,False,3837,3326,0.139642596244812,0.0007963516415109282,0.51
274,0.9259,10,-19.0,-18.8,False,3847,3336,0.12731830775737762,0.0007963199035207853,0.51
275,0.92563,16,-5.0,-4.4,True,3863,3352,0.12157590687274933,0.0007962880288090291,0.51
276,0.92536,44,-53.0,-53.4,False,3907,3396,0.10756360739469528,0.0007962560173882431,0.51
277,0.92509,3,-12.0,-12.0,False,3910,3399,0.09567286819219589,0.0007962238692710653,0.51
278,0.92481,2,-11.0,-11.0,False,3912,3401,0.14356492459774017,0.0007961915844701869,0.5
279,0.92454,45,-45.0,-45.0,False,3957,3446,0.10832156240940094,0.0007961591629983537,0.5
280,0.92427,21,-30.0,-30.0,False,3978,3467,0.09922508895397186,0.0007961266048683651,0.49
281,0.924,4,-13.0,-13.0,False,3982,3471,0.15945355594158173,0.0007960939100930744,0.48
282,0.92373,4,7.0,7.4,True,3986,3475,0.18210937082767487,0.000796061078685389,0.49
283,0.92346,10,1.0,1.4,True,3996,3485,0.11487402766942978,0.0007960281106582703,0.5
284,0.92319,3,8.0,8.0,True,3999,3488,0.11949959397315979,0.0007959950060247335,0.51
285,0.92291,29,-38.0,-38.2,False,4028,3517,0.17018486559391022,0.000795961764797848,0.51
286,0.92264,14,-3.0,-2.6,True,4042,3531,0.20736873149871826,0.0007959283869907364,0.52
287,0.92237,38,-47.0,-47.0,False,4080,3569,0.13859747350215912,0.0007958948726165763,0.52
288,0.9221,12,-1.0,-0.4,True,4092,3581,0.1123824343085289,0.0007958612216885986,0.52
289,0.92183,7,-16.0,-15.8,False,4099,3588,0.11890105158090591,0.0007958274342200877,0.51
290,0.92156,9,-18.0,-17.8,False,4108,3597,0.1336967498064041,0.0007957935102243826,0.5
291,0.92129,1,-10.0,-10.0,False,4109,3598,0.10968365520238876,0.0007957594497148762,0.49
292,0.92101,13,-22.0,-22.0,False,4122,3611,0.11975323408842087,0.0007957252527050146,0.49
293,0.92074,10,1.0,1.2,True,4132,3621,0.0879383236169815,0.0007956909192082986,0.49
294,0.92047,1,10.0,10.0,True,4133,3622,0.11065007001161575,0.0007956564492382824,0.5
295,0.9202,8,-17.0,-16.6,False,4141,3630,0.11566898226737976,0.0007956218428085741,0.5
296,0.91993,3,-12.0,-11.6,False,4144,3633,0.08363940566778183,0.0007955870999328358,0.5
297,0.91966,18,-7.0,-6.8,True,4162,3651,0.1391144096851349,0.0007955522206247836,0.5
298,0.91939,45,-45.0,-45.0,False,4207,3696,0.11766325682401657,0.0007955172048981871,0.49
299,0.91911,45,-45.0,-45.0,False,4252,3741,0.0952107310295105,0.0007954820527668701,0.49
300,0.91884,13,-22.0,-22.0,False,4265,3754,0.1212737187743187,0.00079544676424471,0.49
301,0.91857,24,-33.0,-32.8,False,4289,3778,0.16137893497943878,0.0007954113393456383,0.48
302,0.9183,19,-8.0,-7.8,True,4308,3797,0.11537874490022659,0.00079537577808364,0.49
303,0.91803,39,-28.0,-27.8,True,4347,3836,0.10788391530513763,0.0007953400804727543,0.49
304,0.91776,14,-3.0,-2.6,True,4361,3850,0.11575192958116531,0.0007953042465270739,0.49
305,0.91749,2,-11.0,-10.8,False,4363,3852,0.20076020061969757,0.0007952682762607454,0.49
306,0.91721,14,-3.0,-2.8,True,4377,3866,0.0850500836968422,0.0007952321696879696,0.49
307,0.91694,26,-15.0,-15.0,True,4403,3892,0.0978563129901886,0.0007951959268230006,0.5
308,0.91667,16,-5.0,-4.6,True,4419,3908,0.0878305733203888,0.0007951595476801465,0.5
309,0.9164,9,-18.0,-18.0,False,4428,3917,0.07426486164331436,0.0007951230322737692,0.5
310,0.91613,7,4.0,4.2,True,4435,3924,0.09588820487260818,0.0007950863806182846,0.51
311,0.91586,1,10.0,10.0,True,4436,3925,0.07070528715848923,0.000795049592728162,0.51
312,0.91559,7,4.0,4.0,True,4443,3932,0.12080951780080795,0.0007950126686179246,0.51
313,0.91531,22,-11.0,-10.8,True,4465,3954,0.10487523674964905,0.0007949756083021496,0.52
314,0.91504,45,-45.0,-44.8,False,4510,3999,0.08873863518238068,0.0007949384117954679,0.51
315,0.91477,24,-13.0,-12.8,True,4534,4023,0.186209037899971,0.000794901079112564,0.51
316,0.9145,1,10.0,10.0,True,4535,4024,0.1492062360048294,0.0007948636102681762,0.51
317,0.91423,4,-13.0,-13.0,False,4539,4028,0.13135109841823578,0.0007948260052770967,0.5
318,0.91396,44,-53.0,-52.4,False,4583,4072,0.13827486336231232,0.0007947882641541711,0.5
319,0.91369,45,-45.0,-44.6,False,4628,4117,0.11759127676486969,0.0007947503869142994,0.49
320,0.91341,16,-5.0,-4.8,True,4644,4133,0.0981292799115181,0.0007947123735724347,0.49
321,0.91314,13,-2.0,-1.8,True,4657,4146,0.08123736828565598,0.0007946742241435841,0.5
322,0.91287,4,7.0,7.2,True,4661,4150,0.08939402550458908,0.0007946359386428084,0.51
323,0.9126,1,-10.0,-10.0,False,4662,4151,0.16007749736309052,0.0007945975170852222,0.5
324,0.91233,6,5.0,5.4,True,4668,4157,0.08330467343330383,0.0007945589594859935,0.5
325,0.91206,13,-22.0,-21.8,False,4681,4170,0.08275072276592255,0.0007945202658603443,0.49
326,0.91179,1,-10.0,-10.0,False,4682,4171,0.06829499453306198,0.0007944814362235504,0.48
327,0.91151,45,-45.0,-44.8,False,4727,4216,0.08254095911979675,0.0007944424705909409,0.48
328,0.91124,17,-26.0,-26.0,False,4744,4233,0.09464690089225769,0.0007944033689778991,0.47
329,0.91097,16,-5.0,-4.4,True,4760,4249,0.06522580236196518,0.0007943641313998615,0.47
330,0.9107,4,7.0,7.0,True,4764,4253,0.12785688042640686,0.0007943247578723183,0.48
331,0.91043,9,2.0,2.0,True,4773,4262,0.20115233957767487,0.0007942852484108139,0.48
332,0.91016,9,-18.0,-17.8,False,4782,4271,0.1784890741109848,0.0007942456030309459,0.48
333,0.90989,45,-45.0,-44.8,False,4827,4316,0.13384725153446198,0.0007942058217483655,0.47
334,0.90961,2,9.0,9.2,True,4829,4318,0.1217384785413742,0.0007941659045787779,0.48
335,0.90934,6,-15.0,-15.0,False,4835,4324,0.1489369124174118,0.0007941258515379416,0.48
336,0.90907,27,-36.0,-36.0,False,4862,4351,0.1139461100101471,0.0007940856626416692,0.48
337,0.9088,24,-13.0,-12.8,True,4886,4375,0.12015512585639954,0.0007940453379058264,0.49
338,0.90853,2,9.0,9.0,True,4888,4377,0.07297436892986298,0.0007940048773463328,0.49
339,0.90826,15,-4.0,-3.8,True,4903,4392,0.089676633477211,0.0007939642809791617,0.49
340,0.90799,1,-10.0,-10.0,False,4904,4393,0.05437217280268669,0.0007939235488203397,0.49
341,0.90771,29,-38.0,-38.4,False,4933,4422,0.09497684985399246,0.0007938826808859474,0.49
342,0.90744,6,5.0,5.2,True,4939,4428,0.10369085520505905,0.0007938416771921187,0.5
343,0.90717,13,-2.0,-1.2,True,4952,4441,0.07865333557128906,0.0007938005377550412,0.51
344,0.9069,4,7.0,7.2,True,4956,4445,0.07154782116413116,0.0007937592625909561,0.51
345,0.90663,1,10.0,10.0,True,4957,4446,0.10415726155042648,0.0007937178517161583,0.51
346,0.90636,1,-10.0,-10.0,False,4958,4447,0.054363712668418884,0.0007936763051469961,0.5
347,0.90609,2,-11.0,-11.2,False,4960,4449,0.12909258902072906,0.0007936346228998714,0.49
348,0.90581,15,-4.0,-4.0,True,4975,4464,0.08252115547657013,0.0007935928049912398,0.49
349,0.90554,1,10.0,10.0,True,4976,4465,0.06001756712794304,0.00079355085143761,0.49
350,0.90527,5,6.0,6.0,True,4981,4470,0.09522214531898499,0.000793508762255545,0.5
351,0.905,18,-7.0,-6.4,True,4999,4488,0.10430869460105896,0.0007934665374616608,0.51
352,0.90473,33,-22.0,-22.0,True,5032,4521,0.14785730838775635,0.000793424177072627,0.51
353,0.90446,4,-13.0,-13.0,False,5036,4525,0.12571412324905396,0.0007933816811051669,0.5
354,0.90419,6,5.0,5.4,True,5042,4531,0.19644832611083984,0.0007933390495760573,0.51
355,0.90391,6,5.0,5.2,True,5048,4537,0.1658390462398529,0.0007932962825021283,0.52
356,0.90364,27,-16.0,-15.6,True,5075,4564,0.12058199197053909,0.0007932533799002638,0.52
357,0.90337,1,-10.0,-10.0,False,5076,4565,0.09028732031583786,0.0007932103417874008,0.52
358,0.9031,41,-50.0,-50.0,False,5117,4606,0.1102590337395668,0.0007931671681805305,0.51
359,0.90283,7,4.0,4.4,True,5124,4613,0.08419578522443771,0.0007931238590966968,0.52
360,0.90256,30,-39.0,-38.6,False,5154,4643,0.10450303554534912,0.0007930804145529977,0.52
361,0.90229,9,-18.0,-18.0,False,5163,4652,0.12276501208543777,0.0007930368345665841,0.52
362,0.90201,29,-18.0,-18.0,True,5192,4681,0.11157351732254028,0.0007929931191546609,0.52
363,0.90174,4,7.0,7.2,True,5196,4685,0.08744048327207565,0.0007929492683344863,0.53
364,0.90147,23,-12.0,-11.6,True,5219,4708,0.102068692445755,0.0007929052821233718,0.54
365,0.9012,12,-1.0,-0.6,True,5231,4720,0.08772152662277222,0.0007928611605386826,0.54
366,0.90093,26,-35.0,-34.8,False,5257,4746,0.0805785208940506,0.000792816903597837,0.53
367,0.90066,1,10.0,10.0,True,5258,4747,0.0894283875823021,0.000792772511318307,0.53
368,0.90039,3,8.0,8.0,True,5261,4750,0.10727336257696152,0.000792727983717618,0.54
369,0.90011,14,-3.0,-2.6,True,5275,4764,0.15538091957569122,0.0007926833208133487,0.54
370,0.89984,6,5.0,6.0,True,5281,4770,0.15021875500679016,0.0007926385226231315,0.54
371,0.89957,7,4.0,4.2,True,5288,4777,0.13283808529376984,0.0007925935891646519,0.54
372,0.8993,6,5.0,5.6,True,5294,4783,0.1305466592311859,0.000792548520455649,0.55
373,0.89903,4,7.0,7.0,True,5298,4787,0.14618459343910217,0.0007925033165139151,0.56
374,0.89876,7,-16.0,-16.2,False,5305,4794,0.12327652424573898,0.0007924579773572961,0.56
375,0.89849,6,-15.0,-14.6,False,5311,4800,0.10888790339231491,0.0007924125030036912,0.55
376,0.89821,5,6.0,6.4,True,5316,4805,0.11890248954296112,0.0007923668934710526,0.56
377,0.89794,23,-32.0,-32.0,False,5339,4828,0.10270701348781586,0.0007923211487773867,0.56
378,0.89767,7,4.0,4.0,True,5346,4835,0.0818605050444603,0.0007922752689407526,0.57
379,0.8974,4,7.0,7.4,True,5350,4839,0.12942565977573395,0.000792229253979263,0.58
380,0.89713,9,-18.0,-18.2,False,5359,4848,0.08524566143751144,0.0007921831039110836,0.58
381,0.89686,5,-14.0,-14.0,False,5364,4853,0.09170461446046829,0.000792136818754434,0.58
382,0.89659,45,-45.0,-45.0,False,5409,4898,0.09763474762439728,0.0007920903985275868,0.57
383,0.89631,2,9.0,9.2,True,5411,4900,0.13144885003566742,0.0007920438432488677,0.57
384,0.89604,17,-6.0,-5.8,True,5428,4917,0.10663159191608429,0.0007919971529366564,0.57
385,0.89577,1,10.0,10.0,True,5429,4918,0.1564081311225891,0.0007919503276093853,0.58
386,0.8955,7,4.0,4.4,True,5436,4925,0.08655136078596115,0.0007919033672855402,0.58
387,0.89523,31,-40.0,-39.8,False,5467,4956,0.09453848004341125,0.0007918562719836605,0.58
388,0.89496,7,4.0,4.2,True,5474,4963,0.1098569706082344,0.0007918090417223386,0.58
389,0.89469,15,-4.0,-3.6,True,5489,4978,0.08186760544776917,0.0007917616765202201,0.59
390,0.89441,25,-14.0,-13.4,True,5514,5003,0.08229532092809677,0.0007917141763960043,0.6
391,0.89414,6,5.0,5.4,True,5520,5009,0.14358703792095184,0.0007916665413684434,0.61
392,0.89387,2,9.0,9.0,True,5522,5011,0.16249722242355347,0.0007916187714563428,0.62
393,0.8936,12,-21.0,-21.0,False,5534,5023,0.14627967774868011,0.0007915708666785615,0.61
394,0.89333,4,7.0,7.2,True,5538,5027,0.12403126806020737,0.0007915228270540114,0.61
395,0.89306,24,-13.0,-13.0,True,5562,5051,0.122365303337574,0.000791474652601658,0.62
396,0.89279,3,8.0,8.4,True,5565,5054,0.08902239054441452,0.0007914263433405196,0.63
397,0.89251,10,1.0,1.4,True,5575,5064,0.09468615800142288,0.000791377899289668,0.63
398,0.89224,5,-14.0,-14.0,False,5580,5069,0.10128404945135117,0.0007913293204682281,0.63
399,0.89197,5,6.0,6.2,True,5585,5074,0.09873995929956436,0.0007912806068953781,0.64
400,0.8917,21,-10.0,-9.2,True,5606,5095,0.10364029556512833,0.0007912317585903494,0.65
401,0.89143,10,1.0,1.8,True,5616,5105,0.0942712128162384,0.0007911827755724265,0.66
402,0.89116,6,5.0,5.2,True,5622,5111,0.0799637883901596,0.000791133657860947,0.66
403,0.89089,2,-11.0,-11.0,False,5624,5113,0.07915382832288742,0.0007910844054753019,0.65
404,0.89061,24,-33.0,-33.0,False,5648,5137,0.0978563129901886,0.0007910350184349353,0.64
405,0.89034,2,-11.0,-11.0,False,5650,5139,0.09230448305606842,0.0007909854967593444,0.64
406,0.89007,10,-19.0,-19.2,False,5660,5149,0.06590303033590317,0.0007909358404680796,0.63
407,0.8898,9,2.0,2.8,True,5669,5158,0.08642172068357468,0.0007908860495807442,0.63
408,0.88953,2,-11.0,-11.0,False,5671,5160,0.07175085693597794,0.0007908361241169951,0.62
409,0.88926,11,-20.0,-19.4,False,5682,5171,0.10379698127508163,0.0007907860640965419,0.62
410,0.88899,2,9.0,9.2,True,5684,5173,0.07665830105543137,0.0007907358695391477,0.62
411,0.88871,18,-7.0,-6.6,True,5702,5191,0.09263122081756592,0.0007906855404646284,0.62
412,0.88844,1,10.0,10.0,True,5703,5192,0.11771640181541443,0.0007906350768928532,0.62
413,0.88817,23,-12.0,-11.6,True,5726,5215,0.08712310343980789,0.0007905844788437443,0.62
414,0.8879,9,-18.0,-18.4,False,5735,5224,0.07153654843568802,0.0007905337463372769,0.62
415,0.88763,8,3.0,3.4,True,5743,5232,0.0888725221157074,0.0007904828793934793,0.62
416,0.88736,3,8.0,8.4,True,5746,5235,0.07142216712236404,0.0007904318780324333,0.62
417,0.88709,19,-8.0,-7.4,True,5765,5254,0.10529100149869919,0.0007903807422742733,0.63
418,0.88681,37,-26.0,-25.4,True,5802,5291,0.1275007277727127,0.0007903294721391867,0.64
419,0.88654,13,-2.0,-1.8,True,5815,5304,0.1062331572175026,0.0007902780676474143,0.65
420,0.88627,19,-8.0,-7.8,True,5834,5323,0.11949590593576431,0.0007902265288192499,0.65
421,0.886,4,-13.0,-13.2,False,5838,5327,0.0791630819439888,0.0007901748556750399,0.64
422,0.88573,7,4.0,4.2,True,5845,5334,0.11982818692922592,0.0007901230482351843,0.64
423,0.88546,4,7.0,7.4,True,5849,5338,0.12130878120660782,0.0007900711065201356,0.65
424,0.88519,24,-13.0,-12.6,True,5873,5362,0.08721223473548889,0.0007900190305504,0.65
425,0.88491,4,7.0,7.4,True,5877,5366,0.09402348101139069,0.0007899668203465357,0.66
426,0.88464,45,-45.0,-45.0,False,5922,5411,0.0912676602602005,0.000789914475929155,0.66
427,0.88437,14,-3.0,-2.6,True,5936,5425,0.08960426598787308,0.0007898619973189223,0.67
428,0.8841,12,-21.0,-20.6,False,5948,5437,0.06995204091072083,0.0007898093845365555,0.67
429,0.88383,10,1.0,1.2,True,5958,5447,0.08204028010368347,0.0007897566376028252,0.67
430,0.88356,4,7.0,7.2,True,5962,5451,0.10537496209144592,0.000789703756538555,0.67
431,0.88329,2,9.0,9.0,True,5964,5453,0.08121007680892944,0.0007896507413646217,0.67
432,0.88301,3,-12.0,-12.0,False,5967,5456,0.06743787974119186,0.0007895975921019548,0.67
433,0.88274,18,-7.0,-6.4,True,5985,5474,0.08357581496238708,0.0007895443087715365,0.68
434,0.88247,2,9.0,9.2,True,5987,5476,0.05778174847364426,0.0007894908913944026,0.68
435,0.8822,13,-2.0,-1.8,True,6000,5489,0.07528328150510788,0.0007894373399916412,0.69
436,0.88193,6,-15.0,-14.8,False,6006,5495,0.08609157800674438,0.0007893836545843938,0.69
437,0.88166,4,-13.0,-13.2,False,6010,5499,0.08736380934715271,0.0007893298351938543,0.68
438,0.88139,8,3.0,3.6,True,6018,5507,0.16246387362480164,0.0007892758818412697,0.68
439,0.88111,10,1.0,1.4,True,6028,5517,0.14590342342853546,0.0007892217945479401,0.68
440,0.88084,14,-23.0,-22.8,False,6042,5531,0.12104038894176483,0.0007891675733352183,0.68
441,0.88057,18,-7.0,-6.6,True,6060,5549,0.13000181317329407,0.0007891132182245099,0.69
442,0.8803,27,-16.0,-15.6,True,6087,5576,0.10708125680685043,0.0007890587292372735,0.69
443,0.88003,8,-17.0,-17.2,False,6095,5584,0.09840073436498642,0.0007890041063950203,0.68
444,0.87976,9,2.0,2.4,True,6104,5593,0.11172628402709961,0.0007889493497193149,0.68
445,0.87949,7,-16.0,-15.8,False,6111,5600,0.08596926927566528,0.000788894459231774,0.67
446,0.87921,1,10.0,10.0,True,6112,5601,0.083921879529953,0.0007888394349540677,0.68
447,0.87894,1,-10.0,-10.0,False,6113,5602,0.07118076086044312,0.0007887842769079186,0.68
448,0.87867,12,-21.0,-21.0,False,6125,5614,0.08894027024507523,0.0007887289851151024,0.67
449,0.8784,8,3.0,3.4,True,6133,5622,0.09987019747495651,0.0007886735595974472,0.67
450,0.87813,20,-29.0,-28.4,False,6153,5642,0.08776156604290009,0.0007886180003768342,0.66
451,0.87786,1,-10.0,-10.0,False,6154,5643,0.08066122978925705,0.0007885623074751975,0.65
452,0.87759,45,-34.0,-33.4,True,6199,5688,0.0909920483827591,0.0007885064809145234,0.65
453,0.87731,45,-45.0,-45.2,False,6244,5733,0.07759226858615875,0.0007884505207168516,0.65
454,0.87704,21,-30.0,-30.0,False,6265,5754,0.09577226638793945,0.0007883944269042742,0.64
455,0.87677,6,5.0,5.2,True,6271,5760,0.18411649763584137,0.0007883381994989363,0.64
456,0.8765,13,-22.0,-22.2,False,6284,5773,0.12173914909362793,0.0007882818385230355,0.63
457,0.87623,8,3.0,3.4,True,6292,5781,0.12054659426212311,0.0007882253439988221,0.64
458,0.87596,2,-11.0,-10.8,False,6294,5783,0.10055061429738998,0.0007881687159485995,0.64
459,0.87569,34,-23.0,-22.4,True,6328,5817,0.11667296290397644,0.0007881119543947233,0.64
460,0.87541,43,-32.0,-31.2,True,6371,5860,0.10188498347997665,0.000788055059359602,0.65
461,0.87514,3,8.0,8.0,True,6374,5863,0.07425486296415329,0.0007879980308656973,0.66
462,0.87487,23,-32.0,-31.8,False,6397,5886,0.08852343261241913,0.0007879408689355228,0.65
463,0.8746,3,-12.0,-12.2,False,6400,5889,0.07431072741746902,0.0007878835735916452,0.64
464,0.87433,29,-38.0,-38.2,False,6429,5918,0.08846858143806458,0.0007878261448566838,0.63
465,0.87406,42,-31.0,-30.2,True,6471,5960,0.08159669488668442,0.0007877685827533106,0.63
466,0.87379,23,-12.0,-11.4,True,6494,5983,0.07847387343645096,0.00078771088730425,0.64
467,0.87351,16,-5.0,-4.8,True,6510,5999,0.08165732771158218,0.0007876530585322795,0.64
468,0.87324,6,-15.0,-14.8,False,6516,6005,0.12500272691249847,0.0007875950964602288,0.63
469,0.87297,2,-11.0,-11.0,False,6518,6007,0.14752352237701416,0.0007875370011109805,0.62
470,0.8727,18,-27.0,-26.6,False,6536,6025,0.12424467504024506,0.0007874787725074698,0.61
471,0.87243,3,-12.0,-11.8,False,6539,6028,0.09154874086380005,0.0007874204106726842,0.6
472,0.87216,9,2.0,2.4,True,6548,6037,0.11880132555961609,0.0007873619156296643,0.6
473,0.87189,13,-2.0,-1.2,True,6561,6050,0.10525855422019958,0.0007873032874015028,0.6
474,0.87161,18,-7.0,-6.4,True,6579,6068,0.10336139798164368,0.0007872445260113454,0.61
475,0.87134,24,-13.0,-12.8,True,6603,6092,0.10004163533449173,0.00078718563148239,0.62
476,0.87107,11,0.0,0.4,True,6614,6103,0.09895522892475128,0.0007871266038378872,0.62
477,0.8708,45,-45.0,-45.4,False,6659,6148,0.08920791745185852,0.0007870674431011403,0.62
478,0.87053,17,-6.0,-5.0,True,6676,6165,0.0866275429725647,0.0007870081492955051,0.62
479,0.87026,12,-21.0,-20.6,False,6688,6177,0.0784449502825737,0.0007869487224443896,0.61
480,0.86999,27,-36.0,-36.0,False,6715,6204,0.08227597177028656,0.0007868891625712547,0.61
481,0.86971,44,-53.0,-52.8,False,6759,6248,0.07040991634130478,0.0007868294696996138,0.61
482,0.86944,3,-12.0,-11.8,False,6762,6251,0.09456882625818253,0.0007867696438530326,0.61
483,0.86917,30,-39.0,-39.2,False,6792,6281,0.11887820810079575,0.0007867096850551294,0.6
484,0.8689,7,-16.0,-15.8,False,6799,6288,0.0973513275384903,0.000786649593329575,0.59
485,0.86863,14,-3.0,-3.0,True,6813,6302,0.10168879479169846,0.0007865893687000927,0.59
486,0.86836,9,-18.0,-18.2,False,6822,6311,0.09746880829334259,0.0007865290111904581,0.58
487,0.86809,2,-11.0,-11.2,False,6824,6313,0.06772544980049133,0.0007864685208244995,0.58
488,0.86781,10,1.0,1.0,True,6834,6323,0.09043057262897491,0.0007864078976260975,0.58
489,0.86754,45,-45.0,-44.8,False,6879,6368,0.08612801134586334,0.0007863471416191852,0.57
490,0.86727,24,-13.0,-12.8,True,6903,6392,0.07725381851196289,0.0007862862528277481,0.57
491,0.867,1,10.0,10.0,True,6904,6393,0.07921218872070312,0.0007862252312758241,0.57
492,0.86673,44,-33.0,-32.8,True,6948,6437,0.07102227210998535,0.0007861640769875036,0.57
493,0.86646,2,9.0,9.2,True,6950,6439,0.0699007660150528,0.0007861027899869294,0.58
494,0.86619,17,-6.0,-5.8,True,6967,6456,0.06933064758777618,0.0007860413702982965,0.58
495,0.86591,5,6.0,6.0,True,6972,6461,0.04683176055550575,0.0007859798179458526,0.58
496,0.86564,45,-45.0,-45.0,False,7017,6506,0.08090272545814514,0.0007859181329538973,0.57
497,0.86537,12,-1.0,-0.6,True,7029,6518,0.11323551088571548,0.000785856315346783,0.57
498,0.8651,28,-37.0,-37.0,False,7057,6546,0.10631059855222702,0.0007857943651489145,0.57
499,0.86483,18,-27.0,-27.0,False,7075,6564,0.10847660899162292,0.0007857322823847485,0.56
500,0.86456,3,8.0,8.4,True,7078,6567,0.08918815851211548,0.0007856700670787944,0.56
501,0.86429,12,-1.0,-0.8,True,7090,6579,0.10021232813596725,0.0007856077192556139,0.56
502,0.86401,13,-2.0,-2.0,True,7103,6592,0.09578391164541245,0.0007855452389398206,0.56
503,0.86374,10,-19.0,-18.6,False,7113,6602,0.09590154141187668,0.0007854826261560811,0.56
504,0.86347,1,10.0,10.0,True,7114,6603,0.16241565346717834,0.0007854198809291138,0.57
505,0.8632,20,-29.0,-29.6,False,7134,6623,0.09075449407100677,0.0007853570032836895,0.57
506,0.86293,25,-34.0,-33.6,False,7159,6648,0.07601570338010788,0.0007852939932446315,0.57
507,0.86266,15,-24.0,-24.0,False,7174,6663,0.07938861101865768,0.0007852308508368148,0.56
508,0.86239,5,6.0,6.4,True,7179,6668,0.1035245880484581,0.0007851675760851672,0.57
509,0.86211,7,4.0,4.4,True,7186,6675,0.08062887191772461,0.0007851041690146687,0.58
510,0.86184,1,10.0,10.0,True,7187,6676,0.07243184745311737,0.0007850406296503514,0.58
511,0.86157,16,-5.0,-4.4,True,7203,6692,0.07607342302799225,0.0007849769580172993,0.58
512,0.8613,22,-31.0,-30.8,False,7225,6714,0.07517778128385544,0.0007849131541406493,0.57
513,0.86103,18,-27.0,-26.6,False,7243,6732,0.08088061958551407,0.0007848492180455902,0.56
514,0.86076,1,10.0,10.0,True,7244,6733,0.06669823080301285,0.0007847851497573626,0.57
515,0.86049,11,0.0,0.4,True,7255,6744,0.06768088042736053,0.0007847209493012599,0.57
516,0.86021,2,-11.0,-11.0,False,7257,6746,0.05337488651275635,0.0007846566167026274,0.56
517,0.85994,10,1.0,1.4,True,7267,6756,0.10811899602413177,0.0007845921519868625,0.56
518,0.85967,8,3.0,3.2,True,7275,6764,0.12972360849380493,0.000784527555179415,0.56
519,0.8594,1,10.0,10.0,True,7276,6765,0.1464260369539261,0.0007844628263057866,0.56
520,0.85913,44,-33.0,-32.0,True,7320,6809,0.11111222952604294,0.0007843979653915312,0.56
521,0.85886,3,8.0,8.2,True,7323,6812,0.10145258903503418,0.0007843329724622548,0.57
522,0.85859,24,-13.0,-12.6,True,7347,6836,0.10508140176534653,0.0007842678475436159,0.57
523,0.85831,11,0.0,0.2,True,7358,6847,0.10597146302461624,0.0007842025906613245,0.57
524,0.85804,6,5.0,5.2,True,7364,6853,0.10240346938371658,0.000784137201841143,0.57
525,0.85777,34,-43.0,-42.4,False,7398,6887,0.09120114892721176,0.000784071681108886,0.56
526,0.8575,10,-19.0,-18.6,False,7408,6897,0.08133191615343094,0.0007840060284904199,0.56
527,0.85723,4,7.0,7.2,True,7412,6901,0.11778593808412552,0.0007839402440116634,0.56
528,0.85696,22,-31.0,-31.0,False,7434,6923,0.08247794955968857,0.0007838743276985872,0.56
529,0.85669,15,-4.0,-3.8,True,7449,6938,0.07629773765802383,0.0007838082795772139,0.56
530,0.85641,4,7.0,7.6,True,7453,6942,0.07491324841976166,0.0007837420996736185,0.56
531,0.85614,19,-8.0,-7.8,True,7472,6961,0.07152290642261505,0.0007836757880139274,0.56
532,0.85587,3,8.0,8.4,True,7475,6964,0.08138685673475266,0.0007836093446243196,0.57
533,0.8556,6,5.0,5.2,True,7481,6970,0.07023341208696365,0.0007835427695310261,0.57
534,0.85533,33,-42.0,-41.8,False,7514,7003,0.07044395804405212,0.0007834760627603292,0.56
535,0.85506,29,-38.0,-37.6,False,7543,7032,0.10933104902505875,0.0007834092243385642,0.55
536,0.85479,19,-8.0,-7.6,True,7562,7051,0.10576968640089035,0.0007833422542921176,0.56
537,0.85451,45,-45.0,-44.8,False,7607,7096,0.09533089399337769,0.0007832751526474281,0.56
538,0.85424,25,-34.0,-33.6,False,7632,7121,0.08640264719724655,0.0007832079194309863,0.55
539,0.85397,4,7.0,7.2,True,7636,7125,0.07387442141771317,0.0007831405546693349,0.55
540,0.8537,9,2.0,2.4,True,7645,7134,0.07865670323371887,0.0007830730583890686,0.56
541,0.85343,34,-23.0,-22.4,True,7679,7168,0.07578211277723312,0.0007830054306168336,0.56
542,0.85316,5,-14.0,-14.4,False,7684,7173,0.07434247434139252,0.0007829376713793284,0.55
543,0.85289,8,3.0,3.0,True,7692,7181,0.09123312681913376,0.0007828697807033033,0.56
544,0.85261,22,-11.0,-10.6,True,7714,7203,0.07473135739564896,0.0007828017586155603,0.56
545,0.85234,6,-15.0,-14.6,False,7720,7209,0.07945503294467926,0.0007827336051429536,0.56
546,0.85207,16,-25.0,-24.8,False,7736,7225,0.07159246504306793,0.0007826653203123891,0.55
547,0.8518,11,0.0,0.4,True,7747,7236,0.06986138224601746,0.0007825969041508245,0.56
548,0.85153,1,10.0,10.0,True,7748,7237,0.0629834458231926,0.0007825283566852695,0.57
549,0.85126,1,-10.0,-10.0,False,7749,7238,0.045558203011751175,0.0007824596779427856,0.56
550,0.85099,7,4.0,4.2,True,7756,7245,0.07094484567642212,0.0007823908679504859,0.57
551,0.85071,2,9.0,9.2,True,7758,7247,0.08051232248544693,0.0007823219267355355,0.58
552,0.85044,20,-9.0,-8.8,True,7778,7267,0.10210835933685303,0.0007822528543251515,0.58
553,0.85017,7,4.0,4.4,True,7785,7274,0.12180893123149872,0.0007821836507466025,0.59
554,0.8499,11,0.0,0.8,True,7796,7285,0.10288376361131668,0.0007821143160272089,0.6
555,0.84963,4,7.0,7.6,True,7800,7289,0.1007901057600975,0.0007820448501943431,0.6
556,0.84936,2,-11.0,-11.0,False,7802,7291,0.064545176923275,0.0007819752532754289,0.6
557,0.84909,18,-27.0,-26.6,False,7820,7309,0.09042157232761383,0.0007819055252979422,0.59
558,0.84881,7,4.0,4.6,True,7827,7316,0.07630876451730728,0.0007818356662894105,0.6
559,0.84854,3,-12.0,-12.0,False,7830,7319,0.09389986842870712,0.0007817656762774131,0.59
560,0.84827,23,-32.0,-32.0,False,7853,7342,0.08611772209405899,0.0007816955552895808,0.58
561,0.848,12,-21.0,-20.8,False,7865,7354,0.08799847215414047,0.0007816253033535962,0.57
562,0.84773,5,6.0,6.2,True,7870,7359,0.07857058197259903,0.0007815549204971939,0.58
563,0.84746,5,6.0,6.8,True,7875,7364,0.0819159671664238,0.0007814844067481598,0.59
564,0.84719,11,-20.0,-20.0,False,7886,7375,0.07976534962654114,0.0007814137621343316,0.59
565,0.84691,4,-13.0,-13.0,False,7890,7379,0.10908043384552002,0.0007813429866835987,0.58
566,0.84664,6,-15.0,-14.8,False,7896,7385,0.11192119121551514,0.0007812720804239021,0.57
567,0.84637,1,-10.0,-10.0,False,7897,7386,0.14240558445453644,0.0007812010433832345,0.56
568,0.8461,31,-20.0,-19.6,True,7928,7417,0.07867338508367538,0.0007811298755896403,0.57
569,0.84583,3,8.0,8.4,True,7931,7420,0.06413228809833527,0.0007810585770712152,0.58
570,0.84556,5,-14.0,-13.8,False,7936,7425,0.06651230156421661,0.0007809871478561067,0.58
571,0.84529,10,1.0,1.4,True,7946,7435,0.06361283361911774,0.0007809155879725142,0.59
572,0.84501,3,-12.0,-12.0,False,7949,7438,0.06361661851406097,0.0007808438974486882,0.58
573,0.84474,1,10.0,10.0,True,7950,7439,0.0549759604036808,0.0007807720763129311,0.58
574,0.84447,1,10.0,10.0,True,7951,7440,0.06704334169626236,0.0007807001245935967,0.58
575,0.8442,1,-10.0,-10.0,False,7952,7441,0.06690956652164459,0.0007806280423190903,0.57
576,0.84393,7,4.0,4.2,True,7959,7448,0.07250005006790161,0.0007805558295178689,0.57
577,0.84366,4,7.0,7.4,True,7963,7452,0.06103776767849922,0.0007804834862184412,0.58
578,0.84339,15,-4.0,-3.6,True,7978,7467,0.06945759803056717,0.0007804110124493669,0.58
579,0.84311,3,8.0,8.2,True,7981,7470,0.0433775894343853,0.0007803384082392575,0.59
580,0.84284,6,-15.0,-14.8,False,7987,7476,0.06891090422868729,0.0007802656736167761,0.59
581,0.84257,11,-20.0,-20.2,False,7998,7487,0.06169867515563965,0.0007801928086106372,0.59
582,0.8423,6,5.0,5.0,True,8004,7493,0.06582987308502197,0.0007801198132496067,0.6
583,0.84203,3,8.0,8.4,True,8007,7496,0.05936563014984131,0.000780046687562502,0.61
584,0.84176,17,-26.0,-25.8,False,8024,7513,0.1094784066081047,0.0007799734315781919,0.61
585,0.84149,1,10.0,10.0,True,8025,7514,0.08004916459321976,0.0007799000453255969,0.61
586,0.84121,2,9.0,9.0,True,8027,7516,0.08791592717170715,0.0007798265288336887,0.62
587,0.84094,12,-1.0,-0.6,True,8039,7528,0.11100683361291885,0.0007797528821314902,0.63
588,0.84067,7,4.0,4.0,True,8046,7535,0.12621383368968964,0.0007796791052480761,0.63
589,0.8404,5,6.0,6.4,True,8051,7540,0.13438770174980164,0.0007796051982125725,0.64
590,0.84013,1,10.0,10.0,True,8052,7541,0.1396704912185669,0.0007795311610541565,0.64
591,0.83986,9,2.0,2.2,True,8061,7550,0.1271028220653534,0.0007794569938020568,0.64
592,0.83959,9,2.0,2.4,True,8070,7559,0.10222271084785461,0.0007793826964855536,0.64
593,0.83931,1,10.0,10.0,True,8071,7560,0.11938896030187607,0.0007793082691339783,0.64
594,0.83904,2,-11.0,-11.2,False,8073,7562,0.10644611716270447,0.0007792337117767135,0.63
595,0.83877,2,-11.0,-11.2,False,8075,7564,0.10808723419904709,0.0007791590244431933,0.62
596,0.8385,1,10.0,10.0,True,8076,7565,0.06990230828523636,0.0007790842071629032,0.63
597,0.83823,13,-22.0,-22.0,False,8089,7578,0.09417545050382614,0.0007790092599653798,0.62
598,0.83796,3,8.0,8.0,True,8092,7581,0.09884729981422424,0.0007789341828802112,0.63
599,0.83769,2,-11.0,-10.8,False,8094,7583,0.07061993330717087,0.0007788589759370364,0.63
600,0.83741,31,-40.0,-39.6,False,8125,7614,0.09133206307888031,0.000778783639165546,0.62
601,0.83714,10,1.0,1.2,True,8135,7624,0.07883681356906891,0.0007787081725954818,0.62
602,0.83687,3,8.0,8.2,True,8138,7627,0.08465752750635147,0.0007786325762566367,0.62
603,0.8366,11,-20.0,-20.2,False,8149,7638,0.07026834785938263,0.0007785568501788552,0.62
604,0.83633,12,-1.0,-0.8,True,8161,7650,0.08506820350885391,0.0007784809943920325,0.62
605,0.83606,4,7.0,7.2,True,8165,7654,0.07443373650312424,0.0007784050089261153,0.63
606,0.83579,2,9.0,9.2,True,8167,7656,0.0755922943353653,0.0007783288938111016,0.64
607,0.83551,2,9.0,9.0,True,8169,7658,0.08040976524353027,0.0007782526490770403,0.65
608,0.83524,3,8.0,8.2,True,8172,7661,0.09469573944807053,0.0007781762747540317,0.65
609,0.83497,5,6.0,6.6,True,8177,7666,0.06232482194900513,0.0007780997708722272,0.65
610,0.8347,12,-1.0,-0.8,True,8189,7678,0.07956073433160782,0.0007780231374618292,0.65
611,0.83443,2,-11.0,-11.2,False,8191,7680,0.06523263454437256,0.0007779463745530914,0.64
612,0.83416,12,-1.0,-0.6,True,8203,7692,0.07612711191177368,0.0007778694821763187,0.65
613,0.83389,4,7.0,7.6,True,8207,7696,0.07522041350603104,0.0007777924603618667,0.66
614,0.83361,18,-7.0,-7.0,True,8225,7714,0.0742206946015358,0.0007777153091401426,0.66
615,0.83334,7,4.0,4.6,True,8232,7721,0.045742589980363846,0.0007776380285416046,0.66
616,0.83307,2,-11.0,-10.8,False,8234,7723,0.05825948715209961,0.0007775606185967615,0.66
617,0.8328,6,5.0,5.0,True,8240,7729,0.0840248093008995,0.000777483079336174,0.66
618,0.83253,3,8.0,8.4,True,8243,7732,0.1157355085015297,0.000777405410790453,0.66
619,0.83226,17,-6.0,-5.6,True,8260,7749,0.07510983198881149,0.0007773276129902608,0.66
620,0.83199,1,10.0,10.0,True,8261,7750,0.049471259117126465,0.000777249685966311,0.66
621,0.83171,42,-51.0,-50.4,False,8303,7792,0.10695058852434158,0.0007771716297493678,0.65
622,0.83144,6,-15.0,-14.6,False,8309,7798,0.12701375782489777,0.0007770934443702465,0.64
623,0.83117,9,2.0,2.6,True,8318,7807,0.09035459160804749,0.0007770151298598136,0.64
624,0.8309,1,10.0,10.0,True,8319,7808,0.14784815907478333,0.0007769366862489862,0.64
625,0.83063,40,-49.0,-48.4,False,8359,7848,0.10311076790094376,0.0007768581135687329,0.64
626,0.83036,5,6.0,6.6,True,8364,7853,0.08849195390939713,0.0007767794118500727,0.65
627,0.83009,3,8.0,8.0,True,8367,7856,0.07086377590894699,0.0007767005811240759,0.65
628,0.82981,4,7.0,7.0,True,8371,7860,0.08731340616941452,0.0007766216214218636,0.66
629,0.82954,5,6.0,6.4,True,8376,7865,0.09001876413822174,0.0007765425327746079,0.66
630,0.82927,6,5.0,5.0,True,8382,7871,0.0898069515824318,0.0007764633152135317,0.66
631,0.829,37,-26.0,-25.6,True,8419,7908,0.07274048030376434,0.0007763839687699089,0.66
632,0.82873,10,1.0,1.4,True,8429,7918,0.084259994328022,0.0007763044934750641,0.66
633,0.82846,10,1.0,1.2,True,8439,7928,0.07292632758617401,0.0007762248893603729,0.66
634,0.82819,3,-12.0,-11.6,False,8442,7931,0.05637842416763306,0.0007761451564572619,0.66
635,0.82791,2,9.0,9.0,True,8444,7933,0.0632096529006958,0.0007760652947972082,0.67
636,0.82764,6,5.0,5.2,True,8450,7939,0.09783586114645004,0.0007759853044117399,0.67
637,0.82737,5,6.0,6.2,True,8455,7944,0.06282176822423935,0.0007759051853324363,0.68
638,0.8271,8,3.0,3.4,True,8463,7952,0.06251140683889389,0.0007758249375909266,0.69
639,0.82683,13,-2.0,-1.6,True,8476,7965,0.07702458649873734,0.0007757445612188918,0.69
640,0.82656,3,-12.0,-11.8,False,8479,7968,0.11636701971292496,0.0007756640562480629,0.68
641,0.82629,17,-6.0,-6.0,True,8496,7985,0.07896588742733002,0.0007755834227102221,0.68
642,0.82601,7,4.0,4.0,True,8503,7992,0.06465473771095276,0.0007755026606372025,0.69
643,0.82574,32,-21.0,-20.6,True,8535,8024,0.10254374891519547,0.0007754217700608872,0.69
644,0.82547,15,-4.0,-3.4,True,8550,8039,0.112905353307724,0.0007753407510132108,0.69
645,0.8252,3,-12.0,-12.0,False,8553,8042,0.11501917988061905,0.0007752596035261583,0.69
646,0.82493,23,-32.0,-31.8,False,8576,8065,0.12112521380186081,0.0007751783276317654,0.69
647,0.82466,35,-24.0,-23.4,True,8611,8100,0.08911167830228806,0.0007750969233621187,0.69
648,0.82439,40,-29.0,-28.4,True,8651,8140,0.082185760140419,0.0007750153907493552,0.69
649,0.82411,16,-5.0,-4.6,True,8667,8156,0.08502653241157532,0.0007749337298256626,0.7
650,0.82384,1,10.0,10.0,True,8668,8157,0.08587639778852463,0.0007748519406232794,0.7
651,0.82357,22,-11.0,-10.4,True,8690,8179,0.07669118791818619,0.0007747700231744947,0.7
652,0.8233,7,4.0,4.4,True,8697,8186,0.06652911007404327,0.0007746879775116483,0.7
653,0.82303,15,-24.0,-24.6,False,8712,8201,0.076479472219944,0.0007746058036671304,0.69
654,0.82276,5,6.0,6.0,True,8717,8206,0.08053233474493027,0.000774523501673382,0.69
655,0.82249,45,-45.0,-45.0,False,8762,8251,0.07022322714328766,0.0007744410715628947,0.68
656,0.82221,1,10.0,10.0,True,8763,8252,0.10063385963439941,0.0007743585133682104,0.69
657,0.82194,1,10.0,10.0,True,8764,8253,0.10745322704315186,0.0007742758271219219,0.7
658,0.82167,1,-10.0,-10.0,False,8765,8254,0.09990853071212769,0.0007741930128566725,0.69
659,0.8214,8,3.0,3.2,True,8773,8262,0.0967245101928711,0.0007741100706051556,0.7
660,0.82113,2,9.0,9.2,True,8775,8264,0.0885058119893074,0.0007740270004001159,0.71
661,0.82086,9,2.0,2.0,True,8784,8273,0.08018221706151962,0.000773943802274348,0.72
662,0.82059,6,-15.0,-14.6,False,8790,8279,0.09011603146791458,0.0007738604762606974,0.71
663,0.82031,17,-6.0,-5.6,True,8807,8296,0.09501869976520538,0.0007737770223920595,0.71
664,0.82004,22,-11.0,-10.8,True,8829,8318,0.09229209274053574,0.0007736934407013809,0.72
665,0.81977,1,10.0,10.0,True,8830,8319,0.054798875004053116,0.0007736097312216582,0.73
666,0.8195,17,-6.0,-5.6,True,8847,8336,0.08696761727333069,0.0007735258939859386,0.74
667,0.81923,11,0.0,0.4,True,8858,8347,0.07914943993091583,0.0007734419290273197,0.75
668,0.81896,14,-3.0,-2.8,True,8872,8361,0.06437897682189941,0.0007733578363789496,0.75
669,0.81869,5,-14.0,-14.2,False,8877,8366,0.0860002338886261,0.0007732736160740266,0.74
670,0.81841,37,-26.0,-25.2,True,8914,8403,0.06546057760715485,0.0007731892681457997,0.75
671,0.81814,2,9.0,9.2,True,8916,8405,0.040982380509376526,0.000773104792627568,0.75
672,0.81787,17,-26.0,-25.4,False,8933,8422,0.07157843559980392,0.0007730201895526813,0.75
673,0.8176,10,1.0,1.4,True,8943,8432,0.07234467566013336,0.0007729354589545393,0.75
674,0.81733,2,9.0,9.2,True,8945,8434,0.05906696617603302,0.0007728506008665924,0.75
675,0.81706,22,-11.0,-10.8,True,8967,8456,0.06689558923244476,0.0007727656153223414,0.76
676,0.81679,1,-10.0,-10.0,False,8968,8457,0.07276393473148346,0.000772680502355337,0.75
677,0.81651,2,-11.0,-11.2,False,8970,8459,0.09780479222536087,0.0007725952619991806,0.74
678,0.81624,11,-20.0,-19.8,False,8981,8470,0.05980317294597626,0.0007725098942875237,0.73
679,0.81597,4,-13.0,-12.8,False,8985,8474,0.06507404148578644,0.000772424399254068,0.72
680,0.8157,24,-13.0,-12.6,True,9009,8498,0.06603754311800003,0.0007723387769325657,0.73
681,0.81543,8,-17.0,-16.8,False,9017,8506,0.10035118460655212,0.0007722530273568192,0.73
682,0.81516,4,-13.0,-12.8,False,9021,8510,0.1059892475605011,0.0007721671505606808,0.72
683,0.81489,45,-45.0,-45.2,False,9066,8555,0.09186531603336334,0.0007720811465780537,0.71
684,0.81461,20,-9.0,-8.4,True,9086,8575,0.08379784971475601,0.0007719950154428907,0.72
685,0.81434,21,-10.0,-9.4,True,9107,8596,0.07745768129825592,0.000771908757189195,0.72
686,0.81407,5,-14.0,-14.0,False,9112,8601,0.08938626945018768,0.00077182237185102,0.71
687,0.8138,2,9.0,9.0,True,9114,8603,0.08698147535324097,0.0007717358594624694,0.71
688,0.81353,4,7.0,7.4,True,9118,8607,0.08463513851165771,0.0007716492200576966,0.71
689,0.81326,2,9.0,9.0,True,9120,8609,0.06583921611309052,0.0007715624536709057,0.71
690,0.81299,6,5.0,5.2,True,9126,8615,0.07069472968578339,0.0007714755603363507,0.71
691,0.81271,2,9.0,9.0,True,9128,8617,0.06714945286512375,0.0007713885400883357,0.71
692,0.81244,2,9.0,9.0,True,9130,8619,0.07221949100494385,0.0007713013929612148,0.71
693,0.81217,2,9.0,9.2,True,9132,8621,0.07284969091415405,0.0007712141189893924,0.71
694,0.8119,11,0.0,0.4,True,9143,8632,0.07343786954879761,0.0007711267182073231,0.72
695,0.81163,1,10.0,10.0,True,9144,8633,0.0468701533973217,0.000771039190649511,0.73
696,0.81136,1,10.0,10.0,True,9145,8634,0.06117650493979454,0.0007709515363505106,0.73
697,0.81109,6,5.0,5.4,True,9151,8640,0.06591594964265823,0.0007708637553449267,0.74
698,0.81081,2,9.0,9.0,True,9153,8642,0.07522529363632202,0.0007707758476674136,0.74
699,0.81054,4,7.0,7.2,True,9157,8646,0.05373175069689751,0.0007706878133526759,0.75
700,0.81027,10,1.0,1.2,True,9167,8656,0.06227318197488785,0.0007705996524354682,0.76
701,0.81,23,-32.0,-31.4,False,9190,8679,0.06487080454826355,0.0007705113649505951,0.75
702,0.80973,2,-11.0,-10.8,False,9192,8681,0.07275305688381195,0.000770422950932911,0.74
703,0.80946,1,10.0,10.0,True,9193,8682,0.08951181918382645,0.0007703344104173205,0.75
704,0.80919,3,-12.0,-12.0,False,9196,8685,0.0781947448849678,0.0007702457434387778,0.74
705,0.80891,4,7.0,7.2,True,9200,8689,0.08744663000106812,0.0007701569500322872,0.74
706,0.80864,26,-35.0,-35.6,False,9226,8715,0.07493510097265244,0.0007700680302329033,0.73
707,0.80837,1,-10.0,-10.0,False,9227,8716,0.06143289804458618,0.0007699789840757298,0.72
708,0.8081,7,4.0,4.4,True,9234,8723,0.06377602368593216,0.0007698898115959208,0.72
709,0.80783,5,-14.0,-13.6,False,9239,8728,0.07253436744213104,0.0007698005128286804,0.71
710,0.80756,14,-3.0,-2.8,True,9253,8742,0.0709405392408371,0.0007697110878092621,0.71
711,0.80729,4,-13.0,-12.6,False,9257,8746,0.0872822105884552,0.0007696215365729696,0.71
712,0.80701,1,10.0,10.0,True,9258,8747,0.050215333700180054,0.0007695318591551563,0.71
713,0.80674,5,6.0,6.8,True,9263,8752,0.07238774746656418,0.0007694420555912255,0.71
714,0.80647,19,-8.0,-8.0,True,9282,8771,0.1001284047961235,0.00076935212591663,0.71
715,0.8062,10,1.0,1.8,True,9292,8781,0.08451050519943237,0.0007692620701668728,0.71
716,0.80593,1,10.0,10.0,True,9293,8782,0.08853542059659958,0.0007691718883775065,0.72
717,0.80566,2,-11.0,-11.0,False,9295,8784,0.08027661591768265,0.0007690815805841332,0.71
718,0.80539,32,-21.0,-20.8,True,9327,8816,0.08435888588428497,0.0007689911468224052,0.71
719,0.80511,2,9.0,9.0,True,9329,8818,0.06491251289844513,0.0007689005871280244,0.71
720,0.80484,5,6.0,6.4,True,9334,8823,0.07678388059139252,0.0007688099015367421,0.71
721,0.80457,1,10.0,10.0,True,9335,8824,0.10390359163284302,0.0007687190900843597,0.72
722,0.8043,8,-17.0,-16.6,False,9343,8832,0.08956990391016006,0.0007686281528067281,0.72
723,0.80403,4,7.0,7.2,True,9347,8836,0.08110252022743225,0.0007685370897397479,0.72
724,0.80376,10,1.0,1.6,True,9357,8846,0.08528178930282593,0.0007684459009193693,0.72
725,0.80349,13,-22.0,-22.0,False,9370,8859,0.0716269388794899,0.0007683545863815921,0.72
726,0.80321,2,-11.0,-11.2,False,9372,8861,0.08854207396507263,0.0007682631461624661,0.71
727,0.80294,6,5.0,5.4,True,9378,8867,0.08687695860862732,0.0007681715802980903,0.71
728,0.80267,2,9.0,9.2,True,9380,8869,0.06587278097867966,0.0007680798888246135,0.71
729,0.8024,11,0.0,0.4,True,9391,8880,0.07618359476327896,0.0007679880717782339,0.71
730,0.80213,2,9.0,9.0,True,9393,8882,0.06008060276508331,0.0007678961291951996,0.71
731,0.80186,10,1.0,1.4,True,9403,8892,0.06847289949655533,0.000767804061111808,0.71
732,0.80159,16,-25.0,-25.0,False,9419,8908,0.06890790164470673,0.0007677118675644061,0.7
733,0.80131,1,-10.0,-10.0,False,9420,8909,0.05905860662460327,0.0007676195485893905,0.69
734,0.80104,3,8.0,8.4,True,9423,8912,0.09182309359312057,0.0007675271042232072,0.7
735,0.80077,1,10.0,10.0,True,9424,8913,0.09843989461660385,0.0007674345345023518,0.7
736,0.8005,4,-13.0,-13.2,False,9428,8917,0.06694129854440689,0.0007673418394633693,0.69
737,0.80023,30,-19.0,-18.2,True,9458,8947,0.06423994153738022,0.0007672490191428544,0.69
738,0.79996,38,-27.0,-26.6,True,9496,8985,0.06750650703907013,0.0007671560735774511,0.69
739,0.79969,35,-24.0,-23.2,True,9531,9020,0.08606837689876556,0.0007670630028038525,0.69
740,0.79941,8,3.0,3.6,True,9539,9028,0.09945838153362274,0.0007669698068588017,0.7
741,0.79914,4,7.0,7.6,True,9543,9032,0.09185791015625,0.0007668764857790911,0.7
742,0.79887,7,4.0,4.2,True,9550,9039,0.08703473955392838,0.0007667830396015624,0.7
743,0.7986,6,5.0,5.6,True,9556,9045,0.07563547044992447,0.0007666894683631064,0.7
744,0.79833,18,-27.0,-26.4,False,9574,9063,0.08567627519369125,0.0007665957721006636,0.69
745,0.79806,7,4.0,4.4,True,9581,9070,0.08158211410045624,0.0007665019508512241,0.7
746,0.79779,5,-14.0,-14.0,False,9586,9075,0.09835702925920486,0.0007664080046518267,0.7
747,0.79751,4,7.0,7.4,True,9590,9079,0.07629101723432541,0.00076631393353956,0.7
748,0.79724,2,-11.0,-10.8,False,9592,9081,0.0839056670665741,0.0007662197375515618,0.69
749,0.79697,7,4.0,4.2,True,9599,9088,0.09601820260286331,0.0007661254167250191,0.69
750,0.7967,1,10.0,10.0,True,9600,9089,0.08272349834442139,0.0007660309710971683,0.69
751,0.79643,1,10.0,10.0,True,9601,9090,0.07884204387664795,0.0007659364007052952,0.69
752,0.79616,3,8.0,8.4,True,9604,9093,0.0708216056227684,0.0007658417055867345,0.69
753,0.79589,37,-26.0,-25.8,True,9641,9130,0.07898551970720291,0.0007657468857788704,0.7
754,0.79561,1,-10.0,-10.0,False,9642,9131,0.07642409950494766,0.0007656519413191364,0.69
755,0.79534,7,-16.0,-15.8,False,9649,9138,0.07379692047834396,0.0007655568722450147,0.69
756,0.79507,8,-17.0,-17.0,False,9657,9146,0.09536828100681305,0.0007654616785940375,0.68
757,0.7948,5,6.0,6.4,True,9662,9151,0.06988270580768585,0.0007653663604037854,0.68
758,0.79453,1,10.0,10.0,True,9663,9152,0.08154341578483582,0.0007652709177118888,0.69
759,0.79426,2,-11.0,-11.2,False,9665,9154,0.07118446379899979,0.0007651753505560267,0.68
760,0.79399,26,-15.0,-14.2,True,9691,9180,0.0655406266450882,0.0007650796589739276,0.68
761,0.79371,9,2.0,2.2,True,9700,9189,0.06526518613100052,0.000764983843003369,0.68
762,0.79344,44,-33.0,-32.8,True,9744,9233,0.06619969010353088,0.0007648879026821776,0.69
763,0.79317,2,9.0,9.2,True,9746,9235,0.04615429416298866,0.0007647918380482292,0.69
764,0.7929,22,-11.0,-10.6,True,9768,9257,0.06891091912984848,0.0007646956491394485,0.69
765,0.79263,4,7.0,7.4,True,9772,9261,0.10216262936592102,0.0007645993359938092,0.69
766,0.79236,2,-11.0,-11.2,False,9774,9263,0.09685328602790833,0.0007645028986493343,0.68
767,0.79209,5,6.0,6.2,True,9779,9268,0.07997246086597443,0.000764406337144096,0.68
768,0.79181,6,5.0,5.8,True,9785,9274,0.08927631378173828,0.0007643096515162148,0.68
769,0.79154,2,9.0,9.0,True,9787,9276,0.07123292237520218,0.000764212841803861,0.69
770,0.79127,7,4.0,4.2,True,9794,9283,0.08792907744646072,0.0007641159080452534,0.69
771,0.791,4,7.0,7.6,True,9798,9287,0.11566217243671417,0.0007640188502786599,0.69
772,0.79073,10,1.0,1.0,True,9808,9297,0.08476052433252335,0.0007639216685423974,0.7
773,0.79046,1,10.0,10.0,True,9809,9298,0.08221263438463211,0.0007638243628748318,0.7
774,0.79019,4,7.0,7.2,True,9813,9302,0.09196393191814423,0.0007637269333143778,0.7
775,0.78991,8,3.0,3.4,True,9821,9310,0.08526461571455002,0.000763629379899499,0.7
776,0.78964,15,-4.0,-3.6,True,9836,9325,0.07465474307537079,0.0007635317026687079,0.71
777,0.78937,31,-20.0,-20.0,True,9867,9356,0.07869185507297516,0.000763433901660566,0.72
778,0.7891,6,5.0,5.2,True,9873,9362,0.07769103348255157,0.0007633359769136835,0.73
779,0.78883,5,6.0,6.0,True,9878,9367,0.07504279166460037,0.0007632379284667196,0.74
780,0.78856,10,1.0,1.6,True,9888,9377,0.05870770663022995,0.0007631397563583823,0.74
781,0.78829,19,-8.0,-7.2,True,9907,9396,0.06119264289736748,0.0007630414606274283,0.75
782,0.78801,5,6.0,6.0,True,9912,9401,0.05275670439004898,0.0007629430413126634,0.76
783,0.78774,1,10.0,10.0,True,9913,9402,0.07875486463308334,0.0007628444984529417,0.77
784,0.78747,3,8.0,8.0,True,9916,9405,0.05759865418076515,0.0007627458320871666,0.77
785,0.7872,5,6.0,6.2,True,9921,9410,0.07072409987449646,0.0007626470422542899,0.77
786,0.78693,11,0.0,0.2,True,9932,9421,0.06227467954158783,0.0007625481289933123,0.78
787,0.78666,1,-10.0,-10.0,False,9933,9422,0.12961284816265106,0.0007624490923432832,0.77
788,0.78639,4,7.0,7.2,True,9937,9426,0.053537752479314804,0.0007623499323433007,0.77
789,0.78611,16,-5.0,-5.0,True,9953,9442,0.06542117893695831,0.0007622506490325116,0.77
790,0.78584,2,9.0,9.2,True,9955,9444,0.05828111991286278,0.0007621512424501113,0.77
791,0.78557,3,8.0,8.2,True,9958,9447,0.06031640246510506,0.000762051712635344,0.77
792,0.7853,2,9.0,9.2,True,9960,9449,0.05652191489934921,0.0007619520596275025,0.77
793,0.78503,13,-22.0,-22.0,False,9973,9462,0.058510180562734604,0.0007618522834659281,0.76
794,0.78476,1,-10.0,-10.0,False,9974,9463,0.042962346225976944,0.0007617523841900112,0.75
795,0.78449,16,-5.0,-4.4,True,9990,9479,0.06360217928886414,0.00076165236183919,0.75
796,0.78421,8,-17.0,-16.8,False,9998,9487,0.05222676321864128,0.0007615522164529521,0.74
797,0.78394,3,-12.0,-11.6,False,10001,9490,0.05869631841778755,0.0007614519480708332,0.73
798,0.78367,8,3.0,3.4,True,10009,9498,0.06484539806842804,0.0007613515567324176,0.73
799,0.7834,1,10.0,10.0,True,10010,9499,0.07202990353107452,0.0007612510424773383,0.73
800,0.78313,31,-20.0,-19.4,True,10041,9530,0.09312086552381516,0.0007611504053452767,0.73
801,0.78286,2,9.0,9.0,True,10043,9532,0.10981618613004684,0.0007610496453759627,0.74
802,0.78259,45,-45.0,-45.0,False,10088,9577,0.08154132962226868,0.0007609487626091748,0.74
803,0.78231,7,4.0,4.0,True,10095,9584,0.06739596277475357,0.00076084775708474,0.74
804,0.78204,1,-10.0,-10.0,False,10096,9585,0.05548594892024994,0.0007607466288425335,0.74
805,0.78177,4,7.0,7.0,True,10100,9589,0.07953877002000809,0.0007606453779224791,0.74
806,0.7815,2,9.0,9.0,True,10102,9591,0.106351338326931,0.0007605440043645492,0.75
807,0.78123,11,0.0,0.4,True,10113,9602,0.06674059480428696,0.0007604425082087646,0.76
808,0.78096,1,-10.0,-10.0,False,10114,9603,0.1335666924715042,0.0007603408894951942,0.75
809,0.78069,1,-10.0,-10.0,False,10115,9604,0.0563574843108654,0.0007602391482639553,0.75
810,0.78041,39,-28.0,-27.4,True,10154,9643,0.06687520444393158,0.000760137284555214,0.75
811,0.78014,8,-17.0,-16.6,False,10162,9651,0.06412951648235321,0.0007600352984091843,0.75
812,0.77987,16,-5.0,-4.6,True,10178,9667,0.06400580704212189,0.0007599331898661289,0.75
813,0.7796,7,4.0,4.4,True,10185,9674,0.0611288957297802,0.0007598309589663584,0.75
814,0.77933,8,3.0,3.2,True,10193,9682,0.06387767195701599,0.0007597286057502323,0.75
815,0.77906,7,4.0,4.2,True,10200,9689,0.0643768385052681,0.0007596261302581578,0.75
816,0.77879,6,5.0,5.6,True,10206,9695,0.06544489413499832,0.0007595235325305905,0.75
817,0.77851,8,-17.0,-17.2,False,10214,9703,0.04958958551287651,0.0007594208126080345,0.75
818,0.77824,6,5.0,5.0,True,10220,9709,0.058083441108465195,0.000759317970531042,0.75
819,0.77797,8,3.0,3.2,True,10228,9717,0.056741274893283844,0.0007592150063402132,0.75
820,0.7777,17,-6.0,-5.8,True,10245,9734,0.05951475352048874,0.000759111920076197,0.75
821,0.77743,6,-15.0,-15.0,False,10251,9740,0.07155657559633255,0.0007590087117796902,0.74
822,0.77716,10,1.0,1.6,True,10261,9750,0.06894787400960922,0.0007589053814914378,0.75
823,0.77689,2,9.0,9.2,True,10263,9752,0.10116647183895111,0.0007588019292522329,0.75
824,0.77661,7,-16.0,-15.4,False,10270,9759,0.08597801625728607,0.0007586983551029167,0.74
825,0.77634,1,-10.0,-10.0,False,10271,9760,0.12974660098552704,0.0007585946590843789,0.74
826,0.77607,5,6.0,6.0,True,10276,9765,0.10289669036865234,0.0007584908412375568,0.75
827,0.7758,5,-14.0,-13.8,False,10281,9770,0.09271086752414703,0.0007583869016034361,0.74
828,0.77553,15,-24.0,-23.4,False,10296,9785,0.08193603903055191,0.0007582828402230505,0.73
829,0.77526,4,7.0,7.2,True,10300,9789,0.07359109073877335,0.0007581786571374819,0.73
830,0.77499,5,-14.0,-14.0,False,10305,9794,0.11112035810947418,0.0007580743523878601,0.72
831,0.77471,45,-45.0,-45.0,False,10350,9839,0.0771077498793602,0.0007579699260153627,0.71
832,0.77444,19,-8.0,-7.8,True,10369,9858,0.07542888075113297,0.000757865378061216,0.72
833,0.77417,2,9.0,9.2,True,10371,9860,0.05517809838056564,0.0007577607085666938,0.73
834,0.7739,11,-20.0,-19.8,False,10382,9871,0.07438650727272034,0.0007576559175731178,0.72
835,0.77363,2,9.0,9.2,True,10384,9873,0.06571215391159058,0.0007575510051218579,0.72
836,0.77336,18,-7.0,-6.6,True,10402,9891,0.07841888815164566,0.0007574459712543318,0.73
837,0.77309,29,-18.0,-17.2,True,10431,9920,0.06951084733009338,0.0007573408160120053,0.73
838,0.77281,5,-14.0,-14.4,False,10436,9925,0.07082001119852066,0.0007572355394363919,0.72
839,0.77254,1,10.0,10.0,True,10437,9926,0.05615372583270073,0.0007571301415690532,0.72
840,0.77227,6,5.0,5.4,True,10443,9932,0.06963933259248734,0.0007570246224515986,0.72
841,0.772,2,-11.0,-10.8,False,10445,9934,0.042561519891023636,0.0007569189821256854,0.71
842,0.77173,1,10.0,10.0,True,10446,9935,0.06935662031173706,0.0007568132206330188,0.71
843,0.77146,1,10.0,10.0,True,10447,9936,0.058891426771879196,0.0007567073380153515,0.71
844,0.77119,1,10.0,10.0,True,10448,9937,0.0560603141784668,0.0007566013343144846,0.72
845,0.77091,2,9.0,9.0,True,10450,9939,0.0814712643623352,0.0007564952095722665,0.72
846,0.77064,5,6.0,6.6,True,10455,9944,0.07262004911899567,0.0007563889638305936,0.73
847,0.77037,45,-45.0,-44.8,False,10500,9989,0.06439445912837982,0.00075628259713141,0.72
848,0.7701,4,7.0,7.4,True,10504,9993,0.061984583735466,0.0007561761095167077,0.73
849,0.76983,1,-10.0,-10.0,False,10505,9994,0.05175820365548134,0.0007560695010285261,0.72
850,0.76956,5,6.0,6.2,True,10510,9999,0.06011912226676941,0.0007559627717089528,0.72
851,0.76929,1,10.0,10.0,True,10511,10000,0.046453725546598434,0.0007558559216001229,0.72
852,0.76901,30,-19.0,-18.8,True,10541,10030,0.08537066727876663,0.0007557489507442188,0.72
853,0.76874,3,-12.0,-12.0,False,10544,10033,0.10763144493103027,0.0007556418591834712,0.71
854,0.76847,3,8.0,8.4,True,10547,10036,0.08907321840524673,0.000755534646960158,0.72
855,0.7682,13,-22.0,-22.2,False,10560,10049,0.07361133396625519,0.0007554273141166048,0.72
856,0.76793,8,3.0,3.2,True,10568,10057,0.07452511042356491,0.0007553198606951852,0.73
857,0.76766,4,-13.0,-12.8,False,10572,10061,0.06776676326990128,0.0007552122867383198,0.72
858,0.76739,8,-17.0,-17.0,False,10580,10069,0.07293982803821564,0.0007551045922884773,0.71
859,0.76711,45,-45.0,-45.0,False,10625,10114,0.07560780644416809,0.0007549967773881737,0.71
860,0.76684,9,2.0,2.8,True,10634,10123,0.07359322160482407,0.0007548888420799726,0.71
861,0.76657,9,-18.0,-18.0,False,10643,10132,0.062739796936512,0.0007547807864064851,0.7
862,0.7663,5,6.0,6.2,True,10648,10137,0.06735284626483917,0.00075467261041037,0.7
863,0.76603,8,3.0,3.4,True,10656,10145,0.0707535445690155,0.0007545643141343333,0.7
864,0.76576,4,-13.0,-12.8,False,10660,10149,0.06290861964225769,0.0007544558976211287,0.69
865,0.76549,3,8.0,8.2,True,10663,10152,0.06502558290958405,0.0007543473609135574,0.69
866,0.76521,23,-12.0,-11.8,True,10686,10175,0.06284255534410477,0.000754238704054468,0.7
867,0.76494,26,-15.0,-14.8,True,10712,10201,0.06472148001194,0.0007541299270867565,0.7
868,0.76467,1,-10.0,-10.0,False,10713,10202,0.09052416682243347,0.0007540210300533663,0.69
869,0.7644,1,10.0,10.0,True,10714,10203,0.08123805373907089,0.0007539120129972881,0.69
870,0.76413,8,3.0,3.4,True,10722,10211,0.06892245262861252,0.0007538028759615602,0.69
871,0.76386,3,8.0,8.4,True,10725,10214,0.07953072339296341,0.0007536936189892681,0.69
872,0.76359,9,-18.0,-18.0,False,10734,10223,0.061662085354328156,0.0007535842421235449,0.68
873,0.76331,8,3.0,3.4,True,10742,10231,0.06781056523323059,0.0007534747454075708,0.68
874,0.76304,13,-22.0,-21.6,False,10755,10244,0.05824216455221176,0.0007533651288845732,0.67
875,0.76277,1,10.0,10.0,True,10756,10245,0.05404664948582649,0.0007532553925978272,0.67
876,0.7625,3,-12.0,-12.0,False,10759,10248,0.08175608515739441,0.0007531455365906548,0.66
877,0.76223,2,9.0,9.2,True,10761,10250,0.048474520444869995,0.0007530355609064255,0.66
878,0.76196,14,-23.0,-22.8,False,10775,10264,0.09246482700109482,0.0007529254655885559,0.65
879,0.76169,4,-13.0,-12.6,False,10779,10268,0.08943875879049301,0.0007528152506805099,0.64
880,0.76141,31,-20.0,-19.8,True,10810,10299,0.09379958361387253,0.0007527049162257986,0.64
881,0.76114,3,8.0,8.2,True,10813,10302,0.1161770224571228,0.0007525944622679802,0.64
882,0.76087,42,-51.0,-51.0,False,10855,10344,0.0854930579662323,0.0007524838888506604,0.63
883,0.7606,4,7.0,7.0,True,10859,10348,0.08527391403913498,0.0007523731960174916,0.63
884,0.76033,7,-16.0,-16.0,False,10866,10355,0.07368884235620499,0.0007522623838121738,0.62
885,0.76006,15,-24.0,-23.8,False,10881,10370,0.06592002511024475,0.0007521514522784537,0.61
886,0.75979,3,8.0,8.4,True,10884,10373,0.055092185735702515,0.0007520404014601254,0.61
887,0.75951,17,-26.0,-26.0,False,10901,10390,0.06546780467033386,0.0007519292314010299,0.61
888,0.75924,18,-7.0,-6.6,True,10919,10408,0.0684940293431282,0.0007518179421450555,0.61
889,0.75897,5,6.0,6.0,True,10924,10413,0.047553591430187225,0.0007517065337361375,0.61
890,0.7587,11,0.0,0.2,True,10935,10424,0.06963804364204407,0.0007515950062182581,0.61
891,0.75843,3,8.0,8.0,True,10938,10427,0.060493841767311096,0.0007514833596354466,0.61
892,0.75816,1,10.0,10.0,True,10939,10428,0.06558772176504135,0.0007513715940317792,0.61
893,0.75789,7,4.0,4.6,True,10946,10435,0.06435232609510422,0.0007512597094513794,0.62
894,0.75761,14,-3.0,-2.4,True,10960,10449,0.06362630426883698,0.0007511477059384173,0.63
895,0.75734,1,-10.0,-10.0,False,10961,10450,0.08029486984014511,0.0007510355835371102,0.62
896,0.75707,11,0.0,0.2,True,10972,10461,0.05768020078539848,0.0007509233422917221,0.63
897,0.7568,5,-14.0,-13.8,False,10977,10466,0.06165122240781784,0.0007508109822465643,0.63
898,0.75653,22,-11.0,-10.4,True,10999,10488,0.06067546457052231,0.0007506985034459946,0.63
899,0.75626,12,-1.0,-0.6,True,11011,10500,0.06575407087802887,0.0007505859059344179,0.63
900,0.75599,2,9.0,9.0,True,11013,10502,0.08147279918193817,0.0007504731897562858,0.63
901,0.75571,12,-1.0,-0.4,True,11025,10514,0.08505802601575851,0.000750360354956097,0.63
902,0.75544,6,5.0,5.2,True,11031,10520,0.08791296929121017,0.0007502474015783968,0.64
903,0.75517,1,10.0,10.0,True,11032,10521,0.09656736999750137,0.0007501343296677775,0.64
904,0.7549,12,-1.0,-0.8,True,11044,10533,0.08378448337316513,0.0007500211392688781,0.65
905,0.75463,25,-34.0,-33.6,False,11069,10558,0.08175966888666153,0.0007499078304263843,0.64
906,0.75436,5,6.0,6.2,True,11074,10563,0.07123466581106186,0.0007497944031850287,0.64
907,0.75409,2,9.0,9.2,True,11076,10565,0.06133589893579483,0.0007496808575895905,0.64
908,0.75381,1,10.0,10.0,True,11077,10566,0.061284344643354416,0.0007495671936848957,0.65
909,0.75354,26,-15.0,-14.6,True,11103,10592,0.06972573697566986,0.0007494534115158173,0.66
910,0.75327,5,-14.0,-13.8,False,11108,10597,0.07708054780960083,0.0007493395111272742,0.65
911,0.753,2,-11.0,-11.0,False,11110,10599,0.10746388137340546,0.000749225492564233,0.65
912,0.75273,6,5.0,5.8,True,11116,10605,0.083402119576931,0.0007491113558717059,0.65
913,0.75246,11,0.0,-0.0,True,11127,10616,0.06547914445400238,0.0007489971010947526,0.65
914,0.75219,14,-3.0,-2.4,True,11141,10630,0.06270483881235123,0.0007488827282784791,0.65
915,0.75191,5,-14.0,-13.8,False,11146,10635,0.05417446419596672,0.0007487682374680377,0.64
916,0.75164,2,9.0,9.2,True,11148,10637,0.07142315059900284,0.0007486536287086278,0.64
917,0.75137,9,-18.0,-17.6,False,11157,10646,0.053973760455846786,0.0007485389020454949,0.64
918,0.7511,6,5.0,5.0,True,11163,10652,0.04885422810912132,0.0007484240575239315,0.64
919,0.75083,3,8.0,8.0,True,11166,10655,0.08004505187273026,0.0007483090951892763,0.64
920,0.75056,2,-11.0,-11.2,False,11168,10657,0.06006905809044838,0.0007481940150869148,0.63
921,0.75029,3,8.0,8.0,True,11171,10660,0.061898309737443924,0.0007480788172622785,0.64
922,0.75001,3,8.0,8.4,True,11174,10663,0.06526579707860947,0.0007479635017608458,0.64
923,0.74974,29,-18.0,-18.0,True,11203,10692,0.06193153187632561,0.0007478480686281414,0.64
924,0.74947,7,-16.0,-15.6,False,11210,10699,0.06082097068428993,0.0007477325179097366,0.64
925,0.7492,5,6.0,6.2,True,11215,10704,0.04929468408226967,0.0007476168496512489,0.65
926,0.74893,3,8.0,8.2,True,11218,10707,0.058518752455711365,0.0007475010638983423,0.65
927,0.74866,12,-1.0,-0.4,True,11230,10719,0.06461489945650101,0.0007473851606967271,0.66
928,0.74839,5,6.0,6.4,True,11235,10724,0.05707060545682907,0.0007472691400921602,0.67
929,0.74811,1,10.0,10.0,True,11236,10725,0.05279608070850372,0.0007471530021304446,0.67
930,0.74784,22,-11.0,-10.6,True,11258,10747,0.053803861141204834,0.0007470367468574297,0.68
931,0.74757,21,-10.0,-9.2,True,11279,10768,0.0838354229927063,0.0007469203743190113,0.69
932,0.7473,5,6.0,6.0,True,11284,10773,0.07167830318212509,0.0007468038845611315,0.69
933,0.74703,5,6.0,6.4,True,11289,10778,0.0879441648721695,0.0007466872776297784,0.69
934,0.74676,5,6.0,6.2,True,11294,10783,0.06966479867696762,0.0007465705535709868,0.7
935,0.74649,3,8.0,8.2,True,11297,10786,0.07967322319746017,0.0007464537124308374,0.7
936,0.74621,16,-5.0,-4.2,True,11313,10802,0.08094384521245956,0.0007463367542554572,0.7
937,0.74594,18,-7.0,-6.6,True,11331,10820,0.07747160643339157,0.0007462196790910196,0.7
938,0.74567,16,-5.0,-4.4,True,11347,10836,0.0699390172958374,0.0007461024869837439,0.71
939,0.7454,11,0.0,0.2,True,11358,10847,0.07325197756290436,0.0007459851779798957,0.71
940,0.74513,5,6.0,6.2,True,11363,10852,0.06852968782186508,0.0007458677521257868,0.71
941,0.74486,3,8.0,8.4,True,11366,10855,0.07718752324581146,0.0007457502094677748,0.72
942,0.74459,5,-14.0,-14.0,False,11371,10860,0.07259300351142883,0.0007456325500522641,0.71
943,0.74431,18,-7.0,-6.8,True,11389,10878,0.06948330253362656,0.0007455147739257044,0.71
944,0.74404,3,8.0,8.2,True,11392,10881,0.04820658266544342,0.0007453968811345921,0.71
945,0.74377,6,5.0,5.2,True,11398,10887,0.06558791548013687,0.0007452788717254693,0.71
946,0.7435,10,1.0,1.4,True,11408,10897,0.05975796654820442,0.0007451607457449243,0.71
947,0.74323,8,-17.0,-16.6,False,11416,10905,0.0650903731584549,0.0007450425032395913,0.71
948,0.74296,4,-13.0,-12.6,False,11420,10909,0.0622059665620327,0.0007449241442561505,0.7
949,0.74269,5,6.0,6.6,True,11425,10914,0.06619708240032196,0.0007448056688413283,0.71
950,0.74241,12,-1.0,-0.6,True,11437,10926,0.07900948077440262,0.0007446870770418969,0.71
951,0.74214,15,-4.0,-3.8,True,11452,10941,0.05508733540773392,0.0007445683689046744,0.71
952,0.74187,6,5.0,5.0,True,11458,10947,0.07063305377960205,0.0007444495444765248,0.71
953,0.7416,13,-2.0,-1.4,True,11471,10960,0.061425451189279556,0.0007443306038043585,0.72
954,0.74133,14,-3.0,-3.0,True,11485,10974,0.05503116920590401,0.0007442115469351309,0.72
955,0.74106,9,2.0,2.6,True,11494,10983,0.06769600510597229,0.000744092373915844,0.73
956,0.74079,18,-7.0,-6.6,True,11512,11001,0.055398039519786835,0.0007439730847935454,0.73
957,0.74051,4,7.0,7.6,True,11516,11005,0.0914553627371788,0.0007438536796153286,0.74
958,0.74024,2,9.0,9.2,True,11518,11007,0.07680386304855347,0.0007437341584283328,0.75
959,0.73997,1,10.0,10.0,True,11519,11008,0.07393714785575867,0.0007436145212797431,0.76
960,0.7397,1,10.0,10.0,True,11520,11009,0.10780081897974014,0.0007434947682167903,0.76
961,0.73943,4,7.0,7.4,True,11524,11013,0.07476834207773209,0.0007433748992867512,0.77
962,0.73916,14,-3.0,-2.6,True,11538,11027,0.08362696319818497,0.000743254914536948,0.77
963,0.73889,8,3.0,3.8,True,11546,11035,0.07325481623411179,0.0007431348140147487,0.77
964,0.73861,1,10.0,10.0,True,11547,11036,0.08553338795900345,0.0007430145977675673,0.78
965,0.73834,8,3.0,3.6,True,11555,11044,0.08104249089956284,0.000742894265842863,0.78
966,0.73807,12,-1.0,-0.6,True,11567,11056,0.07266420871019363,0.0007427738182881413,0.78
967,0.7378,8,3.0,3.6,True,11575,11064,0.08017344772815704,0.0007426532551509527,0.78
968,0.73753,3,-12.0,-11.8,False,11578,11067,0.07568907737731934,0.0007425325764788938,0.78
969,0.73726,26,-15.0,-14.6,True,11604,11093,0.07122082263231277,0.0007424117823196065,0.78
970,0.73699,2,9.0,9.2,True,11606,11095,0.061949871480464935,0.0007422908727207783,0.78
971,0.73671,11,0.0,0.4,True,11617,11106,0.057470377534627914,0.0007421698477301426,0.78
972,0.73644,1,-10.0,-10.0,False,11618,11107,0.06439853459596634,0.0007420487073954782,0.78
973,0.73617,4,7.0,7.6,True,11622,11111,0.07519529014825821,0.0007419274517646091,0.78
974,0.7359,6,5.0,5.4,True,11628,11117,0.06687638908624649,0.0007418060808854054,0.79
975,0.73563,1,10.0,10.0,True,11629,11118,0.04882568493485451,0.0007416845948057822,0.79
976,0.73536,3,8.0,8.2,True,11632,11121,0.07337740063667297,0.0007415629935737004,0.8
977,0.73509,1,10.0,10.0,True,11633,11122,0.0732923373579979,0.0007414412772371662,0.8
978,0.73481,12,-1.0,-0.8,True,11645,11134,0.07591808587312698,0.0007413194458442314,0.81
979,0.73454,4,7.0,7.4,True,11649,11138,0.06612210720777512,0.0007411974994429929,0.82
980,0.73427,12,-1.0,-1.0,True,11661,11150,0.06882474571466446,0.0007410754380815932,0.82
981,0.734,35,-44.0,-43.4,False,11696,11185,0.06270330399274826,0.0007409532618082204,0.81
982,0.73373,6,5.0,5.2,True,11702,11191,0.05656653270125389,0.0007408309706711076,0.82
983,0.73346,6,5.0,5.4,True,11708,11197,0.07336712628602982,0.0007407085647185335,0.82
984,0.73319,3,8.0,8.2,True,11711,11200,0.0678887590765953,0.000740586043998822,0.83
985,0.73291,5,-14.0,-13.8,False,11716,11205,0.05891295149922371,0.0007404634085603424,0.83
986,0.73264,4,7.0,7.2,True,11720,11209,0.05891261249780655,0.0007403406584515091,0.83
987,0.73237,8,3.0,3.2,True,11728,11217,0.055338650941848755,0.0007402177937207819,0.84
988,0.7321,9,2.0,2.4,True,11737,11226,0.06121138855814934,0.0007400948144166659,0.84
989,0.73183,3,-12.0,-12.0,False,11740,11229,0.0565560944378376,0.0007399717205877113,0.83
990,0.73156,14,-23.0,-22.8,False,11754,11243,0.05852873995900154,0.0007398485122825138,0.82
991,0.73129,4,7.0,7.2,True,11758,11247,0.054852262139320374,0.0007397251895497139,0.82
992,0.73101,12,-1.0,-0.2,True,11770,11259,0.07179797440767288,0.0007396017524379978,0.82
993,0.73074,8,3.0,3.2,True,11778,11267,0.07616652548313141,0.0007394782009960959,0.82
994,0.73047,1,10.0,10.0,True,11779,11268,0.09226435422897339,0.0007393545352727848,0.82
995,0.7302,3,-12.0,-12.0,False,11782,11271,0.06833287328481674,0.0007392307553168857,0.82
996,0.72993,3,8.0,8.0,True,11785,11274,0.07914359122514725,0.0007391068611772648,0.82
997,0.72966,9,-18.0,-17.4,False,11794,11283,0.07272125035524368,0.0007389828529028339,0.82
998,0.72939,1,10.0,10.0,True,11795,11284,0.05646544322371483,0.0007388587305425491,0.82
999,0.72911,3,8.0,8.4,True,11798,11287,0.06746376305818558,0.0007387344941454122,0.82
1000,0.72884,1,-10.0,-10.0,False,11799,11288,0.04389267787337303,0.0007386101437604696,0.81
1001,0.72857,7,-16.0,-16.0,False,11806,11295,0.08037716895341873,0.000738485679436813,0.8
1002,0.7283,6,5.0,5.4,True,11812,11301,0.08251150697469711,0.0007383611012235789,0.8
1003,0.72803,2,-11.0,-11.2,False,11814,11303,0.058075085282325745,0.0007382364091699488,0.79
1004,0.72776,5,6.0,6.2,True,11819,11308,0.068816639482975,0.0007381116033251491,0.79
1005,0.72749,22,-11.0,-10.8,True,11841,11330,0.07088962197303772,0.0007379866837384513,0.8
1006,0.72721,1,10.0,10.0,True,11842,11331,0.05787097290158272,0.0007378616504591715,0.8
1007,0.72694,14,-3.0,-2.6,True,11856,11345,0.06452295929193497,0.000737736503536671,0.8
1008,0.72667,44,-53.0,-52.8,False,11900,11389,0.06679558753967285,0.0007376112430203558,0.79
1009,0.7264,3,8.0,8.4,True,11903,11392,0.056826744228601456,0.0007374858689596767,0.79
1010,0.72613,7,-16.0,-15.6,False,11910,11399,0.06062368303537369,0.0007373603814041295,0.79
1011,0.72586,4,7.0,7.2,True,11914,11403,0.07251544296741486,0.0007372347804032545,0.8
1012,0.72559,4,-13.0,-13.2,False,11918,11407,0.06014382839202881,0.0007371090660066372,0.79
1013,0.72531,4,7.0,7.2,True,11922,11411,0.04597439244389534,0.0007369832382639076,0.79
1014,0.72504,6,5.0,5.4,True,11928,11417,0.05832699313759804,0.0007368572972247404,0.79
1015,0.72477,9,-18.0,-18.0,False,11937,11426,0.05769293010234833,0.0007367312429388552,0.79
1016,0.7245,1,-10.0,-10.0,False,11938,11427,0.07039779424667358,0.0007366050754560163,0.78
1017,0.72423,4,-13.0,-13.2,False,11942,11431,0.049658264964818954,0.0007364787948260325,0.78
1018,0.72396,8,-17.0,-16.8,False,11950,11439,0.05185746029019356,0.0007363524010987575,0.77
1019,0.72369,2,9.0,9.2,True,11952,11441,0.05536378175020218,0.0007362258943240896,0.77
1020,0.72341,6,5.0,5.6,True,11958,11447,0.05228378251194954,0.0007360992745519714,0.78
1021,0.72314,16,-5.0,-4.4,True,11974,11463,0.059360891580581665,0.0007359725418323905,0.78
1022,0.72287,7,4.0,4.4,True,11981,11470,0.04977286979556084,0.0007358456962153791,0.78
1023,0.7226,6,5.0,5.0,True,11987,11476,0.06562455743551254,0.0007357187377510138,0.78
1024,0.72233,31,-40.0,-39.2,False,12018,11507,0.062266889959573746,0.0007355916664894157,0.78
1025,0.72206,12,-1.0,-0.6,True,12030,11519,0.07428143918514252,0.0007354644824807505,0.78
1026,0.72179,32,-21.0,-20.4,True,12062,11551,0.07294033467769623,0.0007353371857752285,0.78
1027,0.72151,4,7.0,7.4,True,12066,11555,0.07381927967071533,0.0007352097764231045,0.78
1028,0.72124,7,4.0,4.4,True,12073,11562,0.054151855409145355,0.0007350822544746777,0.78
1029,0.72097,14,-3.0,-2.8,True,12087,11576,0.07151031494140625,0.0007349546199802915,0.78
1030,0.7207,3,8.0,8.0,True,12090,11579,0.051762551069259644,0.0007348268729903343,0.78
1031,0.72043,2,9.0,9.2,True,12092,11581,0.050313085317611694,0.0007346990135552383,0.78
1032,0.72016,4,7.0,7.2,True,12096,11585,0.06920446455478668,0.0007345710417254807,0.78
1033,0.71989,7,4.0,4.6,True,12103,11592,0.057072971016168594,0.0007344429575515823,0.78
1034,0.71961,3,8.0,8.2,True,12106,11595,0.06381865590810776,0.0007343147610841091,0.78
1035,0.71934,8,3.0,3.2,True,12114,11603,0.07751674205064774,0.0007341864523736709,0.78
1036,0.71907,8,-17.0,-16.6,False,12122,11611,0.05529520660638809,0.0007340580314709219,0.77
1037,0.7188,11,0.0,0.6,True,12133,11622,0.06832375377416611,0.0007339294984265608,0.77
1038,0.71853,6,5.0,5.8,True,12139,11628,0.06523995846509933,0.0007338008532913302,0.77
1039,0.71826,2,9.0,9.0,True,12141,11630,0.060604557394981384,0.0007336720961160173,0.77
1040,0.71799,1,10.0,10.0,True,12142,11631,0.10698535293340683,0.0007335432269514532,0.77
1041,0.71771,9,2.0,2.2,True,12151,11640,0.06941734999418259,0.0007334142458485137,0.77
1042,0.71744,7,4.0,4.6,True,12158,11647,0.06557732820510864,0.0007332851528581184,0.78
1043,0.71717,1,10.0,10.0,True,12159,11648,0.07672872394323349,0.0007331559480312311,0.78
1044,0.7169,5,6.0,6.2,True,12164,11653,0.06279430538415909,0.0007330266314188598,0.78
1045,0.71663,5,6.0,6.4,True,12169,11658,0.05791863799095154,0.0007328972030720567,0.78
1046,0.71636,12,-21.0,-20.6,False,12181,11670,0.06581660360097885,0.0007327676630419181,0.77
1047,0.71609,29,-38.0,-38.0,False,12210,11699,0.06187465414404869,0.0007326380113795843,0.77
1048,0.71581,5,6.0,6.4,True,12215,11704,0.05020972341299057,0.0007325082481362396,0.78
1049,0.71554,5,6.0,6.4,True,12220,11709,0.053459666669368744,0.0007323783733631128,0.78
1050,0.71527,4,7.0,7.2,True,12224,11713,0.058254241943359375,0.000732248387111476,0.78
1051,0.715,24,-13.0,-12.8,True,12248,11737,0.05733221396803856,0.000732118289432646,0.78
1052,0.71473,7,4.0,4.4,True,12255,11744,0.052055228501558304,0.0007319880803779832,0.78
1053,0.71446,4,7.0,7.2,True,12259,11748,0.05251730605959892,0.0007318577599988922,0.78
1054,0.71419,16,-5.0,-4.6,True,12275,11764,0.08214480429887772,0.0007317273283468214,0.78
1055,0.71391,12,-1.0,-0.8,True,12287,11776,0.06730908900499344,0.0007315967854732629,0.78
1056,0.71364,9,2.0,2.2,True,12296,11785,0.06688180565834045,0.0007314661314297531,0.78
1057,0.71337,17,-26.0,-25.8,False,12313,11802,0.06259478628635406,0.0007313353662678722,0.77
1058,0.7131,1,-10.0,-10.0,False,12314,11803,0.054234083741903305,0.0007312044900392443,0.76
1059,0.71283,1,10.0,10.0,True,12315,11804,0.07690300047397614,0.0007310735027955369,0.76
1060,0.71256,2,9.0,9.2,True,12317,11806,0.06578977406024933,0.0007309424045884622,0.76
1061,0.71229,5,6.0,6.2,True,12322,11811,0.0642174705862999,0.0007308111954697754,0.76
1062,0.71201,6,5.0,5.2,True,12328,11817,0.06081319972872734,0.0007306798754912756,0.76
1063,0.71174,3,8.0,8.2,True,12331,11820,0.06554104387760162,0.0007305484447048063,0.76
1064,0.71147,4,7.0,7.6,True,12335,11824,0.061015672981739044,0.000730416903162254,0.76
1065,0.7112,1,10.0,10.0,True,12336,11825,0.05561426654458046,0.0007302852509155493,0.76
1066,0.71093,8,3.0,3.2,True,12344,11833,0.06228673458099365,0.0007301534880166663,0.76
1067,0.71066,1,10.0,10.0,True,12345,11834,0.05037769675254822,0.0007300216145176231,0.76
1068,0.71039,1,-10.0,-10.0,False,12346,11835,0.06816557049751282,0.0007298896304704812,0.76
1069,0.71011,11,0.0,0.8,True,12357,11846,0.06890226155519485,0.0007297575359273457,0.76
1070,0.70984,24,-13.0,-12.4,True,12381,11870,0.058939676731824875,0.0007296253309403656,0.76
1071,0.70957,1,-10.0,-10.0,False,12382,11871,0.08345123380422592,0.0007294930155617332,0.75
1072,0.7093,5,-14.0,-13.6,False,12387,11876,0.05528740957379341,0.0007293605898436845,0.75
1073,0.70903,8,3.0,3.2,True,12395,11884,0.0614212229847908,0.0007292280538384993,0.75
1074,0.70876,5,-14.0,-14.0,False,12400,11889,0.052835799753665924,0.0007290954075985005,0.74
1075,0.70849,6,5.0,5.2,True,12406,11895,0.061647821217775345,0.0007289626511760548,0.74
1076,0.70821,2,9.0,9.2,True,12408,11897,0.09045492112636566,0.0007288297846235723,0.74
1077,0.70794,23,-12.0,-11.4,True,12431,11920,0.053719572722911835,0.0007286968079935068,0.74
1078,0.70767,1,-10.0,-10.0,False,12432,11921,0.042958926409482956,0.000728563721338355,0.73
1079,0.7074,7,-16.0,-16.2,False,12439,11928,0.050240904092788696,0.0007284305247106577,0.72
1080,0.70713,4,7.0,7.2,True,12443,11932,0.0506855845451355,0.0007282972181629987,0.72
1081,0.70686,1,10.0,10.0,True,12444,11933,0.02920425869524479,0.0007281638017480053,0.73
1082,0.70659,1,10.0,10.0,True,12445,11934,0.04426667094230652,0.0007280302755183483,0.73
1083,0.70631,10,1.0,1.4,True,12455,11944,0.048683036118745804,0.0007278966395267418,0.73
1084,0.70604,1,10.0,10.0,True,12456,11945,0.07067224383354187,0.0007277628938259429,0.73
1085,0.70577,17,-6.0,-5.6,True,12473,11962,0.05389553681015968,0.0007276290384687525,0.74
1086,0.7055,10,1.0,1.2,True,12483,11972,0.047199659049510956,0.0007274950735080145,0.74
1087,0.70523,5,6.0,6.2,True,12488,11977,0.058265067636966705,0.0007273609989966161,0.74
1088,0.70496,5,6.0,6.4,True,12493,11982,0.04127494990825653,0.0007272268149874878,0.74
1089,0.70469,6,5.0,5.6,True,12499,11988,0.04954983666539192,0.0007270925215336035,0.75
1090,0.70441,2,9.0,9.0,True,12501,11990,0.046577610075473785,0.00072695811868798,0.76
1091,0.70414,14,-3.0,-3.0,True,12515,12004,0.0496252067387104,0.0007268236065036774,0.76
1092,0.70387,2,9.0,9.2,True,12517,12006,0.05734005570411682,0.000726688985033799,0.76
1093,0.7036,7,4.0,4.2,True,12524,12013,0.06693641096353531,0.0007265542543314911,0.76
1094,0.70333,3,8.0,8.4,True,12527,12016,0.05764574185013771,0.0007264194144499434,0.76
1095,0.70306,5,6.0,6.6,True,12532,12021,0.06322213262319565,0.0007262844654423886,0.77
1096,0.70279,12,-1.0,-1.0,True,12544,12033,0.07634323835372925,0.0007261494073621023,0.77
1097,0.70251,4,7.0,7.2,True,12548,12037,0.059363219887018204,0.0007260142402624033,0.78
1098,0.70224,43,-32.0,-31.6,True,12591,12080,0.06707584112882614,0.0007258789641966534,0.78
1099,0.70197,2,9.0,9.2,True,12593,12082,0.06399522721767426,0.0007257435792182576,0.78
1100,0.7017,7,4.0,4.8,True,12600,12089,0.06285447627305984,0.0007256080853806636,0.79
1101,0.70143,2,9.0,9.2,True,12602,12091,0.07193170487880707,0.0007254724827373624,0.8
1102,0.70116,6,5.0,5.2,True,12608,12097,0.07303903251886368,0.0007253367713418875,0.8
1103,0.70089,9,-18.0,-18.0,False,12617,12106,0.05942860618233681,0.0007252009512478159,0.8
1104,0.70061,5,6.0,6.4,True,12622,12111,0.05815576761960983,0.0007250650225087671,0.8
1105,0.70034,4,7.0,7.0,True,12626,12115,0.05497531220316887,0.0007249289851784036,0.8
1106,0.70007,2,-11.0,-11.0,False,12628,12117,0.053042978048324585,0.0007247928393104308,0.79
1107,0.6998,23,-32.0,-31.4,False,12651,12140,0.05768454447388649,0.0007246565849585968,0.78
1108,0.69953,1,10.0,10.0,True,12652,12141,0.06401365995407104,0.0007245202221766928,0.79
1109,0.69926,6,5.0,5.2,True,12658,12147,0.055393144488334656,0.0007243837510185527,0.79
1110,0.69899,3,8.0,8.4,True,12661,12150,0.046649470925331116,0.000724247171538053,0.8
1111,0.69871,2,9.0,9.2,True,12663,12152,0.04653948172926903,0.0007241104837891134,0.8
1112,0.69844,6,5.0,5.0,True,12669,12158,0.04133094847202301,0.0007239736878256957,0.81
1113,0.69817,8,3.0,3.8,True,12677,12166,0.06681453436613083,0.0007238367837018051,0.81
1114,0.6979,3,-12.0,-12.0,False,12680,12169,0.05394813045859337,0.000723699771471489,0.8
1115,0.69763,1,-10.0,-10.0,False,12681,12170,0.051053136587142944,0.0007235626511888376,0.8
1116,0.69736,10,-19.0,-18.6,False,12691,12180,0.05920640379190445,0.000723425422907984,0.8
1117,0.69709,2,9.0,9.2,True,12693,12182,0.04218116030097008,0.0007232880866831036,0.81
1118,0.69681,3,-12.0,-11.8,False,12696,12185,0.08813474327325821,0.0007231506425684147,0.81
1119,0.69654,8,3.0,3.8,True,12704,12193,0.05756736546754837,0.000723013090618178,0.81
1120,0.69627,7,4.0,4.2,True,12711,12200,0.06826397031545639,0.0007228754308866967,0.81
1121,0.696,3,-12.0,-11.6,False,12714,12203,0.06635740399360657,0.0007227376634283168,0.8
1122,0.69573,2,9.0,9.2,True,12716,12205,0.04513181000947952,0.0007225997882974268,0.8
1123,0.69546,1,-10.0,-10.0,False,12717,12206,0.04275773838162422,0.0007224618055484575,0.79
1124,0.69519,7,4.0,4.2,True,12724,12213,0.051835622638463974,0.0007223237152358822,0.8
1125,0.69491,6,5.0,5.4,True,12730,12219,0.06042693555355072,0.0007221855174142171,0.8
1126,0.69464,4,7.0,7.2,True,12734,12223,0.06929811090230942,0.0007220472121380202,0.8
1127,0.69437,1,10.0,10.0,True,12735,12224,0.050041113048791885,0.0007219087994618924,0.8
1128,0.6941,2,9.0,9.2,True,12737,12226,0.05697517842054367,0.0007217702794404767,0.8
1129,0.69383,10,-19.0,-18.4,False,12747,12236,0.05245257541537285,0.0007216316521284588,0.79
1130,0.69356,8,-17.0,-17.0,False,12755,12244,0.06080247089266777,0.0007214929175805663,0.78
1131,0.69329,19,-8.0,-7.6,True,12774,12263,0.06292379647493362,0.0007213540758515697,0.78
1132,0.69301,4,7.0,7.2,True,12778,12267,0.0587325245141983,0.0007212151269962813,0.78
1133,0.69274,23,-12.0,-11.6,True,12801,12290,0.0637253001332283,0.0007210760710695559,0.78
1134,0.69247,24,-13.0,-12.6,True,12825,12314,0.06803715974092484,0.0007209369081262909,0.78
1135,0.6922,26,-15.0,-14.8,True,12851,12340,0.06198224052786827,0.0007207976382214252,0.78
1136,0.69193,41,-30.0,-29.4,True,12892,12381,0.06467191129922867,0.0007206582614099406,0.79
1137,0.69166,31,-20.0,-19.4,True,12923,12412,0.05515868216753006,0.0007205187777468608,0.79
1138,0.69139,2,-11.0,-11.0,False,12925,12414,0.035756539553403854,0.0007203791872872517,0.78
1139,0.69111,2,9.0,9.0,True,12927,12416,0.06701135635375977,0.0007202394900862215,0.78
1140,0.69084,3,8.0,8.2,True,12930,12419,0.05819523334503174,0.0007200996861989204,0.78
1141,0.69057,4,-13.0,-13.0,False,12934,12423,0.055602699518203735,0.0007199597756805407,0.77
1142,0.6903,5,6.0,6.2,True,12939,12428,0.050847508013248444,0.0007198197585863169,0.77
1143,0.69003,1,10.0,10.0,True,12940,12429,0.055112287402153015,0.0007196796349715255,0.77
1144,0.68976,27,-16.0,-15.6,True,12967,12456,0.04958973824977875,0.0007195394048914851,0.77
1145,0.68949,7,4.0,4.6,True,12974,12463,0.05145249888300896,0.0007193990684015565,0.77
1146,0.68921,4,-13.0,-13.2,False,12978,12467,0.047145526856184006,0.0007192586255571419,0.77
1147,0.68894,7,4.0,4.4,True,12985,12474,0.047223057597875595,0.0007191180764136863,0.78
1148,0.68867,5,-14.0,-14.2,False,12990,12479,0.06401052325963974,0.0007189774210266761,0.77
1149,0.6884,1,10.0,10.0,True,12991,12480,0.03913581371307373,0.0007188366594516398,0.77
1150,0.68813,13,-2.0,-1.8,True,13004,12493,0.06150496378540993,0.0007186957917441481,0.77
1151,0.68786,5,6.0,6.6,True,13009,12498,0.04889865592122078,0.000718554817959813,0.77
1152,0.68759,1,10.0,10.0,True,13010,12499,0.06706897169351578,0.0007184137381542889,0.77
1153,0.68731,1,10.0,10.0,True,13011,12500,0.059267524629831314,0.0007182725523832717,0.77
1154,0.68704,11,0.0,0.6,True,13022,12511,0.07152733206748962,0.0007181312607024995,0.77
1155,0.68677,6,5.0,5.6,True,13028,12517,0.06856764107942581,0.000717989863167752,0.77
1156,0.6865,5,6.0,6.0,True,13033,12522,0.06996393203735352,0.0007178483598348506,0.77
1157,0.68623,1,10.0,10.0,True,13034,12523,0.07866213470697403,0.0007177067507596587,0.78
1158,0.68596,5,6.0,6.4,True,13039,12528,0.06630238145589828,0.0007175650359980812,0.79
1159,0.68569,3,8.0,8.4,True,13042,12531,0.06849008798599243,0.0007174232156060649,0.79
1160,0.68541,3,8.0,8.0,True,13045,12534,0.055910754948854446,0.0007172812896395984,0.79
1161,0.68514,1,-10.0,-10.0,False,13046,12535,0.10277832299470901,0.0007171392581547116,0.78
1162,0.68487,1,10.0,10.0,True,13047,12536,0.09359853714704514,0.0007169971212074763,0.78
1163,0.6846,4,7.0,7.4,True,13051,12540,0.060540203005075455,0.000716854878854006,0.78
1164,0.68433,1,-10.0,-10.0,False,13052,12541,0.06593618541955948,0.0007167125311504556,0.77
1165,0.68406,4,7.0,7.2,True,13056,12545,0.06531531363725662,0.0007165700781530221,0.77
1166,0.68379,12,-1.0,-0.6,True,13068,12557,0.05829983949661255,0.0007164275199179431,0.77
1167,0.68351,10,1.0,1.4,True,13078,12567,0.0667414516210556,0.0007162848565014987,0.77
1168,0.68324,1,10.0,10.0,True,13079,12568,0.05527113750576973,0.0007161420879600102,0.78
1169,0.68297,1,10.0,10.0,True,13080,12569,0.06872756779193878,0.0007159992143498401,0.78
1170,0.6827,7,4.0,4.8,True,13087,12576,0.05874653533101082,0.0007158562357273929,0.78
1171,0.68243,19,-28.0,-28.0,False,13106,12595,0.06758122891187668,0.000715713152149114,0.78
1172,0.68216,17,-26.0,-25.6,False,13123,12612,0.05966929718852043,0.0007155699636714909,0.78
1173,0.68189,13,-2.0,-1.4,True,13136,12625,0.046584051102399826,0.0007154266703510519,0.78
1174,0.68161,1,10.0,10.0,True,13137,12626,0.06436777114868164,0.000715283272244367,0.79
1175,0.68134,6,5.0,5.4,True,13143,12632,0.07641220092773438,0.0007151397694080475,0.79
1176,0.68107,24,-33.0,-33.4,False,13167,12656,0.060264673084020615,0.0007149961618987461,0.78
1177,0.6808,5,6.0,6.0,True,13172,12661,0.060836415737867355,0.0007148524497731566,0.78
1178,0.68053,5,6.0,6.8,True,13177,12666,0.06292839348316193,0.0007147086330880145,0.79
1179,0.68026,4,7.0,7.6,True,13181,12670,0.05555050075054169,0.0007145647119000962,0.8
1180,0.67999,10,1.0,1.2,True,13191,12680,0.050436150282621384,0.0007144206862662194,0.8
1181,0.67971,6,-15.0,-15.2,False,13197,12686,0.05513715744018555,0.0007142765562432433,0.79
1182,0.67944,6,5.0,5.4,True,13203,12692,0.054918427020311356,0.0007141323218880684,0.79
1183,0.67917,10,1.0,1.4,True,13213,12702,0.06448320299386978,0.0007139879832576356,0.79
1184,0.6789,35,-44.0,-44.0,False,13248,12737,0.04896407201886177,0.0007138435404089278,0.78
1185,0.67863,6,5.0,5.6,True,13254,12743,0.04393791779875755,0.0007136989933989689,0.78
1186,0.67836,4,7.0,7.2,True,13258,12747,0.047961775213479996,0.0007135543422848235,0.78
1187,0.67809,1,10.0,10.0,True,13259,12748,0.059359386563301086,0.0007134095871235976,0.78
1188,0.67781,2,-11.0,-11.0,False,13261,12750,0.044024355709552765,0.0007132647279724383,0.77
1189,0.67754,9,2.0,2.6,True,13270,12759,0.06432277709245682,0.0007131197648885338,0.77
1190,0.67727,3,8.0,8.2,True,13273,12762,0.07420483976602554,0.0007129746979291131,0.77
1191,0.677,9,-18.0,-17.6,False,13282,12771,0.0698997899889946,0.0007128295271514464,0.76
1192,0.67673,5,6.0,6.4,True,13287,12776,0.08387606590986252,0.0007126842526128446,0.76
1193,0.67646,21,-10.0,-9.8,True,13308,12797,0.06749699264764786,0.0007125388743706602,0.76
1194,0.67619,1,-10.0,-10.0,False,13309,12798,0.04953128099441528,0.0007123933924822859,0.75
1195,0.67591,6,5.0,5.2,True,13315,12804,0.07193126529455185,0.0007122478070051558,0.75
1196,0.67564,3,8.0,8.2,True,13318,12807,0.0564381368458271,0.0007121021179967447,0.75
1197,0.67537,3,8.0,8.4,True,13321,12810,0.06708890944719315,0.0007119563255145682,0.75
1198,0.6751,4,-13.0,-12.8,False,13325,12814,0.06429050862789154,0.0007118104296161831,0.74
1199,0.67483,10,1.0,1.4,True,13335,12824,0.06294287741184235,0.0007116644303591867,0.74
1200,0.67456,24,-13.0,-12.4,True,13359,12848,0.06093132123351097,0.0007115183278012171,0.74
1201,0.67429,4,7.0,7.4,True,13363,12852,0.04777920991182327,0.0007113721219999534,0.74
1202,0.67401,9,2.0,2.4,True,13372,12861,0.05338946357369423,0.0007112258130131152,0.74
1203,0.67374,7,4.0,4.4,True,13379,12868,0.05681701377034187,0.000711079400898463,0.75
1204,0.67347,1,10.0,10.0,True,13380,12869,0.059429362416267395,0.0007109328857137979,0.75
1205,0.6732,3,8.0,8.4,True,13383,12872,0.05818968638777733,0.0007107862675169622,0.75
1206,0.67293,9,2.0,2.4,True,13392,12881,0.05354827642440796,0.000710639546365838,0.76
1207,0.67266,10,-19.0,-19.6,False,13402,12891,0.0547209307551384,0.0007104927223183486,0.76
1208,0.67239,1,-10.0,-10.0,False,13403,12892,0.04990331456065178,0.0007103457954324579,0.75
1209,0.67211,3,8.0,8.4,True,13406,12895,0.05157407000660896,0.0007101987657661703,0.75
1210,0.67184,2,-11.0,-11.0,False,13408,12897,0.04366949945688248,0.0007100516333775307,0.74
1211,0.67157,3,8.0,8.4,True,13411,12900,0.05700370669364929,0.0007099043983246246,0.74
1212,0.6713,3,-12.0,-12.2,False,13414,12903,0.06774795800447464,0.0007097570606655782,0.73
1213,0.67103,1,10.0,10.0,True,13415,12904,0.07636917382478714,0.000709609620458558,0.73
1214,0.67076,14,-3.0,-2.2,True,13429,12918,0.05813927575945854,0.000709462077761771,0.74
1215,0.67049,1,-10.0,-10.0,False,13430,12919,0.05062047764658928,0.0007093144326334648,0.74
1216,0.67021,14,-3.0,-2.2,True,13444,12933,0.056418485939502716,0.0007091666851319273,0.75
1217,0.66994,12,-1.0,-0.6,True,13456,12945,0.04856850579380989,0.000709018835315487,0.75
1218,0.66967,5,6.0,6.2,True,13461,12950,0.04395930841565132,0.0007088708832425126,0.76
1219,0.6694,2,9.0,9.2,True,13463,12952,0.06969363987445831,0.0007087228289714131,0.76
1220,0.66913,5,6.0,6.8,True,13468,12957,0.0498429574072361,0.0007085746725606383,0.76
1221,0.66886,2,9.0,9.2,True,13470,12959,0.049151595681905746,0.0007084264140686776,0.77
1222,0.66859,3,8.0,8.4,True,13473,12962,0.05049131438136101,0.0007082780535540615,0.77
1223,0.66831,4,7.0,7.0,True,13477,12966,0.03957989439368248,0.00070812959107536,0.78
1224,0.66804,1,10.0,10.0,True,13478,12967,0.07265374064445496,0.000707981026691184,0.78
1225,0.66777,6,5.0,5.2,True,13484,12973,0.05226979777216911,0.0007078323604601843,0.78
1226,0.6675,2,9.0,9.2,True,13486,12975,0.05268183350563049,0.000707683592441052,0.78
1227,0.66723,19,-8.0,-7.8,True,13505,12994,0.04559249058365822,0.0007075347226925182,0.78
1228,0.66696,2,9.0,9.2,True,13507,12996,0.04811084270477295,0.0007073857512733548,0.78
1229,0.66669,5,6.0,6.2,True,13512,13001,0.049862395972013474,0.0007072366782423727,0.79
1230,0.66641,5,6.0,6.0,True,13517,13006,0.07795802503824234,0.0007070875036584239,0.8
1231,0.66614,2,9.0,9.2,True,13519,13008,0.06547841429710388,0.0007069382275804001,0.8
1232,0.66587,7,-16.0,-16.0,False,13526,13015,0.07276664674282074,0.0007067888500672333,0.79
1233,0.6656,1,10.0,10.0,True,13527,13016,0.05647988244891167,0.0007066393711778953,0.79
1234,0.66533,3,8.0,8.0,True,13530,13019,0.0732204020023346,0.0007064897909713978,0.79
1235,0.66506,13,-2.0,-1.4,True,13543,13032,0.06549698114395142,0.0007063401095067929,0.79
1236,0.66479,12,-1.0,-0.2,True,13555,13044,0.0637083649635315,0.0007061903268431723,0.79
1237,0.66451,4,-13.0,-13.0,False,13559,13048,0.05107632651925087,0.000706040443039668,0.78
1238,0.66424,3,8.0,8.0,True,13562,13051,0.04705517366528511,0.0007058904581554517,0.79
1239,0.66397,8,3.0,3.4,True,13570,13059,0.06120070442557335,0.000705740372249735,0.79
1240,0.6637,3,-12.0,-11.6,False,13573,13062,0.06007109954953194,0.0007055901853817696,0.78
1241,0.66343,2,9.0,9.2,True,13575,13064,0.054769083857536316,0.0007054398976108466,0.79
1242,0.66316,11,0.0,0.6,True,13586,13075,0.06852838397026062,0.0007052895089962975,0.79
1243,0.66289,7,4.0,4.6,True,13593,13082,0.06778393685817719,0.0007051390195974933,0.79
1244,0.66261,8,3.0,3.6,True,13601,13090,0.05445960536599159,0.0007049884294738448,0.79
1245,0.66234,18,-7.0,-6.4,True,13619,13108,0.05008980631828308,0.0007048377386848024,0.79
1246,0.66207,5,6.0,6.4,True,13624,13113,0.05882927030324936,0.0007046869472898567,0.8
1247,0.6618,2,9.0,9.2,True,13626,13115,0.06069941073656082,0.0007045360553485377,0.8
1248,0.66153,25,-14.0,-13.2,True,13651,13140,0.05635981634259224,0.0007043850629204152,0.81
1249,0.66126,2,-11.0,-10.8,False,13653,13142,0.06438490748405457,0.0007042339700650984,0.8
1250,0.66099,6,5.0,5.6,True,13659,13148,0.056960176676511765,0.0007040827768422367,0.8
1251,0.66071,1,10.0,10.0,True,13660,13149,0.0529848150908947,0.0007039314833115184,0.8
1252,0.66044,11,0.0,0.4,True,13671,13160,0.0580841526389122,0.000703780089532672,0.8
1253,0.66017,19,-8.0,-7.8,True,13690,13179,0.05452778562903404,0.0007036285955654655,0.8
1254,0.6599,19,-8.0,-8.0,True,13709,13198,0.052728258073329926,0.0007034770014697061,0.8
1255,0.65963,10,1.0,1.2,True,13719,13208,0.048500288277864456,0.0007033253073052408,0.8
1256,0.65936,15,-4.0,-3.6,True,13734,13223,0.049867503345012665,0.0007031735131319561,0.8
1257,0.65909,4,7.0,7.2,True,13738,13227,0.05347973108291626,0.0007030216190097779,0.8
1258,0.65881,4,7.0,7.2,True,13742,13231,0.046279020607471466,0.0007028696249986716,0.8
1259,0.65854,1,10.0,10.0,True,13743,13232,0.042901407927274704,0.0007027175311586421,0.8
1260,0.65827,10,1.0,1.2,True,13753,13242,0.04506605491042137,0.0007025653375497334,0.8
1261,0.658,5,6.0,6.4,True,13758,13247,0.04343236982822418,0.0007024130442320294,0.81
1262,0.65773,2,9.0,9.2,True,13760,13249,0.04300108179450035,0.0007022606512656531,0.81
1263,0.65746,2,9.0,9.2,True,13762,13251,0.05024567246437073,0.0007021081587107664,0.81
1264,0.65719,4,7.0,7.4,True,13766,13255,0.0585896372795105,0.0007019555666275716,0.82
1265,0.65691,24,-13.0,-12.8,True,13790,13279,0.058661822229623795,0.0007018028750763091,0.82
1266,0.65664,1,-10.0,-10.0,False,13791,13280,0.04898985102772713,0.0007016500841172594,0.81
1267,0.65637,8,3.0,3.4,True,13799,13288,0.06282556056976318,0.000701497193810742,0.81
1268,0.6561,9,2.0,2.2,True,13808,13297,0.05876288190484047,0.0007013442042171153,0.81
1269,0.65583,2,9.0,9.2,True,13810,13299,0.07842448353767395,0.0007011911153967773,0.81
1270,0.65556,15,-4.0,-3.4,True,13825,13314,0.051620230078697205,0.000701037927410165,0.81
1271,0.65529,3,8.0,8.4,True,13828,13317,0.05537384748458862,0.0007008846403177547,0.82
1272,0.65501,5,6.0,6.4,True,13833,13322,0.059975139796733856,0.0007007312541800616,0.83
1273,0.65474,2,-11.0,-11.0,False,13835,13324,0.0397995226085186,0.0007005777690576401,0.82
1274,0.65447,5,6.0,6.4,True,13840,13329,0.05888008326292038,0.0007004241850110839,0.82
1275,0.6542,3,8.0,8.4,True,13843,13332,0.052888866513967514,0.0007002705021010254,0.82
1276,0.65393,6,5.0,5.2,True,13849,13338,0.05712584778666496,0.0007001167203881361,0.83
1277,0.65366,29,-18.0,-17.8,True,13878,13367,0.056029148399829865,0.0006999628399331267,0.83
1278,0.65339,6,5.0,5.6,True,13884,13373,0.049591775983572006,0.0006998088607967467,0.83
1279,0.65311,5,-14.0,-13.8,False,13889,13378,0.047064293175935745,0.0006996547830397848,0.82
1280,0.65284,5,6.0,6.6,True,13894,13383,0.05264989286661148,0.0006995006067230682,0.82
1281,0.65257,15,-4.0,-3.6,True,13909,13398,0.051582325249910355,0.0006993463319074634,0.83
1282,0.6523,3,8.0,8.0,True,13912,13401,0.05300966277718544,0.0006991919586538756,0.83
1283,0.65203,5,-14.0,-14.0,False,13917,13406,0.05020426958799362,0.0006990374870232491,0.82
1284,0.65176,5,6.0,6.6,True,13922,13411,0.05658213049173355,0.0006988829170765667,0.83
1285,0.65149,7,-16.0,-16.0,False,13929,13418,0.04549980163574219,0.0006987282488748501,0.82
1286,0.65121,3,8.0,8.4,True,13932,13421,0.04271705076098442,0.00069857348247916,0.82
1287,0.65094,1,-10.0,-10.0,False,13933,13422,0.05380174517631531,0.0006984186179505957,0.81
1288,0.65067,3,8.0,8.2,True,13936,13425,0.05004511773586273,0.0006982636553502952,0.82
1289,0.6504,10,1.0,1.4,True,13946,13435,0.04695718735456467,0.0006981085947394351,0.82
1290,0.65013,2,9.0,9.2,True,13948,13437,0.0442759171128273,0.0006979534361792314,0.82
1291,0.64986,7,4.0,4.8,True,13955,13444,0.044227514415979385,0.0006977981797309378,0.83
1292,0.64959,4,7.0,7.2,True,13959,13448,0.05554739385843277,0.0006976428254558472,0.83
1293,0.64931,1,10.0,10.0,True,13960,13449,0.033127520233392715,0.000697487373415291,0.83
1294,0.64904,1,10.0,10.0,True,13961,13450,0.05782635137438774,0.0006973318236706392,0.84
1295,0.64877,6,5.0,5.2,True,13967,13456,0.0502963662147522,0.0006971761762833004,0.84
1296,0.6485,3,8.0,8.4,True,13970,13459,0.049398522824048996,0.0006970204313147217,0.84
1297,0.64823,12,-1.0,-0.6,True,13982,13471,0.04722130298614502,0.0006968645888263887,0.84
1298,0.64796,6,-15.0,-14.8,False,13988,13477,0.044427379965782166,0.0006967086488798258,0.84
1299,0.64769,6,5.0,5.2,True,13994,13483,0.040499791502952576,0.0006965526115365954,0.84
1300,0.64741,3,8.0,8.4,True,13997,13486,0.04830443486571312,0.0006963964768582985,0.84
1301,0.64714,5,6.0,6.4,True,14002,13491,0.0445106104016304,0.0006962402449065747,0.84
1302,0.64687,11,-20.0,-20.0,False,14013,13502,0.04491918161511421,0.000696083915743102,0.83
1303,0.6466,7,-16.0,-15.6,False,14020,13509,0.05568670108914375,0.0006959274894295965,0.82
1304,0.64633,17,-6.0,-5.6,True,14037,13526,0.06257098913192749,0.0006957709660278129,0.82
1305,0.64606,4,7.0,7.2,True,14041,13530,0.047524843364953995,0.0006956143455995443,0.82
1306,0.64579,14,-3.0,-2.2,True,14055,13544,0.05335361883044243,0.0006954576282066217,0.82
1307,0.64551,5,-14.0,-14.0,False,14060,13549,0.060825712978839874,0.0006953008139109148,0.82
1308,0.64524,2,-11.0,-11.2,False,14062,13551,0.054589323699474335,0.0006951439027743314,0.82
1309,0.64497,16,-5.0,-4.8,True,14078,13567,0.04472474753856659,0.0006949868948588176,0.82
1310,0.6447,3,8.0,8.0,True,14081,13570,0.05587482824921608,0.0006948297902263575,0.83
1311,0.64443,7,4.0,4.4,True,14088,13577,0.04824719578027725,0.0006946725889389736,0.83
1312,0.64416,7,4.0,4.2,True,14095,13584,0.04507938027381897,0.0006945152910587263,0.84
1313,0.64389,9,2.0,2.8,True,14104,13593,0.044759009033441544,0.0006943578966477147,0.84
1314,0.64361,2,9.0,9.2,True,14106,13595,0.04424164444208145,0.0006942004057680752,0.84
1315,0.64334,3,8.0,8.2,True,14109,13598,0.05417828634381294,0.0006940428184819829,0.85
1316,0.64307,3,8.0,8.2,True,14112,13601,0.062024686485528946,0.0006938851348516509,0.85
1317,0.6428,5,6.0,6.0,True,14117,13606,0.0508771613240242,0.00069372735493933,0.85
1318,0.64253,15,-4.0,-3.4,True,14132,13621,0.046249713748693466,0.0006935694788073091,0.85
1319,0.64226,38,-27.0,-26.4,True,14170,13659,0.050575751811265945,0.0006934115065179156,0.85
1320,0.64199,12,-1.0,-0.2,True,14182,13671,0.048611853271722794,0.0006932534381335141,0.85
1321,0.64171,3,8.0,8.0,True,14185,13674,0.04179719090461731,0.0006930952737165077,0.85
1322,0.64144,9,2.0,2.4,True,14194,13683,0.05349607765674591,0.0006929370133293371,0.85
1323,0.64117,4,7.0,7.6,True,14198,13687,0.04725928604602814,0.000692778657034481,0.85
1324,0.6409,5,6.0,6.4,True,14203,13692,0.0460980087518692,0.0006926202048944559,0.85
1325,0.64063,3,8.0,8.4,True,14206,13695,0.0437483973801136,0.0006924616569718164,0.85
1326,0.64036,10,-19.0,-18.6,False,14216,13705,0.03404681012034416,0.0006923030133291544,0.84
1327,0.64009,3,8.0,8.2,True,14219,13708,0.034141022711992264,0.0006921442740291002,0.84
1328,0.63981,3,8.0,8.4,True,14222,13711,0.05109332874417305,0.0006919854391343215,0.84
1329,0.63954,1,-10.0,-10.0,False,14223,13712,0.03316279500722885,0.0006918265087075236,0.83
1330,0.63927,9,2.0,3.0,True,14232,13721,0.04494454339146614,0.00069166748281145,0.83
1331,0.639,10,1.0,1.6,True,14242,13731,0.04623917117714882,0.0006915083615088814,0.83
1332,0.63873,6,5.0,5.6,True,14248,13737,0.04224218800663948,0.0006913491448626364,0.84
1333,0.63846,5,6.0,6.4,True,14253,13742,0.048091307282447815,0.0006911898329355712,0.84
1334,0.63819,5,6.0,6.4,True,14258,13747,0.03842400759458542,0.0006910304257905797,0.84
1335,0.63791,2,9.0,9.2,True,14260,13749,0.03424143046140671,0.0006908709234905934,0.84
1336,0.63764,2,9.0,9.2,True,14262,13751,0.0458245687186718,0.000690711326098581,0.84
1337,0.63737,8,3.0,3.2,True,14270,13759,0.05813007429242134,0.0006905516336775492,0.85
1338,0.6371,9,2.0,2.4,True,14279,13768,0.053567927330732346,0.0006903918462905421,0.85
1339,0.63683,42,-31.0,-30.4,True,14321,13810,0.054961998015642166,0.0006902319640006412,0.85
1340,0.63656,2,9.0,9.2,True,14323,13812,0.04358062148094177,0.0006900719868709654,0.86
1341,0.63629,5,6.0,6.6,True,14328,13817,0.05294398218393326,0.0006899119149646712,0.86
1342,0.63601,13,-2.0,-1.8,True,14341,13830,0.05557887256145477,0.0006897517483449525,0.86
1343,0.63574,8,3.0,3.4,True,14349,13838,0.04650970175862312,0.0006895914870750404,0.86
1344,0.63547,11,0.0,0.8,True,14360,13849,0.044648364186286926,0.0006894311312182035,0.86
1345,0.6352,7,4.0,4.2,True,14367,13856,0.04893796518445015,0.000689270680837748,0.86
1346,0.63493,7,4.0,4.4,True,14374,13863,0.04786812141537666,0.0006891101359970171,0.86
1347,0.63466,1,10.0,10.0,True,14375,13864,0.05940546095371246,0.0006889494967593911,0.86
1348,0.63439,1,10.0,10.0,True,14376,13865,0.04044390097260475,0.000688788763188288,0.86
1349,0.63411,11,0.0,0.2,True,14387,13876,0.05276244506239891,0.0006886279353471629,0.87
1350,0.63384,16,-25.0,-24.6,False,14403,13892,0.04901595413684845,0.0006884670132995082,0.86
1351,0.63357,1,-10.0,-10.0,False,14404,13893,0.05557827651500702,0.0006883059971088531,0.85
1352,0.6333,9,2.0,2.4,True,14413,13902,0.04921405389904976,0.0006881448868387646,0.85
1353,0.63303,1,10.0,10.0,True,14414,13903,0.05267121270298958,0.0006879836825528461,0.85
1354,0.63276,1,10.0,10.0,True,14415,13904,0.06310106068849564,0.0006878223843147387,0.85
1355,0.63249,1,10.0,10.0,True,14416,13905,0.027425246313214302,0.0006876609921881204,0.85
1356,0.63221,3,8.0,8.0,True,14419,13908,0.046444371342659,0.000687499506236706,0.85
1357,0.63194,6,5.0,5.2,True,14425,13914,0.05101323127746582,0.0006873379265242479,0.85
1358,0.63167,12,-21.0,-20.8,False,14437,13926,0.04563838243484497,0.0006871762531145353,0.84
1359,0.6314,4,7.0,7.6,True,14441,13930,0.04690113663673401,0.0006870144860713939,0.84
1360,0.63113,3,-12.0,-11.6,False,14444,13933,0.0463283509016037,0.000686852625458687,0.83
1361,0.63086,6,5.0,5.6,True,14450,13939,0.036524418741464615,0.0006866906713403146,0.83
1362,0.63059,8,3.0,3.2,True,14458,13947,0.047480013221502304,0.0006865286237802136,0.83
1363,0.63031,6,-15.0,-15.0,False,14464,13953,0.03800295665860176,0.0006863664828423579,0.82
1364,0.63004,5,6.0,6.2,True,14469,13958,0.04052876681089401,0.0006862042485907582,0.82
1365,0.62977,13,-2.0,-1.8,True,14482,13971,0.04242464527487755,0.0006860419210894617,0.82
1366,0.6295,5,6.0,6.4,True,14487,13976,0.04962631314992905,0.0006858795004025531,0.83
1367,0.62923,4,7.0,7.2,True,14491,13980,0.042719416320323944,0.0006857169865941532,0.83
1368,0.62896,10,1.0,1.6,True,14501,13990,0.050505124032497406,0.0006855543797284202,0.83
1369,0.62869,14,-3.0,-2.6,True,14515,14004,0.04444976896047592,0.0006853916798695484,0.83
1370,0.62841,2,-11.0,-11.2,False,14517,14006,0.06766007840633392,0.0006852288870817692,0.82
1371,0.62814,4,7.0,7.4,True,14521,14010,0.05938827246427536,0.0006850660014293509,0.82
1372,0.62787,7,4.0,4.4,True,14528,14017,0.06810063123703003,0.0006849030229765979,0.82
1373,0.6276,6,5.0,5.6,True,14534,14023,0.05992275848984718,0.0006847399517878515,0.83
1374,0.62733,2,9.0,9.2,True,14536,14025,0.05355373024940491,0.0006845767879274897,0.83
1375,0.62706,3,8.0,8.2,True,14539,14028,0.07019902765750885,0.000684413531459927,0.83
1376,0.62679,6,5.0,5.2,True,14545,14034,0.05883455649018288,0.0006842501824496145,0.83
1377,0.62651,2,9.0,9.0,True,14547,14036,0.051251672208309174,0.0006840867409610398,0.83
1378,0.62624,2,9.0,9.2,True,14549,14038,0.058672722429037094,0.000683923207058727,0.83
1379,0.62597,1,10.0,10.0,True,14550,14039,0.048431795090436935,0.0006837595808072367,0.84
1380,0.6257,12,-1.0,-0.8,True,14562,14051,0.05597497895359993,0.0006835958622711659,0.84
1381,0.62543,2,9.0,9.2,True,14564,14053,0.03873991221189499,0.0006834320515151481,0.84
1382,0.62516,11,0.0,0.6,True,14575,14064,0.05090155825018883,0.0006832681486038533,0.84
1383,0.62489,24,-13.0,-13.0,True,14599,14088,0.04971292242407799,0.0006831041536019876,0.85
1384,0.62461,6,-15.0,-14.8,False,14605,14094,0.04468876123428345,0.0006829400665742936,0.84
1385,0.62434,5,-14.0,-13.6,False,14610,14099,0.06910831481218338,0.0006827758875855506,0.84
1386,0.62407,14,-3.0,-2.8,True,14624,14113,0.054720189422369,0.0006826116167005735,0.84
1387,0.6238,2,9.0,9.2,True,14626,14115,0.029630044475197792,0.000682447253984214,0.85
1388,0.62353,10,1.0,1.6,True,14636,14125,0.05656381696462631,0.00068228279950136,0.85
1389,0.62326,26,-35.0,-34.4,False,14662,14151,0.04461180418729782,0.0006821182533169352,0.84
1390,0.62299,1,-10.0,-10.0,False,14663,14152,0.03912483528256416,0.0006819536154959001,0.83
1391,0.62271,1,10.0,10.0,True,14664,14153,0.04038490727543831,0.0006817888861032512,0.83
1392,0.62244,3,8.0,8.4,True,14667,14156,0.08360641449689865,0.0006816240652040208,0.83
1393,0.62217,8,3.0,3.2,True,14675,14164,0.03747110068798065,0.0006814591528632776,0.83
1394,0.6219,1,10.0,10.0,True,14676,14165,0.04347415268421173,0.0006812941491461265,0.83
1395,0.62163,14,-3.0,-3.0,True,14690,14179,0.04274431988596916,0.0006811290541177083,0.83
1396,0.62136,13,-2.0,-2.0,True,14703,14192,0.041250042617321014,0.0006809638678432,0.83
1397,0.62109,7,4.0,4.6,True,14710,14199,0.040802717208862305,0.0006807985903878143,0.83
1398,0.62081,5,-14.0,-13.6,False,14715,14204,0.04476766288280487,0.0006806332218168004,0.83
1399,0.62054,4,7.0,7.0,True,14719,14208,0.050351087003946304,0.000680467762195443,0.83
1400,0.62027,1,10.0,10.0,True,14720,14209,0.03556098788976669,0.0006803022115890629,0.83
1401,0.62,18,-7.0,-6.4,True,14738,14227,0.04568686708807945,0.000680136570063017,0.83
1402,0.61973,4,7.0,7.2,True,14742,14231,0.04547727853059769,0.000679970837682698,0.84
1403,0.61946,2,9.0,9.2,True,14744,14233,0.04413966089487076,0.0006798050145135342,0.85
1404,0.61919,8,3.0,3.2,True,14752,14241,0.04322471469640732,0.0006796391006209901,0.85
1405,0.61891,12,-1.0,-0.8,True,14764,14253,0.04606694355607033,0.0006794730960705659,0.85
1406,0.61864,17,-6.0,-5.2,True,14781,14270,0.06012331694364548,0.0006793070009277975,0.85
1407,0.61837,5,-14.0,-13.8,False,14786,14275,0.055247820913791656,0.0006791408152582567,0.85
1408,0.6181,6,5.0,5.6,True,14792,14281,0.0535658560693264,0.0006789745391275508,0.86
1409,0.61783,45,-45.0,-44.4,False,14837,14326,0.049393728375434875,0.0006788081726013231,0.85
1410,0.61756,5,6.0,6.0,True,14842,14331,0.04994458705186844,0.0006786417157452527,0.85
1411,0.61729,5,6.0,6.4,True,14847,14336,0.040533460676670074,0.0006784751686250537,0.85
1412,0.61701,19,-8.0,-7.6,True,14866,14355,0.04393671825528145,0.0006783085313064765,0.85
1413,0.61674,4,7.0,7.2,True,14870,14359,0.04311985895037651,0.0006781418038553069,0.85
1414,0.61647,1,-10.0,-10.0,False,14871,14360,0.040842700749635696,0.0006779749863373662,0.84
1415,0.6162,5,6.0,6.6,True,14876,14365,0.04650144651532173,0.0006778080788185114,0.84
1416,0.61593,2,9.0,9.2,True,14878,14367,0.041797809302806854,0.0006776410813646349,0.84
1417,0.61566,27,-16.0,-15.6,True,14905,14394,0.04433881491422653,0.0006774739940416645,0.84
1418,0.61539,1,10.0,10.0,True,14906,14395,0.03387044370174408,0.0006773068169155638,0.84
1419,0.61511,22,-11.0,-10.6,True,14928,14417,0.045384619385004044,0.0006771395500523315,0.84
1420,0.61484,3,-12.0,-12.0,False,14931,14420,0.042053233832120895,0.000676972193518002,0.83
1421,0.61457,2,9.0,9.2,True,14933,14422,0.04481975734233856,0.0006768047473786452,0.83
1422,0.6143,4,7.0,7.6,True,14937,14426,0.0423891618847847,0.000676637211700366,0.83
1423,0.61403,5,-14.0,-13.8,False,14942,14431,0.05866015702486038,0.000676469586549305,0.82
1424,0.61376,4,7.0,7.2,True,14946,14435,0.03729429468512535,0.0006763018719916376,0.82
1425,0.61349,17,-6.0,-5.4,True,14963,14452,0.04581844061613083,0.000676134068093575,0.82
1426,0.61321,16,-5.0,-4.6,True,14979,14468,0.044463954865932465,0.0006759661749213638,0.83
1427,0.61294,4,7.0,7.6,True,14983,14472,0.03976952284574509,0.0006757981925412853,0.83
1428,0.61267,7,4.0,4.4,True,14990,14479,0.035719722509384155,0.0006756301210196564,0.83
1429,0.6124,1,10.0,10.0,True,14991,14480,0.06063251197338104,0.0006754619604228291,0.84
1430,0.61213,7,4.0,4.4,True,14998,14487,0.04574461653828621,0.0006752937108171903,0.84
1431,0.61186,3,8.0,8.0,True,15001,14490,0.027650535106658936,0.0006751253722691623,0.84
1432,0.61159,2,9.0,9.0,True,15003,14492,0.0353420227766037,0.0006749569448452028,0.84
1433,0.61131,31,-20.0,-19.8,True,15034,14523,0.05055250972509384,0.0006747884286118041,0.84
1434,0.61104,1,10.0,10.0,True,15035,14524,0.02881637215614319,0.0006746198236354936,0.84
1435,0.61077,7,4.0,4.4,True,15042,14531,0.04965560883283615,0.0006744511299828341,0.84
1436,0.6105,9,2.0,2.4,True,15051,14540,0.04548446834087372,0.0006742823477204232,0.84
1437,0.61023,1,10.0,10.0,True,15052,14541,0.03822585567831993,0.0006741134769148933,0.84
1438,0.60996,6,5.0,5.0,True,15058,14547,0.05498688295483589,0.000673944517632912,0.84
1439,0.60969,9,2.0,2.4,True,15067,14556,0.04788418114185333,0.0006737754699411818,0.84
1440,0.60941,6,-15.0,-14.6,False,15073,14562,0.06291646510362625,0.0006736063339064399,0.83
1441,0.60914,4,7.0,7.4,True,15077,14566,0.05533165484666824,0.0006734371095954586,0.83
1442,0.60887,16,-5.0,-4.6,True,15093,14582,0.04465178772807121,0.000673267797075045,0.83
1443,0.6086,10,1.0,1.2,True,15103,14592,0.04254980385303497,0.000673098396412041,0.83
1444,0.60833,4,7.0,7.2,True,15107,14596,0.048809245228767395,0.0006729289076733233,0.83
1445,0.60806,1,10.0,10.0,True,15108,14597,0.039930619299411774,0.0006727593309258032,0.83
1446,0.60779,2,9.0,9.2,True,15110,14599,0.042233675718307495,0.0006725896662364273,0.83
1447,0.60751,1,10.0,10.0,True,15111,14600,0.03668282553553581,0.0006724199136721763,0.83
1448,0.60724,3,8.0,8.0,True,15114,14603,0.04307182505726814,0.0006722500733000658,0.83
1449,0.60697,4,-13.0,-13.2,False,15118,14607,0.05042237788438797,0.000672080145187146,0.82
1450,0.6067,3,8.0,8.4,True,15121,14610,0.037749432027339935,0.000671910129400502,0.83
1451,0.60643,8,3.0,3.8,True,15129,14618,0.05180542171001434,0.0006717400260072534,0.84
1452,0.60616,1,10.0,10.0,True,15130,14619,0.04191767796874046,0.0006715698350745541,0.84
1453,0.60589,1,10.0,10.0,True,15131,14620,0.039693403989076614,0.0006713995566695931,0.84
1454,0.60561,11,0.0,0.4,True,15142,14631,0.044676512479782104,0.0006712291908595933,0.84
1455,0.60534,13,-22.0,-21.6,False,15155,14644,0.044486384838819504,0.0006710587377118124,0.83
1456,0.60507,8,3.0,3.6,True,15163,14652,0.0423487164080143,0.0006708881972935428,0.83
1457,0.6048,5,-14.0,-13.6,False,15168,14657,0.03766711428761482,0.0006707175696721113,0.82
1458,0.60453,13,-22.0,-21.8,False,15181,14670,0.03860103338956833,0.0006705468549148786,0.82
1459,0.60426,5,6.0,6.2,True,15186,14675,0.04154878109693527,0.0006703760530892404,0.82
1460,0.60399,1,-10.0,-10.0,False,15187,14676,0.0322938933968544,0.0006702051642626266,0.82
1461,0.60371,8,3.0,3.4,True,15195,14684,0.041029490530490875,0.0006700341885025013,0.82
1462,0.60344,13,-2.0,-1.8,True,15208,14697,0.0438295416533947,0.000669863125876363,0.82
1463,0.60317,5,6.0,6.4,True,15213,14702,0.03814028948545456,0.0006696919764517446,0.83
1464,0.6029,1,10.0,10.0,True,15214,14703,0.045833125710487366,0.0006695207402962132,0.83
1465,0.60263,22,-11.0,-10.6,True,15236,14725,0.038899391889572144,0.00066934941747737,0.83
1466,0.60236,1,-10.0,-10.0,False,15237,14726,0.02823733538389206,0.0006691780080628507,0.82
1467,0.60209,12,-1.0,-0.8,True,15249,14738,0.0367296002805233,0.0006690065121203248,0.82
1468,0.60181,6,5.0,5.4,True,15255,14744,0.037749480456113815,0.0006688349297174963,0.82
1469,0.60154,1,-10.0,-10.0,False,15256,14745,0.03818387910723686,0.0006686632609221034,0.81
1470,0.60127,29,-38.0,-37.6,False,15285,14774,0.05134902894496918,0.0006684915058019178,0.81
1471,0.601,2,9.0,9.0,True,15287,14776,0.04646419733762741,0.0006683196644247461,0.81
1472,0.60073,3,8.0,8.0,True,15290,14779,0.05025015398859978,0.0006681477368584283,0.81
1473,0.60046,5,6.0,6.4,True,15295,14784,0.049718841910362244,0.0006679757231708389,0.81
1474,0.60019,6,5.0,5.6,True,15301,14790,0.04983372613787651,0.000667803623429886,0.81
1475,0.59991,1,10.0,10.0,True,15302,14791,0.039607733488082886,0.0006676314377035119,0.81
1476,0.59964,4,7.0,7.4,True,15306,14795,0.05672494322061539,0.0006674591660596929,0.81
1477,0.59937,11,0.0,0.6,True,15317,14806,0.05151768773794174,0.000667286808566439,0.81
1478,0.5991,3,-12.0,-12.0,False,15320,14809,0.05287928506731987,0.0006671143652917942,0.8
1479,0.59883,4,7.0,7.6,True,15324,14813,0.05542844533920288,0.0006669418363038364,0.8
1480,0.59856,7,4.0,4.4,True,15331,14820,0.05007820948958397,0.0006667692216706774,0.8
1481,0.59829,6,5.0,5.2,True,15337,14826,0.052881885319948196,0.0006665965214604625,0.8
1482,0.59801,6,5.0,5.8,True,15343,14832,0.05053495243191719,0.0006664237357413712,0.8
1483,0.59774,3,8.0,8.2,True,15346,14835,0.07075782865285873,0.0006662508645816165,0.8
1484,0.59747,2,9.0,9.2,True,15348,14837,0.04561958089470863,0.0006660779080494454,0.81
1485,0.5972,8,3.0,3.2,True,15356,14845,0.055097099393606186,0.0006659048662131382,0.82
1486,0.59693,1,10.0,10.0,True,15357,14846,0.0413786806166172,0.0006657317391410088,0.82
1487,0.59666,3,8.0,8.0,True,15360,14849,0.03961171209812164,0.0006655585269014055,0.82
1488,0.59639,7,4.0,4.0,True,15367,14856,0.04405677691102028,0.0006653852295627096,0.82
1489,0.59611,25,-34.0,-33.6,False,15392,14881,0.04281260818243027,0.000665211847193336,0.82
1490,0.59584,1,10.0,10.0,True,15393,14882,0.06826561689376831,0.0006650383798617335,0.83
1491,0.59557,13,-2.0,-1.4,True,15406,14895,0.043330296874046326,0.0006648648276363842,0.83
1492,0.5953,5,6.0,6.8,True,15411,14900,0.047678496688604355,0.0006646911905858036,0.83
1493,0.59503,6,5.0,5.8,True,15417,14906,0.04675418138504028,0.0006645174687785412,0.83
1494,0.59476,16,-5.0,-4.6,True,15433,14922,0.046897854655981064,0.0006643436622831793,0.83
1495,0.59449,16,-5.0,-4.6,True,15449,14938,0.04064381495118141,0.0006641697711683342,0.83
1496,0.59421,1,10.0,10.0,True,15450,14939,0.040374755859375,0.0006639957955026552,0.83
1497,0.59394,7,4.0,4.4,True,15457,14946,0.043051399290561676,0.0006638217353548251,0.83
1498,0.59367,15,-4.0,-3.6,True,15472,14961,0.04362170770764351,0.0006636475907935603,0.84
1499,0.5934,1,-10.0,-10.0,False,15473,14962,0.0653739646077156,0.0006634733618876101,0.83
1500,0.59313,3,-12.0,-12.0,False,15476,14965,0.04588465765118599,0.0006632990487057574,0.82
1501,0.59286,3,8.0,8.0,True,15479,14968,0.045474957674741745,0.0006631246513168183,0.82
1502,0.59259,3,8.0,8.4,True,15482,14971,0.04593867063522339,0.000662950169789642,0.82
1503,0.59231,5,6.0,6.2,True,15487,14976,0.04350871592760086,0.0006627756041931112,0.82
1504,0.59204,3,8.0,8.0,True,15490,14979,0.04954265430569649,0.0006626009545961417,0.82
1505,0.59177,7,4.0,4.4,True,15497,14986,0.043069470673799515,0.0006624262210676821,0.82
1506,0.5915,1,-10.0,-10.0,False,15498,14987,0.048501044511795044,0.0006622514036767148,0.81
1507,0.59123,1,-10.0,-10.0,False,15499,14988,0.034971918910741806,0.0006620765024922546,0.81
1508,0.59096,5,6.0,6.4,True,15504,14993,0.03545430302619934,0.0006619015175833499,0.81
1509,0.59069,11,0.0,0.8,True,15515,15004,0.04768729209899902,0.0006617264490190819,0.82
1510,0.59041,9,2.0,2.6,True,15524,15013,0.049098074436187744,0.0006615512968685649,0.82
1511,0.59014,6,5.0,5.2,True,15530,15019,0.04855452477931976,0.0006613760612009462,0.82
1512,0.58987,4,-13.0,-12.8,False,15534,15023,0.050848692655563354,0.0006612007420854062,0.81
1513,0.5896,2,-11.0,-10.8,False,15536,15025,0.04057962819933891,0.0006610253395911579,0.8
1514,0.58933,7,4.0,4.0,True,15543,15032,0.04976062849164009,0.0006608498537874476,0.81
1515,0.58906,14,-23.0,-22.6,False,15557,15046,0.05158982425928116,0.0006606742847435542,0.8
1516,0.58879,1,10.0,10.0,True,15558,15047,0.04568218067288399,0.0006604986325287897,0.8
1517,0.58851,14,-3.0,-2.8,True,15572,15061,0.05408218130469322,0.0006603228972124986,0.8
1518,0.58824,5,6.0,6.4,True,15577,15066,0.052345436066389084,0.0006601470788640587,0.8
1519,0.58797,7,4.0,4.8,True,15584,15073,0.04508049041032791,0.00065997117755288,0.8
1520,0.5877,22,-11.0,-10.6,True,15606,15095,0.047018446028232574,0.0006597951933484058,0.81
1521,0.58743,1,10.0,10.0,True,15607,15096,0.043858569115400314,0.0006596191263201117,0.81
1522,0.58716,8,3.0,3.4,True,15615,15104,0.04315304011106491,0.0006594429765375063,0.81
1523,0.58689,6,-15.0,-15.2,False,15621,15110,0.04344388470053673,0.0006592667440701309,0.81
1524,0.58661,7,4.0,4.6,True,15628,15117,0.03541647270321846,0.0006590904289875588,0.81
1525,0.58634,1,10.0,10.0,True,15629,15118,0.042434219270944595,0.0006589140313593968,0.81
1526,0.58607,1,10.0,10.0,True,15630,15119,0.039909664541482925,0.0006587375512552837,0.81
1527,0.5858,1,10.0,10.0,True,15631,15120,0.04201825335621834,0.0006585609887448912,0.81
1528,0.58553,2,9.0,9.2,True,15633,15122,0.03256992995738983,0.0006583843438979233,0.81
1529,0.58526,3,-12.0,-12.0,False,15636,15125,0.04209418222308159,0.0006582076167841167,0.8
1530,0.58499,10,1.0,1.2,True,15646,15135,0.045334137976169586,0.0006580308074732403,0.8
1531,0.58471,7,-16.0,-16.0,False,15653,15142,0.040693558752536774,0.0006578539160350958,0.79
1532,0.58444,2,-11.0,-10.8,False,15655,15144,0.033763255923986435,0.0006576769425395168,0.78
1533,0.58417,5,6.0,6.4,True,15660,15149,0.04285651445388794,0.00065749988705637,0.78
1534,0.5839,1,-10.0,-10.0,False,15661,15150,0.05710141733288765,0.0006573227496555538,0.77
1535,0.58363,4,7.0,7.6,True,15665,15154,0.04493607580661774,0.0006571455304069995,0.77
1536,0.58336,8,3.0,3.2,True,15673,15162,0.03912859037518501,0.0006569682293806703,0.77
1537,0.58309,2,9.0,9.2,True,15675,15164,0.04055109620094299,0.000656790846646562,0.77
1538,0.58281,15,-4.0,-3.4,True,15690,15179,0.0392116904258728,0.0006566133822747022,0.77
1539,0.58254,13,-2.0,-1.8,True,15703,15192,0.03638242557644844,0.0006564358363351512,0.77
1540,0.58227,3,-12.0,-12.0,False,15706,15195,0.030631400644779205,0.0006562582088980015,0.77
1541,0.582,2,-11.0,-11.0,False,15708,15197,0.028199169784784317,0.0006560805000333774,0.76
1542,0.58173,4,7.0,7.6,True,15712,15201,0.0411052368581295,0.0006559027098114355,0.76
1543,0.58146,14,-3.0,-2.6,True,15726,15215,0.037808749824762344,0.0006557248383023647,0.76
1544,0.58119,3,-12.0,-11.6,False,15729,15218,0.047009263187646866,0.0006555468855763857,0.75
1545,0.58091,12,-21.0,-20.4,False,15741,15230,0.046293627470731735,0.0006553688517037516,0.74
1546,0.58064,4,7.0,7.2,True,15745,15234,0.0335073322057724,0.0006551907367547472,0.74
1547,0.58037,2,9.0,9.2,True,15747,15236,0.04069158434867859,0.0006550125407996896,0.74
1548,0.5801,2,9.0,9.2,True,15749,15238,0.03723087161779404,0.0006548342639089277,0.74
1549,0.57983,3,-12.0,-11.8,False,15752,15241,0.0419328399002552,0.0006546559061528423,0.74
1550,0.57956,1,10.0,10.0,True,15753,15242,0.031125478446483612,0.0006544774676018462,0.74
1551,0.57929,4,7.0,7.2,True,15757,15246,0.0322587788105011,0.0006542989483263843,0.74
1552,0.57901,1,10.0,10.0,True,15758,15247,0.053437650203704834,0.0006541203483969329,0.74
1553,0.57874,1,10.0,10.0,True,15759,15248,0.025559276342391968,0.0006539416678840008,0.74
1554,0.57847,27,-16.0,-15.4,True,15786,15275,0.04775695130228996,0.000653762906858128,0.74
1555,0.5782,20,-9.0,-8.6,True,15806,15295,0.04632873088121414,0.0006535840653898865,0.75
1556,0.57793,9,2.0,2.6,True,15815,15304,0.0444629043340683,0.0006534051435498801,0.75
1557,0.57766,12,-1.0,-0.4,True,15827,15316,0.03983979672193527,0.0006532261414087444,0.76
1558,0.57739,10,1.0,1.6,True,15837,15326,0.04970863461494446,0.0006530470590371465,0.77
1559,0.57711,2,9.0,9.2,True,15839,15328,0.03640839457511902,0.0006528678965057854,0.77
1560,0.57684,11,0.0,0.4,True,15850,15339,0.04377007111907005,0.0006526886538853916,0.78
1561,0.57657,15,-4.0,-3.4,True,15865,15354,0.04372758790850639,0.000652509331246727,0.78
1562,0.5763,7,4.0,4.6,True,15872,15361,0.05068165063858032,0.0006523299286605857,0.78
1563,0.57603,3,8.0,8.4,True,15875,15364,0.04726206138730049,0.0006521504461977929,0.78
1564,0.57576,2,9.0,9.2,True,15877,15366,0.042890358716249466,0.0006519708839292053,0.78
1565,0.57549,13,-2.0,-1.4,True,15890,15379,0.04395172744989395,0.0006517912419257114,0.78
1566,0.57521,5,6.0,6.2,True,15895,15384,0.03284214437007904,0.0006516115202582309,0.79
1567,0.57494,7,-16.0,-15.4,False,15902,15391,0.04203794524073601,0.0006514317189977152,0.78
1568,0.57467,9,2.0,2.0,True,15911,15400,0.04733424261212349,0.0006512518382151467,0.78
1569,0.5744,4,7.0,7.0,True,15915,15404,0.04708101600408554,0.0006510718779815398,0.79
1570,0.57413,1,10.0,10.0,True,15916,15405,0.03988407924771309,0.0006508918383679399,0.8
1571,0.57386,2,-11.0,-11.2,False,15918,15407,0.04118890315294266,0.0006507117194454236,0.79
1572,0.57359,1,10.0,10.0,True,15919,15408,0.03838850557804108,0.0006505315212850992,0.79
1573,0.57331,3,8.0,8.4,True,15922,15411,0.04413631558418274,0.0006503512439581061,0.79
1574,0.57304,6,5.0,5.6,True,15928,15417,0.045887574553489685,0.0006501708875356147,0.79
1575,0.57277,3,8.0,8.0,True,15931,15420,0.041103724390268326,0.0006499904520888271,0.79
1576,0.5725,8,3.0,3.8,True,15939,15428,0.03929751738905907,0.0006498099376889762,0.79
1577,0.57223,1,10.0,10.0,True,15940,15429,0.0361986942589283,0.0006496293444073262,0.79
1578,0.57196,2,9.0,9.2,True,15942,15431,0.026898805052042007,0.0006494486723151727,0.8
1579,0.57169,13,-22.0,-22.2,False,15955,15444,0.04295497387647629,0.000649267921483842,0.79
1580,0.57141,5,6.0,6.6,True,15960,15449,0.03495760262012482,0.0006490870919846915,0.79
1581,0.57114,9,2.0,2.2,True,15969,15458,0.033163025975227356,0.0006489061838891102,0.79
1582,0.57087,16,-5.0,-4.2,True,15985,15474,0.039274103939533234,0.0006487251972685174,0.79
1583,0.5706,5,6.0,6.4,True,15990,15479,0.039309002459049225,0.0006485441321943641,0.79
1584,0.57033,3,8.0,8.4,True,15993,15482,0.03520286828279495,0.0006483629887381317,0.79
1585,0.57006,3,8.0,8.4,True,15996,15485,0.04125237092375755,0.0006481817669713329,0.79
1586,0.56979,10,1.0,1.2,True,16006,15495,0.037364453077316284,0.000648000466965511,0.79
1587,0.56951,15,-4.0,-3.4,True,16021,15510,0.04459790140390396,0.0006478190887922404,0.79
1588,0.56924,6,5.0,5.2,True,16027,15516,0.05522255599498749,0.0006476376325231264,0.79
1589,0.56897,2,9.0,9.0,True,16029,15518,0.045645058155059814,0.0006474560982298051,0.8
1590,0.5687,3,8.0,8.4,True,16032,15521,0.04322623088955879,0.0006472744859839433,0.8
1591,0.56843,12,-1.0,-0.2,True,16044,15533,0.04771316051483154,0.0006470927958572386,0.8
1592,0.56816,13,-2.0,-1.6,True,16057,15546,0.04668378457427025,0.0006469110279214195,0.8
1593,0.56789,7,4.0,4.8,True,16064,15553,0.046320199966430664,0.000646729182248245,0.8
1594,0.56761,5,6.0,6.4,True,16069,15558,0.039424262940883636,0.000646547258909505,0.8
1595,0.56734,10,1.0,1.2,True,16079,15568,0.03806877136230469,0.0006463652579770198,0.8
1596,0.56707,11,0.0,0.8,True,16090,15579,0.043172985315322876,0.0006461831795226406,0.8
1597,0.5668,1,10.0,10.0,True,16091,15580,0.03457215800881386,0.0006460010236182491,0.8
1598,0.56653,3,8.0,8.4,True,16094,15583,0.03625651076436043,0.0006458187903357575,0.8
1599,0.56626,2,-11.0,-10.8,False,16096,15585,0.05204963684082031,0.0006456364797471087,0.8
1600,0.56599,1,10.0,10.0,True,16097,15586,0.034874942153692245,0.000645454091924276,0.81
1601,0.56571,16,-5.0,-4.8,True,16113,15602,0.03951802849769592,0.0006452716269392631,0.81
1602,0.56544,5,6.0,6.4,True,16118,15607,0.03386521711945534,0.0006450890848641045,0.81
1603,0.56517,33,-22.0,-21.4,True,16151,15640,0.038183752447366714,0.0006449064657708649,0.81
1604,0.5649,8,3.0,3.2,True,16159,15648,0.03724139928817749,0.0006447237697316393,0.81
1605,0.56463,7,4.0,4.4,True,16166,15655,0.03361532837152481,0.000644540996818553,0.81
1606,0.56436,11,0.0,0.4,True,16177,15666,0.03627792373299599,0.0006443581471037623,0.82
1607,0.56409,5,6.0,6.4,True,16182,15671,0.03067060373723507,0.0006441752206594531,0.83
1608,0.56381,7,4.0,4.6,True,16189,15678,0.041695110499858856,0.0006439922175578421,0.83
1609,0.56354,6,5.0,5.2,True,16195,15684,0.027999117970466614,0.0006438091378711757,0.83
1610,0.56327,3,8.0,8.0,True,16198,15687,0.044993892312049866,0.000643625981671731,0.83
1611,0.563,2,-11.0,-11.0,False,16200,15689,0.033881355077028275,0.0006434427490318152,0.82
1612,0.56273,9,2.0,2.4,True,16209,15698,0.032414935529232025,0.0006432594400237657,0.83
1613,0.56246,7,4.0,4.2,True,16216,15705,0.031451962888240814,0.0006430760547199497,0.84
1614,0.56219,4,7.0,7.6,True,16220,15709,0.028767265379428864,0.0006428925931927652,0.84
1615,0.56191,2,9.0,9.2,True,16222,15711,0.02731957472860813,0.0006427090555146397,0.85
1616,0.56164,9,2.0,2.4,True,16231,15720,0.034975215792655945,0.000642525441758031,0.85
1617,0.56137,2,9.0,9.2,True,16233,15722,0.040945254266262054,0.0006423417519954269,0.85
1618,0.5611,15,-4.0,-3.4,True,16248,15737,0.03836327791213989,0.0006421579862993453,0.85
1619,0.56083,9,2.0,2.6,True,16257,15746,0.03237571567296982,0.0006419741447423339,0.85
1620,0.56056,6,5.0,5.2,True,16263,15752,0.04452790692448616,0.0006417902273969704,0.85
1621,0.56029,20,-29.0,-28.4,False,16283,15772,0.048198260366916656,0.0006416062343358625,0.84
1622,0.56001,3,8.0,8.4,True,16286,15775,0.048709437251091,0.0006414221656316478,0.84
1623,0.55974,5,6.0,6.2,True,16291,15780,0.051477186381816864,0.0006412380213569936,0.85
1624,0.55947,3,8.0,8.2,True,16294,15783,0.049523551017045975,0.000641053801584597,0.85
1625,0.5592,5,6.0,6.4,True,16299,15788,0.04572775959968567,0.0006408695063871854,0.85
1626,0.55893,4,7.0,7.2,True,16303,15792,0.03790319710969925,0.0006406851358375155,0.85
1627,0.55866,5,-14.0,-14.0,False,16308,15797,0.03657175227999687,0.0006405006900083738,0.84
1628,0.55839,2,9.0,9.2,True,16310,15799,0.04732264205813408,0.0006403161689725766,0.84
1629,0.55811,8,3.0,3.6,True,16318,15807,0.03778906911611557,0.00064013157280297,0.85
1630,0.55784,3,8.0,8.4,True,16321,15810,0.04124472662806511,0.0006399469015724296,0.85
1631,0.55757,7,4.0,4.4,True,16328,15817,0.03429703041911125,0.0006397621553538605,0.86
1632,0.5573,6,5.0,5.6,True,16334,15823,0.04558558762073517,0.0006395773342201977,0.87
1633,0.55703,1,10.0,10.0,True,16335,15824,0.03315157815814018,0.0006393924382444058,0.87
1634,0.55676,4,7.0,7.2,True,16339,15828,0.049509067088365555,0.0006392074674994786,0.88
1635,0.55649,3,8.0,8.4,True,16342,15831,0.03662979602813721,0.0006390224220584398,0.88
1636,0.55621,11,0.0,0.6,True,16353,15842,0.04245251044631004,0.0006388373019943422,0.88
1637,0.55594,8,3.0,3.4,True,16361,15850,0.03920898213982582,0.0006386521073802684,0.88
1638,0.55567,5,6.0,6.4,True,16366,15855,0.036546383053064346,0.0006384668382893303,0.88
1639,0.5554,5,6.0,6.6,True,16371,15860,0.0369122251868248,0.0006382814947946692,0.88
1640,0.55513,14,-3.0,-2.4,True,16385,15874,0.03386961668729782,0.0006380960769694558,0.89
1641,0.55486,4,7.0,7.2,True,16389,15878,0.03775952756404877,0.0006379105848868901,0.9
1642,0.55459,17,-6.0,-5.2,True,16406,15895,0.036088988184928894,0.0006377250186202013,0.9
1643,0.55431,10,1.0,1.4,True,16416,15905,0.04015769809484482,0.000637539378242648,0.9
1644,0.55404,16,-5.0,-4.8,True,16432,15921,0.03332829475402832,0.0006373536638275185,0.91
1645,0.55377,5,6.0,6.8,True,16437,15926,0.031229287385940552,0.0006371678754481295,0.92
1646,0.5535,1,-10.0,-10.0,False,16438,15927,0.022070588544011116,0.0006369820131778273,0.91
1647,0.55323,1,10.0,10.0,True,16439,15928,0.035027023404836655,0.0006367960770899877,0.91
1648,0.55296,1,10.0,10.0,True,16440,15929,0.026178322732448578,0.0006366100672580151,0.91
1649,0.55269,8,3.0,3.2,True,16448,15937,0.0344737246632576,0.0006364239837553434,0.92
1650,0.55241,9,2.0,2.8,True,16457,15946,0.03802080452442169,0.0006362378266554352,0.92
1651,0.55214,31,-20.0,-19.6,True,16488,15977,0.03323785960674286,0.0006360515960317824,0.92
1652,0.55187,1,10.0,10.0,True,16489,15978,0.04253946617245674,0.0006358652919579061,0.92
1653,0.5516,7,-16.0,-15.6,False,16496,15985,0.03626872971653938,0.000635678914507356,0.91
1654,0.55133,1,10.0,10.0,True,16497,15986,0.027861768379807472,0.000635492463753711,0.91
1655,0.55106,8,3.0,3.2,True,16505,15994,0.036052241921424866,0.0006353059397705791,0.91
1656,0.55079,2,-11.0,-11.0,False,16507,15996,0.03320583701133728,0.0006351193426315968,0.9
1657,0.55051,3,8.0,8.4,True,16510,15999,0.041036952286958694,0.0006349326724104296,0.9
1658,0.55024,11,-20.0,-19.8,False,16521,16010,0.04638778790831566,0.0006347459291807723,0.89
1659,0.54997,22,-11.0,-10.2,True,16543,16032,0.04268845543265343,0.0006345591130163478,0.89
1660,0.5497,4,7.0,7.6,True,16547,16036,0.04282905533909798,0.0006343722239909085,0.89
1661,0.54943,2,9.0,9.2,True,16549,16038,0.03694969788193703,0.0006341852621782351,0.89
1662,0.54916,4,7.0,7.2,True,16553,16042,0.04812402278184891,0.0006339982276521369,0.89
1663,0.54889,1,-10.0,-10.0,False,16554,16043,0.04407021030783653,0.0006338111204864526,0.88
1664,0.54861,2,9.0,9.2,True,16556,16045,0.04054834321141243,0.0006336239407550489,0.88
1665,0.54834,15,-4.0,-3.4,True,16571,16060,0.0357951894402504,0.0006334366885318213,0.88
1666,0.54807,3,8.0,8.0,True,16574,16063,0.03080517053604126,0.0006332493638906943,0.88
1667,0.5478,2,9.0,9.2,True,16576,16065,0.033371154218912125,0.0006330619669056204,0.89
1668,0.54753,6,5.0,5.6,True,16582,16071,0.03344928100705147,0.0006328744976505812,0.89
1669,0.54726,3,-12.0,-12.0,False,16585,16074,0.037399571388959885,0.0006326869561995866,0.88
1670,0.54699,8,3.0,3.6,True,16593,16082,0.03585304692387581,0.0006324993426266747,0.88
1671,0.54671,5,6.0,6.4,True,16598,16087,0.03878508135676384,0.0006323116570059127,0.89
1672,0.54644,1,10.0,10.0,True,16599,16088,0.03773792088031769,0.0006321238994113957,0.89
1673,0.54617,10,1.0,1.2,True,16609,16098,0.034274619072675705,0.0006319360699172474,0.89
1674,0.5459,21,-10.0,-9.6,True,16630,16119,0.03736426681280136,0.0006317481685976201,0.89
1675,0.54563,2,-11.0,-10.8,False,16632,16121,0.04189567640423775,0.0006315601955266942,0.88
1676,0.54536,3,8.0,8.4,True,16635,16124,0.037938911467790604,0.0006313721507786785,0.88
1677,0.54509,9,2.0,2.4,True,16644,16133,0.03776942193508148,0.00063118403442781,0.88
1678,0.54481,3,8.0,8.2,True,16647,16136,0.03439066931605339,0.0006309958465483541,0.88
1679,0.54454,5,6.0,6.4,True,16652,16141,0.03473849222064018,0.0006308075872146045,0.89
1680,0.54427,6,5.0,5.0,True,16658,16147,0.02903595380485058,0.0006306192565008827,0.89
1681,0.544,17,-6.0,-5.6,True,16675,16164,0.03488549217581749,0.000630430854481539,0.89
1682,0.54373,10,1.0,1.4,True,16685,16174,0.0388047993183136,0.0006302423812309514,0.89
1683,0.54346,7,4.0,4.2,True,16692,16181,0.02897527813911438,0.0006300538368235264,0.89
1684,0.54319,9,2.0,2.4,True,16701,16190,0.033485669642686844,0.0006298652213336979,0.89
1685,0.54291,1,10.0,10.0,True,16702,16191,0.02925429306924343,0.0006296765348359286,0.89
1686,0.54264,4,-13.0,-13.0,False,16706,16195,0.027918098494410515,0.0006294877774047088,0.88
1687,0.54237,4,7.0,7.0,True,16710,16199,0.03147473186254501,0.000629298949114557,0.88
1688,0.5421,24,-13.0,-12.4,True,16734,16223,0.031074369326233864,0.0006291100500400198,0.88
1689,0.54183,5,6.0,6.4,True,16739,16228,0.028706062585115433,0.0006289210802556712,0.88
1690,0.54156,4,7.0,7.2,True,16743,16232,0.022076796740293503,0.0006287320398361138,0.88
1691,0.54129,7,4.0,4.2,True,16750,16239,0.048401691019535065,0.0006285429288559776,0.88
1692,0.54101,1,10.0,10.0,True,16751,16240,0.05802791938185692,0.0006283537473899207,0.88
1693,0.54074,9,2.0,2.4,True,16760,16249,0.032473012804985046,0.0006281644955126289,0.88
1694,0.54047,8,3.0,3.6,True,16768,16257,0.031241048127412796,0.0006279751732988159,0.88
1695,0.5402,4,-13.0,-13.2,False,16772,16261,0.038665834814310074,0.000627785780823223,0.87
1696,0.53993,2,9.0,9.2,True,16774,16263,0.05700259283185005,0.0006275963181606194,0.87
1697,0.53966,1,10.0,10.0,True,16775,16264,0.03146613761782646,0.000627406785385802,0.87
1698,0.53939,3,8.0,8.2,True,16778,16267,0.047270432114601135,0.0006272171825735954,0.87
1699,0.53911,11,0.0,0.4,True,16789,16278,0.04847987741231918,0.0006270275097988516,0.88
1700,0.53884,13,-2.0,-1.4,True,16802,16291,0.047211430966854095,0.0006268377671364506,0.88
1701,0.53857,12,-1.0,-0.8,True,16814,16303,0.03722253814339638,0.0006266479546612996,0.88
1702,0.5383,12,-1.0,-0.6,True,16826,16315,0.037925198674201965,0.0006264580724483337,0.88
1703,0.53803,1,10.0,10.0,True,16827,16316,0.04204003885388374,0.0006262681205725153,0.88
1704,0.53776,4,7.0,7.2,True,16831,16320,0.04049459099769592,0.0006260780991088344,0.88
1705,0.53749,6,-15.0,-14.6,False,16837,16326,0.031415075063705444,0.0006258880081323087,0.87
1706,0.53721,7,4.0,4.4,True,16844,16333,0.03948384150862694,0.0006256978477179829,0.87
1707,0.53694,12,-1.0,-0.8,True,16856,16345,0.034601569175720215,0.0006255076179409292,0.87
1708,0.53667,22,-31.0,-30.8,False,16878,16367,0.0344696007668972,0.0006253173188762475,0.86
1709,0.5364,2,9.0,9.2,True,16880,16369,0.038367219269275665,0.0006251269505990648,0.86
1710,0.53613,13,-2.0,-1.8,True,16893,16382,0.0284719355404377,0.0006249365131845355,0.86
1711,0.53586,3,-12.0,-11.6,False,16896,16385,0.0339571051299572,0.0006247460067078412,0.86
1712,0.53559,6,5.0,5.6,True,16902,16391,0.03640030696988106,0.0006245554312441909,0.86
1713,0.53531,2,9.0,9.2,True,16904,16393,0.031501270830631256,0.0006243647868688208,0.86
1714,0.53504,5,6.0,6.6,True,16909,16398,0.03163007274270058,0.0006241740736569943,0.86
1715,0.53477,4,7.0,7.4,True,16913,16402,0.03302641212940216,0.0006239832916840019,0.86
1716,0.5345,7,4.0,4.2,True,16920,16409,0.03956475108861923,0.0006237924410251612,0.86
1717,0.53423,9,2.0,2.2,True,16929,16418,0.028921131044626236,0.0006236015217558171,0.86
1718,0.53396,8,3.0,3.4,True,16937,16426,0.027908898890018463,0.0006234105339513417,0.86
1719,0.53369,3,8.0,8.4,True,16940,16429,0.023632870987057686,0.0006232194776871337,0.86
1720,0.53341,7,4.0,4.6,True,16947,16436,0.03013293445110321,0.0006230283530386191,0.86
1721,0.53314,7,4.0,5.0,True,16954,16443,0.029191594570875168,0.0006228371600812511,0.87
1722,0.53287,5,6.0,6.4,True,16959,16448,0.03303464502096176,0.0006226458988905096,0.87
1723,0.5326,8,3.0,3.4,True,16967,16456,0.033081211149692535,0.0006224545695419012,0.87
1724,0.53233,5,6.0,6.4,True,16972,16461,0.03148198127746582,0.0006222631721109599,0.87
1725,0.53206,1,-10.0,-10.0,False,16973,16462,0.05013575032353401,0.0006220717066732465,0.86
1726,0.53179,7,4.0,4.4,True,16980,16469,0.03471089527010918,0.0006218801733043482,0.86
1727,0.53151,2,9.0,9.2,True,16982,16471,0.026886578649282455,0.0006216885720798797,0.87
1728,0.53124,7,-16.0,-15.6,False,16989,16478,0.036802541464567184,0.0006214969030754818,0.86
1729,0.53097,2,9.0,9.2,True,16991,16480,0.02739638462662697,0.0006213051663668227,0.86
1730,0.5307,8,3.0,3.8,True,16999,16488,0.03406015783548355,0.0006211133620295969,0.86
1731,0.53043,10,1.0,1.2,True,17009,16498,0.029663557186722755,0.0006209214901395256,0.86
1732,0.53016,4,7.0,7.6,True,17013,16502,0.030580032616853714,0.0006207295507723569,0.86
1733,0.52989,3,8.0,8.0,True,17016,16505,0.036589160561561584,0.0006205375440038654,0.86
1734,0.52961,6,5.0,5.4,True,17022,16511,0.045614827424287796,0.0006203454699098523,0.86
1735,0.52934,5,6.0,6.4,True,17027,16516,0.04416293650865555,0.0006201533285661455,0.86
1736,0.52907,2,9.0,9.2,True,17029,16518,0.04029301553964615,0.000619961120048599,0.86
1737,0.5288,8,3.0,3.6,True,17037,16526,0.04668090119957924,0.0006197688444330942,0.86
1738,0.52853,6,5.0,5.2,True,17043,16532,0.03368372097611427,0.0006195765017955383,0.86
1739,0.52826,6,5.0,5.4,True,17049,16538,0.03991692513227463,0.0006193840922118649,0.86
1740,0.52799,9,2.0,2.4,True,17058,16547,0.04542325809597969,0.0006191916157580347,0.86
1741,0.52771,1,10.0,10.0,True,17059,16548,0.03432035446166992,0.0006189990725100339,0.86
1742,0.52744,7,4.0,4.4,True,17066,16555,0.042464230209589005,0.0006188064625438757,0.86
1743,0.52717,6,5.0,5.6,True,17072,16561,0.04684955254197121,0.0006186137859355993,0.86
1744,0.5269,5,6.0,6.2,True,17077,16566,0.03451422601938248,0.0006184210427612707,0.86
1745,0.52663,11,0.0,0.8,True,17088,16577,0.039983559399843216,0.0006182282330969817,0.86
1746,0.52636,7,4.0,4.6,True,17095,16584,0.036598026752471924,0.0006180353570188504,0.87
1747,0.52609,1,10.0,10.0,True,17096,16585,0.0516526997089386,0.0006178424146030214,0.87
1748,0.52581,11,-20.0,-19.8,False,17107,16596,0.03827076777815819,0.0006176494059256652,0.86
1749,0.52554,6,5.0,5.4,True,17113,16602,0.037780024111270905,0.0006174563310629786,0.86
1750,0.52527,6,5.0,5.2,True,17119,16608,0.03819530829787254,0.0006172631900911845,0.86
1751,0.525,2,9.0,9.2,True,17121,16610,0.03778579831123352,0.0006170699830865319,0.86
1752,0.52473,9,2.0,2.6,True,17130,16619,0.03915143758058548,0.000616876710125296,0.86
1753,0.52446,3,8.0,8.0,True,17133,16622,0.04009301960468292,0.0006166833712837775,0.87
1754,0.52419,2,9.0,9.2,True,17135,16624,0.03537485748529434,0.0006164899666383039,0.87
1755,0.52391,1,10.0,10.0,True,17136,16625,0.027617929503321648,0.0006162964962652281,0.87
1756,0.52364,4,-13.0,-12.4,False,17140,16629,0.03946101665496826,0.0006161029602409293,0.87
1757,0.52337,3,8.0,8.4,True,17143,16632,0.0384218692779541,0.0006159093586418123,0.87
1758,0.5231,2,9.0,9.2,True,17145,16634,0.04028528183698654,0.000615715691544308,0.88
1759,0.52283,8,3.0,3.8,True,17153,16642,0.029068103060126305,0.000615521959024873,0.88
1760,0.52256,3,8.0,8.0,True,17156,16645,0.027926892042160034,0.0006153281611599902,0.88
1761,0.52229,6,-15.0,-14.6,False,17162,16651,0.037363987416028976,0.0006151342980261675,0.87
1762,0.52201,12,-1.0,-0.4,True,17174,16663,0.03318368270993233,0.0006149403696999391,0.87
1763,0.52174,2,9.0,9.2,True,17176,16665,0.026675928384065628,0.000614746376257865,0.88
1764,0.52147,11,0.0,0.4,True,17187,16676,0.03831272944808006,0.0006145523177765307,0.88
1765,0.5212,7,4.0,4.2,True,17194,16683,0.029712220653891563,0.0006143581943325472,0.88
1766,0.52093,1,-10.0,-10.0,False,17195,16684,0.027745814993977547,0.0006141640060025516,0.87
1767,0.52066,1,10.0,10.0,True,17196,16685,0.028197787702083588,0.0006139697528632063,0.87
1768,0.52039,6,5.0,5.6,True,17202,16691,0.031190983951091766,0.0006137754349911993,0.87
1769,0.52011,5,6.0,6.6,True,17207,16696,0.02681172825396061,0.0006135810524632443,0.88
1770,0.51984,15,-4.0,-3.6,True,17222,16711,0.0323636420071125,0.0006133866053560803,0.88
1771,0.51957,1,10.0,10.0,True,17223,16712,0.05280570313334465,0.0006131920937464722,0.88
1772,0.5193,2,9.0,9.0,True,17225,16714,0.03891729563474655,0.0006129975177112098,0.88
1773,0.51903,1,-10.0,-10.0,False,17226,16715,0.028042646124958992,0.0006128028773271089,0.87
1774,0.51876,4,7.0,7.2,True,17230,16719,0.03297487646341324,0.0006126081726710104,0.87
1775,0.51849,2,9.0,9.2,True,17232,16721,0.03664323315024376,0.0006124134038197805,0.88
1776,0.51821,15,-4.0,-3.6,True,17247,16736,0.030406231060624123,0.0006122185708503109,0.88
1777,0.51794,1,10.0,10.0,True,17248,16737,0.01843232847750187,0.0006120236738395185,0.88
1778,0.51767,4,-13.0,-13.0,False,17252,16741,0.03355194628238678,0.0006118287128643456,0.87
1779,0.5174,6,-15.0,-15.0,False,17258,16747,0.03924919292330742,0.0006116336880017599,0.86
1780,0.51713,4,7.0,7.6,True,17262,16751,0.03606418892741203,0.0006114385993287538,0.86
1781,0.51686,2,9.0,9.2,True,17264,16753,0.03382490575313568,0.0006112434469223454,0.86
1782,0.51659,2,9.0,9.2,True,17266,16755,0.04989580065011978,0.0006110482308595779,0.86
1783,0.51631,5,6.0,6.4,True,17271,16760,0.05113909766077995,0.0006108529512175193,0.86
1784,0.51604,1,10.0,10.0,True,17272,16761,0.07684605568647385,0.000610657608073263,0.86
1785,0.51577,5,6.0,6.8,True,17277,16766,0.03794907033443451,0.0006104622015039272,0.86
1786,0.5155,19,-8.0,-7.2,True,17296,16785,0.04121449962258339,0.0006102667315866556,0.87
1787,0.51523,6,5.0,5.2,True,17302,16791,0.049515802413225174,0.0006100711983986166,0.87
1788,0.51496,5,6.0,6.0,True,17307,16796,0.04158676415681839,0.0006098756020170033,0.87
1789,0.51469,4,7.0,7.6,True,17311,16800,0.04151361063122749,0.0006096799425190343,0.87
1790,0.51441,1,10.0,10.0,True,17312,16801,0.02807641588151455,0.0006094842199819529,0.87
1791,0.51414,9,2.0,2.4,True,17321,16810,0.0312720462679863,0.0006092884344830273,0.87
1792,0.51387,4,7.0,7.4,True,17325,16814,0.029539845883846283,0.0006090925860995502,0.87
1793,0.5136,6,5.0,5.6,True,17331,16820,0.027016891166567802,0.0006088966749088398,0.87
1794,0.51333,1,10.0,10.0,True,17332,16821,0.03892597183585167,0.0006087007009882386,0.87
1795,0.51306,6,-15.0,-14.8,False,17338,16827,0.038662053644657135,0.0006085046644151139,0.87
1796,0.51279,15,-4.0,-3.8,True,17353,16842,0.035776104778051376,0.000608308565266858,0.87
1797,0.51251,2,9.0,9.2,True,17355,16844,0.030087817460298538,0.0006081124036208875,0.87
1798,0.51224,12,-1.0,-0.8,True,17367,16856,0.03141460940241814,0.0006079161795546443,0.87
1799,0.51197,4,7.0,7.2,True,17371,16860,0.02797926589846611,0.0006077198931455942,0.87
1800,0.5117,2,9.0,9.2,True,17373,16862,0.04938711225986481,0.000607523544471228,0.87
1801,0.51143,3,8.0,8.4,True,17376,16865,0.035722967237234116,0.0006073271336090613,0.87
1802,0.51116,4,7.0,7.6,True,17380,16869,0.03165009617805481,0.0006071306606366338,0.87
1803,0.51089,3,8.0,8.4,True,17383,16872,0.026164919137954712,0.0006069341256315098,0.87
1804,0.51061,1,-10.0,-10.0,False,17384,16873,0.031504224985837936,0.0006067375286712785,0.86
1805,0.51034,4,7.0,7.6,True,17388,16877,0.029224034398794174,0.000606540869833553,0.87
1806,0.51007,8,3.0,3.2,True,17396,16885,0.034536514431238174,0.0006063441491959713,0.87
1807,0.5098,6,5.0,5.2,True,17402,16891,0.03079100139439106,0.0006061473668361956,0.87
1808,0.50953,2,9.0,9.2,True,17404,16893,0.02508089318871498,0.0006059505228319123,0.88
1809,0.50926,2,9.0,9.2,True,17406,16895,0.032837070524692535,0.0006057536172608323,0.88
1810,0.50899,1,10.0,10.0,True,17407,16896,0.0266703050583601,0.000605556650200691,0.88
1811,0.50871,3,8.0,8.4,True,17410,16899,0.036850716918706894,0.0006053596217292476,0.89
1812,0.50844,1,10.0,10.0,True,17411,16900,0.01618736982345581,0.000605162531924286,0.89
1813,0.50817,5,6.0,6.4,True,17416,16905,0.03147565573453903,0.0006049653808636141,0.89
1814,0.5079,2,9.0,9.2,True,17418,16907,0.0326511450111866,0.0006047681686250641,0.89
1815,0.50763,12,-1.0,-0.2,True,17430,16919,0.035946160554885864,0.0006045708952864921,0.89
1816,0.50736,19,-8.0,-7.6,True,17449,16938,0.029400307685136795,0.0006043735609257784,0.89
1817,0.50709,1,-10.0,-10.0,False,17450,16939,0.027945367619395256,0.0006041761656208279,0.88
1818,0.50681,4,7.0,7.6,True,17454,16943,0.02479327842593193,0.0006039787094495689,0.88
1819,0.50654,5,6.0,6.4,True,17459,16948,0.037818729877471924,0.0006037811924899538,0.88
1820,0.50627,25,-14.0,-13.2,True,17484,16973,0.03058599680662155,0.0006035836148199596,0.88
1821,0.506,8,3.0,3.4,True,17492,16981,0.03256088122725487,0.0006033859765175864,0.88
1822,0.50573,13,-2.0,-1.4,True,17505,16994,0.029162375256419182,0.0006031882776608589,0.88
1823,0.50546,1,10.0,10.0,True,17506,16995,0.03130361810326576,0.0006029905183278252,0.88
1824,0.50519,5,6.0,6.4,True,17511,17000,0.030329620465636253,0.0006027926985965579,0.88
1825,0.50491,7,4.0,4.6,True,17518,17007,0.04133082553744316,0.000602594818545153,0.89
1826,0.50464,2,9.0,9.2,True,17520,17009,0.03302827104926109,0.0006023968782517303,0.89
1827,0.50437,1,10.0,10.0,True,17521,17010,0.03967178612947464,0.0006021988777944336,0.89
1828,0.5041,2,9.0,9.2,True,17523,17012,0.04750364273786545,0.0006020008172514303,0.9
1829,0.50383,4,7.0,7.6,True,17527,17016,0.053837116807699203,0.0006018026967009117,0.9
1830,0.50356,2,9.0,9.2,True,17529,17018,0.056340329349040985,0.0006016045162210924,0.9
1831,0.50329,20,-29.0,-28.0,False,17549,17038,0.039319828152656555,0.000601406275890211,0.89
1832,0.50301,2,9.0,9.2,True,17551,17040,0.030697766691446304,0.0006012079757865298,0.89
1833,0.50274,5,6.0,6.4,True,17556,17045,0.042593859136104584,0.0006010096159883345,0.89
1834,0.50247,9,2.0,2.0,True,17565,17054,0.038306307047605515,0.0006008111965739341,0.89
1835,0.5022,6,5.0,5.2,True,17571,17060,0.038626767694950104,0.0006006127176216618,0.89
1836,0.50193,1,10.0,10.0,True,17572,17061,0.050584059208631516,0.0006004141792098739,0.89
1837,0.50166,11,0.0,0.2,True,17583,17072,0.03393471613526344,0.0006002155814169501,0.89
1838,0.50139,6,5.0,5.6,True,17589,17078,0.033087823539972305,0.0006000169243212937,0.89
1839,0.50111,8,3.0,3.6,True,17597,17086,0.028765123337507248,0.0005998182080013313,0.89
1840,0.50084,3,8.0,8.4,True,17600,17089,0.042009878903627396,0.0005996194325355132,0.89
1841,0.50057,2,-11.0,-11.2,False,17602,17091,0.03586241602897644,0.0005994205980023126,0.88
1842,0.5003,4,7.0,7.4,True,17606,17095,0.03728241100907326,0.0005992217044802263,0.88
1843,0.50003,7,4.0,4.4,True,17613,17102,0.042607586830854416,0.0005990227520477742,0.88
1844,0.49976,4,7.0,7.2,True,17617,17106,0.03663407638669014,0.0005988237407834997,0.88
1845,0.49949,7,4.0,4.6,True,17624,17113,0.04218766465783119,0.0005986246707659693,0.88
1846,0.49921,8,3.0,3.2,True,17632,17121,0.0352170430123806,0.0005984255420737726,0.88
1847,0.49894,2,9.0,9.2,True,17634,17123,0.03431958332657814,0.0005982263547855225,0.88
1848,0.49867,11,0.0,0.8,True,17645,17134,0.03832416236400604,0.000598027108979855,0.89
1849,0.4984,3,8.0,8.2,True,17648,17137,0.025600358843803406,0.000597827804735429,0.89
1850,0.49813,4,7.0,7.0,True,17652,17141,0.03806210309267044,0.0005976284421309269,0.89
1851,0.49786,6,5.0,5.2,True,17658,17147,0.040870361030101776,0.0005974290212450539,0.89
1852,0.49759,7,4.0,4.4,True,17665,17154,0.040668655186891556,0.0005972295421565382,0.89
1853,0.49731,1,10.0,10.0,True,17666,17155,0.023435508832335472,0.000597030004944131,0.89
1854,0.49704,4,7.0,7.6,True,17670,17159,0.035905804485082626,0.0005968304096866061,0.89
1855,0.49677,5,6.0,6.4,True,17675,17164,0.03705906122922897,0.0005966307564627608,0.89
1856,0.4965,1,10.0,10.0,True,17676,17165,0.04271493852138519,0.0005964310453514154,0.9
1857,0.49623,3,8.0,8.4,True,17679,17168,0.03660587966442108,0.000596231276431412,0.9
1858,0.49596,8,3.0,3.4,True,17687,17176,0.046564485877752304,0.0005960314497816166,0.9
1859,0.49569,1,10.0,10.0,True,17688,17177,0.03952660784125328,0.0005958315654809175,0.9
1860,0.49541,6,5.0,5.6,True,17694,17183,0.037723276764154434,0.0005956316236082259,0.9
1861,0.49514,2,9.0,9.2,True,17696,17185,0.02868470549583435,0.0005954316242424757,0.91
1862,0.49487,2,9.0,9.2,True,17698,17187,0.028656791895627975,0.0005952315674626234,0.91
1863,0.4946,2,9.0,9.2,True,17700,17189,0.03366705775260925,0.0005950314533476484,0.91
1864,0.49433,1,-10.0,-10.0,False,17701,17190,0.029317736625671387,0.0005948312819765522,0.9
1865,0.49406,3,8.0,8.4,True,17704,17193,0.02810698002576828,0.0005946310534283597,0.9
1866,0.49379,16,-25.0,-24.2,False,17720,17209,0.031136054545640945,0.0005944307677821179,0.9
1867,0.49351,1,10.0,10.0,True,17721,17210,0.03806677460670471,0.0005942304251168962,0.9
1868,0.49324,4,7.0,7.2,True,17725,17214,0.02939542941749096,0.000594030025511787,0.9
1869,0.49297,2,9.0,9.2,True,17727,17216,0.027533676475286484,0.0005938295690459045,0.9
1870,0.4927,10,1.0,1.6,True,17737,17226,0.032851748168468475,0.0005936290557983861,0.9
1871,0.49243,2,9.0,9.2,True,17739,17228,0.024701837450265884,0.0005934284858483912,0.9
1872,0.49216,9,2.0,2.4,True,17748,17237,0.031055867671966553,0.0005932278592751015,0.9
1873,0.49189,5,6.0,6.6,True,17753,17242,0.030258428305387497,0.0005930271761577212,0.91
1874,0.49161,4,7.0,7.6,True,17757,17246,0.03243587538599968,0.0005928264365754768,0.91
1875,0.49134,4,7.0,7.6,True,17761,17250,0.030505673959851265,0.0005926256406076174,0.91
1876,0.49107,17,-6.0,-5.2,True,17778,17267,0.04061318188905716,0.0005924247883334137,0.91
1877,0.4908,9,2.0,2.2,True,17787,17276,0.043406400829553604,0.000592223879832159,0.91
1878,0.49053,3,8.0,8.4,True,17790,17279,0.039319127798080444,0.000592022915183169,0.92
1879,0.49026,20,-9.0,-8.6,True,17810,17299,0.0464354008436203,0.0005918218944657815,0.93
1880,0.48999,3,8.0,8.4,True,17813,17302,0.04069608449935913,0.0005916208177593558,0.93
1881,0.48971,6,5.0,5.6,True,17819,17308,0.03491520136594772,0.0005914196851432742,0.93
1882,0.48944,5,6.0,6.4,True,17824,17313,0.03681261092424393,0.0005912184966969406,0.93
1883,0.48917,7,-16.0,-15.8,False,17831,17320,0.03736226633191109,0.0005910172524997811,0.92
1884,0.4889,2,9.0,9.0,True,17833,17322,0.035067468881607056,0.0005908159526312434,0.92
1885,0.48863,6,5.0,5.0,True,17839,17328,0.03613048046827316,0.0005906145971707977,0.92
1886,0.48836,2,9.0,9.2,True,17841,17330,0.029739506542682648,0.000590413186197936,0.92
1887,0.48809,2,9.0,9.2,True,17843,17332,0.030178304761648178,0.0005902117197921721,0.92
1888,0.48781,2,9.0,9.2,True,17845,17334,0.031031493097543716,0.0005900101980330418,0.92
1889,0.48754,4,7.0,7.4,True,17849,17338,0.03686113655567169,0.0005898086210001026,0.92
1890,0.48727,12,-1.0,-0.2,True,17861,17350,0.03504675254225731,0.000589606988772934,0.92
1891,0.487,4,7.0,7.6,True,17865,17354,0.03608699515461922,0.0005894053014311371,0.92
1892,0.48673,5,-14.0,-13.4,False,17870,17359,0.030594706535339355,0.000589203559054335,0.91
1893,0.48646,27,-16.0,-15.4,True,17897,17386,0.03621057793498039,0.0005890017617221722,0.91
1894,0.48619,3,8.0,8.2,True,17900,17389,0.030698932707309723,0.0005887999095143155,0.91
1895,0.48591,3,8.0,8.2,True,17903,17392,0.03310714662075043,0.0005885980025104526,0.92
1896,0.48564,2,9.0,9.2,True,17905,17394,0.027012240141630173,0.0005883960407902933,0.92
1897,0.48537,2,9.0,9.2,True,17907,17396,0.03354141116142273,0.0005881940244335688,0.92
1898,0.4851,2,9.0,9.2,True,17909,17398,0.04324246942996979,0.000587991953520032,0.92
1899,0.48483,2,9.0,9.2,True,17911,17400,0.04207678139209747,0.0005877898281294574,0.92
1900,0.48456,3,8.0,8.4,True,17914,17403,0.03339214250445366,0.0005875876483416408,0.92
1901,0.48429,6,-15.0,-14.4,False,17920,17409,0.032242801040410995,0.0005873854142363995,0.91
1902,0.48401,6,5.0,5.2,True,17926,17415,0.030865566805005074,0.0005871831258935725,0.91
1903,0.48374,11,0.0,0.4,True,17937,17426,0.03120982088148594,0.0005869807833930201,0.91
1904,0.48347,4,7.0,7.0,True,17941,17430,0.03332553803920746,0.0005867783868146237,0.92
1905,0.4832,3,8.0,8.4,True,17944,17433,0.03162526711821556,0.0005865759362382863,0.92
1906,0.48293,2,9.0,9.2,True,17946,17435,0.026744002476334572,0.0005863734317439323,0.92
1907,0.48266,13,-2.0,-1.8,True,17959,17448,0.02731330320239067,0.0005861708734115071,0.92
1908,0.48239,4,7.0,7.2,True,17963,17452,0.02372005581855774,0.0005859682613209776,0.92
1909,0.48211,6,5.0,5.6,True,17969,17458,0.03276313096284866,0.0005857655955523319,0.92
1910,0.48184,1,10.0,10.0,True,17970,17459,0.028577908873558044,0.0005855628761855793,0.92
1911,0.48157,5,6.0,6.4,True,17975,17464,0.03132022172212601,0.0005853601033007499,0.92
1912,0.4813,2,-11.0,-10.8,False,17977,17466,0.03216417133808136,0.0005851572769778955,0.91
1913,0.48103,4,7.0,7.4,True,17981,17470,0.025159846991300583,0.0005849543972970886,0.91
1914,0.48076,1,10.0,10.0,True,17982,17471,0.045134738087654114,0.000584751464338423,0.91
1915,0.48049,5,6.0,6.2,True,17987,17476,0.033431559801101685,0.0005845484781820131,0.91
1916,0.48021,3,-12.0,-11.6,False,17990,17479,0.032927121967077255,0.0005843454389079949,0.9
1917,0.47994,14,-3.0,-2.6,True,18004,17493,0.030535515397787094,0.0005841423465965253,0.91
1918,0.47967,1,10.0,10.0,True,18005,17494,0.02457897923886776,0.0005839392013277814,0.91
1919,0.4794,4,7.0,7.6,True,18009,17498,0.04071977362036705,0.000583736003181962,0.91
1920,0.47913,6,5.0,5.6,True,18015,17504,0.032201044261455536,0.0005835327522392866,0.91
1921,0.47886,11,0.0,0.6,True,18026,17515,0.038045190274715424,0.0005833294485799954,0.91
1922,0.47859,1,10.0,10.0,True,18027,17516,0.04769470915198326,0.0005831260922843494,0.91
1923,0.47831,4,-13.0,-13.0,False,18031,17520,0.04147331416606903,0.0005829226834326305,0.9
1924,0.47804,11,0.0,0.4,True,18042,17531,0.03362950682640076,0.0005827192221051412,0.9
1925,0.47777,5,6.0,6.2,True,18047,17536,0.03554440289735794,0.000582515708382205,0.9
1926,0.4775,1,10.0,10.0,True,18048,17537,0.0362246111035347,0.0005823121423441656,0.9
1927,0.47723,5,6.0,6.4,True,18053,17542,0.03588913008570671,0.0005821085240713879,0.9
1928,0.47696,10,1.0,1.2,True,18063,17552,0.031157290562987328,0.0005819048536442571,0.9
1929,0.47669,3,8.0,8.4,True,18066,17555,0.024669013917446136,0.0005817011311431791,0.9
1930,0.47641,3,8.0,8.4,True,18069,17558,0.029438188299536705,0.0005814973566485803,0.9
1931,0.47614,3,8.0,8.4,True,18072,17561,0.035628847777843475,0.0005812935302409075,0.91
1932,0.47587,2,9.0,9.2,True,18074,17563,0.04171232134103775,0.0005810896520006282,0.91
1933,0.4756,12,-1.0,-0.6,True,18086,17575,0.031309545040130615,0.0005808857220082305,0.91
1934,0.47533,4,7.0,7.2,True,18090,17579,0.030275218188762665,0.0005806817403442224,0.91
1935,0.47506,1,10.0,10.0,True,18091,17580,0.05031866207718849,0.0005804777070891329,0.91
1936,0.47479,1,10.0,10.0,True,18092,17581,0.02656673826277256,0.000580273622323511,0.91
1937,0.47451,22,-11.0,-10.4,True,18114,17603,0.03368227928876877,0.0005800694861279262,0.91
1938,0.47424,13,-2.0,-1.4,True,18127,17616,0.03229326754808426,0.0005798652985829681,0.91
1939,0.47397,3,8.0,8.2,True,18130,17619,0.02404182218015194,0.0005796610597692468,0.91
1940,0.4737,3,8.0,8.4,True,18133,17622,0.03309834003448486,0.0005794567697673926,0.91
1941,0.47343,7,4.0,4.4,True,18140,17629,0.0359971784055233,0.0005792524286580559,0.92
1942,0.47316,1,10.0,10.0,True,18141,17630,0.022659361362457275,0.0005790480365219073,0.92
1943,0.47289,4,7.0,7.6,True,18145,17634,0.02677713707089424,0.0005788435934396376,0.92
1944,0.47261,6,5.0,5.6,True,18151,17640,0.03104947693645954,0.0005786390994919578,0.92
1945,0.47234,7,4.0,4.2,True,18158,17647,0.029795361682772636,0.0005784345547595987,0.92
1946,0.47207,2,9.0,9.2,True,18160,17649,0.03353811055421829,0.0005782299593233114,0.92
1947,0.4718,9,2.0,2.2,True,18169,17658,0.0266338512301445,0.0005780253132638669,0.92
1948,0.47153,4,7.0,7.6,True,18173,17662,0.03079869970679283,0.0005778206166620563,0.92
1949,0.47126,10,-19.0,-18.8,False,18183,17672,0.032230500131845474,0.0005776158695986904,0.91
1950,0.47099,7,4.0,4.2,True,18190,17679,0.0294785313308239,0.0005774110721546004,0.91
1951,0.47071,3,8.0,8.4,True,18193,17682,0.03802042827010155,0.0005772062244106368,0.91
1952,0.47044,6,5.0,5.6,True,18199,17688,0.02928187884390354,0.0005770013264476705,0.91
1953,0.47017,1,10.0,10.0,True,18200,17689,0.030603282153606415,0.0005767963783465917,0.91
1954,0.4699,5,-14.0,-13.8,False,18205,17694,0.028076162561774254,0.0005765913801883107,0.9
1955,0.46963,1,10.0,10.0,True,18206,17695,0.025444557890295982,0.0005763863320537579,0.9
1956,0.46936,3,8.0,8.4,True,18209,17698,0.02695298194885254,0.0005761812340238827,0.9
1957,0.46909,1,10.0,10.0,True,18210,17699,0.026606187224388123,0.0005759760861796545,0.9
1958,0.46881,3,8.0,8.0,True,18213,17702,0.028576312586665154,0.0005757708886020627,0.9
1959,0.46854,6,5.0,5.8,True,18219,17708,0.025643156841397285,0.0005755656413721159,0.9
1960,0.46827,1,10.0,10.0,True,18220,17709,0.023689599707722664,0.0005753603445708423,0.9
1961,0.468,3,8.0,8.2,True,18223,17712,0.03429989889264107,0.0005751549982792901,0.9
1962,0.46773,8,3.0,3.8,True,18231,17720,0.026685239747166634,0.0005749496025785265,0.9
1963,0.46746,10,1.0,1.2,True,18241,17730,0.027793491259217262,0.0005747441575496388,0.9
1964,0.46719,5,6.0,6.2,True,18246,17735,0.030736634507775307,0.0005745386632737332,0.91
1965,0.46691,1,10.0,10.0,True,18247,17736,0.02719941735267639,0.0005743331198319356,0.91
1966,0.46664,7,4.0,4.4,True,18254,17743,0.02671673893928528,0.0005741275273053915,0.92
1967,0.46637,3,8.0,8.0,True,18257,17746,0.024903886020183563,0.0005739218857752653,0.92
1968,0.4661,2,9.0,9.2,True,18259,17748,0.022173184901475906,0.0005737161953227412,0.92
1969,0.46583,1,10.0,10.0,True,18260,17749,0.03270435705780983,0.0005735104560290224,0.92
1970,0.46556,1,10.0,10.0,True,18261,17750,0.030599085614085197,0.0005733046679753316,0.92
1971,0.46529,4,7.0,7.2,True,18265,17754,0.035452522337436676,0.0005730988312429107,0.92
1972,0.46501,4,7.0,7.2,True,18269,17758,0.03554923087358475,0.0005728929459130208,0.92
1973,0.46474,5,6.0,6.8,True,18274,17763,0.042782898992300034,0.000572687012066942,0.92
1974,0.46447,1,10.0,10.0,True,18275,17764,0.032709501683712006,0.0005724810297859738,0.92
1975,0.4642,9,2.0,2.4,True,18284,17773,0.03414786979556084,0.0005722749991514349,0.92
1976,0.46393,3,8.0,8.4,True,18287,17776,0.054928142577409744,0.0005720689202446626,0.92
1977,0.46366,6,-15.0,-14.6,False,18293,17782,0.038256555795669556,0.0005718627931470138,0.91
1978,0.46339,5,6.0,6.4,True,18298,17787,0.031995825469493866,0.0005716566179398642,0.91
1979,0.46311,11,0.0,0.6,True,18309,17798,0.029266880825161934,0.0005714503947046087,0.91
1980,0.46284,5,-14.0,-13.6,False,18314,17803,0.030105208978056908,0.0005712441235226606,0.9
1981,0.46257,3,8.0,8.4,True,18317,17806,0.028973137959837914,0.0005710378044754528,0.9
1982,0.4623,3,-12.0,-12.0,False,18320,17809,0.04281069338321686,0.0005708314376444366,0.89
1983,0.46203,12,-21.0,-20.0,False,18332,17821,0.0311188492923975,0.0005706250231110824,0.89
1984,0.46176,2,9.0,9.2,True,18334,17823,0.03378751501441002,0.0005704185609568794,0.89
1985,0.46149,3,8.0,8.4,True,18337,17826,0.04145427048206329,0.0005702120512633357,0.89
1986,0.46121,5,6.0,6.4,True,18342,17831,0.029001876711845398,0.000570005494111978,0.89
1987,0.46094,3,-12.0,-12.0,False,18345,17834,0.026892608031630516,0.0005697988895843514,0.88
1988,0.46067,3,8.0,8.4,True,18348,17837,0.06195102259516716,0.0005695922377620207,0.88
1989,0.4604,6,5.0,5.2,True,18354,17843,0.029469996690750122,0.0005693855387265685,0.88
1990,0.46013,3,8.0,8.2,True,18357,17846,0.026427684351801872,0.0005691787925595963,0.88
1991,0.45986,2,9.0,9.2,True,18359,17848,0.03213294595479965,0.0005689719993427243,0.88
1992,0.45959,4,7.0,7.6,True,18363,17852,0.026226310059428215,0.0005687651591575909,0.89
1993,0.45931,1,10.0,10.0,True,18364,17853,0.02726563811302185,0.0005685582720858536,0.89
1994,0.45904,5,6.0,6.2,True,18369,17858,0.03039790689945221,0.0005683513382091882,0.89
1995,0.45877,5,6.0,6.4,True,18374,17863,0.024196181446313858,0.0005681443576092888,0.89
1996,0.4585,5,6.0,6.8,True,18379,17868,0.03180914372205734,0.000567937330367868,0.89
1997,0.45823,4,7.0,7.4,True,18383,17872,0.025495383888483047,0.0005677302565666568,0.89
1998,0.45796,3,8.0,8.4,True,18386,17875,0.027689367532730103,0.000567523136287405,0.89
1999,0.45769,7,4.0,4.4,True,18393,17882,0.027289384976029396,0.0005673159696118801,0.89
2000,0.45741,1,10.0,10.0,True,18394,17883,0.028817782178521156,0.0005671087566218684,0.89
2001,0.45714,13,-2.0,-1.6,True,18407,17896,0.031245170161128044,0.0005669014973991742,0.9
2002,0.45687,11,0.0,0.6,True,18418,17907,0.027527987957000732,0.0005666941920256202,0.9
2003,0.4566,6,-15.0,-14.8,False,18424,17913,0.03506166487932205,0.0005664868405830472,0.89
2004,0.45633,3,8.0,8.4,True,18427,17916,0.0236724391579628,0.0005662794431533143,0.89
2005,0.45606,1,10.0,10.0,True,18428,17917,0.027065934613347054,0.0005660719998182989,0.89
2006,0.45579,5,-14.0,-14.0,False,18433,17922,0.029339712113142014,0.0005658645106598961,0.88
2007,0.45551,4,7.0,7.2,True,18437,17926,0.029657820239663124,0.0005656569757600194,0.88
2008,0.45524,11,0.0,0.2,True,18448,17937,0.031129710376262665,0.0005654493952006004,0.88
2009,0.45497,1,10.0,10.0,True,18449,17938,0.025370599702000618,0.0005652417690635886,0.88
2010,0.4547,3,8.0,8.4,True,18452,17941,0.025582389906048775,0.0005650340974309514,0.88
2011,0.45443,1,10.0,10.0,True,18453,17942,0.032526254653930664,0.0005648263803846743,0.88
2012,0.45416,6,5.0,5.4,True,18459,17948,0.0349307581782341,0.0005646186180067607,0.89
2013,0.45389,11,0.0,0.4,True,18470,17959,0.028649531304836273,0.0005644108103792321,0.89
2014,0.45361,10,1.0,1.6,True,18480,17969,0.028223389759659767,0.0005642029575841273,0.89
2015,0.45334,18,-7.0,-6.8,True,18498,17987,0.029884345829486847,0.0005639950597035034,0.89
2016,0.45307,45,-45.0,-44.4,False,18543,18032,0.030867325142025948,0.0005637871168194354,0.89
2017,0.4528,1,10.0,10.0,True,18544,18033,0.027051830664277077,0.0005635791290140156,0.89
2018,0.45253,4,7.0,7.2,True,18548,18037,0.04347992315888405,0.0005633710963693546,0.89
2019,0.45226,9,2.0,2.8,True,18557,18046,0.032739751040935516,0.0005631630189675801,0.89
2020,0.45199,6,5.0,5.6,True,18563,18052,0.04562045633792877,0.0005629548968908378,0.89
2021,0.45171,3,8.0,8.4,True,18566,18055,0.03744363412261009,0.0005627467302212912,0.89
2022,0.45144,6,5.0,5.2,True,18572,18061,0.035777632147073746,0.000562538519041121,0.89
2023,0.45117,2,-11.0,-10.8,False,18574,18063,0.04262580722570419,0.0005623302634325257,0.89
2024,0.4509,3,8.0,8.2,True,18577,18066,0.03618185222148895,0.0005621219634777214,0.89
2025,0.45063,5,6.0,6.4,True,18582,18071,0.039557356387376785,0.0005619136192589416,0.89
2026,0.45036,3,8.0,8.4,True,18585,18074,0.02629317343235016,0.0005617052308584373,0.89
2027,0.45009,7,4.0,4.4,True,18592,18081,0.03135862201452255,0.000561496798358477,0.89
2028,0.44981,8,3.0,3.2,True,18600,18089,0.034062955528497696,0.0005612883218413465,0.89
2029,0.44954,1,10.0,10.0,True,18601,18090,0.014355648308992386,0.0005610798013893488,0.89
2030,0.44927,1,10.0,10.0,True,18602,18091,0.050680648535490036,0.0005608712370848048,0.89
2031,0.449,3,8.0,8.4,True,18605,18094,0.026078959926962852,0.0005606626290100522,0.89
2032,0.44873,4,7.0,7.0,True,18609,18098,0.027281325310468674,0.0005604539772474463,0.89
2033,0.44846,7,-16.0,-15.6,False,18616,18105,0.028357019647955894,0.0005602452818793594,0.88
2034,0.44819,6,5.0,5.2,True,18622,18111,0.023166490718722343,0.0005600365429881812,0.88
2035,0.44791,5,6.0,6.2,True,18627,18116,0.03164838254451752,0.0005598277606563184,0.88
2036,0.44764,6,5.0,5.4,True,18633,18122,0.02504822425544262,0.000559618934966195,0.88
2037,0.44737,13,-2.0,-1.2,True,18646,18135,0.03075270541012287,0.0005594100660002522,0.88
2038,0.4471,13,-2.0,-1.0,True,18659,18148,0.02676120400428772,0.0005592011538409481,0.88
2039,0.44683,7,-16.0,-15.2,False,18666,18155,0.026339100673794746,0.0005589921985707577,0.87
2040,0.44656,5,6.0,6.4,True,18671,18160,0.019228974357247353,0.0005587832002721736,0.87
2041,0.44629,8,3.0,3.6,True,18679,18168,0.02491181716322899,0.0005585741590277048,0.87
2042,0.44601,5,6.0,6.2,True,18684,18173,0.024202316999435425,0.0005583650749198774,0.87
2043,0.44574,3,8.0,8.4,True,18687,18176,0.020558549091219902,0.0005581559480312346,0.87
2044,0.44547,1,-10.0,-10.0,False,18688,18177,0.032349828630685806,0.0005579467784443365,0.86
2045,0.4452,2,-11.0,-10.8,False,18690,18179,0.02427401952445507,0.0005577375662417596,0.85
2046,0.44493,1,-10.0,-10.0,False,18691,18180,0.017656194046139717,0.000557528311506098,0.84
2047,0.44466,5,6.0,6.6,True,18696,18185,0.028978165239095688,0.0005573190143199618,0.84
2048,0.44439,4,7.0,7.2,True,18700,18189,0.027454884722828865,0.0005571096747659784,0.84
2049,0.44411,11,0.0,0.8,True,18711,18200,0.02295718714594841,0.0005569002929267917,0.85
2050,0.44384,6,5.0,5.2,True,18717,18206,0.026464426890015602,0.0005566908688850622,0.85
2051,0.44357,2,9.0,9.2,True,18719,18208,0.028733421117067337,0.0005564814027234675,0.85
2052,0.4433,4,7.0,7.4,True,18723,18212,0.028780020773410797,0.0005562718945247013,0.85
2053,0.44303,3,8.0,8.4,True,18726,18215,0.029026232659816742,0.0005560623443714741,0.85
2054,0.44276,3,8.0,8.2,True,18729,18218,0.028026513755321503,0.0005558527523465131,0.86
2055,0.44249,8,3.0,3.4,True,18737,18226,0.02888510935008526,0.0005556431185325619,0.86
2056,0.44221,2,9.0,9.2,True,18739,18228,0.030130896717309952,0.0005554334430123804,0.86
2057,0.44194,3,8.0,8.4,True,18742,18231,0.026839621365070343,0.0005552237258687455,0.86
2058,0.44167,7,4.0,4.4,True,18749,18238,0.022187354043126106,0.00055501396718445,0.86
2059,0.4414,7,-16.0,-16.0,False,18756,18245,0.03219139203429222,0.0005548041670423034,0.85
2060,0.44113,3,8.0,8.4,True,18759,18248,0.03436611592769623,0.0005545943255251314,0.85
2061,0.44086,3,8.0,8.4,True,18762,18251,0.03233648091554642,0.000554384442715776,0.85
2062,0.44059,4,7.0,7.2,True,18766,18255,0.035812728106975555,0.0005541745186970959,0.85
2063,0.44031,1,-10.0,-10.0,False,18767,18256,0.03226371482014656,0.0005539645535519657,0.84
2064,0.44004,3,8.0,8.4,True,18770,18259,0.03566969558596611,0.000553754547363276,0.84
2065,0.43977,2,-11.0,-10.8,False,18772,18261,0.03754148632287979,0.0005535445002139343,0.83
2066,0.4395,10,1.0,1.4,True,18782,18271,0.03587127476930618,0.0005533344121868637,0.83
2067,0.43923,4,7.0,7.2,True,18786,18275,0.031392652541399,0.0005531242833650037,0.83
2068,0.43896,1,10.0,10.0,True,18787,18276,0.026760905981063843,0.0005529141138313099,0.83
2069,0.43869,13,-2.0,-1.8,True,18800,18289,0.0332515612244606,0.0005527039036687536,0.83
2070,0.43841,3,8.0,8.4,True,18803,18292,0.03012828342616558,0.0005524936529603229,0.83
2071,0.43814,4,7.0,7.6,True,18807,18296,0.02972511574625969,0.000552283361789021,0.83
2072,0.43787,7,4.0,4.8,True,18814,18303,0.03287708759307861,0.0005520730302378678,0.83
2073,0.4376,1,10.0,10.0,True,18815,18304,0.03197223320603371,0.0005518626583898988,0.83
2074,0.43733,6,5.0,5.6,True,18821,18310,0.02970481663942337,0.0005516522463281655,0.83
2075,0.43706,2,9.0,9.0,True,18823,18312,0.05289620906114578,0.000551441794135735,0.83
2076,0.43679,8,3.0,3.2,True,18831,18320,0.030576415359973907,0.0005512313018956909,0.83
2077,0.43651,24,-13.0,-12.8,True,18855,18344,0.028095707297325134,0.0005510207696911318,0.84
2078,0.43624,5,-14.0,-14.0,False,18860,18349,0.03199675306677818,0.0005508101976051729,0.83
2079,0.43597,2,9.0,9.0,True,18862,18351,0.029661063104867935,0.0005505995857209444,0.83
2080,0.4357,5,6.0,6.8,True,18867,18356,0.028208861127495766,0.0005503889341215928,0.84
2081,0.43543,3,8.0,8.4,True,18870,18359,0.028357893228530884,0.0005501782428902797,0.84
2082,0.43516,7,4.0,4.4,True,18877,18366,0.03474985063076019,0.000549967512110183,0.85
2083,0.43489,3,8.0,8.4,True,18880,18369,0.026477262377738953,0.0005497567418644955,0.86
2084,0.43461,1,10.0,10.0,True,18881,18370,0.024547062814235687,0.0005495459322364262,0.86
2085,0.43434,1,10.0,10.0,True,18882,18371,0.02286648564040661,0.0005493350833091995,0.86
2086,0.43407,7,4.0,4.8,True,18889,18378,0.024523498490452766,0.0005491241951660549,0.86
2087,0.4338,8,3.0,3.6,True,18897,18386,0.029558997601270676,0.0005489132678902479,0.87
2088,0.43353,5,6.0,6.4,True,18902,18391,0.0311536006629467,0.0005487023015650492,0.87
2089,0.43326,2,9.0,9.2,True,18904,18393,0.03792878985404968,0.000548491296273745,0.87
2090,0.43299,7,-16.0,-16.0,False,18911,18400,0.0288526713848114,0.000548280252099637,0.86
2091,0.43271,2,9.0,9.2,True,18913,18402,0.02803129144012928,0.0005480691691260418,0.86
2092,0.43244,4,7.0,7.6,True,18917,18406,0.023599708452820778,0.0005478580474362917,0.86
2093,0.43217,2,9.0,9.2,True,18919,18408,0.029692944139242172,0.0005476468871137343,0.86
2094,0.4319,4,7.0,7.2,True,18923,18412,0.020884549245238304,0.0005474356882417324,0.86
2095,0.43163,2,-11.0,-10.8,False,18925,18414,0.030067799612879753,0.0005472244509036636,0.85
2096,0.43136,4,7.0,7.2,True,18929,18418,0.025065243244171143,0.0005470131751829215,0.85
2097,0.43109,2,-11.0,-10.8,False,18931,18420,0.023555435240268707,0.0005468018611629143,0.84
2098,0.43081,1,10.0,10.0,True,18932,18421,0.03794203698635101,0.0005465905089270653,0.84
2099,0.43054,4,7.0,7.6,True,18936,18425,0.025473320856690407,0.000546379118558813,0.84
2100,0.43027,13,-2.0,-1.6,True,18949,18438,0.023751895874738693,0.0005461676901416109,0.84
2101,0.43,1,10.0,10.0,True,18950,18439,0.027323739603161812,0.0005459562237589281,0.84
2102,0.42973,4,7.0,7.4,True,18954,18443,0.02160557359457016,0.0005457447194942476,0.84
2103,0.42946,2,-11.0,-10.8,False,18956,18445,0.025037754327058792,0.0005455331774310681,0.84
2104,0.42919,11,-20.0,-19.6,False,18967,18456,0.02996070496737957,0.0005453215976529032,0.83
2105,0.42891,7,4.0,4.0,True,18974,18463,0.023080974817276,0.0005451099802432811,0.83
2106,0.42864,7,-16.0,-15.4,False,18981,18470,0.029460197314620018,0.0005448983252857451,0.83
2107,0.42837,2,9.0,9.2,True,18983,18472,0.044183868914842606,0.0005446866328638532,0.83
2108,0.4281,3,8.0,8.4,True,18986,18475,0.024480069056153297,0.000544474903061178,0.83
2109,0.42783,3,-12.0,-11.6,False,18989,18478,0.031230315566062927,0.0005442631359613076,0.82
2110,0.42756,1,10.0,10.0,True,18990,18479,0.02293911762535572,0.0005440513316478438,0.82
2111,0.42729,2,9.0,9.2,True,18992,18481,0.028011951595544815,0.0005438394902044037,0.82
2112,0.42701,9,2.0,2.8,True,19001,18490,0.03177411109209061,0.000543627611714619,0.82
2113,0.42674,3,8.0,8.4,True,19004,18493,0.026757737621665,0.0005434156962621361,0.82
2114,0.42647,7,4.0,4.4,True,19011,18500,0.02651338279247284,0.0005432037439306155,0.82
2115,0.4262,1,10.0,10.0,True,19012,18501,0.04159868136048317,0.000542991754803733,0.82
2116,0.42593,6,5.0,5.6,True,19018,18507,0.03972431644797325,0.0005427797289651783,0.83
2117,0.42566,3,8.0,8.4,True,19021,18510,0.028949923813343048,0.0005425676664986562,0.83
2118,0.42539,4,7.0,7.0,True,19025,18514,0.02727847918868065,0.0005423555674878852,0.83
2119,0.42511,6,5.0,5.2,True,19031,18520,0.03440680727362633,0.0005421434320165987,0.83
2120,0.42484,2,9.0,9.2,True,19033,18522,0.023798109963536263,0.0005419312601685446,0.83
2121,0.42457,5,6.0,6.6,True,19038,18527,0.029938679188489914,0.000541719052027485,0.83
2122,0.4243,6,5.0,5.4,True,19044,18533,0.026960188522934914,0.000541506807677196,0.83
2123,0.42403,2,9.0,9.2,True,19046,18535,0.029612353071570396,0.0005412945272014687,0.84
2124,0.42376,3,8.0,8.4,True,19049,18538,0.04567644000053406,0.0005410822106841079,0.84
2125,0.42349,11,0.0,0.8,True,19060,18549,0.023303605616092682,0.0005408698582089327,0.84
2126,0.42321,1,10.0,10.0,True,19061,18550,0.03745217248797417,0.0005406574698597766,0.84
2127,0.42294,6,5.0,5.2,True,19067,18556,0.033949125558137894,0.000540445045720487,0.84
2128,0.42267,13,-2.0,-1.6,True,19080,18569,0.02568807452917099,0.0005402325858749259,0.84
2129,0.4224,11,0.0,0.2,True,19091,18580,0.030614245682954788,0.0005400200904069689,0.84
2130,0.42213,4,7.0,7.2,True,19095,18584,0.028857018798589706,0.0005398075594005058,0.84
2131,0.42186,3,8.0,8.4,True,19098,18587,0.036003198474645615,0.0005395949929394405,0.84
2132,0.42159,14,-23.0,-23.0,False,19112,18601,0.0331883504986763,0.000539382391107691,0.83
2133,0.42131,1,10.0,10.0,True,19113,18602,0.030261462554335594,0.0005391697539891888,0.84
2134,0.42104,13,-2.0,-1.4,True,19126,18615,0.027325015515089035,0.0005389570816678801,0.84
2135,0.42077,1,10.0,10.0,True,19127,18616,0.02058975212275982,0.0005387443742277242,0.84
2136,0.4205,2,9.0,9.2,True,19129,18618,0.043257128447294235,0.0005385316317526949,0.84
2137,0.42023,4,7.0,7.4,True,19133,18622,0.032102011144161224,0.0005383188543267795,0.84
2138,0.41996,13,-2.0,-1.4,True,19146,18635,0.023116089403629303,0.0005381060420339791,0.84
2139,0.41969,3,8.0,8.4,True,19149,18638,0.026202276349067688,0.0005378931949583086,0.85
2140,0.41941,10,1.0,1.8,True,19159,18648,0.02332988753914833,0.0005376803131837967,0.85
2141,0.41914,22,-11.0,-10.6,True,19181,18670,0.026766376569867134,0.0005374673967944857,0.85
2142,0.41887,2,9.0,9.0,True,19183,18672,0.022739801555871964,0.0005372544458744317,0.85
2143,0.4186,3,8.0,8.2,True,19186,18675,0.028209524229168892,0.0005370414605077043,0.85
2144,0.41833,16,-5.0,-4.2,True,19202,18691,0.025994280353188515,0.0005368284407783868,0.86
2145,0.41806,3,8.0,8.2,True,19205,18694,0.028939783573150635,0.000536615386770576,0.87
2146,0.41779,6,5.0,5.6,True,19211,18700,0.021231701597571373,0.0005364022985683822,0.88
2147,0.41751,2,9.0,9.0,True,19213,18702,0.019346565008163452,0.0005361891762559293,0.88
2148,0.41724,12,-1.0,-0.4,True,19225,18714,0.028708748519420624,0.0005359760199173545,0.88
2149,0.41697,5,6.0,6.2,True,19230,18719,0.021322619169950485,0.0005357628296368086,0.88
2150,0.4167,4,7.0,7.4,True,19234,18723,0.019753271713852882,0.0005355496054984559,0.88
2151,0.41643,6,5.0,5.6,True,19240,18729,0.021731073036789894,0.000535336347586474,0.88
2152,0.41616,10,1.0,1.8,True,19250,18739,0.028389791026711464,0.0005351230559850532,0.88
2153,0.41589,7,4.0,4.6,True,19257,18746,0.02642114832997322,0.000534909730778398,0.88
2154,0.41561,4,7.0,7.2,True,19261,18750,0.03097553178668022,0.0005346963720507259,0.88
2155,0.41534,1,10.0,10.0,True,19262,18751,0.024177303537726402,0.0005344829798862676,0.88
2156,0.41507,1,10.0,10.0,True,19263,18752,0.032344359904527664,0.0005342695543692666,0.88
2157,0.4148,2,9.0,9.2,True,19265,18754,0.03307470306754112,0.0005340560955839801,0.88
2158,0.41453,6,5.0,5.6,True,19271,18760,0.028398511931300163,0.0005338426036146782,0.88
2159,0.41426,10,1.0,1.8,True,19281,18770,0.03499460965394974,0.0005336290785456444,0.89
2160,0.41399,12,-1.0,-0.4,True,19293,18782,0.028929589316248894,0.0005334155204611747,0.89
2161,0.41371,3,8.0,8.2,True,19296,18785,0.028870508074760437,0.0005332019294455785,0.89
2162,0.41344,3,8.0,8.4,True,19299,18788,0.028887374326586723,0.0005329883055831784,0.89
2163,0.41317,40,-29.0,-28.8,True,19339,18828,0.028317492455244064,0.0005327746489583095,0.9
2164,0.4129,5,6.0,6.4,True,19344,18833,0.026999900117516518,0.00053256095965532,0.9
2165,0.41263,5,6.0,6.6,True,19349,18838,0.02401077374815941,0.0005323472377585711,0.91
2166,0.41236,3,8.0,8.0,True,19352,18841,0.026391267776489258,0.000532133483352437,0.91
2167,0.41209,9,2.0,2.2,True,19361,18850,0.02619960345327854,0.0005319196965213044,0.91
2168,0.41181,3,8.0,8.2,True,19364,18853,0.023164452984929085,0.0005317058773495729,0.91
2169,0.41154,2,9.0,9.2,True,19366,18855,0.03126375004649162,0.0005314920259216551,0.91
2170,0.41127,4,7.0,7.6,True,19370,18859,0.02812984213232994,0.0005312781423219759,0.91
2171,0.411,1,10.0,10.0,True,19371,18860,0.033427704125642776,0.0005310642266349734,0.91
2172,0.41073,3,8.0,8.2,True,19374,18863,0.019540006294846535,0.000530850278945098,0.91
2173,0.41046,6,5.0,5.8,True,19380,18869,0.02605966478586197,0.0005306362993368128,0.91
2174,0.41019,7,4.0,4.6,True,19387,18876,0.020116064697504044,0.0005304222878945938,0.91
2175,0.40991,5,6.0,6.4,True,19392,18881,0.032301925122737885,0.0005302082447029291,0.91
2176,0.40964,22,-11.0,-10.6,True,19414,18903,0.028477292507886887,0.0005299941698463196,0.91
2177,0.40937,4,7.0,7.2,True,19418,18907,0.02374473586678505,0.0005297800634092788,0.91
2178,0.4091,3,8.0,8.4,True,19421,18910,0.01843823865056038,0.0005295659254763326,0.92
2179,0.40883,1,10.0,10.0,True,19422,18911,0.04010116681456566,0.0005293517561320188,0.92
2180,0.40856,5,6.0,6.4,True,19427,18916,0.025252098217606544,0.0005291375554608884,0.92
2181,0.40829,2,9.0,9.2,True,19429,18918,0.02136794477701187,0.0005289233235475046,0.92
2182,0.40801,8,3.0,3.6,True,19437,18926,0.028410540893673897,0.0005287090604764425,0.92
2183,0.40774,3,8.0,8.4,True,19440,18929,0.02161817066371441,0.0005284947663322897,0.92
2184,0.40747,3,8.0,8.2,True,19443,18932,0.023342521861195564,0.0005282804411996464,0.92
2185,0.4072,1,10.0,10.0,True,19444,18933,0.02218187414109707,0.0005280660851631246,0.92
2186,0.40693,4,7.0,7.4,True,19448,18937,0.023608194664120674,0.0005278516983073489,0.92
2187,0.40666,11,0.0,0.6,True,19459,18948,0.027611220255494118,0.0005276372807169553,0.92
2188,0.40639,4,7.0,7.6,True,19463,18952,0.022522395476698875,0.0005274228324765929,0.92
2189,0.40611,5,-14.0,-13.6,False,19468,18957,0.02389976941049099,0.0005272083536709224,0.91
2190,0.40584,1,10.0,10.0,True,19469,18958,0.02613462321460247,0.0005269938443846167,0.92
2191,0.40557,10,-19.0,-18.8,False,19479,18968,0.03229309991002083,0.0005267793047023606,0.91
2192,0.4053,4,7.0,7.2,True,19483,18972,0.031003205105662346,0.0005265647347088509,0.91
2193,0.40503,9,2.0,2.4,True,19492,18981,0.027431461960077286,0.0005263501344887965,0.91
2194,0.40476,1,10.0,10.0,True,19493,18982,0.02453983575105667,0.0005261355041269181,0.91
2195,0.40449,13,-2.0,-2.0,True,19506,18995,0.022034194320440292,0.0005259208437079485,0.92
2196,0.40421,3,8.0,8.4,True,19509,18998,0.01806088536977768,0.000525706153316632,0.92
2197,0.40394,4,7.0,7.2,True,19513,19002,0.025821756571531296,0.0005254914330377254,0.93
2198,0.40367,4,7.0,7.2,True,19517,19006,0.025175828486680984,0.0005252766829559964,0.93
2199,0.4034,5,6.0,6.4,True,19522,19011,0.031116962432861328,0.0005250619031562251,0.93
2200,0.40313,10,1.0,1.6,True,19532,19021,0.03226504474878311,0.0005248470937232033,0.93
2201,0.40286,2,9.0,9.2,True,19534,19023,0.03057394176721573,0.0005246322547417342,0.93
2202,0.40259,6,5.0,5.6,True,19540,19029,0.03113229013979435,0.0005244173862966329,0.93
2203,0.40231,3,8.0,8.4,True,19543,19032,0.039952464401721954,0.000524202488472726,0.94
2204,0.40204,2,9.0,9.2,True,19545,19034,0.0410052090883255,0.0005239875613548517,0.95
2205,0.40177,3,8.0,8.2,True,19548,19037,0.027451105415821075,0.0005237726050278601,0.95
2206,0.4015,3,8.0,8.0,True,19551,19040,0.025141045451164246,0.0005235576195766124,0.96
2207,0.40123,8,3.0,3.8,True,19559,19048,0.030494026839733124,0.0005233426050859812,0.96
2208,0.40096,5,6.0,6.8,True,19564,19053,0.02811293862760067,0.0005231275616408512,0.96
2209,0.40069,3,8.0,8.4,True,19567,19056,0.031086774542927742,0.000522912489326118,0.97
2210,0.40041,8,3.0,3.6,True,19575,19064,0.03016270138323307,0.0005226973882266886,0.97
2211,0.40014,2,9.0,9.2,True,19577,19066,0.023085687309503555,0.0005224822584274817,0.97
2212,0.39987,9,2.0,2.6,True,19586,19075,0.03112928755581379,0.0005222671000134269,0.97
2213,0.3996,6,5.0,5.8,True,19592,19081,0.034755486994981766,0.0005220519130694657,0.97
2214,0.39933,10,1.0,1.8,True,19602,19091,0.02519812062382698,0.0005218366976805502,0.97
2215,0.39906,1,10.0,10.0,True,19603,19092,0.018677404150366783,0.0005216214539316441,0.97
2216,0.39879,3,8.0,8.0,True,19606,19095,0.02463729865849018,0.0005214061819077225,0.97
2217,0.39851,3,8.0,8.4,True,19609,19098,0.026346631348133087,0.000521190881693771,0.97
2218,0.39824,5,6.0,6.2,True,19614,19103,0.025875290855765343,0.0005209755533747867,0.97
2219,0.39797,4,7.0,7.4,True,19618,19107,0.02443329617381096,0.000520760197035778,0.97
2220,0.3977,4,7.0,7.2,True,19622,19111,0.0272318534553051,0.0005205448127617643,0.97
2221,0.39743,14,-23.0,-22.8,False,19636,19125,0.024303659796714783,0.0005203294006377756,0.96
2222,0.39716,1,10.0,10.0,True,19637,19126,0.020688371732831,0.0005201139607488534,0.96
2223,0.39689,1,10.0,10.0,True,19638,19127,0.01624252460896969,0.0005198984931800498,0.96
2224,0.39661,7,4.0,4.4,True,19645,19134,0.027117179706692696,0.0005196829980164282,0.96
2225,0.39634,25,-14.0,-13.4,True,19670,19159,0.027440939098596573,0.0005194674753430626,0.96
2226,0.39607,6,5.0,5.6,True,19676,19165,0.02522178180515766,0.0005192519252450377,0.96
2227,0.3958,1,10.0,10.0,True,19677,19166,0.021969571709632874,0.0005190363478074495,0.96
2228,0.39553,7,4.0,4.2,True,19684,19173,0.026761246845126152,0.0005188207431154045,0.96
2229,0.39526,6,5.0,5.4,True,19690,19179,0.02615485154092312,0.0005186051112540201,0.96
2230,0.39499,2,9.0,9.0,True,19692,19181,0.02900310605764389,0.0005183894523084242,0.96
2231,0.39471,2,9.0,9.2,True,19694,19183,0.022361911833286285,0.0005181737663637557,0.96
2232,0.39444,12,-1.0,-0.4,True,19706,19195,0.029797956347465515,0.0005179580535051638,0.97
2233,0.39417,2,9.0,9.2,True,19708,19197,0.019673271104693413,0.0005177423138178088,0.97
2234,0.3939,1,10.0,10.0,True,19709,19198,0.023287860676646233,0.0005175265473868609,0.97
2235,0.39363,1,10.0,10.0,True,19710,19199,0.013823084533214569,0.0005173107542975017,0.97
2236,0.39336,2,9.0,9.2,True,19712,19201,0.023910369724035263,0.0005170949346349227,0.97
2237,0.39309,5,-14.0,-14.0,False,19717,19206,0.028568288311362267,0.000516879088484326,0.96
2238,0.39281,4,7.0,7.2,True,19721,19210,0.026352470740675926,0.0005166632159309243,0.96
2239,0.39254,16,-5.0,-4.8,True,19737,19226,0.02599388360977173,0.0005164473170599408,0.96
2240,0.39227,5,6.0,6.8,True,19742,19231,0.02518771030008793,0.0005162313919566087,0.96
2241,0.392,3,8.0,8.4,True,19745,19234,0.02645033597946167,0.0005160154407061721,0.96
2242,0.39173,1,10.0,10.0,True,19746,19235,0.014955681748688221,0.000515799463393885,0.96
2243,0.39146,5,6.0,6.4,True,19751,19240,0.021285558119416237,0.0005155834601050117,0.96
2244,0.39119,3,8.0,8.4,True,19754,19243,0.02565457485616207,0.000515367430924827,0.96
2245,0.39091,4,7.0,7.2,True,19758,19247,0.020632946863770485,0.0005151513759386158,0.96
2246,0.39064,6,5.0,5.4,True,19764,19253,0.02468317560851574,0.0005149352952316732,0.96
2247,0.39037,2,9.0,9.0,True,19766,19255,0.03761139512062073,0.0005147191888893046,0.96
2248,0.3901,6,5.0,5.6,True,19772,19261,0.032870832830667496,0.0005145030569968249,0.96
2249,0.38983,12,-21.0,-21.0,False,19784,19273,0.034131161868572235,0.0005142868996395599,0.95
2250,0.38956,10,1.0,1.4,True,19794,19283,0.029468799009919167,0.0005140707169028451,0.95
2251,0.38929,5,6.0,6.4,True,19799,19288,0.030491799116134644,0.0005138545088720259,0.95
2252,0.38901,1,10.0,10.0,True,19800,19289,0.02330121584236622,0.0005136382756324578,0.95
2253,0.38874,1,10.0,10.0,True,19801,19290,0.051672231405973434,0.0005134220172695064,0.95
2254,0.38847,4,7.0,7.4,True,19805,19294,0.030217468738555908,0.000513205733868547,0.95
2255,0.3882,1,10.0,10.0,True,19806,19295,0.05938059464097023,0.0005129894255149649,0.95
2256,0.38793,6,5.0,5.6,True,19812,19301,0.030507154762744904,0.0005127730922941551,0.95
2257,0.38766,4,7.0,7.6,True,19816,19305,0.03345181420445442,0.0005125567342915225,0.95
2258,0.38739,1,10.0,10.0,True,19817,19306,0.04373893514275551,0.0005123403515924819,0.95
2259,0.38711,3,8.0,8.4,True,19820,19309,0.0259372740983963,0.000512123944282458,0.95
2260,0.38684,5,6.0,6.0,True,19825,19314,0.03181102126836777,0.0005119075124468845,0.95
2261,0.38657,4,7.0,7.6,True,19829,19318,0.029431017115712166,0.0005116910561712057,0.95
2262,0.3863,3,8.0,8.4,True,19832,19321,0.031913433223962784,0.0005114745755408749,0.95
2263,0.38603,9,2.0,2.2,True,19841,19330,0.029173096641898155,0.0005112580706413552,0.95
2264,0.38576,8,3.0,3.6,True,19849,19338,0.027231909334659576,0.0005110415415581193,0.95
2265,0.38549,1,10.0,10.0,True,19850,19339,0.0270001869648695,0.0005108249883766495,0.95
2266,0.38521,4,7.0,7.6,True,19854,19343,0.021863028407096863,0.0005106084111824378,0.95
2267,0.38494,10,1.0,1.6,True,19864,19353,0.029328305274248123,0.000510391810060985,0.95
2268,0.38467,2,9.0,9.2,True,19866,19355,0.024623092263936996,0.000510175185097802,0.95
2269,0.3844,4,7.0,7.2,True,19870,19359,0.022078614681959152,0.0005099585363784089,0.95
2270,0.38413,14,-3.0,-2.2,True,19884,19373,0.02718849666416645,0.0005097418639883354,0.95
2271,0.38386,1,10.0,10.0,True,19885,19374,0.02001657336950302,0.0005095251680131198,0.95
2272,0.38359,1,-10.0,-10.0,False,19886,19375,0.024429457262158394,0.0005093084485383109,0.94
2273,0.38331,1,10.0,10.0,True,19887,19376,0.029047301039099693,0.0005090917056494655,0.94
2274,0.38304,8,3.0,3.6,True,19895,19384,0.025132909417152405,0.0005088749394321509,0.94
2275,0.38277,4,7.0,7.4,True,19899,19388,0.028540588915348053,0.0005086581499719424,0.94
2276,0.3825,2,9.0,9.2,True,19901,19390,0.03772138059139252,0.0005084413373544252,0.94
2277,0.38223,4,7.0,7.6,True,19905,19394,0.026272041723132133,0.0005082245016651936,0.94
2278,0.38196,4,7.0,7.6,True,19909,19398,0.026297422125935555,0.0005080076429898508,0.94
2279,0.38169,6,5.0,5.4,True,19915,19404,0.025117002427577972,0.0005077907614140091,0.94
2280,0.38141,1,-10.0,-10.0,False,19916,19405,0.02965042181313038,0.0005075738570232902,0.93
2281,0.38114,9,2.0,2.8,True,19925,19414,0.021493352949619293,0.0005073569299033243,0.93
2282,0.38087,3,8.0,8.4,True,19928,19417,0.02411837689578533,0.0005071399801397509,0.93
2283,0.3806,2,9.0,9.2,True,19930,19419,0.025213316082954407,0.0005069230078182182,0.93
2284,0.38033,2,9.0,9.0,True,19932,19421,0.02699369564652443,0.0005067060130243834,0.93
2285,0.38006,1,10.0,10.0,True,19933,19422,0.021147236227989197,0.0005064889958439129,0.93
2286,0.37979,3,8.0,8.4,True,19936,19425,0.016430987045168877,0.0005062719563624814,0.93
2287,0.37951,4,7.0,7.2,True,19940,19429,0.026267830282449722,0.0005060548946657726,0.93
2288,0.37924,7,4.0,4.2,True,19947,19436,0.023257890716195107,0.0005058378108394792,0.93
2289,0.37897,1,10.0,10.0,True,19948,19437,0.027268998324871063,0.0005056207049693024,0.94
2290,0.3787,4,7.0,7.0,True,19952,19441,0.027415260672569275,0.0005054035771409521,0.94
2291,0.37843,4,7.0,7.2,True,19956,19445,0.02433020807802677,0.000505186427440147,0.95
2292,0.37816,2,9.0,9.2,True,19958,19447,0.020534802228212357,0.0005049692559526142,0.95
2293,0.37789,1,10.0,10.0,True,19959,19448,0.04453408345580101,0.0005047520627640898,0.95
2294,0.37761,11,0.0,0.6,True,19970,19459,0.026646602898836136,0.0005045348479603181,0.95
2295,0.37734,6,5.0,5.4,True,19976,19465,0.020487258210778236,0.0005043176116270521,0.95
2296,0.37707,3,8.0,8.4,True,19979,19468,0.02530345879495144,0.0005041003538500533,0.95
2297,0.3768,1,-10.0,-10.0,False,19980,19469,0.02013135887682438,0.0005038830747150915,0.94
2298,0.37653,4,7.0,7.2,True,19984,19473,0.0167206060141325,0.0005036657743079452,0.94
2299,0.37626,4,7.0,7.2,True,19988,19477,0.01982295699417591,0.0005034484527144011,0.94
2300,0.37599,27,-16.0,-15.6,True,20000,19504,0.02135360985994339,0.0005032311100202543,0.94
2301,0.37571,5,6.0,6.2,True,20000,19509,0.02928459644317627,0.0005030137463113084,0.94
2302,0.37544,4,7.0,7.4,True,20000,19513,0.028496012091636658,0.000502796361673375,0.94
2303,0.37517,10,1.0,1.2,True,20000,19523,0.03144631162285805,0.0005025789561922741,0.94
2304,0.3749,2,9.0,9.0,True,20000,19525,0.02228149026632309,0.000502361529953834,0.94
2305,0.37463,3,8.0,8.4,True,20000,19528,0.02740900218486786,0.0005021440830438911,0.94
2306,0.37436,2,9.0,9.2,True,20000,19530,0.03573952615261078,0.00050192661554829,0.94
2307,0.37409,1,10.0,10.0,True,20000,19531,0.019697075709700584,0.0005017091275528834,0.94
2308,0.37381,3,8.0,8.4,True,20000,19534,0.025224605575203896,0.0005014916191435323,0.94
2309,0.37354,5,6.0,6.2,True,20000,19539,0.031483400613069534,0.0005012740904061054,0.94
2310,0.37327,4,-13.0,-12.8,False,20000,19543,0.026833191514015198,0.0005010565414264795,0.93
2311,0.373,4,7.0,7.4,True,20000,19547,0.02736104466021061,0.0005008389722905396,0.93
2312,0.37273,9,2.0,2.4,True,20000,19556,0.027790270745754242,0.0005006213830841788,0.93
2313,0.37246,3,8.0,8.0,True,20000,19559,0.017887085676193237,0.0005004037738932975,0.93
2314,0.37219,3,8.0,8.4,True,20000,19562,0.0237556304782629,0.0005001861448038046,0.93
2315,0.37191,3,8.0,8.2,True,20000,19565,0.029716460034251213,0.0004999684959016164,0.93
2316,0.37164,1,10.0,10.0,True,20000,19566,0.03226429224014282,0.0004997508272726575,0.93
2317,0.37137,3,8.0,8.2,True,20000,19569,0.02339761145412922,0.0004995331390028598,0.93
2318,0.3711,2,9.0,9.2,True,20000,19571,0.031148262321949005,0.0004993154311781633,0.93
2319,0.37083,12,-1.0,-0.4,True,20000,19583,0.02465907298028469,0.0004990977038845157,0.93
2320,0.37056,3,8.0,8.4,True,20000,19586,0.02620024047791958,0.000498879957207872,0.93
2321,0.37029,1,10.0,10.0,True,20000,19587,0.014056562446057796,0.0004986621912341954,0.94
2322,0.37001,4,7.0,7.2,True,20000,19591,0.02249257080256939,0.0004984444060494563,0.94
2323,0.36974,4,7.0,7.4,True,20000,19595,0.02619997225701809,0.0004982266017396329,0.94
2324,0.36947,1,10.0,10.0,True,20000,19596,0.02174866385757923,0.000498008778390711,0.94
2325,0.3692,1,10.0,10.0,True,20000,19597,0.02740742266178131,0.0004977909360886836,0.94
2326,0.36893,6,5.0,5.4,True,20000,19603,0.02417059801518917,0.0004975730749195514,0.94
2327,0.36866,5,6.0,6.6,True,20000,19608,0.025051254779100418,0.0004973551949693228,0.94
2328,0.36839,14,-3.0,-2.2,True,20000,19622,0.027211269363760948,0.0004971372963240132,0.94
2329,0.36811,6,5.0,5.6,True,20000,19628,0.02272566221654415,0.0004969193790696455,0.94
2330,0.36784,9,2.0,2.6,True,20000,19637,0.02776733972132206,0.0004967014432922499,0.94
2331,0.36757,3,8.0,8.4,True,20000,19640,0.028073720633983612,0.0004964834890778642,0.94
2332,0.3673,2,9.0,9.2,True,20000,19642,0.02120564505457878,0.0004962655165125331,0.94
2333,0.36703,3,8.0,8.0,True,20000,19645,0.02478604204952717,0.0004960475256823088,0.94
2334,0.36676,3,8.0,8.4,True,20000,19648,0.014541029930114746,0.0004958295166732504,0.94
2335,0.36649,11,0.0,0.8,True,20000,19659,0.02341604419052601,0.000495611489571425,0.94
2336,0.36621,4,7.0,7.2,True,20000,19663,0.027393516153097153,0.0004953934444629057,0.94
2337,0.36594,1,10.0,10.0,True,20000,19664,0.01884540356695652,0.0004951753814337734,0.95
2338,0.36567,3,8.0,8.4,True,20000,19667,0.016965555027127266,0.000494957300570116,0.95
2339,0.3654,5,6.0,6.8,True,20000,19672,0.026305902749300003,0.0004947392019580282,0.95
2340,0.36513,7,4.0,4.4,True,20000,19679,0.022043883800506592,0.000494521085683612,0.95
2341,0.36486,5,6.0,6.4,True,20000,19684,0.01901848241686821,0.0004943029518329764,0.95
2342,0.36459,4,7.0,7.6,True,20000,19688,0.026077643036842346,0.0004940848004922369,0.95
2343,0.36431,2,9.0,9.2,True,20000,19690,0.01948666200041771,0.0004938666317475166,0.95
2344,0.36404,6,5.0,5.2,True,20000,19696,0.023850252851843834,0.0004936484456849446,0.95
2345,0.36377,5,6.0,6.4,True,20000,19701,0.019623801112174988,0.0004934302423906575,0.95
2346,0.3635,1,10.0,10.0,True,20000,19702,0.028876693919301033,0.0004932120219507984,0.95
2347,0.36323,4,7.0,7.6,True,20000,19706,0.0274747833609581,0.0004929937844515176,0.95
2348,0.36296,3,8.0,8.4,True,20000,19709,0.02388232946395874,0.0004927755299789714,0.95
2349,0.36269,12,-1.0,-0.4,True,20000,19721,0.021632516756653786,0.0004925572586193235,0.96
2350,0.36241,4,7.0,7.2,True,20000,19725,0.025006167590618134,0.0004923389704587438,0.96
2351,0.36214,11,0.0,1.0,True,20000,19736,0.025293953716754913,0.0004921206655834091,0.96
2352,0.36187,3,8.0,8.4,True,20000,19739,0.021252697333693504,0.0004919023440795027,0.96
2353,0.3616,9,2.0,2.6,True,20000,19748,0.023578086867928505,0.0004916840060332146,0.96
2354,0.36133,4,7.0,7.2,True,20000,19752,0.03091931715607643,0.000491465651530741,0.96
2355,0.36106,2,9.0,9.2,True,20000,19754,0.022767595946788788,0.0004912472806582848,0.96
2356,0.36079,5,6.0,6.0,True,20000,19759,0.023071885108947754,0.0004910288935020555,0.96
2357,0.36051,7,4.0,4.8,True,20000,19766,0.027443289756774902,0.0004908104901482687,0.96
2358,0.36024,4,7.0,7.6,True,20000,19770,0.025907615199685097,0.0004905920706831468,0.96
2359,0.35997,7,4.0,4.4,True,20000,19777,0.024974903091788292,0.0004903736351929181,0.96
2360,0.3597,4,7.0,7.6,True,20000,19781,0.02379147708415985,0.0004901551837638178,0.96
2361,0.35943,4,7.0,7.6,True,20000,19785,0.026309598237276077,0.0004899367164820868,0.96
2362,0.35916,10,1.0,2.0,True,20000,19795,0.023644233122467995,0.0004897182334339727,0.96
2363,0.35889,6,5.0,5.6,True,20000,19801,0.026363959535956383,0.000489499734705729,0.96
2364,0.35861,6,5.0,5.4,True,20000,19807,0.028438204899430275,0.0004892812203836155,0.96
2365,0.35834,3,8.0,8.4,True,20000,19810,0.027028441429138184,0.0004890626905538984,0.96
2366,0.35807,5,6.0,6.8,True,20000,19815,0.024245206266641617,0.0004888441453028497,0.96
2367,0.3578,3,8.0,8.4,True,20000,19818,0.02960881032049656,0.0004886255847167475,0.96
2368,0.35753,3,8.0,8.4,True,20000,19821,0.02429320476949215,0.0004884070088818763,0.96
2369,0.35726,2,9.0,9.2,True,20000,19823,0.023400839418172836,0.0004881884178845261,0.96
2370,0.35699,3,8.0,8.4,True,20000,19826,0.02972714602947235,0.0004879698118109934,0.96
2371,0.35671,1,10.0,10.0,True,20000,19827,0.022013604640960693,0.00048775119074758036,0.96
2372,0.35644,3,8.0,8.4,True,20000,19830,0.02633185125887394,0.00048753255478059494,0.97
2373,0.35617,3,8.0,8.4,True,20000,19833,0.02476692758500576,0.00048731390399635137,0.97
2374,0.3559,2,-11.0,-10.8,False,20000,19835,0.026257649064064026,0.00048709523848116943,0.96
2375,0.35563,2,9.0,9.2,True,20000,19837,0.026250645518302917,0.0004868765583213748,0.96
2376,0.35536,8,3.0,3.2,True,20000,19845,0.029694998636841774,0.00048665786360329894,0.96
2377,0.35509,4,7.0,7.6,True,20000,19849,0.021550221368670464,0.0004864391544132791,0.96
2378,0.35481,7,4.0,4.4,True,20000,19856,0.021414844319224358,0.00048622043083765824,0.96
2379,0.35454,5,6.0,6.2,True,20000,19861,0.025460610166192055,0.00048600169296278493,0.96
2380,0.35427,4,7.0,7.2,True,20000,19865,0.02444186992943287,0.0004857829408750133,0.97
2381,0.354,4,7.0,7.6,True,20000,19869,0.018868274986743927,0.00048556417466070334,0.97
2382,0.35373,9,2.0,2.8,True,20000,19878,0.020590247586369514,0.00048534539440622045,0.97
2383,0.35346,1,-10.0,-10.0,False,20000,19879,0.025152483955025673,0.0004851266001979355,0.96
2384,0.35319,3,8.0,8.0,True,20000,19882,0.020165281370282173,0.0004849077921222252,0.96
2385,0.35291,1,10.0,10.0,True,20000,19883,0.022328412160277367,0.0004846889702654715,0.96
2386,0.35264,12,-21.0,-20.8,False,20000,19895,0.024034127593040466,0.00048447013471406155,0.95
2387,0.35237,6,5.0,6.0,True,20000,19901,0.022000370547175407,0.00048425128555438845,0.95
2388,0.3521,6,5.0,5.8,True,20000,19907,0.021533071994781494,0.00048403242287285014,0.95
2389,0.35183,5,6.0,6.8,True,20000,19912,0.024050043895840645,0.0004838135467558502,0.95
2390,0.35156,3,8.0,8.4,True,20000,19915,0.017915142700076103,0.0004835946572897977,0.95
2391,0.35129,3,8.0,8.0,True,20000,19918,0.018481533974409103,0.00048337575456110633,0.95
2392,0.35101,3,8.0,8.4,True,20000,19921,0.02397727221250534,0.0004831568386561957,0.95
2393,0.35074,4,7.0,7.4,True,20000,19925,0.022283969447016716,0.00048293790966149035,0.95
2394,0.35047,2,9.0,9.2,True,20000,19927,0.018511317670345306,0.0004827189676634198,0.95
2395,0.3502,1,10.0,10.0,True,20000,19928,0.02026701159775257,0.00048250001274841893,0.95
2396,0.34993,1,10.0,10.0,True,20000,19929,0.020095273852348328,0.0004822810450029279,0.95
2397,0.34966,8,3.0,3.6,True,20000,19937,0.021576663479208946,0.00048206206451339144,0.96
2398,0.34939,7,4.0,4.8,True,20000,19944,0.02211134135723114,0.0004818430713662597,0.96
2399,0.34911,5,6.0,6.4,True,20000,19949,0.021692339330911636,0.00048162406564798764,0.96
2400,0.34884,5,6.0,6.4,True,20000,19954,0.02086378075182438,0.00048140504744503533,0.96
2401,0.34857,8,3.0,3.6,True,20000,19962,0.022869426757097244,0.00048118601684386776,0.96
2402,0.3483,2,9.0,9.2,True,20000,19964,0.022323407232761383,0.0004809669739309545,0.96
2403,0.34803,2,9.0,9.2,True,20000,19966,0.021529652178287506,0.0004807479187927703,0.96
2404,0.34776,1,10.0,10.0,True,20000,19967,0.019438767805695534,0.00048052885151579486,0.96
2405,0.34749,3,8.0,8.4,True,20000,19970,0.019483625888824463,0.0004803097721865122,0.96
2406,0.34721,4,7.0,7.2,True,20000,19974,0.018177740275859833,0.0004800906808914115,0.96
2407,0.34694,8,3.0,3.2,True,20000,19982,0.021425357088446617,0.00047987157771698665,0.96
2408,0.34667,3,8.0,8.4,True,20000,19985,0.017496250569820404,0.0004796524627497359,0.96
2409,0.3464,1,10.0,10.0,True,20000,19986,0.038695771247148514,0.0004794333360761625,0.96
2410,0.34613,1,10.0,10.0,True,20000,19987,0.019271470606327057,0.0004792141977827741,0.97
2411,0.34586,4,-13.0,-12.6,False,20000,19991,0.02055107057094574,0.0004789950479560831,0.96
2412,0.34559,2,9.0,9.0,True,20000,19993,0.0170400720089674,0.0004787758866826065,0.96
2413,0.34531,32,-21.0,-20.2,True,20000,20025,0.02662872150540352,0.0004785567140488654,0.96
2414,0.34504,1,10.0,10.0,True,20000,20026,0.02200130932033062,0.00047833753014138577,0.96
2415,0.34477,1,10.0,10.0,True,20000,20027,0.026280799880623817,0.00047811833504669815,0.96
2416,0.3445,16,-5.0,-4.4,True,20000,20043,0.02713502198457718,0.00047789912885133715,0.96
2417,0.34423,4,7.0,7.6,True,20000,20047,0.023630011826753616,0.00047767991164184183,0.96
2418,0.34396,3,8.0,8.0,True,20000,20050,0.04398826137185097,0.00047746068350475586,0.96
2419,0.34369,3,8.0,8.2,True,20000,20053,0.026803383603692055,0.0004772414445266269,0.96
2420,0.34341,4,7.0,7.2,True,20000,20057,0.027993904426693916,0.0004770221947940071,0.96
2421,0.34314,1,-10.0,-10.0,False,20000,20058,0.022111093625426292,0.00047680293439345266,0.95
2422,0.34287,5,6.0,6.0,True,20000,20063,0.027794282883405685,0.0004765836634115242,0.95
2423,0.3426,8,3.0,3.2,True,20000,20071,0.02298225648701191,0.00047636438193478654,0.95
2424,0.34233,2,9.0,9.2,True,20000,20073,0.03012019395828247,0.00047614509004980835,0.95
2425,0.34206,5,6.0,6.4,True,20000,20078,0.02605806291103363,0.00047592578784316265,0.95
2426,0.34179,4,7.0,7.2,True,20000,20082,0.024350296705961227,0.0004757064754014265,0.95
2427,0.34151,3,8.0,8.2,True,20000,20085,0.027556369081139565,0.00047548715281118105,0.95
2428,0.34124,3,-12.0,-11.6,False,20000,20088,0.02547217719256878,0.00047526782015901126,0.94
2429,0.34097,5,6.0,6.8,True,20000,20093,0.021692952141165733,0.00047504847753150625,0.94
2430,0.3407,2,9.0,9.0,True,20000,20095,0.01973065175116062,0.00047482912501525896,0.94
2431,0.34043,3,8.0,8.4,True,20000,20098,0.031066128984093666,0.00047460976269686646,0.94
2432,0.34016,1,10.0,10.0,True,20000,20099,0.027588745579123497,0.0004743903906629292,0.94
2433,0.33989,6,5.0,5.6,True,20000,20105,0.027750583365559578,0.000474171009000052,0.94
2434,0.33961,5,6.0,6.2,True,20000,20110,0.024603355675935745,0.00047395161779484335,0.94
2435,0.33934,2,9.0,9.2,True,20000,20112,0.032910775393247604,0.00047373221713391527,0.94
2436,0.33907,6,5.0,5.6,True,20000,20118,0.023362284526228905,0.0004735128071038837,0.94
2437,0.3388,9,2.0,2.4,True,20000,20127,0.023963991552591324,0.0004732933877913683,0.94
2438,0.33853,5,6.0,6.6,True,20000,20132,0.02330067567527294,0.0004730739592829922,0.94
2439,0.33826,1,10.0,10.0,True,20000,20133,0.017187179997563362,0.0004728545216653825,0.94
2440,0.33799,1,10.0,10.0,True,20000,20134,0.01596660353243351,0.00047263507502516957,0.94
2441,0.33771,1,-10.0,-10.0,False,20000,20135,0.023729464039206505,0.0004724156194489874,0.93
2442,0.33744,11,0.0,0.8,True,20000,20146,0.025486983358860016,0.00047219615502347374,0.93
2443,0.33717,6,5.0,5.4,True,20000,20152,0.021802956238389015,0.0004719766818352696,0.93
2444,0.3369,5,6.0,6.4,True,20000,20157,0.02581121399998665,0.00047175719997101946,0.93
2445,0.33663,3,8.0,8.4,True,20000,20160,0.01723896898329258,0.0004715377095173714,0.93
2446,0.33636,2,9.0,9.0,True,20000,20162,0.029023759067058563,0.0004713182105609768,0.93
2447,0.33609,2,9.0,9.2,True,20000,20164,0.027471434324979782,0.0004710987031884901,0.93
2448,0.33581,4,7.0,7.2,True,20000,20168,0.022030483931303024,0.0004708791874865697,0.93
2449,0.33554,10,1.0,1.8,True,20000,20178,0.022836655378341675,0.0004706596635418766,0.93
2450,0.33527,4,7.0,7.2,True,20000,20182,0.020060265436768532,0.00047044013144107556,0.93
2451,0.335,4,7.0,7.6,True,20000,20186,0.0232441034168005,0.00047022059127083436,0.93
2452,0.33473,14,-3.0,-2.0,True,20000,20200,0.024936048313975334,0.0004700010431178239,0.93
2453,0.33446,2,9.0,9.2,True,20000,20202,0.02602832391858101,0.0004697814870687185,0.93
2454,0.33419,3,8.0,8.4,True,20000,20205,0.032726187258958817,0.00046956192321019515,0.93
2455,0.33391,4,7.0,7.6,True,20000,20209,0.02304401807487011,0.00046934235162893434,0.93
2456,0.33364,5,6.0,6.4,True,20000,20214,0.027318228036165237,0.00046912277241161946,0.93
2457,0.33337,11,0.0,0.2,True,20000,20225,0.02482793480157852,0.0004689031856449368,0.93
2458,0.3331,5,6.0,6.6,True,20000,20230,0.023095790296792984,0.0004686835914155759,0.93
2459,0.33283,5,6.0,6.6,True,20000,20235,0.025625402107834816,0.0004684639898102291,0.93
2460,0.33256,3,8.0,8.4,True,20000,20238,0.02002079039812088,0.0004682443809155913,0.93
2461,0.33229,1,10.0,10.0,True,20000,20239,0.031992752104997635,0.000468024764818361,0.93
2462,0.33201,2,9.0,9.2,True,20000,20241,0.022759009152650833,0.00046780514160523916,0.93
2463,0.33174,5,6.0,6.2,True,20000,20246,0.023359131067991257,0.0004675855113629292,0.93
2464,0.33147,1,10.0,10.0,True,20000,20247,0.019660895690321922,0.00046736587417813783,0.93
2465,0.3312,6,5.0,6.0,True,20000,20253,0.02592109702527523,0.00046714623013757435,0.93
2466,0.33093,15,-4.0,-3.4,True,20000,20268,0.02694634720683098,0.0004669265793279509,0.93
2467,0.33066,3,8.0,8.4,True,20000,20271,0.026093820109963417,0.00046670692183598195,0.93
2468,0.33039,2,9.0,9.2,True,20000,20273,0.026760881766676903,0.00046648725774838467,0.93
2469,0.33011,6,5.0,5.6,True,20000,20279,0.03303726390004158,0.00046626758715187934,0.93
2470,0.32984,6,5.0,5.6,True,20000,20285,0.03279874473810196,0.0004660479101331882,0.93
2471,0.32957,4,7.0,7.0,True,20000,20289,0.024947814643383026,0.00046582822677903614,0.93
2472,0.3293,1,-10.0,-10.0,False,20000,20290,0.024562418460845947,0.00046560853717615095,0.92
2473,0.32903,5,6.0,6.4,True,20000,20295,0.03147374838590622,0.0004653888414112625,0.92
2474,0.32876,1,10.0,10.0,True,20000,20296,0.023865291848778725,0.0004651691395711031,0.93
2475,0.32849,7,4.0,4.8,True,20000,20303,0.03305321931838989,0.0004649494317424077,0.93
2476,0.32821,3,8.0,8.4,True,20000,20306,0.034778792411088943,0.0004647297180119133,0.93
2477,0.32794,3,8.0,8.4,True,20000,20309,0.022915584966540337,0.00046450999846635955,0.93
2478,0.32767,5,6.0,6.4,True,20000,20314,0.028996895998716354,0.00046429027319248823,0.93
2479,0.3274,6,5.0,6.0,True,20000,20320,0.027257492765784264,0.00046407054227704333,0.93
2480,0.32713,6,5.0,5.4,True,20000,20326,0.026988597586750984,0.0004638508058067711,0.93
2481,0.32686,3,8.0,8.4,True,20000,20329,0.023492887616157532,0.00046363106386842037,0.93
2482,0.32659,3,8.0,8.4,True,20000,20332,0.02095521241426468,0.0004634113165487412,0.93
2483,0.32631,2,9.0,9.2,True,20000,20334,0.027277689427137375,0.00046319156393448673,0.94
2484,0.32604,3,8.0,8.0,True,20000,20337,0.018538698554039,0.00046297180611241175,0.94
2485,0.32577,5,6.0,6.6,True,20000,20342,0.023760173469781876,0.00046275204316927325,0.94
2486,0.3255,5,6.0,6.2,True,20000,20347,0.0311418529599905,0.0004625322751918299,0.95
2487,0.32523,13,-2.0,-1.6,True,20000,20360,0.02887922152876854,0.0004623125022668429,0.95
2488,0.32496,8,3.0,3.6,True,20000,20368,0.021799352020025253,0.00046209272448107495,0.95
2489,0.32469,12,-1.0,-0.8,True,20000,20380,0.019924702122807503,0.00046187294192129096,0.95
2490,0.32441,1,10.0,10.0,True,20000,20381,0.01947411149740219,0.00046165315467425736,0.95
2491,0.32414,1,10.0,10.0,True,20000,20382,0.015686282888054848,0.0004614333628267429,0.95
2492,0.32387,2,9.0,9.2,True,20000,20384,0.025919698178768158,0.000461213566465518,0.95
2493,0.3236,11,0.0,1.0,True,20000,20395,0.022938942536711693,0.00046099376567735456,0.95
2494,0.32333,3,8.0,8.0,True,20000,20398,0.0219084694981575,0.00046077396054902654,0.95
2495,0.32306,3,-12.0,-12.0,False,20000,20401,0.029534781351685524,0.00046055415116730953,0.94
2496,0.32279,10,1.0,1.8,True,20000,20411,0.02268817462027073,0.0004603343376189808,0.94
2497,0.32251,1,-10.0,-10.0,False,20000,20412,0.02206246554851532,0.00046011451999081914,0.93
2498,0.32224,3,8.0,8.4,True,20000,20415,0.01863004080951214,0.00045989469836960533,0.93
2499,0.32197,1,10.0,10.0,True,20000,20416,0.038412582129240036,0.00045967487284212115,0.93
2500,0.3217,1,10.0,10.0,True,20000,20417,0.01689961366355419,0.00045945504349515057,0.93
2501,0.32143,7,4.0,4.6,True,20000,20424,0.021091585978865623,0.0004592352104154784,0.93
2502,0.32116,3,8.0,8.4,True,20000,20427,0.016833536326885223,0.0004590153736898914,0.93
2503,0.32089,2,9.0,9.2,True,20000,20429,0.027129601687192917,0.00045879553340517773,0.93
2504,0.32061,21,-10.0,-9.2,True,20000,20450,0.02723017707467079,0.00045857568964812677,0.93
2505,0.32034,3,8.0,8.4,True,20000,20453,0.03411685302853584,0.0004583558425055293,0.93
2506,0.32007,6,5.0,5.4,True,20000,20459,0.024031735956668854,0.0004581359920641776,0.93
2507,0.3198,4,7.0,7.6,True,20000,20463,0.020384911447763443,0.00045791613841086496,0.93
2508,0.31953,3,8.0,8.4,True,20000,20466,0.02330421842634678,0.00045769628163238636,0.93
2509,0.31926,1,-10.0,-10.0,False,20000,20467,0.02959146536886692,0.00045747642181553764,0.92
2510,0.31899,3,8.0,8.0,True,20000,20470,0.02692229114472866,0.0004572565590471159,0.92
2511,0.31871,5,6.0,6.0,True,20000,20475,0.016903085634112358,0.0004570366934139197,0.93
2512,0.31844,1,10.0,10.0,True,20000,20476,0.021282367408275604,0.0004568168250027484,0.93
2513,0.31817,12,-21.0,-21.2,False,20000,20488,0.022069593891501427,0.0004565969539004024,0.92
2514,0.3179,5,6.0,6.8,True,20000,20493,0.016477737575769424,0.00045637708019368356,0.92
2515,0.31763,3,8.0,8.4,True,20000,20496,0.021841494366526604,0.00045615720396939444,0.92
2516,0.31736,5,6.0,6.6,True,20000,20501,0.026382287964224815,0.0004559373253143387,0.92
2517,0.31709,2,9.0,9.2,True,20000,20503,0.01787501387298107,0.000455717444315321,0.92
2518,0.31681,1,10.0,10.0,True,20000,20504,0.038434527814388275,0.00045549756105914675,0.92
2519,0.31654,2,9.0,9.2,True,20000,20506,0.02224377542734146,0.00045527767563262247,0.92
2520,0.31627,30,-39.0,-38.6,False,20000,20536,0.027803663164377213,0.00045505778812255553,0.91
2521,0.316,7,4.0,4.6,True,20000,20543,0.026306426152586937,0.0004548378986157538,0.92
2522,0.31573,1,10.0,10.0,True,20000,20544,0.026921449229121208,0.0004546180071990264,0.92
2523,0.31546,3,8.0,8.4,True,20000,20547,0.022275662049651146,0.00045439811395918287,0.92
2524,0.31519,10,-19.0,-18.6,False,20000,20557,0.02489902451634407,0.0004541782189830336,0.91
2525,0.31491,1,10.0,10.0,True,20000,20558,0.03949044644832611,0.00045395832235738966,0.91
2526,0.31464,12,-1.0,0.0,True,20000,20570,0.02904200367629528,0.0004537384241690627,0.91
2527,0.31437,6,5.0,5.6,True,20000,20576,0.01953088492155075,0.00045351852450486514,0.91
2528,0.3141,2,9.0,9.2,True,20000,20578,0.02062191441655159,0.0004532986234516099,0.92
2529,0.31383,10,1.0,1.4,True,20000,20588,0.02400505170226097,0.00045307872109611017,0.92
2530,0.31356,2,9.0,9.2,True,20000,20590,0.021384937688708305,0.00045285881752518014,0.92
2531,0.31329,3,8.0,8.2,True,20000,20593,0.027350351214408875,0.00045263891282563436,0.92
2532,0.31301,3,8.0,8.2,True,20000,20596,0.0291003230959177,0.00045241900708428744,0.92
2533,0.31274,15,-4.0,-3.8,True,20000,20611,0.02441619709134102,0.000452199100387955,0.92
2534,0.31247,2,9.0,9.2,True,20000,20613,0.01844630017876625,0.0004519791928234524,0.92
2535,0.3122,4,7.0,7.2,True,20000,20617,0.018880527466535568,0.0004517592844775959,0.92
2536,0.31193,19,-8.0,-7.4,True,20000,20636,0.025270605459809303,0.0004515393754372017,0.92
2537,0.31166,3,8.0,8.4,True,20000,20639,0.03321639075875282,0.00045131946578908644,0.92
2538,0.31139,12,-1.0,-0.8,True,20000,20651,0.024148663505911827,0.00045109955562006704,0.92
2539,0.31111,1,10.0,10.0,True,20000,20652,0.01895158551633358,0.0004508796450169606,0.92
2540,0.31084,2,9.0,9.2,True,20000,20654,0.019918318837881088,0.000450659734066584,0.92
2541,0.31057,2,9.0,9.2,True,20000,20656,0.023498516529798508,0.000450439822855755,0.93
2542,0.3103,1,10.0,10.0,True,20000,20657,0.01395682618021965,0.000450219911471291,0.93
2543,0.31003,7,4.0,4.6,True,20000,20664,0.023588160052895546,0.0004500000000000092,0.93
2544,0.30976,8,3.0,3.6,True,20000,20672,0.019777489826083183,0.00044978008852872753,0.93
2545,0.30949,3,8.0,8.4,True,20000,20675,0.024493148550391197,0.00044956017714426334,0.93
2546,0.30921,6,5.0,5.6,True,20000,20681,0.019801858812570572,0.00044934026593343435,0.93
2547,0.30894,2,9.0,9.2,True,20000,20683,0.021724898368120193,0.00044912035498305793,0.93
2548,0.30867,4,7.0,7.2,True,20000,20687,0.022259360179305077,0.0004489004443799513,0.93
2549,0.3084,3,8.0,8.4,True,20000,20690,0.021838540211319923,0.00044868053421093186,0.93
2550,0.30813,4,7.0,7.2,True,20000,20694,0.027058573439717293,0.00044846062456281675,0.93
2551,0.30786,4,7.0,7.2,True,20000,20698,0.021351218223571777,0.00044824071552242254,0.93
2552,0.30759,3,8.0,8.4,True,20000,20701,0.02826625108718872,0.000448020807176566,0.93
2553,0.30731,2,9.0,9.2,True,20000,20703,0.019583582878112793,0.00044780089961206354,0.93
2554,0.30704,1,10.0,10.0,True,20000,20704,0.024865543469786644,0.0004475809929157311,0.93
2555,0.30677,6,5.0,5.6,True,20000,20710,0.025868045166134834,0.0004473610871743842,0.93
2556,0.3065,12,-21.0,-21.0,False,20000,20722,0.021229756996035576,0.0004471411824748384,0.92
2557,0.30623,3,8.0,8.4,True,20000,20725,0.01829511485993862,0.00044692127890390835,0.92
2558,0.30596,6,5.0,5.2,True,20000,20731,0.021553387865424156,0.00044670137654840886,0.92
2559,0.30569,1,10.0,10.0,True,20000,20732,0.022462286055088043,0.0004464814754951535,0.92
2560,0.30541,8,3.0,3.6,True,20000,20740,0.01989697851240635,0.0004462615758309559,0.92
2561,0.30514,3,8.0,8.0,True,20000,20743,0.01638905704021454,0.00044604167764262896,0.92
2562,0.30487,5,6.0,6.4,True,20000,20748,0.02693619206547737,0.000445821781016985,0.92
2563,0.3046,1,-10.0,-10.0,False,20000,20749,0.02414420060813427,0.0004456018860408357,0.91
2564,0.30433,3,8.0,8.4,True,20000,20752,0.02315392531454563,0.0004453819928009922,0.91
2565,0.30406,2,9.0,9.2,True,20000,20754,0.026003967970609665,0.00044516210138426484,0.91
2566,0.30379,2,-11.0,-10.8,False,20000,20756,0.022077562287449837,0.0004449422118774632,0.9
2567,0.30351,6,5.0,5.2,True,20000,20762,0.021004242822527885,0.00044472232436739616,0.9
2568,0.30324,3,8.0,8.4,True,20000,20765,0.030784383416175842,0.00044450243894087187,0.9
2569,0.30297,3,8.0,8.0,True,20000,20768,0.025418847799301147,0.00044428255568469775,0.9
2570,0.3027,8,3.0,3.4,True,20000,20776,0.023382248356938362,0.00044406267468568,0.9
2571,0.30243,3,8.0,8.0,True,20000,20779,0.024481572210788727,0.0004438427960306242,0.9
2572,0.30216,1,10.0,10.0,True,20000,20780,0.031609248369932175,0.0004436229198063351,0.91
2573,0.30189,4,7.0,7.2,True,20000,20784,0.02862662449479103,0.0004434030460996163,0.91
2574,0.30161,2,9.0,9.2,True,20000,20786,0.02741861715912819,0.0004431831749972703,0.91
2575,0.30134,1,10.0,10.0,True,20000,20787,0.03186335787177086,0.00044296330658609895,0.91
2576,0.30107,4,7.0,7.0,True,20000,20791,0.019885413348674774,0.00044274344095290266,0.91
2577,0.3008,9,2.0,2.8,True,20000,20800,0.02096579410135746,0.0004425235781844811,0.91
2578,0.30053,4,7.0,7.4,True,20000,20804,0.021764373406767845,0.0004423037183676323,0.91
2579,0.30026,2,9.0,9.2,True,20000,20806,0.02145138382911682,0.00044208386158915366,0.91
2580,0.29999,3,8.0,8.4,True,20000,20809,0.018306387588381767,0.00044186400793584115,0.91
2581,0.29971,4,7.0,7.2,True,20000,20813,0.02168610878288746,0.0004416441574944894,0.91
2582,0.29944,5,6.0,6.4,True,20000,20818,0.02061149850487709,0.0004414243103518919,0.91
2583,0.29917,2,9.0,9.2,True,20000,20820,0.02696641907095909,0.00044120446659484094,0.91
2584,0.2989,1,10.0,10.0,True,20000,20821,0.016246173530817032,0.0004409846263101273,0.91
2585,0.29863,5,6.0,6.6,True,20000,20826,0.03173721581697464,0.0004407647895845403,0.91
2586,0.29836,4,7.0,7.6,True,20000,20830,0.021548476070165634,0.0004405449565048682,0.91
2587,0.29809,1,-10.0,-10.0,False,20000,20831,0.017920689657330513,0.0004403251271578975,0.9
2588,0.29781,2,9.0,9.2,True,20000,20833,0.0177921149879694,0.0004401053016304134,0.9
2589,0.29754,8,3.0,3.6,True,20000,20841,0.024026894941926003,0.0004398854800091995,0.9
2590,0.29727,3,8.0,8.4,True,20000,20844,0.02368777245283127,0.0004396656623810378,0.9
2591,0.297,3,8.0,8.4,True,20000,20847,0.023754052817821503,0.0004394458488327091,0.9
2592,0.29673,1,10.0,10.0,True,20000,20848,0.04480789229273796,0.0004392260394509921,0.9
2593,0.29646,1,10.0,10.0,True,20000,20849,0.028572315350174904,0.000439006234322664,0.9
2594,0.29619,2,9.0,9.2,True,20000,20851,0.024113737046718597,0.0004387864335345006,0.9
2595,0.29591,3,8.0,8.4,True,20000,20854,0.03241099789738655,0.00043856663717327556,0.91
2596,0.29564,3,8.0,8.2,True,20000,20857,0.02941022999584675,0.00043834684532576115,0.91
2597,0.29537,2,9.0,9.2,True,20000,20859,0.023806657642126083,0.00043812705807872766,0.92
2598,0.2951,1,10.0,10.0,True,20000,20860,0.03116830624639988,0.00043790727551894356,0.92
2599,0.29483,10,-19.0,-18.4,False,20000,20870,0.021031532436609268,0.00043768749773317566,0.91
2600,0.29456,2,9.0,9.2,True,20000,20872,0.025603672489523888,0.00043746772480818865,0.91
2601,0.29429,3,8.0,8.4,True,20000,20875,0.020968971773982048,0.0004372479568307453,0.91
2602,0.29401,2,9.0,9.2,True,20000,20877,0.02056805044412613,0.00043702819388760677,0.91
2603,0.29374,2,9.0,9.2,True,20000,20879,0.01642601005733013,0.0004368084360655318,0.91
2604,0.29347,5,6.0,6.2,True,20000,20884,0.018169131129980087,0.0004365886834512774,0.91
2605,0.2932,3,8.0,8.4,True,20000,20887,0.021371886134147644,0.0004363689361315984,0.91
2606,0.29293,12,-1.0,-0.6,True,20000,20899,0.019365353509783745,0.0004361491941932474,0.91
2607,0.29266,5,6.0,6.8,True,20000,20904,0.01783841848373413,0.0004359294577229753,0.91
2608,0.29239,3,8.0,8.4,True,20000,20907,0.022107437252998352,0.0004357097268075305,0.91
2609,0.29211,2,9.0,9.2,True,20000,20909,0.024061672389507294,0.00043549000153365907,0.92
2610,0.29184,5,6.0,6.8,True,20000,20914,0.01752498187124729,0.00043527028198810536,0.92
2611,0.29157,3,8.0,8.0,True,20000,20917,0.02341657690703869,0.00043505056825761103,0.92
2612,0.2913,2,9.0,9.2,True,20000,20919,0.015467625111341476,0.00043483086042891554,0.92
2613,0.29103,1,10.0,10.0,True,20000,20920,0.030697783455252647,0.0004346111585887562,0.93
2614,0.29076,3,8.0,8.0,True,20000,20923,0.02147187851369381,0.00043439146282386767,0.93
2615,0.29049,2,9.0,9.2,True,20000,20925,0.026436876505613327,0.0004341717732209825,0.93
2616,0.29021,4,7.0,7.2,True,20000,20929,0.017680568620562553,0.0004339520898668306,0.93
2617,0.28994,1,10.0,10.0,True,20000,20930,0.01492371130734682,0.00043373241284813934,0.93
2618,0.28967,3,8.0,8.4,True,20000,20933,0.024917379021644592,0.00043351274225163385,0.93
2619,0.2894,3,8.0,8.4,True,20000,20936,0.0249195396900177,0.00043329307816403683,0.93
2620,0.28913,2,-11.0,-11.2,False,20000,20938,0.021396704018115997,0.0004330734206720678,0.93
2621,0.28886,7,4.0,4.8,True,20000,20945,0.017811879515647888,0.00043285376986244427,0.93
2622,0.28859,6,5.0,5.4,True,20000,20951,0.019704783335328102,0.0004326341258218808,0.93
2623,0.28831,1,10.0,10.0,True,20000,20952,0.018583664670586586,0.0004324144886370895,0.93
2624,0.28804,3,8.0,8.4,True,20000,20955,0.020687296986579895,0.0004321948583947796,0.94
2625,0.28777,4,7.0,7.4,True,20000,20959,0.022156668826937675,0.00043197523518165754,0.94
2626,0.2875,2,9.0,9.2,True,20000,20961,0.024881713092327118,0.0004317556190844272,0.94
2627,0.28723,4,7.0,7.2,True,20000,20965,0.01718328334391117,0.0004315360101897896,0.94
2628,0.28696,1,10.0,10.0,True,20000,20966,0.021794388070702553,0.0004313164085844426,0.94
2629,0.28669,1,10.0,10.0,True,20000,20967,0.019856683909893036,0.00043109681435508164,0.94
2630,0.28641,1,10.0,10.0,True,20000,20968,0.011726574040949345,0.00043087722758839906,0.94
2631,0.28614,10,1.0,1.8,True,20000,20978,0.018363529816269875,0.00043065764837108423,0.94
2632,0.28587,4,7.0,7.2,True,20000,20982,0.017951762303709984,0.0004304380767898235,0.94
2633,0.2856,2,9.0,9.2,True,20000,20984,0.02765604481101036,0.0004302185129313002,0.94
2634,0.28533,2,9.0,9.2,True,20000,20986,0.02088252454996109,0.0004299989568821947,0.94
2635,0.28506,5,6.0,6.6,True,20000,20991,0.019048061221837997,0.0004297794087291843,0.94
2636,0.28479,6,5.0,5.6,True,20000,20997,0.017199423164129257,0.0004295598685589431,0.94
2637,0.28451,1,10.0,10.0,True,20000,20998,0.014723296277225018,0.00042934033645814206,0.94
2638,0.28424,2,9.0,9.0,True,20000,21000,0.019134579226374626,0.0004291208125134491,0.94
2639,0.28397,7,4.0,4.8,True,20000,21007,0.024785296991467476,0.00042890129681152857,0.94
2640,0.2837,5,6.0,6.4,True,20000,21012,0.02531002089381218,0.0004286817894390419,0.94
2641,0.28343,4,7.0,7.2,True,20000,21016,0.026808252558112144,0.0004284622904826472,0.94
2642,0.28316,6,5.0,5.6,True,20000,21022,0.026204973459243774,0.00042824280002899917,0.94
2643,0.28289,3,8.0,8.4,True,20000,21025,0.03315414860844612,0.00042802331816474914,0.94
2644,0.28261,3,8.0,8.4,True,20000,21028,0.01926112174987793,0.00042780384497654493,0.94
2645,0.28234,9,2.0,3.0,True,20000,21037,0.02110607735812664,0.00042758438055103123,0.94
2646,0.28207,3,8.0,8.4,True,20000,21040,0.029838472604751587,0.0004273649249748492,0.94
2647,0.2818,3,8.0,8.4,True,20000,21043,0.028662845492362976,0.00042714547833463625,0.94
2648,0.28153,4,7.0,7.2,True,20000,21047,0.02493000403046608,0.0004269260407170265,0.94
2649,0.28126,5,6.0,6.6,True,20000,21052,0.02244296297430992,0.0004267066122086505,0.94
2650,0.28099,4,7.0,7.2,True,20000,21056,0.022842297330498695,0.00042648719289613507,0.94
2651,0.28071,2,9.0,9.2,True,20000,21058,0.03126230090856552,0.00042626778286610357,0.94
2652,0.28044,1,10.0,10.0,True,20000,21059,0.018875982612371445,0.00042604838220517544,0.94
2653,0.28017,2,9.0,9.2,True,20000,21061,0.024746879935264587,0.00042582899099996677,0.94
2654,0.2799,6,5.0,5.6,True,20000,21067,0.019007548689842224,0.0004256096093370896,0.94
2655,0.27963,1,10.0,10.0,True,20000,21068,0.01726359874010086,0.0004253902373031524,0.94
2656,0.27936,5,6.0,6.8,True,20000,21073,0.027984028682112694,0.0004251708749847599,0.95
2657,0.27909,3,8.0,8.2,True,20000,21076,0.021024981513619423,0.00042495152246851254,0.95
2658,0.27881,2,9.0,9.2,True,20000,21078,0.03566551208496094,0.0004247321798410076,0.95
2659,0.27854,4,-13.0,-12.4,False,20000,21082,0.017440631985664368,0.00042451284718883774,0.94
2660,0.27827,9,2.0,2.6,True,20000,21091,0.026059037074446678,0.00042429352459859217,0.94
2661,0.278,11,0.0,0.8,True,20000,21102,0.018776077777147293,0.00042407421215685614,0.94
2662,0.27773,10,-19.0,-18.6,False,20000,21112,0.02562105283141136,0.0004238549099502105,0.93
2663,0.27746,9,2.0,2.8,True,20000,21121,0.019758159294724464,0.0004236356180652323,0.94
2664,0.27719,10,1.0,1.6,True,20000,21131,0.01816946640610695,0.0004234163365884945,0.94
2665,0.27691,5,6.0,6.4,True,20000,21136,0.01917440816760063,0.0004231970656065661,0.94
2666,0.27664,2,9.0,9.2,True,20000,21138,0.022345244884490967,0.0004229778052060117,0.95
2667,0.27637,4,7.0,7.2,True,20000,21142,0.01629186049103737,0.00042275855547339197,0.95
2668,0.2761,1,10.0,10.0,True,20000,21143,0.01883876323699951,0.000422539316495263,0.95
2669,0.27583,8,3.0,3.6,True,20000,21151,0.017894674092531204,0.00042232008835817696,0.95
2670,0.27556,7,4.0,4.4,True,20000,21158,0.022456509992480278,0.0004221008711486817,0.95
2671,0.27529,10,1.0,1.8,True,20000,21168,0.019587315618991852,0.00042188166495332063,0.95
2672,0.27501,2,9.0,9.2,True,20000,21170,0.016525492072105408,0.0004216624698586331,0.95
2673,0.27474,1,10.0,10.0,True,20000,21171,0.022427266463637352,0.0004214432859511536,0.95
2674,0.27447,4,7.0,7.2,True,20000,21175,0.02300221100449562,0.0004212241133174125,0.95
2675,0.2742,3,8.0,8.4,True,20000,21178,0.022110333666205406,0.0004210049520439357,0.95
2676,0.27393,8,3.0,3.6,True,20000,21186,0.016730306670069695,0.00042078580221724474,0.95
2677,0.27366,5,6.0,6.4,True,20000,21191,0.02221558429300785,0.0004205666639238563,0.95
2678,0.27339,7,4.0,4.6,True,20000,21198,0.019674526527523994,0.000420347537250283,0.95
2679,0.27311,3,8.0,8.4,True,20000,21201,0.015237276442348957,0.0004201284222830322,0.95
2680,0.27284,3,8.0,8.4,True,20000,21204,0.018267987295985222,0.0004199093191086073,0.95
2681,0.27257,2,9.0,9.2,True,20000,21206,0.014887385070323944,0.0004196902278135066,0.95
2682,0.2723,1,10.0,10.0,True,20000,21207,0.017801489681005478,0.000419471148484224,0.95
2683,0.27203,2,9.0,9.2,True,20000,21209,0.023866266012191772,0.00041925208120724856,0.95
2684,0.27176,4,7.0,7.2,True,20000,21213,0.02434598281979561,0.00041903302606906436,0.95
2685,0.27149,3,8.0,8.0,True,20000,21216,0.01891203783452511,0.00041881398315615114,0.95
2686,0.27121,3,8.0,8.0,True,20000,21219,0.017014043405652046,0.0004185949525549834,0.95
2687,0.27094,4,7.0,7.6,True,20000,21223,0.018911918625235558,0.00041837593435203104,0.96
2688,0.27067,3,8.0,8.4,True,20000,21226,0.024923348799347878,0.00041815692863375907,0.96
2689,0.2704,6,5.0,5.4,True,20000,21232,0.015557863749563694,0.00041793793548662746,0.96
2690,0.27013,5,6.0,6.4,True,20000,21237,0.022847851738333702,0.000417718954997091,0.96
2691,0.26986,21,-10.0,-9.6,True,20000,21258,0.02444053255021572,0.0004174999872515998,0.96
2692,0.26959,1,10.0,10.0,True,20000,21259,0.02561437152326107,0.0004172810323365991,0.96
2693,0.26931,7,4.0,5.0,True,20000,21266,0.021443601697683334,0.0004170620903385286,0.96
2694,0.26904,2,9.0,9.2,True,20000,21268,0.020789412781596184,0.00041684316134382325,0.96
2695,0.26877,1,10.0,10.0,True,20000,21269,0.02290826290845871,0.0004166242454389126,0.96
2696,0.2685,6,5.0,5.8,True,20000,21275,0.02655848301947117,0.00041640534271022143,0.96
2697,0.26823,1,-10.0,-10.0,False,20000,21276,0.026264315471053123,0.00041618645324416873,0.95
2698,0.26796,3,8.0,8.4,True,20000,21279,0.02058865875005722,0.00041596757712716886,0.95
2699,0.26769,6,5.0,5.8,True,20000,21285,0.02206408418715,0.0004157487144456306,0.96
2700,0.26741,9,2.0,2.6,True,20000,21294,0.02275659330189228,0.0004155298652859575,0.96
2701,0.26714,4,7.0,7.4,True,20000,21298,0.019764598459005356,0.0004153110297345476,0.96
2702,0.26687,1,10.0,10.0,True,20000,21299,0.013844653032720089,0.00041509220787779374,0.96
2703,0.2666,4,-13.0,-12.8,False,20000,21303,0.019982464611530304,0.0004148733998020835,0.95
2704,0.26633,9,2.0,2.4,True,20000,21312,0.02046641707420349,0.0004146546055937986,0.95
2705,0.26606,4,7.0,7.2,True,20000,21316,0.018534919247031212,0.0004144358253393158,0.95
2706,0.26579,1,10.0,10.0,True,20000,21317,0.014638316817581654,0.0004142170591250058,0.95
2707,0.26551,5,6.0,6.4,True,20000,21322,0.020331358537077904,0.00041399830703723424,0.95
2708,0.26524,1,10.0,10.0,True,20000,21323,0.018436750397086143,0.00041377956916236077,0.95
2709,0.26497,5,6.0,6.4,True,20000,21328,0.0257637407630682,0.00041356084558673983,0.95
2710,0.2647,7,4.0,4.4,True,20000,21335,0.019600171595811844,0.00041334213639671996,0.95
2711,0.26443,4,7.0,7.4,True,20000,21339,0.023239802569150925,0.00041312344167864423,0.95
2712,0.26416,5,6.0,6.0,True,20000,21344,0.019982824102044106,0.0004129047615188497,0.95
2713,0.26389,4,7.0,7.6,True,20000,21348,0.02748117223381996,0.0004126860960036677,0.95
2714,0.26361,5,6.0,6.6,True,20000,21353,0.021224629133939743,0.00041246744521942407,0.95
2715,0.26334,43,-32.0,-31.2,True,20000,21396,0.024494173005223274,0.00041224880925243876,0.95
2716,0.26307,5,6.0,6.8,True,20000,21401,0.022531338036060333,0.0004120301881890258,0.95
2717,0.2628,1,10.0,10.0,True,20000,21402,0.017874427139759064,0.000411811582115493,0.95
2718,0.26253,3,8.0,8.4,True,20000,21405,0.015092949382960796,0.00041159299111814286,0.95
2719,0.26226,2,9.0,9.2,True,20000,21407,0.015214573591947556,0.00041137441528327163,0.95
2720,0.26199,3,8.0,8.4,True,20000,21410,0.02240985631942749,0.00041115585469716945,0.96
2721,0.26171,3,8.0,8.4,True,20000,21413,0.018171392381191254,0.00041093730944612064,0.96
2722,0.26144,9,2.0,2.8,True,20000,21422,0.021272551268339157,0.0004107187796164036,0.96
2723,0.26117,3,8.0,8.4,True,20000,21425,0.020946769043803215,0.0004105002652942902,0.96
2724,0.2609,3,8.0,8.4,True,20000,21428,0.02550383470952511,0.0004102817665660464,0.96
2725,0.26063,1,10.0,10.0,True,20000,21429,0.031099505722522736,0.0004100632835179322,0.96
2726,0.26036,5,6.0,6.4,True,20000,21434,0.017749860882759094,0.0004098448162362012,0.96
2727,0.26009,3,8.0,8.4,True,20000,21437,0.019723666831851006,0.00040962636480710093,0.96
2728,0.25981,2,9.0,9.2,True,20000,21439,0.02897605299949646,0.0004094079293168723,0.96
2729,0.25954,5,6.0,6.4,True,20000,21444,0.02173687517642975,0.0004091895098517503,0.96
2730,0.25927,3,8.0,8.4,True,20000,21447,0.02053597755730152,0.0004089711064979636,0.96
2731,0.259,3,8.0,8.4,True,20000,21450,0.018764864653348923,0.00040875271934173415,0.96
2732,0.25873,8,3.0,3.6,True,20000,21458,0.017707377672195435,0.0004085343484692779,0.96
2733,0.25846,4,7.0,7.6,True,20000,21462,0.015434321947395802,0.00040831599396680434,0.96
2734,0.25819,4,7.0,7.2,True,20000,21466,0.018503602594137192,0.0004080976559205161,0.96
2735,0.25791,2,9.0,9.2,True,20000,21468,0.015074322931468487,0.0004078793344166097,0.96
2736,0.25764,3,8.0,8.4,True,20000,21471,0.022659718990325928,0.000407661029541275,0.96
2737,0.25737,4,7.0,7.6,True,20000,21475,0.02390184812247753,0.00040744274138069527,0.96
2738,0.2571,1,10.0,10.0,True,20000,21476,0.016028812155127525,0.00040722447002104745,0.96
2739,0.25683,3,8.0,8.4,True,20000,21479,0.01954028755426407,0.0004070062155485013,0.96
2740,0.25656,2,9.0,9.2,True,20000,21481,0.019688177853822708,0.0004067879780492203,0.96
2741,0.25629,4,7.0,7.4,True,20000,21485,0.017182687297463417,0.0004065697576093613,0.96
2742,0.25601,3,8.0,8.4,True,20000,21488,0.022160768508911133,0.0004063515543150742,0.96
2743,0.25574,5,6.0,6.2,True,20000,21493,0.018273448571562767,0.0004061333682525021,0.96
2744,0.25547,4,7.0,7.6,True,20000,21497,0.018314898014068604,0.0004059151995077817,0.96
2745,0.2552,4,7.0,7.2,True,20000,21501,0.020463135093450546,0.0004056970481670422,0.96
2746,0.25493,6,5.0,6.0,True,20000,21507,0.02698686718940735,0.0004054789143164065,0.96
2747,0.25466,1,10.0,10.0,True,20000,21508,0.024614766240119934,0.0004052607980419903,0.96
2748,0.25439,2,9.0,9.2,True,20000,21510,0.017654813826084137,0.00040504269942990255,0.96
2749,0.25411,5,6.0,6.8,True,20000,21515,0.02270938642323017,0.0004048246185662452,0.96
2750,0.25384,2,9.0,9.2,True,20000,21517,0.023015683516860008,0.0004046065555371129,0.96
2751,0.25357,4,7.0,7.6,True,20000,21521,0.02064681239426136,0.0004043885104285935,0.96
2752,0.2533,8,3.0,3.8,True,20000,21529,0.023896368220448494,0.00040417048332676785,0.96
2753,0.25303,6,5.0,5.6,True,20000,21535,0.026693934574723244,0.0004039524743177097,0.96
2754,0.25276,2,9.0,9.2,True,20000,21537,0.03857143595814705,0.00040373448348748534,0.96
2755,0.25249,3,8.0,8.4,True,20000,21540,0.027605287730693817,0.00040351651092215433,0.96
2756,0.25221,2,9.0,9.2,True,20000,21542,0.029170718044042587,0.0004032985567077685,0.96
2757,0.25194,1,10.0,10.0,True,20000,21543,0.02077552303671837,0.000403080620930373,0.96
2758,0.25167,5,6.0,6.4,True,20000,21548,0.021451395004987717,0.00040286270367600514,0.96
2759,0.2514,2,9.0,9.2,True,20000,21550,0.02024637535214424,0.0004026448050306954,0.97
2760,0.25113,1,10.0,10.0,True,20000,21551,0.027485735714435577,0.00040242692508046676,0.97
2761,0.25086,6,5.0,6.0,True,20000,21557,0.022582223638892174,0.00040220906391133466,0.97
2762,0.25059,3,8.0,8.4,True,20000,21560,0.03311790153384209,0.0004019912216093072,0.98
2763,0.25031,6,5.0,5.2,True,20000,21566,0.023222634568810463,0.00040177339826038514,0.98
2764,0.25004,4,7.0,7.6,True,20000,21570,0.02388746291399002,0.0004015555939505617,0.98
2765,0.24977,3,8.0,8.2,True,20000,21573,0.018990440294146538,0.0004013378087658225,0.98
2766,0.2495,3,8.0,8.2,True,20000,21576,0.020423097535967827,0.00040112004279214595,0.98
2767,0.24923,5,6.0,6.4,True,20000,21581,0.02373494952917099,0.0004009022961155022,0.98
2768,0.24896,5,6.0,6.4,True,20000,21586,0.021554328501224518,0.0004006845688218544,0.98
2769,0.24869,5,6.0,6.4,True,20000,21591,0.021518634632229805,0.0004004668609971579,0.98
2770,0.24841,2,9.0,9.2,True,20000,21593,0.021609168499708176,0.0004002491727273601,0.98
2771,0.24814,4,7.0,7.2,True,20000,21597,0.018908608704805374,0.0004000315040984012,0.98
2772,0.24787,2,9.0,9.2,True,20000,21599,0.016273025423288345,0.00039981385519621306,0.98
2773,0.2476,1,10.0,10.0,True,20000,21600,0.019362101331353188,0.0003995962261067201,0.98
2774,0.24733,5,6.0,6.6,True,20000,21605,0.02008775994181633,0.00039937861691583876,0.98
2775,0.24706,3,8.0,8.4,True,20000,21608,0.026573918759822845,0.00039916102770947776,0.98
2776,0.24679,1,10.0,10.0,True,20000,21609,0.02001100592315197,0.000398943458573538,0.98
2777,0.24651,2,9.0,9.2,True,20000,21611,0.01898951083421707,0.00039872590959391224,0.98
2778,0.24624,1,10.0,10.0,True,20000,21612,0.026287823915481567,0.00039850838085648524,0.98
2779,0.24597,4,7.0,7.2,True,20000,21616,0.02508028969168663,0.000398290872447134,0.98
2780,0.2457,4,7.0,7.2,True,20000,21620,0.029644420370459557,0.00039807338445172743,0.98
2781,0.24543,4,7.0,7.2,True,20000,21624,0.028205763548612595,0.0003978559169561263,0.98
2782,0.24516,1,10.0,10.0,True,20000,21625,0.02062378264963627,0.00039763847004618347,0.98
2783,0.24489,45,-45.0,-44.2,False,20000,21670,0.02118903584778309,0.0003974210438077433,0.97
2784,0.24461,1,10.0,10.0,True,20000,21671,0.024932822212576866,0.0003972036383266424,0.97
2785,0.24434,2,9.0,9.2,True,20000,21673,0.016381237655878067,0.0003969862536887089,0.97
2786,0.24407,2,-11.0,-10.8,False,20000,21675,0.01769939810037613,0.0003967688899797629,0.96
2787,0.2438,2,9.0,9.2,True,20000,21677,0.02077186293900013,0.0003965515472856161,0.96
2788,0.24353,2,9.0,9.2,True,20000,21679,0.014411809854209423,0.0003963342256920721,0.96
2789,0.24326,1,10.0,10.0,True,20000,21680,0.014653082005679607,0.00039611692528492573,0.96
2790,0.24299,4,7.0,7.6,True,20000,21684,0.017701178789138794,0.0003958996461499639,0.96
2791,0.24271,2,9.0,9.0,True,20000,21686,0.023347849026322365,0.0003956823883729651,0.96
2792,0.24244,2,9.0,9.2,True,20000,21688,0.020808730274438858,0.0003954651520396991,0.96
2793,0.24217,18,-7.0,-6.4,True,20000,21706,0.022788263857364655,0.0003952479372359275,0.96
2794,0.2419,17,-6.0,-5.2,True,20000,21723,0.018787654116749763,0.00039503074404740305,0.96
2795,0.24163,4,7.0,7.4,True,20000,21727,0.021826814860105515,0.00039481357255987027,0.96
2796,0.24136,4,7.0,7.2,True,20000,21731,0.01710405759513378,0.00039459642285906513,0.96
2797,0.24109,40,-49.0,-48.2,False,20000,21771,0.023555969819426537,0.00039437929503071474,0.96
2798,0.24081,2,9.0,9.2,True,20000,21773,0.03453030437231064,0.00039416218916053786,0.96
2799,0.24054,1,10.0,10.0,True,20000,21774,0.02559778280556202,0.00039394510533424457,0.96
2800,0.24027,7,4.0,5.0,True,20000,21781,0.024003179743885994,0.00039372804363753584,0.96
2801,0.24,2,9.0,9.2,True,20000,21783,0.03242304176092148,0.00039351100415610426,0.96
2802,0.23973,4,7.0,7.6,True,20000,21787,0.02360370010137558,0.0003932939869756336,0.96
2803,0.23946,4,7.0,7.6,True,20000,21791,0.026259656995534897,0.0003930769921817989,0.97
2804,0.23919,1,10.0,10.0,True,20000,21792,0.022752514109015465,0.0003928600198602663,0.97
2805,0.23891,1,10.0,10.0,True,20000,21793,0.023306841030716896,0.00039264307009669275,0.97
2806,0.23864,2,9.0,9.2,True,20000,21795,0.020212773233652115,0.0003924261429767268,0.97
2807,0.23837,3,8.0,8.4,True,20000,21798,0.021693160757422447,0.00039220923858600786,0.97
2808,0.2381,4,-13.0,-13.0,False,20000,21802,0.028538335114717484,0.0003919923570101662,0.96
2809,0.23783,4,7.0,7.2,True,20000,21806,0.024217423051595688,0.0003917754983348234,0.96
2810,0.23756,4,7.0,7.6,True,20000,21810,0.02440912276506424,0.0003915586626455919,0.96
2811,0.23729,2,9.0,9.2,True,20000,21812,0.02087704837322235,0.00039134185002807475,0.96
2812,0.23701,4,7.0,7.6,True,20000,21816,0.021240226924419403,0.0003911250605678662,0.96
2813,0.23674,2,9.0,9.2,True,20000,21818,0.031182462349534035,0.0003909082943505513,0.96
2814,0.23647,5,6.0,6.6,True,20000,21823,0.02120254561305046,0.00039069155146170603,0.96
2815,0.2362,4,7.0,7.6,True,20000,21827,0.023821178823709488,0.00039047483198689705,0.96
2816,0.23593,2,9.0,9.2,True,20000,21829,0.03156557306647301,0.00039025813601168156,0.96
2817,0.23566,1,-10.0,-10.0,False,20000,21830,0.0242413729429245,0.00039004146362160784,0.95
2818,0.23539,11,0.0,0.6,True,20000,21841,0.022047480568289757,0.0003898248149022148,0.95
2819,0.23511,8,3.0,4.0,True,20000,21849,0.02351510152220726,0.0003896081899390318,0.95
2820,0.23484,3,8.0,8.4,True,20000,21852,0.025378763675689697,0.00038939158881757895,0.95
2821,0.23457,6,5.0,5.6,True,20000,21858,0.021648570895195007,0.00038917501162336716,0.95
2822,0.2343,19,-28.0,-27.8,False,20000,21877,0.02138669230043888,0.0003889584584418973,0.94
2823,0.23403,2,9.0,9.2,True,20000,21879,0.016048338264226913,0.0003887419293586615,0.94
2824,0.23376,7,4.0,5.0,True,20000,21886,0.02098877541720867,0.0003885254244591417,0.94
2825,0.23349,2,9.0,9.2,True,20000,21888,0.026151463389396667,0.0003883089438288108,0.94
2826,0.23321,12,-1.0,-0.6,True,20000,21900,0.026160815730690956,0.00038809248755313197,0.94
2827,0.23294,2,9.0,9.2,True,20000,21902,0.037987563759088516,0.0003878760557175586,0.94
2828,0.23267,3,8.0,8.4,True,20000,21905,0.018702538684010506,0.0003876596484075345,0.94
2829,0.2324,6,5.0,5.8,True,20000,21911,0.02075870893895626,0.0003874432657084939,0.94
2830,0.23213,3,8.0,8.4,True,20000,21914,0.021938130259513855,0.0003872269077058614,0.94
2831,0.23186,6,5.0,5.6,True,20000,21920,0.021760083734989166,0.0003870105744850515,0.94
2832,0.23159,2,9.0,9.2,True,20000,21922,0.023109804838895798,0.00038679426613146944,0.94
2833,0.23131,45,-45.0,-44.8,False,20000,21967,0.019121810793876648,0.00038657798273050996,0.93
2834,0.23104,45,-45.0,-45.0,False,20000,22012,0.022046944126486778,0.0003863617243675585,0.92
2835,0.23077,3,8.0,8.4,True,20000,22015,0.019311649724841118,0.0003861454911279904,0.92
2836,0.2305,1,10.0,10.0,True,20000,22016,0.02290378510951996,0.0003859292830971711,0.92
2837,0.23023,3,8.0,8.4,True,20000,22019,0.021735360845923424,0.00038571310036045637,0.92
2838,0.22996,1,10.0,10.0,True,20000,22020,0.03500349447131157,0.0003854969430031914,0.92
2839,0.22969,6,5.0,5.6,True,20000,22026,0.025227924808859825,0.00038528081111071174,0.92
2840,0.22941,1,10.0,10.0,True,20000,22027,0.03521707281470299,0.00038506470476834287,0.92
2841,0.22914,3,8.0,8.4,True,20000,22030,0.02447417564690113,0.0003848486240614003,0.92
2842,0.22887,3,8.0,8.4,True,20000,22033,0.024519065394997597,0.00038463256907518903,0.92
2843,0.2286,1,10.0,10.0,True,20000,22034,0.020471597090363503,0.0003844165398950044,0.92
2844,0.22833,4,-13.0,-12.8,False,20000,22038,0.022365571931004524,0.00038420053660613107,0.91
2845,0.22806,4,7.0,7.6,True,20000,22042,0.022560033947229385,0.00038398455929384385,0.91
2846,0.22779,2,9.0,9.2,True,20000,22044,0.02105957269668579,0.00038376860804340706,0.91
2847,0.22751,2,9.0,9.2,True,20000,22046,0.025356460362672806,0.000383552682940075,0.91
2848,0.22724,1,10.0,10.0,True,20000,22047,0.016076475381851196,0.0003833367840690915,0.91
2849,0.22697,3,8.0,8.2,True,20000,22050,0.01795870065689087,0.00038312091151568973,0.91
2850,0.2267,7,4.0,4.6,True,20000,22057,0.02360096387565136,0.000382905065365093,0.91
2851,0.22643,45,-45.0,-45.2,False,20000,22102,0.0203586146235466,0.00038268924570251386,0.9
2852,0.22616,1,10.0,10.0,True,20000,22103,0.022371791303157806,0.0003824734526131545,0.9
2853,0.22589,2,9.0,9.2,True,20000,22105,0.018877271562814713,0.0003822576861822067,0.9
2854,0.22561,2,9.0,9.2,True,20000,22107,0.020000506192445755,0.00038204194649485163,0.9
2855,0.22534,3,8.0,8.4,True,20000,22110,0.021637754514813423,0.00038182623363625974,0.9
2856,0.22507,4,7.0,7.4,True,20000,22114,0.020337741822004318,0.0003816105476915911,0.9
2857,0.2248,2,9.0,9.2,True,20000,22116,0.017141032963991165,0.00038139488874599527,0.9
2858,0.22453,1,10.0,10.0,True,20000,22117,0.013180349953472614,0.00038117925688461074,0.9
2859,0.22426,5,6.0,6.4,True,20000,22122,0.02199019491672516,0.00038096365219256585,0.9
2860,0.22399,4,7.0,7.4,True,20000,22126,0.019315997138619423,0.0003807480747549776,0.9
2861,0.22371,2,9.0,9.2,True,20000,22128,0.021580025553703308,0.00038053252465695275,0.9
2862,0.22344,4,-13.0,-12.4,False,20000,22132,0.024900667369365692,0.000380317001983587,0.89
2863,0.22317,10,1.0,1.8,True,20000,22142,0.020197829231619835,0.0003801015068199652,0.89
2864,0.2229,5,6.0,6.4,True,20000,22147,0.019959095865488052,0.0003798860392511617,0.89
2865,0.22263,1,10.0,10.0,True,20000,22148,0.021660318598151207,0.00037967059936223956,0.89
2866,0.22236,3,8.0,8.4,True,20000,22151,0.0174166951328516,0.0003794551872382508,0.89
2867,0.22209,1,10.0,10.0,True,20000,22152,0.017770914360880852,0.00037923980296423695,0.89
2868,0.22181,3,8.0,8.0,True,20000,22155,0.025081271305680275,0.00037902444662522833,0.89
2869,0.22154,3,8.0,8.4,True,20000,22158,0.013143382966518402,0.00037880911830624406,0.89
2870,0.22127,3,8.0,8.4,True,20000,22161,0.020836258307099342,0.00037859381809229246,0.89
2871,0.221,3,8.0,8.4,True,20000,22164,0.021572092548012733,0.00037837854606837077,0.89
2872,0.22073,4,7.0,7.6,True,20000,22168,0.02037092298269272,0.0003781633023194647,0.89
2873,0.22046,3,-12.0,-11.6,False,20000,22171,0.018767213448882103,0.00037794808693054915,0.88
2874,0.22019,2,9.0,9.2,True,20000,22173,0.014220459386706352,0.0003777328999865878,0.88
2875,0.21991,3,8.0,8.4,True,20000,22176,0.01646866463124752,0.00037751774157253315,0.88
2876,0.21964,5,6.0,6.4,True,20000,22181,0.01713130995631218,0.0003773026117733262,0.88
2877,0.21937,10,-19.0,-18.8,False,20000,22191,0.019237738102674484,0.00037708751067389685,0.87
2878,0.2191,3,8.0,8.4,True,20000,22194,0.02236197330057621,0.00037687243835916347,0.87
2879,0.21883,4,7.0,7.6,True,20000,22198,0.020538806915283203,0.00037665739491403336,0.87
2880,0.21856,2,9.0,9.2,True,20000,22200,0.015753937885165215,0.00037644238042340225,0.87
2881,0.21829,2,9.0,9.2,True,20000,22202,0.013995710760354996,0.00037622739497215435,0.87
2882,0.21801,2,9.0,9.2,True,20000,22204,0.017698872834444046,0.0003760124386451627,0.87
2883,0.21774,7,4.0,4.4,True,20000,22211,0.019010139629244804,0.0003757975115272884,0.88
2884,0.21747,2,9.0,9.2,True,20000,22213,0.01889939419925213,0.00037558261370338147,0.88
2885,0.2172,3,8.0,8.4,True,20000,22216,0.02483898401260376,0.00037536774525828004,0.88
2886,0.21693,2,9.0,9.2,True,20000,22218,0.03809439763426781,0.00037515290627681083,0.89
2887,0.21666,4,7.0,7.6,True,20000,22222,0.018238721415400505,0.000374938096843789,0.89
2888,0.21639,4,7.0,7.6,True,20000,22226,0.017624374479055405,0.0003747233170440178,0.89
2889,0.21611,3,-12.0,-12.0,False,20000,22229,0.02216147631406784,0.00037450856696228876,0.88
2890,0.21584,1,10.0,10.0,True,20000,22230,0.013562259264290333,0.0003742938466833819,0.88
2891,0.21557,1,10.0,10.0,True,20000,22231,0.013497059233486652,0.00037407915629206553,0.88
2892,0.2153,2,9.0,9.2,True,20000,22233,0.018550941720604897,0.00037386449587309585,0.88
2893,0.21503,4,7.0,7.2,True,20000,22237,0.01907922513782978,0.0003736498655112176,0.88
2894,0.21476,2,9.0,9.2,True,20000,22239,0.03339698165655136,0.00037343526529116304,0.88
2895,0.21449,6,5.0,5.4,True,20000,22245,0.022437863051891327,0.00037322069529765334,0.88
2896,0.21421,3,8.0,8.4,True,20000,22248,0.016634508967399597,0.00037300615561539714,0.88
2897,0.21394,2,9.0,9.2,True,20000,22250,0.02136322855949402,0.00037279164632909135,0.89
2898,0.21367,3,-12.0,-11.6,False,20000,22253,0.02169419825077057,0.000372577167523421,0.88
2899,0.2134,7,4.0,4.4,True,20000,22260,0.029292995110154152,0.0003723627192830586,0.88
2900,0.21313,2,9.0,9.2,True,20000,22262,0.025560282170772552,0.0003721483016926651,0.88
2901,0.21286,6,5.0,5.8,True,20000,22268,0.020535096526145935,0.00037193391483688915,0.88
2902,0.21259,2,9.0,9.2,True,20000,22270,0.01756879687309265,0.0003717195588003673,0.88
2903,0.21231,2,9.0,9.2,True,20000,22272,0.018250416964292526,0.0003715052336677239,0.88
2904,0.21204,7,4.0,4.6,True,20000,22279,0.018932895734906197,0.0003712909395235713,0.88
2905,0.21177,5,6.0,6.8,True,20000,22284,0.020043781027197838,0.0003710766764525091,0.88
2906,0.2115,16,-5.0,-4.8,True,20000,22300,0.02113429829478264,0.0003708624445391251,0.88
2907,0.21123,4,7.0,7.2,True,20000,22304,0.023383209481835365,0.0003706482438679948,0.88
2908,0.21096,1,10.0,10.0,True,20000,22305,0.018497945740818977,0.0003704340745236811,0.89
2909,0.21069,2,9.0,9.2,True,20000,22307,0.023045960813760757,0.0003702199365907348,0.89
2910,0.21041,1,10.0,10.0,True,20000,22308,0.01547471433877945,0.0003700058301536939,0.89
2911,0.21014,3,8.0,8.4,True,20000,22311,0.029181411489844322,0.0003697917552970845,0.89
2912,0.20987,2,9.0,9.2,True,20000,22313,0.02744721621274948,0.00036957771210541977,0.89
2913,0.2096,6,5.0,5.6,True,20000,22319,0.022141849622130394,0.00036936370066320063,0.89
2914,0.20933,2,9.0,9.2,True,20000,22321,0.02187509462237358,0.0003691497210549155,0.89
2915,0.20906,3,8.0,8.4,True,20000,22324,0.01718018762767315,0.00036893577336504017,0.89
2916,0.20879,1,10.0,10.0,True,20000,22325,0.035601984709501266,0.00036872185767803756,0.89
2917,0.20851,3,8.0,8.4,True,20000,22328,0.0216648131608963,0.00036850797407835835,0.9
2918,0.20824,1,10.0,10.0,True,20000,22329,0.01954132504761219,0.00036829412265044044,0.9
2919,0.20797,2,9.0,9.2,True,20000,22331,0.01384354941546917,0.00036808030347870886,0.9
2920,0.2077,3,8.0,8.4,True,20000,22334,0.020045140758156776,0.0003678665166475763,0.9
2921,0.20743,5,6.0,6.4,True,20000,22339,0.021148355677723885,0.000367652762241442,0.9
2922,0.20716,3,8.0,8.4,True,20000,22342,0.021466976031661034,0.00036743904034469314,0.91
2923,0.20689,2,9.0,9.2,True,20000,22344,0.021213486790657043,0.00036722535104170357,0.91
2924,0.20661,2,9.0,9.2,True,20000,22346,0.017365675419569016,0.00036701169441683457,0.91
2925,0.20634,2,9.0,9.2,True,20000,22348,0.01764240860939026,0.00036679807055443436,0.91
2926,0.20607,3,8.0,8.4,True,20000,22351,0.01773911900818348,0.0003665844795388383,0.91
2927,0.2058,4,7.0,7.2,True,20000,22355,0.01863320916891098,0.00036637092145436857,0.91
2928,0.20553,2,9.0,9.2,True,20000,22357,0.021065689623355865,0.00036615739638533464,0.91
2929,0.20526,3,8.0,8.2,True,20000,22360,0.022326497361063957,0.0003659439044160328,0.91
2930,0.20499,5,6.0,6.8,True,20000,22365,0.02542554959654808,0.00036573044563074626,0.91
2931,0.20471,1,10.0,10.0,True,20000,22366,0.012612278573215008,0.00036551702011374535,0.91
2932,0.20444,3,8.0,8.4,True,20000,22369,0.016305169090628624,0.0003653036279492868,0.91
2933,0.20417,2,9.0,9.2,True,20000,22371,0.015044158324599266,0.0003650902692216146,0.92
2934,0.2039,1,10.0,10.0,True,20000,22372,0.01668895222246647,0.0003648769440149595,0.93
2935,0.20363,1,10.0,10.0,True,20000,22373,0.01255348976701498,0.00036466365241353876,0.93
2936,0.20336,4,7.0,7.6,True,20000,22377,0.02670155093073845,0.0003644503945015565,0.93
2937,0.20309,1,10.0,10.0,True,20000,22378,0.01900338940322399,0.00036423717036320385,0.93
2938,0.20281,5,6.0,6.8,True,20000,22383,0.016997400671243668,0.00036402398008265804,0.93
2939,0.20254,1,10.0,10.0,True,20000,22384,0.016995156183838844,0.0003638108237440832,0.93
2940,0.20227,4,7.0,7.6,True,20000,22388,0.017258841544389725,0.0003635977014316302,0.93
2941,0.202,1,10.0,10.0,True,20000,22389,0.026356453076004982,0.0003633846132294364,0.93
2942,0.20173,6,5.0,6.0,True,20000,22395,0.017537211999297142,0.00036317155922162563,0.93
2943,0.20146,2,9.0,9.2,True,20000,22397,0.01954132318496704,0.00036295853949230806,0.93
2944,0.20119,5,6.0,6.8,True,20000,22402,0.024721834808588028,0.0003627455541255806,0.94
2945,0.20091,5,6.0,6.8,True,20000,22407,0.017379846423864365,0.0003625326032055266,0.94
2946,0.20064,4,7.0,7.6,True,20000,22411,0.014897252433001995,0.00036231968681621555,0.94
2947,0.20037,2,9.0,9.2,True,20000,22413,0.01601456105709076,0.0003621068050417036,0.94
2948,0.2001,4,7.0,7.6,True,20000,22417,0.014392001554369926,0.00036189395796603317,0.94
2949,0.19983,3,8.0,8.2,True,20000,22420,0.01718815416097641,0.0003616811456732328,0.94
2950,0.19956,4,7.0,7.6,True,20000,22424,0.022151758894324303,0.00036146836824731723,0.94
2951,0.19929,5,6.0,6.8,True,20000,22429,0.019300613552331924,0.00036125562577228793,0.95
2952,0.19901,6,5.0,5.6,True,20000,22435,0.017916889861226082,0.00036104291833213213,0.95
2953,0.19874,2,9.0,9.2,True,20000,22437,0.024138756096363068,0.0003608302460108235,0.95
2954,0.19847,2,9.0,9.2,True,20000,22439,0.0183126088231802,0.0003606176088923213,0.95
2955,0.1982,4,7.0,7.6,True,20000,22443,0.016002295538783073,0.0003604050070605717,0.95
2956,0.19793,5,6.0,6.2,True,20000,22448,0.01917034015059471,0.0003601924405995064,0.95
2957,0.19766,4,7.0,7.6,True,20000,22452,0.017177734524011612,0.0003599799095930432,0.95
2958,0.19739,3,8.0,8.0,True,20000,22455,0.01369074359536171,0.00035976741412508604,0.95
2959,0.19711,7,4.0,4.4,True,20000,22462,0.018154120072722435,0.00035955495427952497,0.95
2960,0.19684,2,9.0,9.2,True,20000,22464,0.016451925039291382,0.0003593425301402354,0.95
2961,0.19657,5,6.0,6.4,True,20000,22469,0.01793157123029232,0.0003591301417910793,0.95
2962,0.1963,2,9.0,9.2,True,20000,22471,0.01799924485385418,0.00035891778931590397,0.96
2963,0.19603,3,8.0,8.4,True,20000,22474,0.02503589540719986,0.000358705472798543,0.96
2964,0.19576,3,8.0,8.4,True,20000,22477,0.016718020662665367,0.0003584931923228157,0.96
2965,0.19549,3,8.0,8.4,True,20000,22480,0.01620061881840229,0.0003582809479725268,0.96
2966,0.19521,3,8.0,8.4,True,20000,22483,0.024727193638682365,0.000358068739831467,0.96
2967,0.19494,4,7.0,7.6,True,20000,22487,0.015924422070384026,0.00035785656798341284,0.96
2968,0.19467,2,9.0,9.2,True,20000,22489,0.02357609197497368,0.0003576444325121265,0.96
2969,0.1944,1,10.0,10.0,True,20000,22490,0.029968632385134697,0.0003574323335013554,0.96
2970,0.19413,3,8.0,8.0,True,20000,22493,0.016776876524090767,0.00035722027103483325,0.96
2971,0.19386,2,9.0,9.2,True,20000,22495,0.02046852558851242,0.00035700824519627856,0.96
2972,0.19359,4,7.0,7.6,True,20000,22499,0.01860188879072666,0.00035679625606939604,0.96
2973,0.19331,10,-19.0,-18.6,False,20000,22509,0.025005627423524857,0.00035658430373787547,0.96
2974,0.19304,4,7.0,7.6,True,20000,22513,0.028954628854990005,0.0003563723882853924,0.96
2975,0.19277,2,9.0,9.2,True,20000,22515,0.025284279137849808,0.0003561605097956078,0.96
2976,0.1925,2,9.0,9.2,True,20000,22517,0.01824372261762619,0.00035594866835216775,0.96
2977,0.19223,2,9.0,9.2,True,20000,22519,0.02188882976770401,0.0003557368640387038,0.97
2978,0.19196,4,7.0,7.6,True,20000,22523,0.020777173340320587,0.00035552509693883314,0.97
2979,0.19169,6,5.0,5.8,True,20000,22529,0.027919793501496315,0.0003553133671361581,0.97
2980,0.19141,3,8.0,8.2,True,20000,22532,0.02597128413617611,0.0003551016747142661,0.97
2981,0.19114,1,10.0,10.0,True,20000,22533,0.016184711828827858,0.0003548900197567301,0.97
2982,0.19087,2,9.0,9.2,True,20000,22535,0.02318006195127964,0.000354678402347108,0.97
2983,0.1906,4,7.0,7.6,True,20000,22539,0.02073834277689457,0.0003544668225689431,0.97
2984,0.19033,1,10.0,10.0,True,20000,22540,0.01801745593547821,0.0003542552805057636,0.97
2985,0.19006,4,7.0,7.2,True,20000,22544,0.020315783098340034,0.0003540437762410831,0.97
2986,0.18979,2,9.0,9.0,True,20000,22546,0.022188344970345497,0.00035383230985840016,0.97
2987,0.18951,5,6.0,6.4,True,20000,22551,0.016867201775312424,0.0003536208814411982,0.97
2988,0.18924,4,7.0,7.2,True,20000,22555,0.021574264392256737,0.00035340949107294593,0.97
2989,0.18897,24,-13.0,-12.4,True,20000,22579,0.019565006718039513,0.0003531981388370968,0.98
2990,0.1887,6,5.0,5.2,True,20000,22585,0.022600675001740456,0.0003529868248170894,0.98
2991,0.18843,4,7.0,7.2,True,20000,22589,0.024448275566101074,0.00035277554909634727,0.98
2992,0.18816,6,5.0,5.4,True,20000,22595,0.022816086187958717,0.0003525643117582787,0.98
2993,0.18789,8,3.0,3.4,True,20000,22603,0.02037682943046093,0.00035235311288627657,0.98
2994,0.18761,4,7.0,7.6,True,20000,22607,0.02745833620429039,0.0003521419525637191,0.98
2995,0.18734,14,-23.0,-22.8,False,20000,22621,0.018937064334750175,0.00035193083087396905,0.97
2996,0.18707,4,7.0,7.2,True,20000,22625,0.020997095853090286,0.00035171974790037375,0.97
2997,0.1868,4,7.0,7.6,True,20000,22629,0.02188441902399063,0.0003515087037262657,0.97
2998,0.18653,2,9.0,9.2,True,20000,22631,0.01750752329826355,0.00035129769843496143,0.98
2999,0.18626,1,10.0,10.0,True,20000,22632,0.020036300644278526,0.00035108673210976275,0.98
3000,0.18599,4,7.0,7.6,True,20000,22636,0.02500527910888195,0.0003508758048339557,0.98
3001,0.18571,2,9.0,9.2,True,20000,22638,0.02561953291296959,0.00035066491669081114,0.98
3002,0.18544,1,10.0,10.0,True,20000,22639,0.019953535869717598,0.00035045406776358434,0.98
3003,0.18517,1,10.0,10.0,True,20000,22640,0.013217166997492313,0.00035024325813551516,0.98
3004,0.1849,2,9.0,9.2,True,20000,22642,0.027314193546772003,0.0003500324878898277,0.98
3005,0.18463,2,9.0,9.0,True,20000,22644,0.01590704545378685,0.0003498217571097308,0.98
3006,0.18436,4,7.0,7.2,True,20000,22648,0.018399590626358986,0.0003496110658784178,0.98
3007,0.18409,3,8.0,8.4,True,20000,22651,0.015583817847073078,0.000349400414279066,0.98
3008,0.18381,2,9.0,9.2,True,20000,22653,0.032804787158966064,0.00034918980239483766,0.98
3009,0.18354,2,9.0,9.2,True,20000,22655,0.01991378888487816,0.0003489792303088786,0.98
3010,0.18327,2,9.0,9.2,True,20000,22657,0.03665047511458397,0.00034876869810431964,0.98
3011,0.183,1,10.0,10.0,True,20000,22658,0.015729643404483795,0.0003485582058642754,0.98
3012,0.18273,7,4.0,5.0,True,20000,22665,0.02381397970020771,0.000348347753671845,0.98
3013,0.18246,6,5.0,5.6,True,20000,22671,0.02643156796693802,0.0003481373416101116,0.98
3014,0.18219,1,10.0,10.0,True,20000,22672,0.011631845496594906,0.0003479269697621426,0.98
3015,0.18191,1,10.0,10.0,True,20000,22673,0.012389532290399075,0.00034771663821098935,0.98
3016,0.18164,3,8.0,8.4,True,20000,22676,0.019238462671637535,0.0003475063470396874,0.98
3017,0.18137,4,7.0,7.4,True,20000,22680,0.02221331000328064,0.0003472960963312565,0.98
3018,0.1811,7,4.0,4.8,True,20000,22687,0.028972629457712173,0.0003470858861687003,0.98
3019,0.18083,1,10.0,10.0,True,20000,22688,0.01572798378765583,0.00034687571663500645,0.98
3020,0.18056,3,8.0,8.4,True,20000,22691,0.028596453368663788,0.00034666558781314637,0.98
3021,0.18029,2,9.0,9.2,True,20000,22693,0.016082867980003357,0.00034645549978607577,0.98
3022,0.18001,4,7.0,7.6,True,20000,22697,0.019500698894262314,0.00034624545263673405,0.98
3023,0.17974,1,-10.0,-10.0,False,20000,22698,0.02275661565363407,0.0003460354464480444,0.97
3024,0.17947,3,8.0,8.4,True,20000,22701,0.022093312814831734,0.00034582548130291404,0.97
3025,0.1792,5,6.0,6.8,True,20000,22706,0.021566933020949364,0.000345615557284234,0.97
3026,0.17893,6,5.0,5.2,True,20000,22712,0.024302279576659203,0.0003454056744748788,0.97
3027,0.17866,1,10.0,10.0,True,20000,22713,0.013404719531536102,0.0003451958329577067,0.97
3028,0.17839,2,9.0,9.2,True,20000,22715,0.01536993496119976,0.00034498603281556,0.97
3029,0.17811,1,10.0,10.0,True,20000,22716,0.017784984782338142,0.0003447762741312645,0.97
3030,0.17784,3,8.0,8.4,True,20000,22719,0.02077319659292698,0.0003445665569876296,0.97
3031,0.17757,1,10.0,10.0,True,20000,22720,0.018287602812051773,0.0003443568814674481,0.97
3032,0.1773,4,7.0,7.6,True,20000,22724,0.023179102689027786,0.00034414724765349683,0.97
3033,0.17703,1,10.0,10.0,True,20000,22725,0.0276474729180336,0.00034393765562853583,0.97
3034,0.17676,5,6.0,6.4,True,20000,22730,0.01735638827085495,0.0003437281054753086,0.97
3035,0.17649,18,-7.0,-6.8,True,20000,22748,0.019095489755272865,0.0003435185972765423,0.97
3036,0.17621,2,9.0,9.2,True,20000,22750,0.02110421285033226,0.00034330913111494765,0.97
3037,0.17594,3,8.0,8.4,True,20000,22753,0.02334606647491455,0.0003430997070732183,0.97
3038,0.17567,3,8.0,8.4,True,20000,22756,0.020602060481905937,0.00034289032523403154,0.97
3039,0.1754,1,10.0,10.0,True,20000,22757,0.02547634392976761,0.0003426809856800481,0.97
3040,0.17513,3,8.0,8.2,True,20000,22760,0.026077846065163612,0.00034247168849391196,0.97
3041,0.17486,1,10.0,10.0,True,20000,22761,0.01795267127454281,0.00034226243375825026,0.97
3042,0.17459,5,6.0,6.4,True,20000,22766,0.026378938928246498,0.00034205322155567353,0.97
3043,0.17431,5,6.0,6.8,True,20000,22771,0.024499375373125076,0.00034184405196877526,0.97
3044,0.17404,6,5.0,5.6,True,20000,22777,0.019584018737077713,0.00034163492508013245,0.97
3045,0.17377,7,4.0,4.8,True,20000,22784,0.021328793838620186,0.0003414258409723051,0.97
3046,0.1735,3,8.0,8.4,True,20000,22787,0.027197888121008873,0.0003412167997278361,0.97
3047,0.17323,4,7.0,7.2,True,20000,22791,0.02228398248553276,0.00034100780142925206,0.97
3048,0.17296,3,8.0,8.4,True,20000,22794,0.019680069759488106,0.0003407988461590617,0.97
3049,0.17269,1,10.0,10.0,True,20000,22795,0.0321541391313076,0.00034058993399975756,0.97
3050,0.17241,2,9.0,9.2,True,20000,22797,0.017096105962991714,0.00034038106503381466,0.97
3051,0.17214,2,9.0,9.2,True,20000,22799,0.017262449488043785,0.00034017223934369126,0.97
3052,0.17187,4,7.0,7.6,True,20000,22803,0.021981794387102127,0.0003399634570118286,0.97
3053,0.1716,2,9.0,9.2,True,20000,22805,0.02129136398434639,0.0003397547181206504,0.97
3054,0.17133,4,7.0,7.6,True,20000,22809,0.017567254602909088,0.00033954602275256343,0.97
3055,0.17106,2,9.0,9.2,True,20000,22811,0.014943109825253487,0.0003393373709899574,0.97
3056,0.17079,2,9.0,9.2,True,20000,22813,0.022914554923772812,0.0003391287629152048,0.97
3057,0.17051,7,4.0,4.6,True,20000,22820,0.02176133170723915,0.0003389201986106608,0.97
3058,0.17024,2,9.0,9.2,True,20000,22822,0.022205494344234467,0.00033871167815866323,0.97
3059,0.16997,6,5.0,5.2,True,20000,22828,0.020080523565411568,0.00033850320164153255,0.97
3060,0.1697,1,10.0,10.0,True,20000,22829,0.0119919553399086,0.0003382947691415722,0.97
3061,0.16943,3,8.0,8.4,True,20000,22832,0.02185765653848648,0.0003380863807410678,0.97
3062,0.16916,2,9.0,9.2,True,20000,22834,0.03225143253803253,0.00033787803652228797,0.97
3063,0.16889,1,10.0,10.0,True,20000,22835,0.015081758610904217,0.00033766973656748373,0.97
3064,0.16861,2,9.0,9.2,True,20000,22837,0.019014261662960052,0.0003374614809588885,0.97
3065,0.16834,2,9.0,9.2,True,20000,22839,0.01972121000289917,0.0003372532697787182,0.97
3066,0.16807,3,-12.0,-12.0,False,20000,22842,0.019937729462981224,0.0003370451031091715,0.96
3067,0.1678,3,8.0,8.4,True,20000,22845,0.024223851040005684,0.0003368369810324293,0.96
3068,0.16753,5,6.0,6.8,True,20000,22850,0.019756868481636047,0.00033662890363065474,0.96
3069,0.16726,4,7.0,7.2,True,20000,22854,0.022380435839295387,0.0003364208709859937,0.96
3070,0.16699,2,9.0,9.2,True,20000,22856,0.01935751363635063,0.00033621288318057393,0.96
3071,0.16671,1,10.0,10.0,True,20000,22857,0.015271645039319992,0.0003360049402965058,0.96
3072,0.16644,4,7.0,7.6,True,20000,22861,0.015788761898875237,0.00033579704241588204,0.96
3073,0.16617,3,8.0,8.4,True,20000,22864,0.01640150509774685,0.00033558918962077716,0.97
3074,0.1659,5,6.0,6.4,True,20000,22869,0.01524564903229475,0.00033538138199324844,0.97
3075,0.16563,2,9.0,9.2,True,20000,22871,0.01738831400871277,0.00033517361961533487,0.97
3076,0.16536,5,6.0,6.6,True,20000,22876,0.019081804901361465,0.00033496590256905774,0.97
3077,0.16509,45,-45.0,-44.6,False,20000,22921,0.018709057942032814,0.0003347582309364205,0.96
3078,0.16481,2,9.0,9.2,True,20000,22923,0.013743454590439796,0.0003345506047994085,0.96
3079,0.16454,3,8.0,8.4,True,20000,22926,0.020421763882040977,0.00033434302423998954,0.96
3080,0.16427,6,5.0,5.6,True,20000,22932,0.018189990893006325,0.00033413548934011297,0.96
3081,0.164,3,8.0,8.4,True,20000,22935,0.01582302339375019,0.00033392800018171016,0.96
3082,0.16373,3,8.0,8.4,True,20000,22938,0.02076851762831211,0.00033372055684669465,0.96
3083,0.16346,2,9.0,9.2,True,20000,22940,0.0149861890822649,0.00033351315941696185,0.96
3084,0.16319,4,7.0,7.6,True,20000,22944,0.01864246092736721,0.00033330580797438883,0.96
3085,0.16291,2,9.0,9.2,True,20000,22946,0.021117327734827995,0.0003330985026008349,0.96
3086,0.16264,4,7.0,7.6,True,20000,22950,0.02887851372361183,0.00033289124337814065,0.96
3087,0.16237,3,8.0,8.4,True,20000,22953,0.018998943269252777,0.0003326840303881289,0.96
3088,0.1621,3,8.0,8.4,True,20000,22956,0.019210539758205414,0.000332476863712604,0.96
3089,0.16183,1,10.0,10.0,True,20000,22957,0.022335320711135864,0.00033226974343335204,0.96
3090,0.16156,1,10.0,10.0,True,20000,22958,0.028407225385308266,0.000332062669632141,0.96
3091,0.16129,3,8.0,8.4,True,20000,22961,0.018449248746037483,0.00033185564239072036,0.96
3092,0.16101,4,7.0,7.6,True,20000,22965,0.01917329430580139,0.0003316486617908208,0.96
3093,0.16074,4,7.0,7.4,True,20000,22969,0.01674506813287735,0.0003314417279141553,0.96
3094,0.16047,1,10.0,10.0,True,20000,22970,0.022111086174845695,0.0003312348408424181,0.96
3095,0.1602,2,9.0,9.2,True,20000,22972,0.013134511187672615,0.00033102800065728475,0.97
3096,0.15993,4,7.0,7.6,True,20000,22976,0.020368725061416626,0.00033082120744041274,0.97
3097,0.15966,2,9.0,9.2,True,20000,22978,0.014845862984657288,0.00033061446127344047,0.97
3098,0.15939,3,8.0,8.4,True,20000,22981,0.02241562493145466,0.0003304077622379882,0.97
3099,0.15911,3,8.0,8.4,True,20000,22984,0.017985092476010323,0.00033020111041565743,0.97
3100,0.15884,5,6.0,6.8,True,20000,22989,0.012749483808875084,0.000329994505888031,0.97
3101,0.15857,6,5.0,5.6,True,20000,22995,0.01719403825700283,0.00032978794873667316,0.97
3102,0.1583,6,5.0,5.4,True,20000,23001,0.014488314278423786,0.0003295814390431294,0.97
3103,0.15803,3,8.0,8.4,True,20000,23004,0.032360777258872986,0.0003293749768889264,0.97
3104,0.15776,2,9.0,9.2,True,20000,23006,0.020040363073349,0.00032916856235557223,0.97
3105,0.15749,3,8.0,8.4,True,20000,23009,0.020906703546643257,0.000328962195524556,0.97
3106,0.15721,2,9.0,9.2,True,20000,23011,0.021032113581895828,0.00032875587647734813,0.97
3107,0.15694,5,6.0,6.8,True,20000,23016,0.019030259922146797,0.0003285496052954002,0.97
3108,0.15667,3,8.0,8.4,True,20000,23019,0.020782141014933586,0.00032834338206014446,0.97
3109,0.1564,1,10.0,10.0,True,20000,23020,0.016313577070832253,0.0003281372068529949,0.97
3110,0.15613,1,10.0,10.0,True,20000,23021,0.02806367725133896,0.0003279310797553462,0.97
3111,0.15586,1,10.0,10.0,True,20000,23022,0.020596982911229134,0.000327725000848574,0.97
3112,0.15559,2,9.0,9.2,True,20000,23024,0.03577810525894165,0.00032751897021403493,0.97
3113,0.15531,1,10.0,10.0,True,20000,23025,0.024593127891421318,0.00032731298793306686,0.97
3114,0.15504,1,10.0,10.0,True,20000,23026,0.01649007387459278,0.0003271070540869881,0.97
3115,0.15477,5,6.0,6.4,True,20000,23031,0.02227729931473732,0.000326901168757098,0.97
3116,0.1545,3,8.0,8.0,True,20000,23034,0.02766869030892849,0.00032669533202467707,0.97
3117,0.15423,3,8.0,8.4,True,20000,23037,0.02584174834191799,0.00032648954397098627,0.97
3118,0.15396,3,8.0,8.0,True,20000,23040,0.019118286669254303,0.0003262838046772676,0.97
3119,0.15369,5,6.0,6.8,True,20000,23045,0.030497515574097633,0.00032607811422474337,0.97
3120,0.15341,1,10.0,10.0,True,20000,23046,0.028591414913535118,0.00032587247269461717,0.97
3121,0.15314,3,8.0,8.4,True,20000,23049,0.03433704003691673,0.000325666880168073,0.97
3122,0.15287,2,9.0,9.2,True,20000,23051,0.022461343556642532,0.00032546133672627537,0.97
3123,0.1526,4,7.0,7.6,True,20000,23055,0.02129669487476349,0.0003252558424503697,0.98
3124,0.15233,1,10.0,10.0,True,20000,23056,0.013788380660116673,0.000325050397421482,0.98
3125,0.15206,5,6.0,6.8,True,20000,23061,0.020635420456528664,0.00032484500172071844,0.98
3126,0.15179,7,4.0,4.4,True,20000,23068,0.019977407529950142,0.00032463965542916623,0.98
3127,0.15151,1,10.0,10.0,True,20000,23069,0.022600768133997917,0.00032443435862789265,0.98
3128,0.15124,2,9.0,9.2,True,20000,23071,0.020545095205307007,0.0003242291113979457,0.98
3129,0.15097,4,7.0,7.6,True,20000,23075,0.022406110540032387,0.0003240239138203539,0.98
3130,0.1507,4,7.0,7.6,True,20000,23079,0.021546870470046997,0.00032381876597612576,0.98
3131,0.15043,5,6.0,6.8,True,20000,23084,0.020780108869075775,0.0003236136679462504,0.98
3132,0.15016,2,9.0,9.2,True,20000,23086,0.02200166881084442,0.0003234086198116974,0.98
3133,0.14989,1,-10.0,-10.0,False,20000,23087,0.020892126485705376,0.0003232036216534165,0.97
3134,0.14961,4,7.0,7.6,True,20000,23091,0.013799305073916912,0.00032299867355233767,0.97
3135,0.14934,4,7.0,7.6,True,20000,23095,0.01945948600769043,0.0003227937755893713,0.97
3136,0.14907,2,9.0,9.2,True,20000,23097,0.016600152477622032,0.00032258892784540767,0.97
3137,0.1488,3,8.0,8.2,True,20000,23100,0.01586960442364216,0.0003223841304013176,0.97
3138,0.14853,3,8.0,8.2,True,20000,23103,0.01775447092950344,0.00032217938333795173,0.97
3139,0.14826,1,10.0,10.0,True,20000,23104,0.011955427937209606,0.00032197468673614103,0.97
3140,0.14799,5,6.0,6.4,True,20000,23109,0.014535881578922272,0.00032177004067669663,0.97
3141,0.14771,10,1.0,1.8,True,20000,23119,0.01674153283238411,0.0003215654452404093,0.97
3142,0.14744,3,8.0,8.4,True,20000,23122,0.015498027205467224,0.00032136090050805015,0.97
3143,0.14717,1,10.0,10.0,True,20000,23123,0.014624492265284061,0.00032115640656037024,0.97
3144,0.1469,3,8.0,8.4,True,20000,23126,0.0165871474891901,0.00032095196347810056,0.97
3145,0.14663,2,9.0,9.2,True,20000,23128,0.020153434947133064,0.0003207475713419519,0.97
3146,0.14636,2,9.0,9.2,True,20000,23130,0.01620088517665863,0.00032054323023261526,0.97
3147,0.14609,3,8.0,8.4,True,20000,23133,0.018054174259305,0.00032033894023076096,0.97
3148,0.14581,2,9.0,9.2,True,20000,23135,0.012876241467893124,0.0003201347014170397,0.97
3149,0.14554,4,7.0,7.2,True,20000,23139,0.01729685626924038,0.0003199305138720816,0.97
3150,0.14527,5,6.0,6.4,True,20000,23144,0.02457812987267971,0.00031972637767649673,0.97
3151,0.145,2,9.0,9.2,True,20000,23146,0.02815096452832222,0.00031952229291087495,0.97
3152,0.14473,3,8.0,8.4,True,20000,23149,0.014766850508749485,0.00031931825965578545,0.97
3153,0.14446,2,9.0,9.2,True,20000,23151,0.01577351987361908,0.00031911427799177745,0.97
3154,0.14419,1,10.0,10.0,True,20000,23152,0.025094054639339447,0.00031891034799937963,0.97
3155,0.14391,1,10.0,10.0,True,20000,23153,0.020115340128540993,0.00031870646975910036,0.97
3156,0.14364,7,4.0,4.8,True,20000,23160,0.017636101692914963,0.0003185026433514276,0.97
3157,0.14337,3,8.0,8.4,True,20000,23163,0.015095467679202557,0.0003182988688568288,0.97
3158,0.1431,2,9.0,9.0,True,20000,23165,0.017321154475212097,0.00031809514635575066,0.97
3159,0.14283,3,8.0,8.4,True,20000,23168,0.01841564290225506,0.0003178914759286198,0.97
3160,0.14256,1,10.0,10.0,True,20000,23169,0.013974287547171116,0.00031768785765584216,0.97
3161,0.14229,1,10.0,10.0,True,20000,23170,0.014585927128791809,0.0003174842916178028,0.97
3162,0.14201,7,4.0,5.0,True,20000,23177,0.017647113651037216,0.0003172807778948666,0.97
3163,0.14174,4,7.0,7.6,True,20000,23181,0.014886640943586826,0.00031707731656737727,0.97
3164,0.14147,11,-20.0,-19.6,False,20000,23192,0.018513230606913567,0.00031687390771565835,0.96
3165,0.1412,6,5.0,5.6,True,20000,23198,0.02214346081018448,0.00031667055142001226,0.96
3166,0.14093,4,7.0,7.4,True,20000,23202,0.02112673781812191,0.0003164672477607209,0.97
3167,0.14066,1,10.0,10.0,True,20000,23203,0.013566135428845882,0.00031626399681804554,0.97
3168,0.14039,6,5.0,6.0,True,20000,23209,0.017438320443034172,0.00031606079867222634,0.97
3169,0.14011,30,-19.0,-18.8,True,20000,23239,0.017954224720597267,0.0003158576534034825,0.97
3170,0.13984,5,6.0,6.8,True,20000,23244,0.01639861986041069,0.0003156545610920126,0.97
3171,0.13957,11,0.0,0.6,True,20000,23255,0.019964182749390602,0.0003154515218179945,0.97
3172,0.1393,5,6.0,6.8,True,20000,23260,0.025210484862327576,0.00031524853566158466,0.97
3173,0.13903,1,10.0,10.0,True,20000,23261,0.013838048093020916,0.00031504560270291906,0.97
3174,0.13876,3,8.0,8.4,True,20000,23264,0.018607793375849724,0.00031484272302211204,0.97
3175,0.13849,1,10.0,10.0,True,20000,23265,0.020886791869997978,0.0003146398966992576,0.97
3176,0.13821,1,10.0,10.0,True,20000,23266,0.017422664910554886,0.0003144371238144282,0.97
3177,0.13794,1,10.0,10.0,True,20000,23267,0.015765786170959473,0.00031423440444767537,0.98
3178,0.13767,5,6.0,6.8,True,20000,23272,0.019851956516504288,0.00031403173867902966,0.98
3179,0.1374,5,6.0,6.8,True,20000,23277,0.017205968499183655,0.00031382912658850016,0.98
3180,0.13713,2,9.0,9.2,True,20000,23279,0.01925921067595482,0.00031362656825607496,0.98
3181,0.13686,1,10.0,10.0,True,20000,23280,0.02288074977695942,0.0003134240637617208,0.98
3182,0.13659,2,9.0,9.2,True,20000,23282,0.015984121710062027,0.00031322161318538336,0.98
3183,0.13631,4,7.0,7.6,True,20000,23286,0.0207551047205925,0.00031301921660698695,0.98
3184,0.13604,5,6.0,6.8,True,20000,23291,0.01829362101852894,0.0003128168741064345,0.98
3185,0.13577,5,6.0,6.4,True,20000,23296,0.018627788871526718,0.0003126145857636075,0.98
3186,0.1355,6,5.0,5.6,True,20000,23302,0.015561715699732304,0.00031241235165836625,0.98
3187,0.13523,2,9.0,9.2,True,20000,23304,0.015530047938227654,0.00031221017187054963,0.98
3188,0.13496,4,7.0,7.6,True,20000,23308,0.02290891855955124,0.00031200804647997494,0.98
3189,0.13469,2,9.0,9.2,True,20000,23310,0.019603271037340164,0.00031180597556643814,0.98
3190,0.13441,5,6.0,6.6,True,20000,23315,0.018927067518234253,0.00031160395920971375,0.98
3191,0.13414,7,4.0,4.2,True,20000,23322,0.017346467822790146,0.00031140199748955444,0.98
3192,0.13387,1,10.0,10.0,True,20000,23323,0.01927293837070465,0.00031120009048569145,0.98
3193,0.1336,2,9.0,9.2,True,20000,23325,0.01371022779494524,0.0003109982382778346,0.98
3194,0.13333,2,9.0,9.2,True,20000,23327,0.022528905421495438,0.00031079644094567197,0.98
3195,0.13306,2,9.0,9.2,True,20000,23329,0.02124524861574173,0.00031059469856886993,0.98
3196,0.13279,4,7.0,7.2,True,20000,23333,0.01704869419336319,0.000310393011227073,0.98
3197,0.13251,16,-25.0,-24.6,False,20000,23349,0.016551639884710312,0.00031019137899990435,0.97
3198,0.13224,4,7.0,7.6,True,20000,23353,0.015520931221544743,0.0003099898019669652,0.97
3199,0.13197,3,8.0,8.4,True,20000,23356,0.02394956909120083,0.0003097882802078348,0.97
3200,0.1317,3,8.0,8.2,True,20000,23359,0.013144421391189098,0.0003095868138020709,0.97
3201,0.13143,3,8.0,8.4,True,20000,23362,0.01468747854232788,0.0003093854028292093,0.97
3202,0.13116,20,-9.0,-8.6,True,20000,23382,0.01995045691728592,0.0003091840473687637,0.97
3203,0.13089,4,7.0,7.6,True,20000,23386,0.014637855812907219,0.000308982747500226,0.97
3204,0.13061,1,10.0,10.0,True,20000,23387,0.0285615473985672,0.0003087815033030664,0.97
3205,0.13034,1,10.0,10.0,True,20000,23388,0.015573546290397644,0.0003085803148567328,0.97
3206,0.13007,3,8.0,8.4,True,20000,23391,0.021345436573028564,0.00030837918224065124,0.97
3207,0.1298,5,6.0,6.8,True,20000,23396,0.01791677065193653,0.0003081781055342257,0.97
3208,0.12953,2,9.0,9.2,True,20000,23398,0.01842723973095417,0.000307977084816838,0.97
3209,0.12926,1,10.0,10.0,True,20000,23399,0.013220301829278469,0.000307776120167848,0.97
3210,0.12899,2,9.0,9.2,True,20000,23401,0.01893148198723793,0.0003075752116665935,0.97
3211,0.12871,3,8.0,8.4,True,20000,23404,0.021800516173243523,0.0003073743593923897,0.97
3212,0.12844,1,10.0,10.0,True,20000,23405,0.025143155828118324,0.0003071735634245303,0.97
3213,0.12817,4,7.0,7.6,True,20000,23409,0.022697854787111282,0.0003069728238422859,0.97
3214,0.1279,4,7.0,7.6,True,20000,23413,0.013269477523863316,0.00030677214072490566,0.97
3215,0.12763,6,5.0,5.2,True,20000,23419,0.016889510676264763,0.0003065715141516158,0.97
3216,0.12736,3,8.0,8.0,True,20000,23422,0.01290160696953535,0.0003063709442016208,0.97
3217,0.12709,2,9.0,9.2,True,20000,23424,0.013835657387971878,0.00030617043095410246,0.97
3218,0.12681,4,7.0,7.6,True,20000,23428,0.01922890730202198,0.0003059699744882201,0.97
3219,0.12654,2,9.0,9.2,True,20000,23430,0.02530054748058319,0.00030576957488311074,0.97
3220,0.12627,10,1.0,1.6,True,20000,23440,0.018468279391527176,0.000305569232217889,0.97
3221,0.126,5,6.0,6.4,True,20000,23445,0.021921973675489426,0.00030536894657164716,0.97
3222,0.12573,18,-27.0,-27.0,False,20000,23463,0.018958227708935738,0.00030516871802345463,0.96
3223,0.12546,5,6.0,6.8,True,20000,23468,0.015008950605988503,0.0003049685466523587,0.96
3224,0.12519,3,8.0,8.4,True,20000,23471,0.025876054540276527,0.00030476843253738353,0.96
3225,0.12491,2,9.0,9.2,True,20000,23473,0.015911314636468887,0.0003045683757575312,0.96
3226,0.12464,5,6.0,6.6,True,20000,23478,0.01878475770354271,0.0003043683763917809,0.96
3227,0.12437,4,7.0,7.2,True,20000,23482,0.01527490559965372,0.0003041684345190893,0.96
3228,0.1241,5,6.0,6.8,True,20000,23487,0.015506473369896412,0.00030396855021839033,0.96
3229,0.12383,2,9.0,9.2,True,20000,23489,0.02589467540383339,0.00030376872356859485,0.96
3230,0.12356,3,8.0,8.4,True,20000,23492,0.01485482882708311,0.0003035689546485915,0.96
3231,0.12329,1,10.0,10.0,True,20000,23493,0.012633209116756916,0.000303369243537246,0.96
3232,0.12301,4,7.0,7.4,True,20000,23497,0.02484326809644699,0.00030316959031340075,0.96
3233,0.12274,3,8.0,8.4,True,20000,23500,0.016234232112765312,0.00030296999505587596,0.97
3234,0.12247,6,5.0,5.6,True,20000,23506,0.0222050528973341,0.0003027704578434687,0.97
3235,0.1222,4,7.0,7.6,True,20000,23510,0.020072588697075844,0.0003025709787549529,0.97
3236,0.12193,22,-11.0,-10.6,True,20000,23532,0.019506098702549934,0.0003023715578690798,0.97
3237,0.12166,7,4.0,4.6,True,20000,23539,0.01993406005203724,0.0003021721952645778,0.97
3238,0.12139,2,9.0,9.2,True,20000,23541,0.01947840303182602,0.00030197289102015204,0.97
3239,0.12111,2,9.0,9.2,True,20000,23543,0.014322822913527489,0.0003017736452144846,0.97
3240,0.12084,5,-14.0,-13.6,False,20000,23548,0.013660850003361702,0.00030157445792623446,0.96
3241,0.12057,1,10.0,10.0,True,20000,23549,0.050358846783638,0.00030137532923403776,0.96
3242,0.1203,3,8.0,8.2,True,20000,23552,0.017372801899909973,0.00030117625921650726,0.96
3243,0.12003,2,9.0,9.2,True,20000,23554,0.014082696288824081,0.00030097724795223276,0.96
3244,0.11976,1,10.0,10.0,True,20000,23555,0.011219390667974949,0.00030077829551978066,0.96
3245,0.11949,2,9.0,9.2,True,20000,23557,0.015435128472745419,0.00030057940199769445,0.96
3246,0.11921,5,6.0,6.4,True,20000,23562,0.015049850568175316,0.0003003805674644939,0.96
3247,0.11894,2,9.0,9.2,True,20000,23564,0.01452627219259739,0.0003001817919986757,0.96
3248,0.11867,2,9.0,9.2,True,20000,23566,0.018325580283999443,0.0002999830756787134,0.96
3249,0.1184,4,7.0,7.6,True,20000,23570,0.014477378688752651,0.00029978441858305693,0.96
3250,0.11813,3,8.0,8.4,True,20000,23573,0.019797010347247124,0.00029958582079013323,0.96
3251,0.11786,3,8.0,8.4,True,20000,23576,0.01827043667435646,0.00029938728237834523,0.96
3252,0.11759,5,6.0,6.6,True,20000,23581,0.026681771501898766,0.0002991888034260729,0.96
3253,0.11731,5,6.0,6.8,True,20000,23586,0.015219624154269695,0.0002989903840116726,0.96
3254,0.11704,6,5.0,6.0,True,20000,23592,0.017899954691529274,0.0002987920242134773,0.96
3255,0.11677,3,8.0,8.4,True,20000,23595,0.01899944618344307,0.000298593724109796,0.96
3256,0.1165,5,6.0,6.8,True,20000,23600,0.014280280098319054,0.00029839548377891473,0.96
3257,0.11623,2,9.0,9.2,True,20000,23602,0.022913232445716858,0.0002981973032990954,0.96
3258,0.11596,2,9.0,9.2,True,20000,23604,0.012185739353299141,0.00029799918274857665,0.96
3259,0.11569,2,9.0,9.2,True,20000,23606,0.019411858171224594,0.00029780112220557334,0.96
3260,0.11541,6,5.0,5.8,True,20000,23612,0.014930836856365204,0.0002976031217482766,0.96
3261,0.11514,4,7.0,7.6,True,20000,23616,0.021701721474528313,0.000297405181454854,0.96
3262,0.11487,2,9.0,9.0,True,20000,23618,0.014565041288733482,0.0002972073014034492,0.96
3263,0.1146,3,8.0,8.4,True,20000,23621,0.015310215763747692,0.00029700948167218184,0.96
3264,0.11433,3,8.0,8.4,True,20000,23624,0.013752850703895092,0.0002968117223391482,0.97
3265,0.11406,4,7.0,7.6,True,20000,23628,0.015663661062717438,0.0002966140234824206,0.97
3266,0.11379,8,3.0,3.6,True,20000,23636,0.021477513015270233,0.00029641638518004734,0.97
3267,0.11351,2,9.0,9.2,True,20000,23638,0.01324300654232502,0.000296218807510053,0.97
3268,0.11324,4,7.0,7.6,True,20000,23642,0.016183285042643547,0.000296021290550438,0.97
3269,0.11297,1,10.0,10.0,True,20000,23643,0.010992678813636303,0.000295823834379179,0.97
3270,0.1127,5,-14.0,-13.6,False,20000,23648,0.014011326245963573,0.0002956264390742284,0.96
3271,0.11243,4,7.0,7.6,True,20000,23652,0.012645590119063854,0.00029542910471351487,0.96
3272,0.11216,2,9.0,9.2,True,20000,23654,0.016370538622140884,0.000295231831374943,0.96
3273,0.11189,2,9.0,9.2,True,20000,23656,0.014494053088128567,0.0002950346191363929,0.96
3274,0.11161,2,9.0,9.2,True,20000,23658,0.011346670798957348,0.000294837468075721,0.96
3275,0.11134,1,10.0,10.0,True,20000,23659,0.03231704235076904,0.00029464037827075937,0.96
3276,0.11107,6,5.0,5.8,True,20000,23665,0.012312906794250011,0.00029444334979931595,0.96
3277,0.1108,2,9.0,9.2,True,20000,23667,0.01371913030743599,0.0002942463827391746,0.96
3278,0.11053,5,6.0,6.4,True,20000,23672,0.014428123831748962,0.0002940494771680948,0.96
3279,0.11026,5,6.0,6.4,True,20000,23677,0.013401304371654987,0.00029385263316381147,0.96
3280,0.10999,2,9.0,9.2,True,20000,23679,0.020359404385089874,0.0002936558508040356,0.96
3281,0.10971,3,8.0,8.4,True,20000,23682,0.012654591351747513,0.0002934591301664539,0.96
3282,0.10944,3,8.0,8.4,True,20000,23685,0.015601478517055511,0.0002932624713287284,0.96
3283,0.10917,2,9.0,9.2,True,20000,23687,0.0135904960334301,0.0002930658743684972,0.96
3284,0.1089,3,8.0,8.4,True,20000,23690,0.018984170630574226,0.00029286933936337325,0.96
3285,0.10863,1,10.0,10.0,True,20000,23691,0.013821992091834545,0.0002926728663909458,0.96
3286,0.10836,2,9.0,9.2,True,20000,23693,0.016477391123771667,0.000292476455528779,0.96
3287,0.10809,7,4.0,4.6,True,20000,23700,0.016990575939416885,0.00029228010685441286,0.96
3288,0.10781,5,6.0,6.8,True,20000,23705,0.013985216617584229,0.00029208382044536275,0.96
3289,0.10754,5,6.0,6.4,True,20000,23710,0.012931616976857185,0.00029188759637911954,0.96
3290,0.10727,2,9.0,9.2,True,20000,23712,0.012995688244700432,0.0002916914347331491,0.96
3291,0.107,1,10.0,10.0,True,20000,23713,0.012351445853710175,0.0002914953355848931,0.96
3292,0.10673,2,9.0,9.2,True,20000,23715,0.013600669801235199,0.00029129929901176854,0.96
3293,0.10646,1,10.0,10.0,True,20000,23716,0.009643073193728924,0.0002911033250911672,0.96
3294,0.10619,3,8.0,8.4,True,20000,23719,0.015056058764457703,0.00029090741390045685,0.96
3295,0.10591,2,9.0,9.2,True,20000,23721,0.013318508863449097,0.00029071156551697985,0.96
3296,0.10564,2,9.0,9.0,True,20000,23723,0.0150651466101408,0.0002905157800180541,0.96
3297,0.10537,3,8.0,8.4,True,20000,23726,0.01764058694243431,0.00029032005748097267,0.97
3298,0.1051,5,6.0,6.8,True,20000,23731,0.02404002472758293,0.0002901243979830037,0.97
3299,0.10483,2,9.0,9.2,True,20000,23733,0.01711355336010456,0.0002899288016013907,0.97
3300,0.10456,4,7.0,7.0,True,20000,23737,0.017956873401999474,0.00028973326841335163,0.97
3301,0.10429,5,6.0,6.8,True,20000,23742,0.01712983474135399,0.00028953779849608,0.97
3302,0.10401,3,8.0,8.4,True,20000,23745,0.011747729033231735,0.00028934239192674426,0.97
3303,0.10374,4,7.0,7.4,True,20000,23749,0.016259940341114998,0.0002891470487824879,0.97
3304,0.10347,5,6.0,6.0,True,20000,23754,0.019644279032945633,0.0002889517691404292,0.97
3305,0.1032,4,7.0,7.6,True,20000,23758,0.02130879834294319,0.0002887565530776617,0.97
3306,0.10293,1,10.0,10.0,True,20000,23759,0.013564215041697025,0.00028856140067125334,0.97
3307,0.10266,6,5.0,5.6,True,20000,23765,0.0201485063880682,0.0002883663119982473,0.97
3308,0.10239,1,10.0,10.0,True,20000,23766,0.01918886788189411,0.0002881712871356616,0.97
3309,0.10211,9,2.0,2.6,True,20000,23775,0.017001673579216003,0.0002879763261604887,0.97
3310,0.10184,2,9.0,9.2,True,20000,23777,0.01737823896110058,0.00028778142914969633,0.97
3311,0.10157,4,7.0,7.4,True,20000,23781,0.014826450496912003,0.0002875865961802268,0.97
3312,0.1013,7,4.0,4.6,True,20000,23788,0.017082469537854195,0.0002873918273289969,0.97
3313,0.10103,4,7.0,7.6,True,20000,23792,0.022664185613393784,0.00028719712267289826,0.97
3314,0.10076,3,8.0,8.4,True,20000,23795,0.017674369737505913,0.0002870024822887973,0.97
3315,0.10049,4,7.0,7.6,True,20000,23799,0.015292735770344734,0.00028680790625353514,0.97
3316,0.10021,4,7.0,7.6,True,20000,23803,0.01489169616252184,0.0002866133946439271,0.97
3317,0.09994,6,5.0,6.0,True,20000,23809,0.016695646569132805,0.00028641894753676317,0.97
3318,0.09967,6,5.0,5.8,True,20000,23815,0.014776438474655151,0.0002862245650088081,0.97
3319,0.0994,2,9.0,9.2,True,20000,23817,0.017543744295835495,0.00028603024713680104,0.97
3320,0.09913,4,7.0,7.6,True,20000,23821,0.015201649628579617,0.0002858359939974557,0.97
3321,0.09886,5,6.0,6.8,True,20000,23826,0.017906449735164642,0.00028564180566746,0.97
3322,0.09859,3,8.0,8.2,True,20000,23829,0.013595794327557087,0.0002854476822234767,0.98
3323,0.09831,4,7.0,7.2,True,20000,23833,0.01717771589756012,0.00028525362374214237,0.98
3324,0.09804,2,9.0,9.2,True,20000,23835,0.011839451268315315,0.0002850596303000682,0.98
3325,0.09777,3,8.0,8.4,True,20000,23838,0.01602928340435028,0.0002848657019738399,0.98
3326,0.0975,3,8.0,8.4,True,20000,23841,0.029238363727927208,0.0002846718388400172,0.98
3327,0.09723,7,4.0,4.8,True,20000,23848,0.015687445178627968,0.0002844780409751344,0.98
3328,0.09696,2,9.0,9.2,True,20000,23850,0.011821113526821136,0.00028428430845569945,0.98
3329,0.09669,4,7.0,7.6,True,20000,23854,0.02174307405948639,0.00028409064135819515,0.98
3330,0.09641,5,6.0,6.8,True,20000,23859,0.01302665751427412,0.00028389703975907827,0.98
3331,0.09614,4,7.0,7.6,True,20000,23863,0.014280605129897594,0.0002837035037347794,0.98
3332,0.09587,5,6.0,6.8,True,20000,23868,0.015078790485858917,0.00028351003336170365,0.98
3333,0.0956,3,8.0,8.4,True,20000,23871,0.013796824030578136,0.0002833166287162301,0.98
3334,0.09533,1,10.0,10.0,True,20000,23872,0.011329240165650845,0.00028312328987471167,0.98
3335,0.09506,1,10.0,10.0,True,20000,23873,0.013261801563203335,0.0002829300169134756,0.98
3336,0.09479,1,10.0,10.0,True,20000,23874,0.012722715735435486,0.00028273680990882296,0.98
3337,0.09451,5,6.0,6.8,True,20000,23879,0.015075644478201866,0.0002825436689370288,0.98
3338,0.09424,3,8.0,8.4,True,20000,23882,0.013420619070529938,0.00028235059407434235,0.98
3339,0.09397,4,7.0,7.6,True,20000,23886,0.013204121962189674,0.00028215758539698626,0.98
3340,0.0937,3,8.0,8.4,True,20000,23889,0.011973190121352673,0.0002819646429811572,0.99
3341,0.09343,4,7.0,7.6,True,20000,23893,0.014881140552461147,0.000281771766903026,0.99
3342,0.09316,2,9.0,9.2,True,20000,23895,0.012845287099480629,0.0002815789572387369,0.99
3343,0.09289,1,10.0,10.0,True,20000,23896,0.015023373998701572,0.0002813862140644083,0.99
3344,0.09261,2,9.0,9.2,True,20000,23898,0.023370936512947083,0.0002811935374561322,0.99
3345,0.09234,4,7.0,7.6,True,20000,23902,0.013995341025292873,0.00028100092748997393,0.99
3346,0.09207,2,9.0,9.2,True,20000,23904,0.011561812832951546,0.0002808083842419732,0.99
3347,0.0918,2,9.0,9.2,True,20000,23906,0.01887964829802513,0.0002806159077881428,0.99
3348,0.09153,3,8.0,8.4,True,20000,23909,0.0212938841432333,0.00028042349820446945,0.99
3349,0.09126,3,8.0,8.0,True,20000,23912,0.014128114096820354,0.00028023115556691355,0.99
3350,0.09099,1,10.0,10.0,True,20000,23913,0.03921296074986458,0.00028003887995140875,0.99
3351,0.09071,2,9.0,9.2,True,20000,23915,0.014181260019540787,0.00027984667143386244,0.99
3352,0.09044,1,10.0,10.0,True,20000,23916,0.01051942165941,0.0002796545300901555,0.99
3353,0.09017,2,9.0,9.2,True,20000,23918,0.023599950596690178,0.0002794624559961425,0.99
3354,0.0899,1,10.0,10.0,True,20000,23919,0.014041601680219173,0.00027927044922765093,0.99
3355,0.08963,2,9.0,9.2,True,20000,23921,0.013752363622188568,0.0002790785098604823,0.99
3356,0.08936,4,7.0,7.6,True,20000,23925,0.01471548993140459,0.00027888663797041104,0.99
3357,0.08909,4,7.0,7.6,True,20000,23929,0.023481111973524094,0.0002786948336331851,0.99
3358,0.08881,3,8.0,8.4,True,20000,23932,0.016270210966467857,0.00027850309692452595,0.99
3359,0.08854,1,-10.0,-10.0,False,20000,23933,0.027253353968262672,0.0002783114279201281,0.98
3360,0.08827,6,5.0,5.8,True,20000,23939,0.013966125436127186,0.0002781198266956597,0.98
3361,0.088,3,8.0,8.4,True,20000,23942,0.015167064033448696,0.00027792829332676147,0.98
3362,0.08773,1,10.0,10.0,True,20000,23943,0.014407108537852764,0.00027773682788904806,0.98
3363,0.08746,6,5.0,5.6,True,20000,23949,0.013270352967083454,0.0002775454304581068,0.98
3364,0.08719,2,9.0,9.2,True,20000,23951,0.011606979183852673,0.0002773541011094984,0.98
3365,0.08691,2,9.0,9.2,True,20000,23953,0.01249536219984293,0.0002771628399187567,0.98
3366,0.08664,6,5.0,5.6,True,20000,23959,0.014215707778930664,0.00027697164696138875,0.98
3367,0.08637,1,10.0,10.0,True,20000,23960,0.010842747986316681,0.0002767805223128742,0.98
3368,0.0861,3,8.0,8.4,True,20000,23963,0.014139410108327866,0.0002765894660486661,0.98
3369,0.08583,4,7.0,7.6,True,20000,23967,0.018486518412828445,0.00027639847824419074,0.98
3370,0.08556,4,7.0,7.6,True,20000,23971,0.015521380119025707,0.00027620755897484665,0.99
3371,0.08529,3,8.0,8.4,True,20000,23974,0.01915550045669079,0.00027601670831600597,0.99
3372,0.08501,5,6.0,6.8,True,20000,23979,0.01767306588590145,0.00027582592634301363,0.99
3373,0.08474,1,10.0,10.0,True,20000,23980,0.015180344693362713,0.000275635213131187,0.99
3374,0.08447,1,10.0,10.0,True,20000,23981,0.009001684375107288,0.00027544456875581687,0.99
3375,0.0842,6,5.0,6.0,True,20000,23987,0.01407639030367136,0.00027525399329216655,0.99
3376,0.08393,3,8.0,8.4,True,20000,23990,0.013037373311817646,0.0002750634868154724,0.99
3377,0.08366,5,6.0,6.8,True,20000,23995,0.014060914516448975,0.00027487304940094316,0.99
3378,0.08339,2,9.0,9.2,True,20000,23997,0.013855364173650742,0.0002746826811237604,0.99
3379,0.08311,1,10.0,10.0,True,20000,23998,0.012525486759841442,0.0002744923820590787,0.99
3380,0.08284,2,9.0,9.2,True,20000,24000,0.016613690182566643,0.000274302152282025,0.99
3381,0.08257,5,6.0,6.8,True,20000,24005,0.01579417660832405,0.00027411199186769914,0.99
3382,0.0823,2,9.0,9.2,True,20000,24007,0.015235662460327148,0.0002739219008911733,0.99
3383,0.08203,4,7.0,7.6,True,20000,24011,0.019063103944063187,0.00027373187942749256,0.99
3384,0.08176,6,5.0,5.6,True,20000,24017,0.01646464690566063,0.00027354192755167433,0.99
3385,0.08149,1,10.0,10.0,True,20000,24018,0.011884578503668308,0.0002733520453387084,0.99
3386,0.08121,3,8.0,8.4,True,20000,24021,0.01501751970499754,0.0002731622328635574,0.99
3387,0.08094,3,8.0,8.4,True,20000,24024,0.012795992195606232,0.0002729724902011563,0.99
3388,0.08067,14,-3.0,-2.6,True,20000,24038,0.016313228756189346,0.00027278281742641264,0.99
3389,0.0804,3,8.0,8.4,True,20000,24041,0.01654934138059616,0.0002725932146142059,0.99
3390,0.08013,2,9.0,9.2,True,20000,24043,0.016489075496792793,0.0002724036818393885,0.99
3391,0.07986,4,7.0,7.6,True,20000,24047,0.01507654134184122,0.0002722142191767849,0.99
3392,0.07959,5,6.0,6.6,True,20000,24052,0.017966115847229958,0.00027202482670119215,0.99
3393,0.07931,3,8.0,8.4,True,20000,24055,0.016321171075105667,0.00027183550448737907,0.99
3394,0.07904,2,9.0,9.2,True,20000,24057,0.021369580179452896,0.00027164625261008737,0.99
3395,0.07877,1,10.0,10.0,True,20000,24058,0.015970533713698387,0.0002714570711440304,0.99
3396,0.0785,4,7.0,7.6,True,20000,24062,0.015728536993265152,0.0002712679601638942,0.99
3397,0.07823,3,8.0,8.4,True,20000,24065,0.014681252650916576,0.00027107891974433674,0.99
3398,0.07796,3,8.0,8.4,True,20000,24068,0.012649589218199253,0.00027088994995998824,0.99
3399,0.07769,5,6.0,6.4,True,20000,24073,0.019287746399641037,0.00027070105088545105,0.99
3400,0.07741,2,9.0,9.2,True,20000,24075,0.01988161727786064,0.00027051222259529944,0.99
3401,0.07714,1,10.0,10.0,True,20000,24076,0.012356825172901154,0.00027032346516407967,0.99
3402,0.07687,2,9.0,9.2,True,20000,24078,0.016482306644320488,0.0002701347786663103,0.99
3403,0.0766,3,8.0,8.4,True,20000,24081,0.014989331364631653,0.00026994616317648184,0.99
3404,0.07633,1,10.0,10.0,True,20000,24082,0.012029528617858887,0.00026975761876905664,0.99
3405,0.07606,2,9.0,9.2,True,20000,24084,0.00859382376074791,0.0002695691455184692,0.99
3406,0.07579,2,9.0,9.2,True,20000,24086,0.02296563982963562,0.00026938074349912544,0.99
3407,0.07551,3,8.0,8.4,True,20000,24089,0.014608174562454224,0.00026919241278540386,0.99
3408,0.07524,3,8.0,8.4,True,20000,24092,0.01706319861114025,0.00026900415345165415,0.99
3409,0.07497,3,8.0,8.4,True,20000,24095,0.01255126018077135,0.00026881596557219825,0.99
3410,0.0747,5,6.0,6.8,True,20000,24100,0.016092048957943916,0.00026862784922132983,0.99
3411,0.07443,4,7.0,7.6,True,20000,24104,0.019566036760807037,0.00026843980447331406,0.99
3412,0.07416,37,-26.0,-25.2,True,20000,24141,0.014403016306459904,0.00026825183140238813,0.99
3413,0.07389,3,8.0,8.4,True,20000,24144,0.018312577158212662,0.0002680639300827608,0.99
3414,0.07361,4,7.0,7.6,True,20000,24148,0.014472001232206821,0.00026787610058861253,0.99
3415,0.07334,4,7.0,7.6,True,20000,24152,0.012098537757992744,0.00026768834299409567,0.99
3416,0.07307,3,8.0,8.4,True,20000,24155,0.016182532534003258,0.00026750065737333366,0.99
3417,0.0728,1,10.0,10.0,True,20000,24156,0.017559342086315155,0.0002673130438004218,0.99
3418,0.07253,5,6.0,6.4,True,20000,24161,0.012354913167655468,0.0002671255023494271,0.99
3419,0.07226,2,9.0,9.2,True,20000,24163,0.013361671939492226,0.00026693803309438784,0.99
3420,0.07199,4,7.0,7.6,True,20000,24167,0.013212703168392181,0.000266750636109314,0.99
3421,0.07171,2,9.0,9.2,True,20000,24169,0.015610783360898495,0.000266563311468187,0.99
3422,0.07144,2,9.0,9.2,True,20000,24171,0.01636476442217827,0.00026637605924495944,0.99
3423,0.07117,1,10.0,10.0,True,20000,24172,0.013266485184431076,0.0002661888795135558,0.99
3424,0.0709,3,8.0,8.4,True,20000,24175,0.022721007466316223,0.00026600177234787134,0.99
3425,0.07063,1,10.0,10.0,True,20000,24176,0.018498942255973816,0.00026581473782177326,0.99
3426,0.07036,2,9.0,9.2,True,20000,24178,0.014414491131901741,0.0002656277760090997,0.99
3427,0.07009,2,9.0,9.2,True,20000,24180,0.010714255273342133,0.00026544088698366044,0.99
3428,0.06981,4,7.0,7.6,True,20000,24184,0.01550858374685049,0.000265254070819236,0.99
3429,0.06954,8,3.0,3.6,True,20000,24192,0.010937172919511795,0.0002650673275895786,0.99
3430,0.06927,4,7.0,7.6,True,20000,24196,0.012012461200356483,0.0002648806573684116,0.99
3431,0.069,5,6.0,6.4,True,20000,24201,0.017777906730771065,0.00026469406022942924,0.99
3432,0.06873,4,7.0,7.2,True,20000,24205,0.013053001835942268,0.0002645075362462973,0.99
3433,0.06846,4,7.0,7.2,True,20000,24209,0.008978893980383873,0.0002643210854926524,0.99
3434,0.06819,1,10.0,10.0,True,20000,24210,0.009621381759643555,0.00026413470804210223,0.99
3435,0.06791,2,9.0,9.2,True,20000,24212,0.011379512026906013,0.00026394840396822586,0.99
3436,0.06764,2,9.0,9.2,True,20000,24214,0.01482657715678215,0.0002637621733445731,0.99
3437,0.06737,3,8.0,8.4,True,20000,24217,0.01053438801318407,0.00026357601624466497,0.99
3438,0.0671,5,6.0,6.4,True,20000,24222,0.01402269583195448,0.0002633899327419933,0.99
3439,0.06683,4,7.0,7.6,True,20000,24226,0.011215859092772007,0.0002632039229100207,0.99
3440,0.06656,4,7.0,7.6,True,20000,24230,0.01372260320931673,0.00026301798682218104,0.99
3441,0.06629,2,9.0,9.2,True,20000,24232,0.05048927292227745,0.00026283212455187896,0.99
3442,0.06601,1,10.0,10.0,True,20000,24233,0.011858190409839153,0.0002626463361724899,0.99
3443,0.06574,5,6.0,6.8,True,20000,24238,0.015867805108428,0.00026246062175736045,0.99
3444,0.06547,4,7.0,7.6,True,20000,24242,0.013086773455142975,0.0002622749813798073,0.99
3445,0.0652,4,-13.0,-12.4,False,20000,24246,0.02049204148352146,0.0002620894151131185,0.98
3446,0.06493,3,8.0,8.4,True,20000,24249,0.012315548025071621,0.0002619039230305528,0.98
3447,0.06466,1,10.0,10.0,True,20000,24250,0.011338908225297928,0.0002617185052053393,0.98
3448,0.06439,2,9.0,9.2,True,20000,24252,0.017648158594965935,0.0002615331617106781,0.98
3449,0.06411,4,7.0,7.6,True,20000,24256,0.014665924943983555,0.0002613478926197401,0.98
3450,0.06384,4,7.0,7.6,True,20000,24260,0.01806282252073288,0.00026116269800566624,0.98
3451,0.06357,5,6.0,6.8,True,20000,24265,0.01498490571975708,0.00026097757794156864,0.98
3452,0.0633,4,7.0,7.2,True,20000,24269,0.013049235567450523,0.0002607925325005297,0.98
3453,0.06303,2,9.0,9.2,True,20000,24271,0.015375269576907158,0.00026060756175560264,0.98
3454,0.06276,3,8.0,8.0,True,20000,24274,0.02553231455385685,0.0002604226657798108,0.98
3455,0.06249,2,9.0,9.2,True,20000,24276,0.016045773401856422,0.0002602378446461481,0.98
3456,0.06221,2,9.0,9.2,True,20000,24278,0.02196432650089264,0.00026005309842757897,0.98
3457,0.06194,4,7.0,7.6,True,20000,24282,0.011404674500226974,0.00025986842719703844,0.98
3458,0.06167,45,-45.0,-45.0,False,20000,24327,0.01652582734823227,0.00025968383102743174,0.97
3459,0.0614,2,9.0,9.2,True,20000,24329,0.014752596616744995,0.0002594993099916345,0.98
3460,0.06113,1,10.0,10.0,True,20000,24330,0.02004203386604786,0.00025931486416249294,0.98
3461,0.06086,5,6.0,6.8,True,20000,24335,0.01326003484427929,0.0002591304936128231,0.98
3462,0.06059,4,7.0,7.6,True,20000,24339,0.01671265810728073,0.00025894619841541146,0.98
3463,0.06031,4,7.0,7.6,True,20000,24343,0.012790879234671593,0.00025876197864301497,0.98
3464,0.06004,3,8.0,8.4,True,20000,24346,0.013482882641255856,0.0002585778343683607,0.98
3465,0.05977,2,9.0,9.2,True,20000,24348,0.009010657668113708,0.000258393765664146,0.98
3466,0.0595,4,7.0,7.6,True,20000,24352,0.0163219403475523,0.00025820977260303805,0.98
3467,0.05923,6,5.0,6.0,True,20000,24358,0.013222810812294483,0.0002580258552576745,0.98
3468,0.05896,3,8.0,8.4,True,20000,24361,0.016573866829276085,0.0002578420137006631,0.98
3469,0.05869,1,10.0,10.0,True,20000,24362,0.011251665651798248,0.0002576582480045814,0.98
3470,0.05841,3,8.0,8.0,True,20000,24365,0.015338927507400513,0.0002574745582419773,0.98
3471,0.05814,5,6.0,6.8,True,20000,24370,0.013315719552338123,0.00025729094448536874,0.98
3472,0.05787,2,9.0,9.2,True,20000,24372,0.012303939089179039,0.0002571074068072432,0.98
3473,0.0576,1,10.0,10.0,True,20000,24373,0.01488251332193613,0.00025692394528005865,0.98
3474,0.05733,3,8.0,8.4,True,20000,24376,0.013532023876905441,0.0002567405599762427,0.98
3475,0.05706,2,9.0,9.2,True,20000,24378,0.013041150756180286,0.0002565572509681931,0.98
3476,0.05679,3,8.0,8.4,True,20000,24381,0.011450524441897869,0.0002563740183282774,0.98
3477,0.05651,1,10.0,10.0,True,20000,24382,0.010307234711945057,0.0002561908621288328,0.98
3478,0.05624,1,10.0,10.0,True,20000,24383,0.015714487060904503,0.00025600778244216633,0.98
3479,0.05597,4,7.0,7.6,True,20000,24387,0.013104671612381935,0.0002558247793405551,0.98
3480,0.0557,1,10.0,10.0,True,20000,24388,0.014211737550795078,0.0002556418528962459,0.98
3481,0.05543,3,8.0,8.2,True,20000,24391,0.010316414758563042,0.00025545900318145513,0.98
3482,0.05516,1,10.0,10.0,True,20000,24392,0.011039909906685352,0.00025527623026836907,0.98
3483,0.05489,3,8.0,8.4,True,20000,24395,0.015119736082851887,0.00025509353422914336,0.98
3484,0.05461,5,6.0,6.4,True,20000,24400,0.013822386041283607,0.0002549109151359038,0.98
3485,0.05434,3,8.0,8.4,True,20000,24403,0.011176001280546188,0.00025472837306074513,0.98
3486,0.05407,5,6.0,6.6,True,20000,24408,0.015874138101935387,0.00025454590807573224,0.98
3487,0.0538,13,-2.0,-1.8,True,20000,24421,0.014279426075518131,0.00025436352025289964,0.98
3488,0.05353,2,9.0,9.2,True,20000,24423,0.024211499840021133,0.00025418120966425083,0.98
3489,0.05326,1,10.0,10.0,True,20000,24424,0.015049864538013935,0.0002539989763817592,0.98
3490,0.05299,2,9.0,9.2,True,20000,24426,0.012153607793152332,0.0002538168204773677,0.98
3491,0.05271,4,7.0,7.2,True,20000,24430,0.010341049171984196,0.00025363474202298866,0.98
3492,0.05244,7,4.0,5.0,True,20000,24437,0.015192000195384026,0.0002534527410905035,0.98
3493,0.05217,3,8.0,8.4,True,20000,24440,0.009626786224544048,0.0002532708177517636,0.98
3494,0.0519,3,8.0,8.4,True,20000,24443,0.013195601291954517,0.00025308897207858917,0.98
3495,0.05163,4,7.0,7.2,True,20000,24447,0.019190676510334015,0.00025290720414277004,0.98
3496,0.05136,1,10.0,10.0,True,20000,24448,0.01301416102796793,0.00025272551401606537,0.98
3497,0.05109,3,8.0,8.4,True,20000,24451,0.017090613022446632,0.0002525439017702036,0.98
3498,0.05081,1,10.0,10.0,True,20000,24452,0.015353619121015072,0.00025236236747688237,0.98
3499,0.05054,1,10.0,10.0,True,20000,24453,0.009103883989155293,0.0002521809112077684,0.98
3500,0.05027,2,9.0,9.2,True,20000,24455,0.017772536724805832,0.00025199953303449787,0.98
3501,0.05,4,7.0,7.6,True,20000,24459,0.01049637608230114,0.0002518182330286759,0.98
3502,0.05,1,10.0,10.0,True,20000,24460,0.01023393776267767,0.00025163701126187693,0.98
3503,0.05,4,7.0,7.6,True,20000,24464,0.010896680876612663,0.0002514558678056445,0.98
3504,0.05,1,10.0,10.0,True,20000,24465,0.010784008540213108,0.00025127480273149126,0.98
3505,0.05,3,8.0,8.4,True,20000,24468,0.020822664722800255,0.0002510938161108985,0.98
3506,0.05,3,8.0,8.4,True,20000,24471,0.014004416763782501,0.0002509129080153171,0.98
3507,0.05,1,10.0,10.0,True,20000,24472,0.014703168533742428,0.00025073207851616686,0.98
3508,0.05,4,7.0,7.6,True,20000,24476,0.010102339088916779,0.00025055132768483603,0.98
3509,0.05,5,6.0,6.8,True,20000,24481,0.01867644488811493,0.00025037065559268255,0.98
3510,0.05,3,8.0,8.4,True,20000,24484,0.011959664523601532,0.00025019006231103254,0.98
3511,0.05,4,7.0,7.6,True,20000,24488,0.009443143382668495,0.0002500095479111816,0.98
3512,0.05,1,10.0,10.0,True,20000,24489,0.020955083891749382,0.0002498291124643939,0.98
3513,0.05,1,10.0,10.0,True,20000,24490,0.008802225813269615,0.00024964875604190247,0.98
3514,0.05,2,9.0,9.2,True,20000,24492,0.015102384611964226,0.0002494684787149093,0.98
3515,0.05,3,8.0,8.4,True,20000,24495,0.01382054015994072,0.000249288280554585,0.98
3516,0.05,2,9.0,9.2,True,20000,24497,0.011019757017493248,0.00024910816163206873,0.98
3517,0.05,1,10.0,10.0,True,20000,24498,0.008069665171205997,0.0002489281220184687,0.98
3518,0.05,3,8.0,8.4,True,20000,24501,0.010323054157197475,0.0002487481617848618,0.98
3519,0.05,1,10.0,10.0,True,20000,24502,0.01421315222978592,0.0002485682810022934,0.98
3520,0.05,5,6.0,6.4,True,20000,24507,0.014535186812281609,0.0002483884797417777,0.98
3521,0.05,2,9.0,9.2,True,20000,24509,0.015802837908267975,0.00024820875807429716,0.98
3522,0.05,6,5.0,5.6,True,20000,24515,0.016589900478720665,0.00024802911607080334,0.98
3523,0.05,45,-45.0,-45.2,False,20000,24560,0.01640498638153076,0.00024784955380221575,0.97
3524,0.05,1,10.0,10.0,True,20000,24561,0.013575228862464428,0.0002476700713394229,0.97
3525,0.05,1,10.0,10.0,True,20000,24562,0.010004710406064987,0.00024749066875328154,0.97
3526,0.05,4,7.0,7.6,True,20000,24566,0.017818130552768707,0.00024731134611461717,0.97
3527,0.05,5,6.0,6.8,True,20000,24571,0.014333926141262054,0.0002471321034942233,0.97
3528,0.05,4,7.0,7.6,True,20000,24575,0.018372656777501106,0.0002469529409628621,0.97
3529,0.05,3,8.0,8.0,True,20000,24578,0.015963368117809296,0.0002467738585912642,0.97
3530,0.05,2,9.0,9.2,True,20000,24580,0.015768781304359436,0.0002465948564501286,0.97
3531,0.05,4,7.0,7.6,True,20000,24584,0.01483179908245802,0.0002464159346101223,0.97
3532,0.05,3,8.0,8.4,True,20000,24587,0.010550220496952534,0.00024623709314188077,0.97
3533,0.05,2,9.0,9.2,True,20000,24589,0.015827704221010208,0.00024605833211600793,0.97
3534,0.05,4,7.0,7.6,True,20000,24593,0.014033449813723564,0.0002458796516030757,0.97
3535,0.05,4,7.0,7.6,True,20000,24597,0.010792228393256664,0.00024570105167362433,0.97
3536,0.05,2,-11.0,-10.8,False,20000,24599,0.01957535743713379,0.00024552253239816237,0.96
3537,0.05,4,7.0,7.6,True,20000,24603,0.01029263623058796,0.00024534409384716635,0.96
3538,0.05,4,7.0,7.6,True,20000,24607,0.014865055680274963,0.00024516573609108103,0.96
3539,0.05,4,7.0,7.2,True,20000,24611,0.010198554955422878,0.00024498745920031905,0.96
3540,0.05,3,8.0,8.4,True,20000,24614,0.012824182398617268,0.0002448092632452614,0.96
3541,0.05,4,7.0,7.6,True,20000,24618,0.011197829619050026,0.00024463114829625693,0.96
3542,0.05,3,8.0,8.4,True,20000,24621,0.011577907018363476,0.0002444531144236229,0.96
3543,0.05,2,9.0,9.2,True,20000,24623,0.013621974736452103,0.00024427516169764395,0.96
3544,0.05,6,5.0,6.0,True,20000,24629,0.012294760905206203,0.00024409729018857307,0.96
3545,0.05,1,10.0,10.0,True,20000,24630,0.011374744586646557,0.00024391949996663135,0.97
3546,0.05,2,9.0,9.2,True,20000,24632,0.010088864713907242,0.00024374179110200715,0.97
3547,0.05,2,9.0,9.2,True,20000,24634,0.010835313238203526,0.00024356416366485737,0.97
3548,0.05,6,5.0,5.6,True,20000,24640,0.011060819961130619,0.00024338661772530662,0.97
3549,0.05,2,9.0,9.2,True,20000,24642,0.00825728289783001,0.00024320915335344684,0.97
3550,0.05,1,10.0,10.0,True,20000,24643,0.006399125326424837,0.0002430317706193384,0.97
3551,0.05,2,9.0,9.2,True,20000,24645,0.011653225868940353,0.0002428544695930092,0.97
3552,0.05,2,9.0,9.2,True,20000,24647,0.010266315191984177,0.00024267725034445486,0.97
3553,0.05,12,-1.0,-0.4,True,20000,24659,0.015371117740869522,0.00024250011294363886,0.97
3554,0.05,5,6.0,6.8,True,20000,24664,0.011674162931740284,0.0002423230574604921,0.97
3555,0.05,2,9.0,9.2,True,20000,24666,0.009860387071967125,0.00024214608396491314,0.97
3556,0.05,5,6.0,6.6,True,20000,24671,0.010985267348587513,0.00024196919252676848,0.97
3557,0.05,2,9.0,9.2,True,20000,24673,0.019876426085829735,0.00024179238321589208,0.97
3558,0.05,2,9.0,9.2,True,20000,24675,0.01428578794002533,0.00024161565610208535,0.98
3559,0.05,3,8.0,8.4,True,20000,24678,0.010758587159216404,0.00024143901125511758,0.98
3560,0.05,1,10.0,10.0,True,20000,24679,0.021542169153690338,0.00024126244874472504,0.98
3561,0.05,1,10.0,10.0,True,20000,24680,0.015068699605762959,0.0002410859686406121,0.98
3562,0.05,4,7.0,7.6,True,20000,24684,0.013382072560489178,0.00024090957101245009,0.98
3563,0.05,3,8.0,8.0,True,20000,24687,0.011923413723707199,0.000240733255929878,0.98
3564,0.05,2,9.0,9.2,True,20000,24689,0.01181773655116558,0.00024055702346250252,0.98
3565,0.05,2,9.0,9.2,True,20000,24691,0.011036073789000511,0.0002403808736798971,0.98
3566,0.05,3,8.0,8.4,True,20000,24694,0.01328178122639656,0.00024020480665160304,0.98
3567,0.05,1,10.0,10.0,True,20000,24695,0.010066206566989422,0.00024002882244712878,0.98
3568,0.05,4,7.0,7.6,True,20000,24699,0.009540589526295662,0.00023985292113595026,0.98
3569,0.05,1,10.0,10.0,True,20000,24700,0.008854067884385586,0.00023967710278751026,0.98
3570,0.05,1,10.0,10.0,True,20000,24701,0.010639436542987823,0.00023950136747121934,0.98
3571,0.05,3,8.0,8.4,True,20000,24704,0.01086728647351265,0.0002393257152564548,0.98
3572,0.05,2,9.0,9.2,True,20000,24706,0.012676532380282879,0.00023915014621256136,0.98
3573,0.05,1,10.0,10.0,True,20000,24707,0.016079828143119812,0.000238974660408851,0.98
3574,0.05,2,9.0,9.2,True,20000,24709,0.013987602666020393,0.00023879925791460275,0.98
3575,0.05,6,5.0,5.8,True,20000,24715,0.010897829197347164,0.00023862393879906283,0.98
3576,0.05,6,5.0,6.0,True,20000,24721,0.014632479287683964,0.00023844870313144428,0.98
3577,0.05,2,9.0,9.2,True,20000,24723,0.012086285278201103,0.00023827355098092728,0.98
3578,0.05,3,8.0,8.4,True,20000,24726,0.010719808749854565,0.00023809848241665926,0.98
3579,0.05,4,7.0,7.6,True,20000,24730,0.009619762189686298,0.00023792349750775452,0.98
3580,0.05,2,9.0,9.2,True,20000,24732,0.00798557884991169,0.00023774859632329432,0.98
3581,0.05,2,9.0,9.2,True,20000,24734,0.008784507401287556,0.00023757377893232704,0.98
3582,0.05,6,5.0,5.6,True,20000,24740,0.012379066087305546,0.00023739904540386747,0.98
3583,0.05,3,8.0,8.4,True,20000,24743,0.020937606692314148,0.00023722439580689785,0.98
3584,0.05,5,6.0,6.8,True,20000,24748,0.011903012171387672,0.00023704983021036717,0.98
3585,0.05,6,5.0,6.0,True,20000,24754,0.010182385332882404,0.00023687534868319093,0.98
3586,0.05,2,9.0,9.2,True,20000,24756,0.012594896368682384,0.00023670095129425188,0.98
3587,0.05,3,8.0,8.4,True,20000,24759,0.014981123618781567,0.0002365266381123991,0.98
3588,0.05,2,9.0,9.2,True,20000,24761,0.014284202829003334,0.0002363524092064489,0.98
3589,0.05,1,10.0,10.0,True,20000,24762,0.022614194080233574,0.000236178264645184,0.98
3590,0.05,1,10.0,10.0,True,20000,24763,0.01656344346702099,0.00023600420449735395,0.98
3591,0.05,5,6.0,6.4,True,20000,24768,0.020650511607527733,0.000235830228831675,0.98
3592,0.05,4,7.0,7.6,True,20000,24772,0.01976357027888298,0.00023565633771682992,0.98
3593,0.05,2,9.0,9.2,True,20000,24774,0.01498362421989441,0.00023548253122146804,0.98
3594,0.05,3,8.0,8.4,True,20000,24777,0.013580803759396076,0.00023530880941420552,0.98
3595,0.05,4,7.0,7.6,True,20000,24781,0.016183264553546906,0.00023513517236362509,0.98
3596,0.05,1,10.0,10.0,True,20000,24782,0.018285157158970833,0.00023496162013827575,0.98
3597,0.05,2,9.0,9.2,True,20000,24784,0.008896925486624241,0.00023478815280667334,0.98
3598,0.05,1,10.0,10.0,True,20000,24785,0.022661270573735237,0.00023461477043729975,0.98
3599,0.05,2,9.0,9.2,True,20000,24787,0.010346915572881699,0.0002344414730986039,0.98
3600,0.05,5,6.0,6.8,True,20000,24792,0.013606478460133076,0.00023426826085900057,0.98
3601,0.05,1,10.0,10.0,True,20000,24793,0.018727825954556465,0.0002340951337868713,0.98
3602,0.05,2,9.0,9.2,True,20000,24795,0.018724070861935616,0.00023392209195056393,0.98
3603,0.05,3,8.0,8.4,True,20000,24798,0.018950050696730614,0.0002337491354183928,0.98
3604,0.05,2,9.0,9.2,True,20000,24800,0.011242334730923176,0.00023357626425863813,0.98
3605,0.05,2,9.0,9.2,True,20000,24802,0.010693036019802094,0.00023340347853954683,0.98
3606,0.05,3,8.0,8.4,True,20000,24805,0.014179747551679611,0.0002332307783293321,0.98
3607,0.05,28,-17.0,-16.4,True,20000,24833,0.016061466187238693,0.000233058163696173,0.98
3608,0.05,1,10.0,10.0,True,20000,24834,0.010398452170193195,0.0002328856347082153,0.98
3609,0.05,5,6.0,6.8,True,20000,24839,0.016458017751574516,0.00023271319143357044,0.98
3610,0.05,3,8.0,8.4,True,20000,24842,0.009677098132669926,0.00023254083394031648,0.98
3611,0.05,1,10.0,10.0,True,20000,24843,0.008741210214793682,0.0002323685622964974,0.98
3612,0.05,3,8.0,8.2,True,20000,24846,0.01930108480155468,0.00023219637657012328,0.98
3613,0.05,3,8.0,8.4,True,20000,24849,0.013733003288507462,0.00023202427682917037,0.98
3614,0.05,3,8.0,8.4,True,20000,24852,0.020379984751343727,0.000231852263141581,0.98
3615,0.05,1,10.0,10.0,True,20000,24853,0.02315179444849491,0.00023168033557526333,0.98
3616,0.05,3,8.0,8.4,True,20000,24856,0.011230270378291607,0.00023150849419809158,0.98
3617,0.05,1,10.0,10.0,True,20000,24857,0.011077020317316055,0.00023133673907790604,0.98
3618,0.05,3,8.0,8.4,True,20000,24860,0.014392082579433918,0.00023116507028251302,0.98
3619,0.05,2,9.0,9.2,True,20000,24862,0.010686716064810753,0.00023099348787968465,0.98
3620,0.05,3,8.0,8.4,True,20000,24865,0.013521580956876278,0.00023082199193715875,0.98
3621,0.05,4,7.0,7.6,True,20000,24869,0.009608426131308079,0.00023065058252263933,0.98
3622,0.05,2,9.0,9.2,True,20000,24871,0.016693225130438805,0.00023047925970379624,0.98
3623,0.05,3,8.0,8.4,True,20000,24874,0.01152811199426651,0.00023030802354826477,0.99
3624,0.05,3,8.0,8.4,True,20000,24877,0.01294681429862976,0.00023013687412364628,0.99
3625,0.05,3,8.0,8.4,True,20000,24880,0.011951260268688202,0.00022996581149750808,0.99
3626,0.05,3,8.0,8.4,True,20000,24883,0.013793566264212132,0.00022979483573738274,0.99
3627,0.05,2,9.0,9.2,True,20000,24885,0.01815790869295597,0.00022962394691076885,0.99
3628,0.05,1,10.0,10.0,True,20000,24886,0.011850956827402115,0.00022945314508513066,0.99
3629,0.05,3,8.0,8.4,True,20000,24889,0.011477343738079071,0.00022928243032789813,0.99
3630,0.05,2,9.0,9.2,True,20000,24891,0.011023033410310745,0.00022911180270646656,0.99
3631,0.05,3,8.0,8.4,True,20000,24894,0.014324395917356014,0.000228941262288197,0.99
3632,0.05,5,6.0,6.4,True,20000,24899,0.014068476855754852,0.00022877080914041623,0.99
3633,0.05,1,10.0,10.0,True,20000,24900,0.01179762464016676,0.00022860044333041635,0.99
3634,0.05,3,8.0,8.4,True,20000,24903,0.011552621610462666,0.0002284301649254552,0.99
3635,0.05,2,-11.0,-10.8,False,20000,24905,0.01290331594645977,0.00022825997399275589,0.98
3636,0.05,2,9.0,9.2,True,20000,24907,0.01455148309469223,0.0002280898705995073,0.99
3637,0.05,4,7.0,7.6,True,20000,24911,0.012108373455703259,0.00022791985481286338,0.99
3638,0.05,2,9.0,9.2,True,20000,24913,0.010891824960708618,0.00022774992669994374,0.99
3639,0.05,45,-45.0,-45.0,False,20000,24958,0.012276182882487774,0.0002275800863278332,0.98
3640,0.05,5,6.0,6.4,True,20000,24963,0.008406594395637512,0.00022741033376358214,0.98
3641,0.05,2,9.0,9.2,True,20000,24965,0.010869079269468784,0.00022724066907420622,0.98
3642,0.05,1,10.0,10.0,True,20000,24966,0.020266016945242882,0.00022707109232668625,0.98
3643,0.05,38,-27.0,-26.4,True,20000,25004,0.012435518205165863,0.0002269016035879685,0.98
3644,0.05,2,9.0,9.2,True,20000,25006,0.06482207030057907,0.00022673220292496448,0.98
3645,0.05,4,7.0,7.6,True,20000,25010,0.01471665594726801,0.00022656289040455096,0.98
3646,0.05,4,7.0,7.2,True,20000,25014,0.011451460421085358,0.00022639366609356965,0.98
3647,0.05,3,8.0,8.4,True,20000,25017,0.01378411054611206,0.00022622453005882785,0.98
3648,0.05,6,5.0,5.6,True,20000,25023,0.01586207188665867,0.00022605548236709756,0.98
3649,0.05,3,8.0,8.4,True,20000,25026,0.012092585675418377,0.0002258865230851162,0.98
3650,0.05,1,10.0,10.0,True,20000,25027,0.01325853168964386,0.00022571765227958625,0.98
3651,0.05,1,10.0,10.0,True,20000,25028,0.014603129588067532,0.00022554887001717522,0.98
3652,0.05,2,9.0,9.2,True,20000,25030,0.00950397178530693,0.00022538017636451583,0.98
3653,0.05,3,8.0,8.4,True,20000,25033,0.010901669971644878,0.00022521157138820553,0.98
3654,0.05,2,9.0,9.2,True,20000,25035,0.014278672635555267,0.0002250430551548068,0.98
3655,0.05,3,8.0,8.4,True,20000,25038,0.009623122401535511,0.0002248746277308472,0.98
3656,0.05,3,8.0,8.4,True,20000,25041,0.01901206187903881,0.00022470628918281926,0.98
3657,0.05,5,6.0,6.8,True,20000,25046,0.013035555370151997,0.00022453803957718044,0.98
3658,0.05,4,7.0,7.6,True,20000,25050,0.011121214367449284,0.00022436987898035305,0.98
3659,0.05,4,7.0,7.6,True,20000,25054,0.016645586118102074,0.000224201807458724,0.98
3660,0.05,2,9.0,9.2,True,20000,25056,0.010605141520500183,0.00022403382507864554,0.98
3661,0.05,2,9.0,9.2,True,20000,25058,0.013195225968956947,0.00022386593190643425,0.98
3662,0.05,5,6.0,6.8,True,20000,25063,0.011913830414414406,0.00022369812800837174,0.98
3663,0.05,45,-45.0,-45.0,False,20000,25108,0.0121152987703681,0.0002235304134507045,0.97
3664,0.05,1,10.0,10.0,True,20000,25109,0.009003604762256145,0.0002233627882996433,0.97
3665,0.05,6,5.0,6.0,True,20000,25115,0.0135078439489007,0.00022319525262136407,0.97
3666,0.05,2,9.0,9.2,True,20000,25117,0.019894547760486603,0.0002230278064820072,0.97
3667,0.05,4,7.0,7.6,True,20000,25121,0.01442662626504898,0.00022286044994767777,0.97
3668,0.05,5,6.0,6.6,True,20000,25126,0.01703917793929577,0.00022269318308444565,0.97
3669,0.05,2,9.0,9.2,True,20000,25128,0.008178922347724438,0.000222526005958345,0.97
3670,0.05,4,7.0,7.6,True,20000,25132,0.010662581771612167,0.0002223589186353746,0.97
3671,0.05,1,10.0,10.0,True,20000,25133,0.008890322409570217,0.00022219192118149794,0.97
3672,0.05,2,9.0,9.2,True,20000,25135,0.015435375273227692,0.000222025013662643,0.97
3673,0.05,26,-35.0,-34.8,False,20000,25161,0.011035586707293987,0.00022185819614470228,0.96
3674,0.05,3,8.0,8.4,True,20000,25164,0.01067405566573143,0.00022169146869353276,0.96
3675,0.05,2,9.0,9.2,True,20000,25166,0.013960808515548706,0.00022152483137495555,0.96
3676,0.05,3,-12.0,-12.0,False,20000,25169,0.010654542595148087,0.00022135828425475667,0.95
3677,0.05,2,9.0,9.2,True,20000,25171,0.013040249235928059,0.00022119182739868608,0.95
3678,0.05,1,10.0,10.0,True,20000,25172,0.010179486125707626,0.00022102546087245843,0.95
3679,0.05,1,10.0,10.0,True,20000,25173,0.01935739256441593,0.00022085918474175256,0.95
3680,0.05,5,6.0,6.8,True,20000,25178,0.014792241156101227,0.00022069299907221177,0.95
3681,0.05,5,6.0,6.8,True,20000,25183,0.012566777877509594,0.0002205269039294433,0.95
3682,0.05,1,10.0,10.0,True,20000,25184,0.007195608224719763,0.00022036089937901902,0.95
3683,0.05,4,7.0,7.6,True,20000,25188,0.008969701826572418,0.000220194985486475,0.95
3684,0.05,3,8.0,8.4,True,20000,25191,0.015835680067539215,0.00022002916231731118,0.95
3685,0.05,2,9.0,9.2,True,20000,25193,0.015505902469158173,0.0002198634299369922,0.95
3686,0.05,2,9.0,9.2,True,20000,25195,0.017409566789865494,0.00021969778841094626,0.95
3687,0.05,2,9.0,9.2,True,20000,25197,0.01123681291937828,0.0002195322378045662,0.95
3688,0.05,3,8.0,8.0,True,20000,25200,0.01070964802056551,0.0002193667781832087,0.95
3689,0.05,1,10.0,10.0,True,20000,25201,0.008678637444972992,0.00021920140961219467,0.95
3690,0.05,1,10.0,10.0,True,20000,25202,0.011464904993772507,0.00021903613215680913,0.95
3691,0.05,2,9.0,9.2,True,20000,25204,0.012390302494168282,0.00021887094588230068,0.95
3692,0.05,4,7.0,7.6,True,20000,25208,0.014226948842406273,0.00021870585085388255,0.95
3693,0.05,43,-32.0,-31.6,True,20000,25251,0.013506265357136726,0.00021854084713673143,0.95
3694,0.05,3,8.0,8.2,True,20000,25254,0.014435856603085995,0.00021837593479598824,0.95
3695,0.05,3,8.0,8.4,True,20000,25257,0.019039716571569443,0.00021821111389675778,0.95
3696,0.05,5,6.0,6.8,True,20000,25262,0.017114851623773575,0.00021804638450410882,0.95
3697,0.05,3,8.0,8.4,True,20000,25265,0.013894535601139069,0.00021788174668307373,0.95
3698,0.05,45,-45.0,-44.4,False,20000,25310,0.014660164713859558,0.00021771720049864896,0.94
3699,0.05,3,8.0,8.4,True,20000,25313,0.009950709529221058,0.00021755274601579496,0.94
3700,0.05,3,8.0,8.4,True,20000,25316,0.019413640722632408,0.00021738838329943543,0.94
3701,0.05,6,5.0,5.8,True,20000,25322,0.013761078007519245,0.00021722411241445835,0.94
3702,0.05,2,9.0,9.2,True,20000,25324,0.011614453047513962,0.00021705993342571533,0.94
3703,0.05,4,7.0,7.4,True,20000,25328,0.012470649555325508,0.00021689584639802138,0.94
3704,0.05,2,9.0,9.2,True,20000,25330,0.014586043544113636,0.00021673185139615565,0.94
3705,0.05,4,7.0,7.6,True,20000,25334,0.020757850259542465,0.00021656794848486072,0.94
3706,0.05,2,9.0,9.2,True,20000,25336,0.01484593190252781,0.000216404137728843,0.94
3707,0.05,1,10.0,10.0,True,20000,25337,0.008656367659568787,0.00021624041919277227,0.94
3708,0.05,1,10.0,10.0,True,20000,25338,0.010648056864738464,0.00021607679294128186,0.94
3709,0.05,2,9.0,9.2,True,20000,25340,0.013654230162501335,0.00021591325903896896,0.94
3710,0.05,4,7.0,7.6,True,20000,25344,0.012199942953884602,0.00021574981755039422,0.94
3711,0.05,4,7.0,7.6,True,20000,25348,0.015923932194709778,0.00021558646854008166,0.94
3712,0.05,2,9.0,9.2,True,20000,25350,0.02266334369778633,0.00021542321207251898,0.94
3713,0.05,5,6.0,6.8,True,20000,25355,0.012878099456429482,0.00021526004821215724,0.94
3714,0.05,4,7.0,7.4,True,20000,25359,0.012194088660180569,0.00021509697702341095,0.94
3715,0.05,2,9.0,9.2,True,20000,25361,0.013330102898180485,0.00021493399857065788,0.94
3716,0.05,1,10.0,10.0,True,20000,25362,0.008367909118533134,0.00021477111291823942,0.94
3717,0.05,2,9.0,9.2,True,20000,25364,0.02382049895823002,0.00021460832013046026,0.94
3718,0.05,1,10.0,10.0,True,20000,25365,0.008826243691146374,0.00021444562027158855,0.94
3719,0.05,2,9.0,9.2,True,20000,25367,0.02195141278207302,0.00021428301340585537,0.94
3720,0.05,4,7.0,7.6,True,20000,25371,0.011079738847911358,0.00021412049959745546,0.94
3721,0.05,1,10.0,10.0,True,20000,25372,0.012201217003166676,0.00021395807891054676,0.94
3722,0.05,3,8.0,8.0,True,20000,25375,0.013475033454596996,0.00021379575140925038,0.94
3723,0.05,1,10.0,10.0,True,20000,25376,0.01390865072607994,0.00021363351715765052,0.94
3724,0.05,4,7.0,7.6,True,20000,25380,0.03526517376303673,0.00021347137621979484,0.94
3725,0.05,5,6.0,6.4,True,20000,25385,0.01131205353885889,0.00021330932865969382,0.94
3726,0.05,4,7.0,7.2,True,20000,25389,0.014829611405730247,0.00021314737454132142,0.94
3727,0.05,1,10.0,10.0,True,20000,25390,0.01166395004838705,0.0002129855139286145,0.94
3728,0.05,2,9.0,9.2,True,20000,25392,0.010835228487849236,0.00021282374688547312,0.94
3729,0.05,5,6.0,6.8,True,20000,25397,0.014965765178203583,0.00021266207347576043,0.94
3730,0.05,1,10.0,10.0,True,20000,25398,0.009084113873541355,0.00021250049376330242,0.94
3731,0.05,5,6.0,6.2,True,20000,25403,0.009985899552702904,0.0002123390078118881,0.94
3732,0.05,3,8.0,8.4,True,20000,25406,0.013905520550906658,0.00021217761568526967,0.94
3733,0.05,2,9.0,9.2,True,20000,25408,0.013532153330743313,0.00021201631744716218,0.94
3734,0.05,4,7.0,7.6,True,20000,25412,0.015902116894721985,0.0002118551131612436,0.94
3735,0.05,5,6.0,6.8,True,20000,25417,0.011164340190589428,0.00021169400289115504,0.95
3736,0.05,2,9.0,9.2,True,20000,25419,0.010774528607726097,0.00021153298670049996,0.95
3737,0.05,3,8.0,8.4,True,20000,25422,0.014482572674751282,0.00021137206465284523,0.95
3738,0.05,6,5.0,6.0,True,20000,25428,0.014246075414121151,0.00021121123681172018,0.95
3739,0.05,3,8.0,8.4,True,20000,25431,0.012150414288043976,0.0002110505032406171,0.96
3740,0.05,2,9.0,9.2,True,20000,25433,0.01141386665403843,0.00021088986400299124,0.96
3741,0.05,3,8.0,8.4,True,20000,25436,0.013049811124801636,0.0002107293191622602,0.96
3742,0.05,4,7.0,7.6,True,20000,25440,0.012401409447193146,0.0002105688687818046,0.96
3743,0.05,3,8.0,8.4,True,20000,25443,0.010526134632527828,0.00021040851292496778,0.96
3744,0.05,3,8.0,8.4,True,20000,25446,0.014241640456020832,0.00021024825165505577,0.96
3745,0.05,3,8.0,8.4,True,20000,25449,0.013003882952034473,0.00021008808503533694,0.96
3746,0.05,3,8.0,8.4,True,20000,25452,0.01111793052405119,0.0002099280131290428,0.96
3747,0.05,5,6.0,6.8,True,20000,25457,0.01618589460849762,0.00020976803599936694,0.96
3748,0.05,4,7.0,7.6,True,20000,25461,0.011711763218045235,0.0002096081537094659,0.96
3749,0.05,3,8.0,8.4,True,20000,25464,0.014377862215042114,0.00020944836632245874,0.96
3750,0.05,1,10.0,10.0,True,20000,25465,0.014704939909279346,0.00020928867390142695,0.96
3751,0.05,3,8.0,8.4,True,20000,25468,0.011646834202110767,0.00020912907650941464,0.96
3752,0.05,2,9.0,9.2,True,20000,25470,0.00966806523501873,0.0002089695742094282,0.96
3753,0.05,1,10.0,10.0,True,20000,25471,0.010162933729588985,0.00020881016706443678,0.96
3754,0.05,3,8.0,8.4,True,20000,25474,0.017422737553715706,0.0002086508551373716,0.96
3755,0.05,3,-12.0,-11.6,False,20000,25477,0.009009063243865967,0.00020849163849112655,0.95
3756,0.05,2,9.0,9.2,True,20000,25479,0.011743325740098953,0.00020833251718855791,0.95
3757,0.05,3,8.0,8.4,True,20000,25482,0.012771849520504475,0.00020817349129248426,0.95
3758,0.05,3,8.0,8.4,True,20000,25485,0.01135252695530653,0.00020801456086568638,0.95
3759,0.05,2,9.0,9.2,True,20000,25487,0.007109873928129673,0.00020785572597090758,0.95
3760,0.05,3,8.0,8.4,True,20000,25490,0.012883782386779785,0.0002076969866708534,0.95
3761,0.05,1,10.0,10.0,True,20000,25491,0.009433778934180737,0.00020753834302819147,0.95
3762,0.05,5,6.0,6.4,True,20000,25496,0.009783344343304634,0.00020737979510555198,0.95
3763,0.05,5,6.0,6.8,True,20000,25501,0.013998707756400108,0.0002072213429655269,0.96
3764,0.05,4,7.0,7.6,True,20000,25505,0.016315694898366928,0.00020706298667067072,0.96
3765,0.05,2,9.0,9.2,True,20000,25507,0.016543708741664886,0.00020690472628350003,0.96
3766,0.05,5,6.0,6.4,True,20000,25512,0.016476226970553398,0.00020674656186649352,0.96
3767,0.05,1,10.0,10.0,True,20000,25513,0.009556896053254604,0.0002065884934820921,0.96
3768,0.05,1,10.0,10.0,True,20000,25514,0.013323669321835041,0.0002064305211926986,0.96
3769,0.05,2,9.0,9.2,True,20000,25516,0.01715344935655594,0.00020627264506067777,0.96
3770,0.05,3,8.0,8.4,True,20000,25519,0.01290458720177412,0.00020611486514835684,0.96
3771,0.05,1,10.0,10.0,True,20000,25520,0.02543148212134838,0.0002059571815180247,0.96
3772,0.05,2,9.0,9.2,True,20000,25522,0.013864296488463879,0.0002057995942319324,0.96
3773,0.05,1,10.0,10.0,True,20000,25523,0.016737375408411026,0.00020564210335229305,0.97
3774,0.05,1,10.0,10.0,True,20000,25524,0.011214927770197392,0.00020548470894128128,0.97
3775,0.05,2,9.0,9.2,True,20000,25526,0.015554765239357948,0.00020532741106103406,0.97
3776,0.05,3,8.0,8.0,True,20000,25529,0.015004608780145645,0.00020517020977365018,0.98
3777,0.05,1,10.0,10.0,True,20000,25530,0.08844069391489029,0.00020501310514119004,0.98
3778,0.05,1,10.0,10.0,True,20000,25531,0.010597909800708294,0.00020485609722567614,0.98
3779,0.05,4,7.0,7.6,True,20000,25535,0.019144946709275246,0.00020469918608909284,0.98
3780,0.05,4,7.0,7.4,True,20000,25539,0.011962467804551125,0.00020454237179338595,0.98
3781,0.05,5,6.0,6.8,True,20000,25544,0.015326413325965405,0.00020438565440046336,0.98
3782,0.05,1,10.0,10.0,True,20000,25545,0.011155237443745136,0.00020422903397219466,0.98
3783,0.05,1,10.0,10.0,True,20000,25546,0.010725674219429493,0.00020407251057041117,0.98
3784,0.05,6,5.0,5.4,True,20000,25552,0.015696147456765175,0.00020391608425690576,0.98
3785,0.05,1,10.0,10.0,True,20000,25553,0.018258703872561455,0.00020375975509343296,0.98
3786,0.05,4,7.0,7.2,True,20000,25557,0.0141246747225523,0.0002036035231417092,0.98
3787,0.05,2,9.0,9.2,True,20000,25559,0.012529564090073109,0.00020344738846341228,0.98
3788,0.05,1,10.0,10.0,True,20000,25560,0.013057063333690166,0.00020329135112018176,0.98
3789,0.05,5,6.0,6.4,True,20000,25565,0.01105114072561264,0.0002031354111736187,0.98
3790,0.05,3,8.0,8.4,True,20000,25568,0.011999226175248623,0.0002029795686852859,0.98
3791,0.05,1,10.0,10.0,True,20000,25569,0.007853410206735134,0.00020282382371670726,0.98
3792,0.05,5,6.0,6.8,True,20000,25574,0.014531518332660198,0.00020266817632936846,0.98
3793,0.05,4,7.0,7.2,True,20000,25578,0.012721432372927666,0.0002025126265847166,0.98
3794,0.05,5,6.0,6.8,True,20000,25583,0.01095875259488821,0.0002023571745441604,0.98
3795,0.05,3,8.0,8.4,True,20000,25586,0.011411406099796295,0.00020220182026906981,0.98
3796,0.05,4,7.0,7.6,True,20000,25590,0.013110271655023098,0.00020204656382077612,0.98
3797,0.05,3,8.0,8.2,True,20000,25593,0.013013516552746296,0.00020189140526057222,0.98
3798,0.05,4,7.0,7.6,True,20000,25597,0.014200147241353989,0.00020173634464971236,0.99
3799,0.05,2,9.0,9.2,True,20000,25599,0.015172440558671951,0.0002015813820494118,0.99
3800,0.05,2,9.0,9.2,True,20000,25601,0.014205005019903183,0.00020142651752084738,0.99
3801,0.05,3,8.0,8.4,True,20000,25604,0.01268486026674509,0.00020127175112515734,0.99
3802,0.05,1,10.0,10.0,True,20000,25605,0.01490412000566721,0.0002011170829234407,0.99
3803,0.05,3,8.0,8.4,True,20000,25608,0.015388126485049725,0.0002009625129767582,0.99
3804,0.05,2,9.0,9.2,True,20000,25610,0.008656908757984638,0.00020080804134613162,0.99
3805,0.05,4,7.0,7.6,True,20000,25614,0.013847790658473969,0.00020065366809254387,0.99
3806,0.05,5,6.0,6.4,True,20000,25619,0.010072866454720497,0.00020049939327693918,0.99
3807,0.05,5,6.0,6.4,True,20000,25624,0.010982861742377281,0.00020034521696022265,0.99
3808,0.05,5,6.0,6.8,True,20000,25629,0.010666548274457455,0.0002001911392032606,0.99
3809,0.05,21,-10.0,-9.2,True,20000,25650,0.011724686250090599,0.00020003716006688062,0.99
3810,0.05,3,8.0,8.4,True,20000,25653,0.013985246419906616,0.00019988327961187118,0.99
3811,0.05,2,9.0,9.2,True,20000,25655,0.016489753499627113,0.00019972949789898192,0.99
3812,0.05,5,6.0,6.8,True,20000,25660,0.01009572483599186,0.00019957581498892342,0.99
3813,0.05,1,10.0,10.0,True,20000,25661,0.011670452542603016,0.00019942223094236705,0.99
3814,0.05,1,10.0,10.0,True,20000,25662,0.009869200177490711,0.00019926874581994568,0.99
3815,0.05,5,6.0,6.8,True,20000,25667,0.010567049495875835,0.00019911535968225255,0.99
3816,0.05,5,6.0,6.8,True,20000,25672,0.012412512674927711,0.00019896207258984216,0.99
3817,0.05,4,7.0,7.6,True,20000,25676,0.011040226556360722,0.00019880888460322994,0.99
3818,0.05,3,8.0,8.4,True,20000,25679,0.009376042522490025,0.00019865579578289184,0.99
3819,0.05,3,8.0,8.4,True,20000,25682,0.012103311717510223,0.00019850280618926506,0.99
3820,0.05,4,7.0,7.6,True,20000,25686,0.01826397515833378,0.00019834991588274747,0.99
3821,0.05,3,8.0,8.4,True,20000,25689,0.010433930903673172,0.0001981971249236978,0.99
3822,0.05,3,8.0,8.4,True,20000,25692,0.011944368481636047,0.00019804443337243535,0.99
3823,0.05,5,6.0,6.8,True,20000,25697,0.010805530473589897,0.0001978918412892405,0.99
3824,0.05,4,7.0,7.6,True,20000,25701,0.01847464218735695,0.00019773934873435397,0.99
3825,0.05,2,9.0,9.2,True,20000,25703,0.009869461879134178,0.0001975869557679775,0.99
3826,0.05,1,10.0,10.0,True,20000,25704,0.011511266231536865,0.00019743466245027348,0.99
3827,0.05,2,9.0,9.2,True,20000,25706,0.009700708091259003,0.0001972824688413649,0.99
3828,0.05,4,7.0,7.6,True,20000,25710,0.009855606593191624,0.00019713037500133535,0.99
3829,0.05,3,8.0,8.4,True,20000,25713,0.014534966088831425,0.00019697838099022905,0.99
3830,0.05,2,9.0,9.2,True,20000,25715,0.006494156550616026,0.0001968264868680509,0.99
3831,0.05,4,7.0,7.6,True,20000,25719,0.012323640286922455,0.00019667469269476617,0.99
3832,0.05,3,8.0,8.4,True,20000,25722,0.010244413278996944,0.00019652299853030084,0.99
3833,0.05,4,7.0,7.6,True,20000,25726,0.012703423388302326,0.00019637140443454142,0.99
3834,0.05,1,10.0,10.0,True,20000,25727,0.012292415834963322,0.0001962199104673349,0.99
3835,0.05,1,10.0,10.0,True,20000,25728,0.007833769544959068,0.00019606851668848852,0.99
3836,0.05,3,8.0,8.4,True,20000,25731,0.0119690066203475,0.00019591722315777025,0.99
3837,0.05,3,8.0,8.4,True,20000,25734,0.010744810104370117,0.00019576602993490847,0.99
3838,0.05,4,7.0,7.6,True,20000,25738,0.017948292195796967,0.0001956149370795917,0.99
3839,0.05,1,10.0,10.0,True,20000,25739,0.011950206942856312,0.00019546394465146919,0.99
3840,0.05,1,10.0,10.0,True,20000,25740,0.009675981476902962,0.00019531305271015017,0.99
3841,0.05,2,9.0,9.2,True,20000,25742,0.008391906507313251,0.00019516226131520447,0.99
3842,0.05,1,10.0,10.0,True,20000,25743,0.005682116840034723,0.00019501157052616216,0.99
3843,0.05,1,10.0,10.0,True,20000,25744,0.011371903121471405,0.00019486098040251356,0.99
3844,0.05,1,10.0,10.0,True,20000,25745,0.012972015887498856,0.00019471049100370938,0.99
3845,0.05,20,-9.0,-8.6,True,20000,25765,0.015864815562963486,0.00019456010238916034,0.99
3846,0.05,2,9.0,9.2,True,20000,25767,0.017173191532492638,0.00019440981461823738,0.99
3847,0.05,4,7.0,7.6,True,20000,25771,0.016011977568268776,0.00019425962775027186,0.99
3848,0.05,1,10.0,10.0,True,20000,25772,0.009317239746451378,0.00019410954184455515,0.99
3849,0.05,45,-45.0,-45.0,False,20000,25817,0.015026293694972992,0.0001939595569603388,0.98
3850,0.05,2,9.0,9.2,True,20000,25819,0.012341167777776718,0.00019380967315683456,0.98
3851,0.05,5,6.0,6.8,True,20000,25824,0.01380766648799181,0.00019365989049321397,0.98
3852,0.05,2,9.0,9.2,True,20000,25826,0.013827082701027393,0.0001935102090286091,0.98
3853,0.05,5,6.0,6.4,True,20000,25831,0.018581068143248558,0.00019336062882211157,0.98
3854,0.05,3,8.0,8.4,True,20000,25834,0.016227962449193,0.00019321114993277338,0.98
3855,0.05,5,6.0,6.4,True,20000,25839,0.013719098642468452,0.00019306177241960648,0.99
3856,0.05,4,7.0,7.6,True,20000,25843,0.016018815338611603,0.00019291249634158285,0.99
3857,0.05,7,4.0,4.4,True,20000,25850,0.01621818356215954,0.00019276332175763403,0.99
3858,0.05,3,8.0,8.4,True,20000,25853,0.011639713309705257,0.00019261424872665193,0.99
3859,0.05,5,6.0,6.4,True,20000,25858,0.013340826146304607,0.00019246527730748826,0.99
3860,0.05,3,8.0,8.4,True,20000,25861,0.009896986186504364,0.00019231640755895462,0.99
3861,0.05,1,10.0,10.0,True,20000,25862,0.015176323242485523,0.00019216763953982234,0.99
3862,0.05,2,9.0,9.2,True,20000,25864,0.011680524796247482,0.00019201897330882266,0.99
3863,0.05,2,9.0,9.2,True,20000,25866,0.013090193271636963,0.0001918704089246466,0.99
3864,0.05,3,8.0,8.4,True,20000,25869,0.014684784226119518,0.00019172194644594516,0.99
3865,0.05,2,9.0,9.2,True,20000,25871,0.011233638972043991,0.00019157358593132896,0.99
3866,0.05,1,10.0,10.0,True,20000,25872,0.011829841881990433,0.00019142532743936827,0.99
3867,0.05,45,-45.0,-44.8,False,20000,25917,0.01324611809104681,0.00019127717102859345,0.98
3868,0.05,3,8.0,8.2,True,20000,25920,0.021366864442825317,0.0001911291167574941,0.98
3869,0.05,5,6.0,6.4,True,20000,25925,0.012348348274827003,0.0001909811646845196,0.98
3870,0.05,2,9.0,9.2,True,20000,25927,0.02042151242494583,0.00019083331486807924,0.98
3871,0.05,4,7.0,7.6,True,20000,25931,0.016534579917788506,0.00019068556736654172,0.98
3872,0.05,4,7.0,7.6,True,20000,25935,0.01557498425245285,0.00019053792223823566,0.98
3873,0.05,1,10.0,10.0,True,20000,25936,0.009940345771610737,0.00019039037954144862,0.98
3874,0.05,4,7.0,7.2,True,20000,25940,0.01146138645708561,0.00019024293933442835,0.98
3875,0.05,3,8.0,8.4,True,20000,25943,0.011212875135242939,0.00019009560167538198,0.98
3876,0.05,1,10.0,10.0,True,20000,25944,0.012318086810410023,0.00018994836662247587,0.98
3877,0.05,4,7.0,7.6,True,20000,25948,0.010313298553228378,0.00018980123423383618,0.98
3878,0.05,2,9.0,9.2,True,20000,25950,0.012416768819093704,0.0001896542045675486,0.98
3879,0.05,2,9.0,9.2,True,20000,25952,0.009704766795039177,0.00018950727768165783,0.98
3880,0.05,1,10.0,10.0,True,20000,25953,0.010992966592311859,0.00018936045363416844,0.98
3881,0.05,1,10.0,10.0,True,20000,25954,0.006679272744804621,0.00018921373248304422,0.98
3882,0.05,2,9.0,9.2,True,20000,25956,0.009815542958676815,0.00018906711428620844,0.98
3883,0.05,3,8.0,8.4,True,20000,25959,0.014333830215036869,0.0001889205991015435,0.98
3884,0.05,4,7.0,7.2,True,20000,25963,0.010182923637330532,0.0001887741869868914,0.98
3885,0.05,1,10.0,10.0,True,20000,25964,0.021069562062621117,0.00018862787800005316,0.98
3886,0.05,1,10.0,10.0,True,20000,25965,0.008821074850857258,0.00018848167219878936,0.98
3887,0.05,2,9.0,9.2,True,20000,25967,0.010772247798740864,0.00018833556964081974,0.98
3888,0.05,2,9.0,9.2,True,20000,25969,0.017546437680721283,0.00018818957038382325,0.98
3889,0.05,3,8.0,8.4,True,20000,25972,0.01332322508096695,0.0001880436744854382,0.98
3890,0.05,3,8.0,8.4,True,20000,25975,0.011554650031030178,0.0001878978820032618,0.98
3891,0.05,1,10.0,10.0,True,20000,25976,0.008672905154526234,0.00018775219299485072,0.98
3892,0.05,2,9.0,9.2,True,20000,25978,0.008428583852946758,0.0001876066075177206,0.98
3893,0.05,2,9.0,9.2,True,20000,25980,0.010715218260884285,0.00018746112562934632,0.98
3894,0.05,35,-44.0,-43.6,False,20000,26015,0.016184018924832344,0.00018731574738716178,0.97
3895,0.05,1,10.0,10.0,True,20000,26016,0.014988784678280354,0.0001871704728485602,0.97
3896,0.05,5,6.0,6.4,True,20000,26021,0.01638905517756939,0.00018702530207089337,0.97
3897,0.05,1,10.0,10.0,True,20000,26022,0.011409472674131393,0.0001868802351114726,0.97
3898,0.05,2,9.0,9.2,True,20000,26024,0.02222403883934021,0.0001867352720275681,0.97
3899,0.05,3,8.0,8.4,True,20000,26027,0.014650896191596985,0.00018659041287640878,0.97
3900,0.05,4,7.0,7.4,True,20000,26031,0.019636090844869614,0.00018644565771518297,0.97
3901,0.05,2,9.0,9.2,True,20000,26033,0.02263815328478813,0.00018630100660103747,0.97
3902,0.05,1,10.0,10.0,True,20000,26034,0.01526913046836853,0.00018615645959107845,0.97
3903,0.05,4,7.0,7.2,True,20000,26038,0.0165932048112154,0.0001860120167423706,0.97
3904,0.05,5,6.0,6.2,True,20000,26043,0.015122270211577415,0.00018586767811193787,0.97
3905,0.05,6,5.0,5.6,True,20000,26049,0.01461115200072527,0.00018572344375676283,0.97
3906,0.05,3,8.0,8.4,True,20000,26052,0.017874209210276604,0.0001855793137337869,0.97
3907,0.05,3,8.0,8.4,True,20000,26055,0.013921133242547512,0.00018543528809991018,0.97
3908,0.05,3,8.0,8.4,True,20000,26058,0.02060157060623169,0.00018529136691199178,0.97
3909,0.05,1,10.0,10.0,True,20000,26059,0.041138555854558945,0.00018514755022684958,0.97
3910,0.05,2,9.0,9.2,True,20000,26061,0.009103663265705109,0.00018500383810126012,0.97
3911,0.05,4,7.0,7.6,True,20000,26065,0.015828551724553108,0.0001848602305919587,0.97
3912,0.05,1,10.0,10.0,True,20000,26066,0.019656118005514145,0.00018471672775563914,0.97
3913,0.05,5,6.0,6.8,True,20000,26071,0.013173366896808147,0.00018457332964895418,0.97
3914,0.05,3,8.0,8.4,True,20000,26074,0.00820807833224535,0.0001844300363285153,0.97
3915,0.05,5,6.0,6.8,True,20000,26079,0.013228358700871468,0.00018428684785089212,0.97
3916,0.05,2,9.0,9.2,True,20000,26081,0.01067070197314024,0.00018414376427261332,0.97
3917,0.05,2,9.0,9.2,True,20000,26083,0.010203337296843529,0.0001840007856501661,0.97
3918,0.05,3,8.0,8.4,True,20000,26086,0.01988900452852249,0.000183857912039996,0.97
3919,0.05,3,8.0,8.4,True,20000,26089,0.01326621975749731,0.0001837151434985074,0.97
3920,0.05,3,8.0,8.4,True,20000,26092,0.01283404603600502,0.00018357248008206293,0.97
3921,0.05,3,8.0,8.4,True,20000,26095,0.013125906698405743,0.0001834299218469841,0.97
3922,0.05,3,8.0,8.4,True,20000,26098,0.016560235992074013,0.00018328746884955046,0.97
3923,0.05,4,7.0,7.6,True,20000,26102,0.017305437475442886,0.0001831451211460001,0.97
3924,0.05,3,8.0,8.4,True,20000,26105,0.01541787851601839,0.00018300287879252972,0.97
3925,0.05,2,9.0,9.2,True,20000,26107,0.008687736466526985,0.0001828607418452944,0.97
3926,0.05,4,7.0,7.2,True,20000,26111,0.011709267273545265,0.0001827187103604075,0.97
3927,0.05,1,10.0,10.0,True,20000,26112,0.007689270656555891,0.0001825767843939408,0.97
3928,0.05,4,-13.0,-12.8,False,20000,26116,0.01373334787786007,0.00018243496400192463,0.96
3929,0.05,1,10.0,10.0,True,20000,26117,0.00614909129217267,0.0001822932492403472,0.96
3930,0.05,1,10.0,10.0,True,20000,26118,0.008535219356417656,0.00018215164016515529,0.96
3931,0.05,2,9.0,9.2,True,20000,26120,0.009604941122233868,0.0001820101368322539,0.96
3932,0.05,2,9.0,9.2,True,20000,26122,0.007916482165455818,0.0001818687392975063,0.96
3933,0.05,5,6.0,6.0,True,20000,26127,0.009484408423304558,0.00018172744761673422,0.96
3934,0.05,2,9.0,9.2,True,20000,26129,0.01066729798913002,0.0001815862618457171,0.96
3935,0.05,3,8.0,8.4,True,20000,26132,0.012019296176731586,0.00018144518204019292,0.96
3936,0.05,3,8.0,8.4,True,20000,26135,0.012956018559634686,0.0001813042082558579,0.96
3937,0.05,4,7.0,7.2,True,20000,26139,0.013928346335887909,0.000181163340548366,0.96
3938,0.05,2,9.0,9.2,True,20000,26141,0.007703128736466169,0.00018102257897332976,0.96
3939,0.05,1,10.0,10.0,True,20000,26142,0.006134835537523031,0.0001808819235863196,0.96
3940,0.05,4,7.0,7.6,True,20000,26146,0.01209986675530672,0.00018074137444286395,0.96
3941,0.05,2,9.0,9.2,True,20000,26148,0.012433629482984543,0.0001806009315984494,0.96
3942,0.05,4,7.0,7.6,True,20000,26152,0.010363663546741009,0.0001804605951085206,0.96
3943,0.05,2,9.0,9.2,True,20000,26154,0.011614726856350899,0.00018032036502848022,0.96
3944,0.05,38,-27.0,-26.8,True,20000,26192,0.01278592087328434,0.00018018024141368887,0.96
3945,0.05,3,8.0,8.4,True,20000,26195,0.017973748967051506,0.00018004022431946512,0.96
3946,0.05,3,-12.0,-12.0,False,20000,26198,0.011244789697229862,0.00017990031380108536,0.95
3947,0.05,2,9.0,9.2,True,20000,26200,0.012104724533855915,0.00017976050991378416,0.95
3948,0.05,1,10.0,10.0,True,20000,26201,0.014862392097711563,0.00017962081271275388,0.95
3949,0.05,2,9.0,9.2,True,20000,26203,0.009801842272281647,0.00017948122225314476,0.96
3950,0.05,2,9.0,9.2,True,20000,26205,0.008312195539474487,0.00017934173859006502,0.96
3951,0.05,1,10.0,10.0,True,20000,26206,0.007820704020559788,0.00017920236177858034,0.96
3952,0.05,3,8.0,8.4,True,20000,26209,0.013126191683113575,0.00017906309187371475,0.96
3953,0.05,6,5.0,6.0,True,20000,26215,0.010537398047745228,0.0001789239289304496,0.96
3954,0.05,2,9.0,9.2,True,20000,26217,0.016032585874199867,0.00017878487300372427,0.96
3955,0.05,2,9.0,9.2,True,20000,26219,0.008590511046350002,0.00017864592414843595,0.96
3956,0.05,6,5.0,5.6,True,20000,26225,0.01252017542719841,0.00017850708241943925,0.96
3957,0.05,3,8.0,8.4,True,20000,26228,0.013453781604766846,0.00017836834787154682,0.96
3958,0.05,4,7.0,7.6,True,20000,26232,0.010135420598089695,0.0001782297205595288,0.96
3959,0.05,2,9.0,9.2,True,20000,26234,0.013093728572130203,0.00017809120053811323,0.96
3960,0.05,4,7.0,7.6,True,20000,26238,0.010663756169378757,0.0001779527878619854,0.96
3961,0.05,2,9.0,9.2,True,20000,26240,0.00958842970430851,0.0001778144825857886,0.96
3962,0.05,4,7.0,7.6,True,20000,26244,0.011062266305088997,0.00017767628476412337,0.96
3963,0.05,4,7.0,7.6,True,20000,26248,0.013833722099661827,0.00017753819445154816,0.96
3964,0.05,5,6.0,6.8,True,20000,26253,0.014263613149523735,0.00017740021170257878,0.96
3965,0.05,3,8.0,8.4,True,20000,26256,0.014126154594123363,0.00017726233657168873,0.96
3966,0.05,4,7.0,7.6,True,20000,26260,0.015810027718544006,0.0001771245691133089,0.96
3967,0.05,4,7.0,7.6,True,20000,26264,0.011982275173068047,0.00017698690938182762,0.97
3968,0.05,6,5.0,6.0,True,20000,26270,0.013723060488700867,0.00017684935743159092,0.97
3969,0.05,1,10.0,10.0,True,20000,26271,0.01407366618514061,0.00017671191331690192,0.97
3970,0.05,2,9.0,9.2,True,20000,26273,0.014441252686083317,0.0001765745770920215,0.97
3971,0.05,2,9.0,9.2,True,20000,26275,0.0244279894977808,0.00017643734881116782,0.97
3972,0.05,1,10.0,10.0,True,20000,26276,0.012045075185596943,0.00017630022852851653,0.97
3973,0.05,4,7.0,7.6,True,20000,26280,0.011255018413066864,0.00017616321629820037,0.97
3974,0.05,1,10.0,10.0,True,20000,26281,0.012707176618278027,0.00017602631217430965,0.97
3975,0.05,2,9.0,9.2,True,20000,26283,0.010992196388542652,0.0001758895162108921,0.97
3976,0.05,6,5.0,5.6,True,20000,26289,0.016158947721123695,0.0001757528284619524,0.97
3977,0.05,4,7.0,7.6,True,20000,26293,0.012932348065078259,0.00017561624898145288,0.97
3978,0.05,5,6.0,6.8,True,20000,26298,0.011096899397671223,0.00017547977782331274,0.97
3979,0.05,3,8.0,8.4,True,20000,26301,0.010357812978327274,0.00017534341504140874,0.97
3980,0.05,2,9.0,9.2,True,20000,26303,0.015150867402553558,0.0001752071606895748,0.97
3981,0.05,1,10.0,10.0,True,20000,26304,0.011374509893357754,0.00017507101482160188,0.97
3982,0.05,2,9.0,9.2,True,20000,26306,0.01824851520359516,0.0001749349774912384,0.97
3983,0.05,5,6.0,6.8,True,20000,26311,0.012877428904175758,0.0001747990487521896,0.97
3984,0.05,3,8.0,8.4,True,20000,26314,0.009384463541209698,0.00017466322865811794,0.97
3985,0.05,5,6.0,6.4,True,20000,26319,0.01598474010825157,0.00017452751726264312,0.97
3986,0.05,2,9.0,9.2,True,20000,26321,0.012912942096590996,0.00017439191461934183,0.97
3987,0.05,1,10.0,10.0,True,20000,26322,0.007403343915939331,0.00017425642078174784,0.97
3988,0.05,2,9.0,9.2,True,20000,26324,0.007906878367066383,0.0001741210358033521,0.97
3989,0.05,3,8.0,8.4,True,20000,26327,0.012406638823449612,0.00017398575973760224,0.97
3990,0.05,1,10.0,10.0,True,20000,26328,0.01714477501809597,0.0001738505926379033,0.97
3991,0.05,3,8.0,8.4,True,20000,26331,0.037248704582452774,0.000173715534557617,0.97
3992,0.05,2,9.0,9.2,True,20000,26333,0.009452423080801964,0.0001735805855500621,0.97
3993,0.05,1,10.0,10.0,True,20000,26334,0.01115837786346674,0.0001734457456685144,0.97
3994,0.05,4,7.0,7.6,True,20000,26338,0.013218697160482407,0.0001733110149662066,0.98
3995,0.05,1,10.0,10.0,True,20000,26339,0.01081355381757021,0.00017317639349632812,0.98
3996,0.05,1,10.0,10.0,True,20000,26340,0.014378141611814499,0.00017304188131202545,0.98
3997,0.05,5,6.0,6.8,True,20000,26345,0.02447325550019741,0.00017290747846640184,0.98
3998,0.05,3,8.0,8.4,True,20000,26348,0.013199090957641602,0.00017277318501251752,0.98
3999,0.05,3,8.0,8.4,True,20000,26351,0.010959076695144176,0.00017263900100338936,0.98
4000,0.05,1,10.0,10.0,True,20000,26352,0.014398492872714996,0.00017250492649199096,0.98
4001,0.05,3,8.0,8.4,True,20000,26355,0.01086315605789423,0.0001723709615312529,0.98
4002,0.05,3,8.0,8.4,True,20000,26358,0.01614471524953842,0.00017223710617406243,0.98
4003,0.05,2,9.0,9.2,True,20000,26360,0.0131126893684268,0.00017210336047326355,0.98
4004,0.05,4,7.0,7.6,True,20000,26364,0.012840673327445984,0.00017196972448165686,0.98
4005,0.05,4,7.0,7.6,True,20000,26368,0.012915851548314095,0.0001718361982519999,0.98
4006,0.05,2,9.0,9.2,True,20000,26370,0.0176759772002697,0.00017170278183700668,0.98
4007,0.05,5,6.0,6.8,True,20000,26375,0.010042035952210426,0.00017156947528934764,0.98
4008,0.05,3,8.0,8.4,True,20000,26378,0.015766069293022156,0.0001714362786616503,0.98
4009,0.05,4,7.0,7.4,True,20000,26382,0.017492610961198807,0.00017130319200649855,0.98
4010,0.05,3,8.0,8.4,True,20000,26385,0.014626572839915752,0.00017117021537643297,0.98
4011,0.05,1,10.0,10.0,True,20000,26386,0.01513053197413683,0.00017103734882395046,0.98
4012,0.05,4,7.0,7.6,True,20000,26390,0.010281328111886978,0.00017090459240150474,0.98
4013,0.05,3,8.0,8.4,True,20000,26393,0.015762126073241234,0.00017077194616150598,0.98
4014,0.05,4,7.0,7.6,True,20000,26397,0.014342292211949825,0.00017063941015632068,0.98
4015,0.05,4,7.0,7.6,True,20000,26401,0.009329467080533504,0.00017050698443827207,0.98
4016,0.05,2,9.0,9.2,True,20000,26403,0.016001977026462555,0.00017037466905963974,0.98
4017,0.05,2,9.0,9.2,True,20000,26405,0.010413138195872307,0.00017024246407265956,0.98
4018,0.05,3,8.0,8.4,True,20000,26408,0.007730937097221613,0.00017011036952952407,0.98
4019,0.05,4,7.0,7.6,True,20000,26412,0.010654822923243046,0.00016997838548238206,0.98
4020,0.05,3,8.0,8.4,True,20000,26415,0.010965718887746334,0.0001698465119833389,0.98
4021,0.05,2,9.0,9.2,True,20000,26417,0.00801107008010149,0.00016971474908445593,0.98
4022,0.05,2,9.0,9.2,True,20000,26419,0.01005024928599596,0.00016958309683775126,0.98
4023,0.05,3,8.0,8.4,True,20000,26422,0.008822442963719368,0.00016945155529519892,0.98
4024,0.05,2,9.0,9.2,True,20000,26424,0.01033568661659956,0.00016932012450872948,0.98
4025,0.05,1,10.0,10.0,True,20000,26425,0.01572153903543949,0.00016918880453022984,0.98
4026,0.05,1,10.0,10.0,True,20000,26426,0.01212781947106123,0.00016905759541154295,0.98
4027,0.05,29,-18.0,-17.4,True,20000,26455,0.012536612339317799,0.0001689264972044682,0.98
4028,0.05,1,10.0,10.0,True,20000,26456,0.007208811119198799,0.00016879550996076094,0.99
4029,0.05,5,6.0,6.8,True,20000,26461,0.014158631674945354,0.00016866463373213302,0.99
4030,0.05,3,8.0,8.4,True,20000,26464,0.01281377300620079,0.0001685338685702521,0.99
4031,0.05,3,8.0,8.4,True,20000,26467,0.026451878249645233,0.0001684032145267423,0.99
4032,0.05,1,10.0,10.0,True,20000,26468,0.014841459691524506,0.0001682726716531839,0.99
4033,0.05,26,-15.0,-14.2,True,20000,26494,0.012136230245232582,0.00016814224000111293,0.99
4034,0.05,1,10.0,10.0,True,20000,26495,0.006078781094402075,0.00016801191962202185,0.99
4035,0.05,28,-17.0,-16.6,True,20000,26523,0.014227424748241901,0.00016788171056735904,0.99
4036,0.05,2,9.0,9.2,True,20000,26525,0.012483468279242516,0.0001677516128885291,0.99
4037,0.05,3,8.0,8.4,True,20000,26528,0.027776315808296204,0.00016762162663689237,0.99
4038,0.05,3,8.0,8.4,True,20000,26531,0.018235167488455772,0.0001674917518637655,0.99
4039,0.05,6,5.0,5.6,True,20000,26537,0.015146235935389996,0.00016736198862042084,0.99
4040,0.05,4,7.0,7.6,True,20000,26541,0.011218630708754063,0.00016723233695808696,0.99
4041,0.05,2,9.0,9.2,True,20000,26543,0.010003932751715183,0.0001671027969279483,0.99
4042,0.05,3,8.0,8.4,True,20000,26546,0.009720229543745518,0.00016697336858114515,0.99
4043,0.05,2,9.0,9.2,True,20000,26548,0.011877540498971939,0.00016684405196877393,0.99
4044,0.05,5,6.0,6.8,True,20000,26553,0.009864280000329018,0.00016671484714188663,0.99
4045,0.05,3,8.0,8.4,True,20000,26556,0.011583046056330204,0.00016658575415149125,0.99
4046,0.05,1,10.0,10.0,True,20000,26557,0.010656405240297318,0.0001664567730485517,1.0
4047,0.05,3,8.0,8.4,True,20000,26560,0.008068284951150417,0.00016632790388398767,1.0
4048,0.05,5,6.0,6.4,True,20000,26565,0.013917997479438782,0.00016619914670867474,1.0
4049,0.05,3,8.0,8.4,True,20000,26568,0.008883207105100155,0.00016607050157344417,1.0
4050,0.05,39,-48.0,-48.0,False,20000,26607,0.013191189616918564,0.00016594196852908296,0.99
4051,0.05,2,9.0,9.2,True,20000,26609,0.009502716362476349,0.00016581354762633396,0.99
4052,0.05,2,9.0,9.2,True,20000,26611,0.011456516571342945,0.0001656852389158958,0.99
4053,0.05,4,7.0,7.6,True,20000,26615,0.015368741005659103,0.00016555704244842253,0.99
4054,0.05,2,9.0,9.2,True,20000,26617,0.011605296283960342,0.0001654289582745243,0.99
4055,0.05,4,7.0,7.6,True,20000,26621,0.01431689690798521,0.0001653009864447665,0.99
4056,0.05,2,9.0,9.2,True,20000,26623,0.00874883309006691,0.00016517312700967053,0.99
4057,0.05,2,9.0,9.2,True,20000,26625,0.018656648695468903,0.00016504538001971324,0.99
4058,0.05,2,9.0,9.2,True,20000,26627,0.011195080354809761,0.00016491774552532707,0.99
4059,0.05,4,7.0,7.6,True,20000,26631,0.01639416441321373,0.0001647902235769002,0.99
4060,0.05,2,9.0,9.2,True,20000,26633,0.009443526156246662,0.00016466281422477627,0.99
4061,0.05,6,5.0,5.8,True,20000,26639,0.01152963936328888,0.00016453551751925428,0.99
4062,0.05,4,7.0,7.6,True,20000,26643,0.009247053414583206,0.0001644083335105891,0.99
4063,0.05,4,7.0,7.6,True,20000,26647,0.010617062449455261,0.00016428126224899098,0.99
4064,0.05,3,8.0,8.4,True,20000,26650,0.012143104337155819,0.00016415430378462556,0.99
4065,0.05,2,-11.0,-10.8,False,20000,26652,0.01522507518529892,0.0001640274581676142,0.98
4066,0.05,2,9.0,9.2,True,20000,26654,0.008074282668530941,0.00016390072544803335,0.98
4067,0.05,2,9.0,9.2,True,20000,26656,0.01732989400625229,0.00016377410567591522,0.98
4068,0.05,1,10.0,10.0,True,20000,26657,0.030269669368863106,0.00016364759890124714,0.98
4069,0.05,4,7.0,7.2,True,20000,26661,0.010939937084913254,0.00016352120517397205,0.98
4070,0.05,3,8.0,8.4,True,20000,26664,0.017686447128653526,0.00016339492454398824,0.98
4071,0.05,5,6.0,6.8,True,20000,26669,0.009633517824113369,0.00016326875706114933,0.98
4072,0.05,6,5.0,5.8,True,20000,26675,0.011478662490844727,0.0001631427027752641,0.98
4073,0.05,4,7.0,7.6,True,20000,26679,0.011826718226075172,0.0001630167617360969,0.98
4074,0.05,4,7.0,7.6,True,20000,26683,0.008883063681423664,0.0001628909339933673,0.98
4075,0.05,4,7.0,7.6,True,20000,26687,0.013758192770183086,0.00016276521959674995,0.98
4076,0.05,1,10.0,10.0,True,20000,26688,0.011663035489618778,0.00016263961859587503,0.98
4077,0.05,3,8.0,8.4,True,20000,26691,0.011253532953560352,0.00016251413104032778,0.98
4078,0.05,2,9.0,9.2,True,20000,26693,0.02217829041182995,0.00016238875697964863,0.98
4079,0.05,2,9.0,9.2,True,20000,26695,0.01413112971931696,0.00016226349646333334,0.98
4080,0.05,3,8.0,8.4,True,20000,26698,0.010496475733816624,0.0001621383495408328,0.98
4081,0.05,3,8.0,8.4,True,20000,26701,0.020790060982108116,0.000162013316261553,0.98
4082,0.05,4,7.0,7.2,True,20000,26705,0.011930635198950768,0.00016188839667485524,0.98
4083,0.05,2,9.0,9.2,True,20000,26707,0.020235272124409676,0.0001617635908300556,0.98
4084,0.05,4,7.0,7.6,True,20000,26711,0.011611583642661572,0.00016163889877642544,0.98
4085,0.05,4,7.0,7.6,True,20000,26715,0.010977854952216148,0.0001615143205631913,0.98
4086,0.05,1,10.0,10.0,True,20000,26716,0.02813374437391758,0.0001613898562395347,0.98
4087,0.05,1,10.0,10.0,True,20000,26717,0.013436074368655682,0.00016126550585459222,0.98
4088,0.05,2,9.0,9.2,True,20000,26719,0.009669212624430656,0.00016114126945745524,0.98
4089,0.05,3,8.0,8.4,True,20000,26722,0.012670762836933136,0.0001610171470971705,0.98
4090,0.05,2,9.0,9.2,True,20000,26724,0.011896387673914433,0.00016089313882273952,0.98
4091,0.05,3,8.0,8.2,True,20000,26727,0.01112471055239439,0.0001607692446831187,0.98
4092,0.05,3,8.0,8.4,True,20000,26730,0.016929225996136665,0.00016064546472721952,0.98
4093,0.05,3,8.0,8.4,True,20000,26733,0.010645583271980286,0.0001605217990039085,0.98
4094,0.05,4,7.0,7.6,True,20000,26737,0.008142704144120216,0.00016039824756200667,0.98
4095,0.05,3,8.0,8.4,True,20000,26740,0.011058252304792404,0.00016027481045029028,0.98
4096,0.05,3,8.0,8.4,True,20000,26743,0.011997460387647152,0.0001601514877174904,0.98
4097,0.05,3,8.0,8.4,True,20000,26746,0.007075965870171785,0.0001600282794122929,0.98
4098,0.05,3,8.0,8.4,True,20000,26749,0.008583263494074345,0.00015990518558333845,0.98
4099,0.05,3,8.0,8.4,True,20000,26752,0.013458614237606525,0.00015978220627922243,0.98
4100,0.05,1,10.0,10.0,True,20000,26753,0.013723651878535748,0.00015965934154849517,0.98
4101,0.05,6,5.0,5.6,True,20000,26759,0.013581857085227966,0.00015953659143966178,0.98
4102,0.05,5,6.0,6.8,True,20000,26764,0.012138666585087776,0.00015941395600118207,0.98
4103,0.05,3,8.0,8.4,True,20000,26767,0.015463064424693584,0.0001592914352814705,0.98
4104,0.05,1,10.0,10.0,True,20000,26768,0.014841749332845211,0.00015916902932889643,0.98
4105,0.05,8,3.0,3.6,True,20000,26776,0.012744377367198467,0.00015904673819178364,0.98
4106,0.05,3,8.0,8.4,True,20000,26779,0.00932326540350914,0.00015892456191841088,0.98
4107,0.05,1,10.0,10.0,True,20000,26780,0.012188426218926907,0.00015880250055701122,0.98
4108,0.05,2,9.0,9.2,True,20000,26782,0.009171785786747932,0.0001586805541557727,0.98
4109,0.05,4,7.0,7.6,True,20000,26786,0.009922481141984463,0.00015855872276283786,0.98
4110,0.05,5,6.0,6.8,True,20000,26791,0.010105980560183525,0.00015843700642630362,0.98
4111,0.05,2,9.0,9.2,True,20000,26793,0.00906636007130146,0.00015831540519422183,0.98
4112,0.05,1,10.0,10.0,True,20000,26794,0.006373933982104063,0.00015819391911459863,0.98
4113,0.05,3,8.0,8.4,True,20000,26797,0.012441989034414291,0.00015807254823539495,0.98
4114,0.05,5,6.0,6.8,True,20000,26802,0.009577778168022633,0.00015795129260452593,0.98
4115,0.05,3,8.0,8.4,True,20000,26805,0.01388663798570633,0.00015783015226986146,0.98
4116,0.05,2,9.0,9.2,True,20000,26807,0.008748918771743774,0.00015770912727922575,0.98
4117,0.05,45,-45.0,-44.6,False,20000,26852,0.012405934743583202,0.00015758821768039756,0.97
4118,0.05,6,5.0,5.8,True,20000,26858,0.011223225854337215,0.00015746742352111017,0.97
4119,0.05,5,6.0,6.4,True,20000,26863,0.011817359365522861,0.00015734674484905108,0.97
4120,0.05,1,10.0,10.0,True,20000,26864,0.010109740309417248,0.00015722618171186255,0.97
4121,0.05,1,10.0,10.0,True,20000,26865,0.008497842587530613,0.0001571057341571408,0.97
4122,0.05,2,9.0,9.2,True,20000,26867,0.011473327875137329,0.0001569854022324366,0.97
4123,0.05,3,8.0,8.4,True,20000,26870,0.00928938016295433,0.00015686518598525515,0.97
4124,0.05,6,5.0,5.6,True,20000,26876,0.010925048030912876,0.00015674508546305587,0.97
4125,0.05,1,10.0,10.0,True,20000,26877,0.007657574489712715,0.0001566251007132526,0.97
4126,0.05,1,10.0,10.0,True,20000,26878,0.012810293585062027,0.00015650523178321348,0.97
4127,0.05,1,10.0,10.0,True,20000,26879,0.007273923140019178,0.0001563854787202607,0.97
4128,0.05,23,-12.0,-11.6,True,20000,26902,0.01510774064809084,0.00015626584157167107,0.97
4129,0.05,2,9.0,9.2,True,20000,26904,0.010954705998301506,0.00015614632038467524,0.97
4130,0.05,2,9.0,9.2,True,20000,26906,0.008655207231640816,0.00015602691520645844,0.97
4131,0.05,1,10.0,10.0,True,20000,26907,0.01504980307072401,0.00015590762608415988,0.97
4132,0.05,3,8.0,8.4,True,20000,26910,0.010498791933059692,0.00015578845306487296,0.97
4133,0.05,3,8.0,8.4,True,20000,26913,0.012255697511136532,0.0001556693961956454,0.97
4134,0.05,5,6.0,6.4,True,20000,26918,0.011338748037815094,0.00015555045552347887,0.97
4135,0.05,3,8.0,8.4,True,20000,26921,0.008702308870851994,0.00015543163109532935,0.97
4136,0.05,3,8.0,8.4,True,20000,26924,0.010504689998924732,0.0001553129229581069,0.97
4137,0.05,5,6.0,6.6,True,20000,26929,0.01276480220258236,0.0001551943311586755,0.97
4138,0.05,4,7.0,7.6,True,20000,26933,0.014687863178551197,0.0001550758557438533,0.97
4139,0.05,2,9.0,9.2,True,20000,26935,0.008302797563374043,0.0001549574967604125,0.97
4140,0.05,3,8.0,8.4,True,20000,26938,0.007323123514652252,0.00015483925425507943,0.97
4141,0.05,5,6.0,6.8,True,20000,26943,0.011033451184630394,0.00015472112827453433,0.97
4142,0.05,1,10.0,10.0,True,20000,26944,0.009632681496441364,0.00015460311886541158,0.97
4143,0.05,4,7.0,7.6,True,20000,26948,0.012772493064403534,0.0001544852260742992,0.97
4144,0.05,6,5.0,5.0,True,20000,26954,0.01289516780525446,0.00015436744994773958,0.97
4145,0.05,5,6.0,6.8,True,20000,26959,0.012866419740021229,0.00015424979053222878,0.97
4146,0.05,1,10.0,10.0,True,20000,26960,0.0056881471537053585,0.0001541322478742169,0.97
4147,0.05,1,10.0,10.0,True,20000,26961,0.009791906923055649,0.00015401482202010786,0.97
4148,0.05,4,7.0,7.2,True,20000,26965,0.010128265246748924,0.0001538975130162597,0.97
4149,0.05,3,8.0,8.4,True,20000,26968,0.008748329244554043,0.00015378032090898394,0.97
4150,0.05,2,9.0,9.2,True,20000,26970,0.010515857487916946,0.0001536632457445463,0.98
4151,0.05,7,4.0,4.8,True,20000,26977,0.010738580487668514,0.00015354628756916622,0.98
4152,0.05,35,-44.0,-43.4,False,20000,27012,0.013688179664313793,0.0001534294464290168,0.97
4153,0.05,5,6.0,6.6,True,20000,27017,0.014492380432784557,0.00015331272237022528,0.97
4154,0.05,2,9.0,9.2,True,20000,27019,0.011276081204414368,0.00015319611543887228,0.97
4155,0.05,1,10.0,10.0,True,20000,27020,0.016628967598080635,0.00015307962568099237,0.97
4156,0.05,6,5.0,5.6,True,20000,27026,0.014468898065388203,0.000152963253142574,0.97
4157,0.05,4,7.0,7.6,True,20000,27030,0.010572497732937336,0.0001528469978695591,0.97
4158,0.05,2,9.0,9.2,True,20000,27032,0.012734540738165379,0.00015273085990784354,0.97
4159,0.05,5,6.0,6.6,True,20000,27037,0.012692861258983612,0.00015261483930327656,0.97
4160,0.05,5,6.0,6.8,True,20000,27042,0.009802565909922123,0.00015249893610166145,0.97
4161,0.05,4,7.0,7.6,True,20000,27046,0.01774401217699051,0.00015238315034875473,0.97
4162,0.05,2,9.0,9.2,True,20000,27048,0.010274291038513184,0.00015226748209026694,0.97
4163,0.05,5,6.0,6.8,True,20000,27053,0.0115712471306324,0.00015215193137186204,0.97
4164,0.05,3,8.0,8.4,True,20000,27056,0.013345683924853802,0.00015203649823915776,0.97
4165,0.05,6,5.0,6.0,True,20000,27062,0.010519285686314106,0.000151921182737725,0.98
4166,0.05,2,9.0,9.2,True,20000,27064,0.009969303384423256,0.0001518059849130887,0.98
4167,0.05,1,10.0,10.0,True,20000,27065,0.009373745881021023,0.0001516909048107271,0.98
4168,0.05,2,9.0,9.2,True,20000,27067,0.01367415301501751,0.00015157594247607192,0.98
4169,0.05,5,6.0,6.6,True,20000,27072,0.011392956599593163,0.00015146109795450852,0.98
4170,0.05,1,10.0,10.0,True,20000,27073,0.013301036320626736,0.0001513463712913758,0.98
4171,0.05,1,10.0,10.0,True,20000,27074,0.013872380368411541,0.00015123176253196584,0.98
4172,0.05,2,9.0,9.2,True,20000,27076,0.006673808209598064,0.00015111727172152444,0.98
4173,0.05,2,9.0,9.2,True,20000,27078,0.007873812690377235,0.0001510028989052508,0.98
4174,0.05,1,10.0,10.0,True,20000,27079,0.008365459740161896,0.00015088864412829753,0.98
4175,0.05,4,7.0,7.2,True,20000,27083,0.009805948473513126,0.00015077450743577057,0.98
4176,0.05,1,10.0,10.0,True,20000,27084,0.010815429501235485,0.00015066048887272916,0.98
4177,0.05,5,6.0,6.8,True,20000,27089,0.013956117443740368,0.00015054658848418612,0.98
4178,0.05,3,8.0,8.4,True,20000,27092,0.007354711648076773,0.00015043280631510755,0.98
4179,0.05,2,9.0,9.2,True,20000,27094,0.009571267291903496,0.00015031914241041278,0.98
4180,0.05,4,7.0,7.6,True,20000,27098,0.015105837024748325,0.0001502055968149746,0.98
4181,0.05,1,10.0,10.0,True,20000,27099,0.008740187622606754,0.00015009216957361903,0.98
4182,0.05,2,9.0,9.2,True,20000,27101,0.014016604982316494,0.00014997886073112528,0.98
4183,0.05,1,10.0,10.0,True,20000,27102,0.007142250891774893,0.00014986567033222582,0.98
4184,0.05,3,8.0,8.4,True,20000,27105,0.009984058327972889,0.0001497525984216065,0.98
4185,0.05,3,8.0,8.4,True,20000,27108,0.009753919206559658,0.00014963964504390633,0.98
4186,0.05,4,7.0,7.6,True,20000,27112,0.013436500914394855,0.00014952681024371758,0.98
4187,0.05,3,8.0,8.4,True,20000,27115,0.009824267588555813,0.0001494140940655855,0.98
4188,0.05,2,9.0,9.2,True,20000,27117,0.011332948692142963,0.00014930149655400875,0.98
4189,0.05,2,9.0,9.2,True,20000,27119,0.024471884593367577,0.00014918901775343895,0.98
4190,0.05,3,8.0,8.4,True,20000,27122,0.00955142080783844,0.00014907665770828111,0.98
4191,0.05,1,10.0,10.0,True,20000,27123,0.009230212308466434,0.00014896441646289303,0.98
4192,0.05,2,9.0,9.2,True,20000,27125,0.00877244770526886,0.00014885229406158592,0.98
4193,0.05,3,8.0,8.4,True,20000,27128,0.014946389943361282,0.00014874029054862378,0.98
4194,0.05,2,9.0,9.2,True,20000,27130,0.010310238227248192,0.0001486284059682239,0.98
4195,0.05,4,7.0,7.6,True,20000,27134,0.011664965189993382,0.00014851664036455653,0.98
4196,0.05,1,10.0,10.0,True,20000,27135,0.008945813402533531,0.00014840499378174498,0.98
4197,0.05,2,9.0,9.2,True,20000,27137,0.009800327941775322,0.0001482934662638656,0.98
4198,0.05,2,9.0,9.2,True,20000,27139,0.007721513509750366,0.00014818205785494765,0.98
4199,0.05,2,9.0,9.2,True,20000,27141,0.04973761364817619,0.0001480707685989733,0.98
4200,0.05,1,10.0,10.0,True,20000,27142,0.026272393763065338,0.00014795959853987787,0.98
4201,0.05,3,8.0,8.4,True,20000,27145,0.010483779013156891,0.00014784854772154955,0.98
4202,0.05,1,10.0,10.0,True,20000,27146,0.008043291978538036,0.00014773761618782944,0.98
4203,0.05,4,7.0,7.6,True,20000,27150,0.012957489117980003,0.00014762680398251157,0.98
4204,0.05,1,10.0,10.0,True,20000,27151,0.012993324548006058,0.00014751611114934278,0.98
4205,0.05,3,8.0,8.4,True,20000,27154,0.014507056213915348,0.000147405537732023,0.98
4206,0.05,2,9.0,9.2,True,20000,27156,0.008824450895190239,0.00014729508377420462,0.98
4207,0.05,1,10.0,10.0,True,20000,27157,0.006956429686397314,0.00014718474931949327,0.98
4208,0.05,2,9.0,9.2,True,20000,27159,0.009277881123125553,0.0001470745344114473,0.98
4209,0.05,1,10.0,10.0,True,20000,27160,0.027230607345700264,0.00014696443909357763,0.98
4210,0.05,3,8.0,8.4,True,20000,27163,0.014952686615288258,0.00014685446340934828,0.98
4211,0.05,1,10.0,10.0,True,20000,27164,0.030120186507701874,0.00014674460740217587,0.98
4212,0.05,1,10.0,10.0,True,20000,27165,0.009029253385961056,0.0001466348711154299,0.98
4213,0.05,3,8.0,8.4,True,20000,27168,0.009693208150565624,0.00014652525459243234,0.98
4214,0.05,1,10.0,10.0,True,20000,27169,0.006928468123078346,0.00014641575787645826,0.98
4215,0.05,5,6.0,6.8,True,20000,27174,0.011758014559745789,0.000146306381010735,0.98
4216,0.05,1,10.0,10.0,True,20000,27175,0.005191742908209562,0.00014619712403844297,0.98
4217,0.05,4,7.0,7.6,True,20000,27179,0.009850644506514072,0.00014608798700271506,0.99
4218,0.05,4,7.0,7.6,True,20000,27183,0.008672205731272697,0.00014597896994663685,0.99
4219,0.05,2,9.0,9.2,True,20000,27185,0.010874884203076363,0.0001458700729132466,0.99
4220,0.05,3,8.0,8.4,True,20000,27188,0.011192146688699722,0.000145761295945535,0.99
4221,0.05,3,8.0,8.4,True,20000,27191,0.010068236850202084,0.00014565263908644562,0.99
4222,0.05,2,9.0,9.2,True,20000,27193,0.009317968972027302,0.00014554410237887437,0.99
4223,0.05,2,9.0,9.2,True,20000,27195,0.010631728917360306,0.00014543568586566978,0.99
4224,0.05,4,7.0,7.6,True,20000,27199,0.008527946658432484,0.0001453273895896331,0.99
4225,0.05,2,9.0,9.2,True,20000,27201,0.0098141860216856,0.000145219213593518,0.99
4226,0.05,3,8.0,8.4,True,20000,27204,0.009952794760465622,0.00014511115792003042,0.99
4227,0.05,6,5.0,5.6,True,20000,27210,0.011907622218132019,0.00014500322261182925,0.99
4228,0.05,4,7.0,7.2,True,20000,27214,0.025034897029399872,0.00014489540771152565,0.99
4229,0.05,3,8.0,8.4,True,20000,27217,0.008287918753921986,0.00014478771326168307,0.99
4230,0.05,2,9.0,9.2,True,20000,27219,0.008907098323106766,0.00014468013930481774,0.99
4231,0.05,2,9.0,9.2,True,20000,27221,0.010259425267577171,0.00014457268588339802,0.99
4232,0.05,3,8.0,8.4,True,20000,27224,0.009467866271734238,0.00014446535303984487,0.99
4233,0.05,3,8.0,8.4,True,20000,27227,0.01194069068878889,0.00014435814081653161,0.99
4234,0.05,3,8.0,8.4,True,20000,27230,0.01322852075099945,0.0001442510492557839,0.99
4235,0.05,3,8.0,8.4,True,20000,27233,0.015740608796477318,0.00014414407839987993,0.99
4236,0.05,1,10.0,10.0,True,20000,27234,0.01454652938991785,0.00014403722829104993,0.99
4237,0.05,2,9.0,9.2,True,20000,27236,0.010231278836727142,0.00014393049897147667,0.99
4238,0.05,1,10.0,10.0,True,20000,27237,0.020677046850323677,0.00014382389048329518,0.99
4239,0.05,3,8.0,8.4,True,20000,27240,0.01636401005089283,0.00014371740286859284,0.99
4240,0.05,3,8.0,8.4,True,20000,27243,0.010964940302073956,0.0001436110361694093,0.99
4241,0.05,5,6.0,6.8,True,20000,27248,0.00994933396577835,0.00014350479042773642,0.99
4242,0.05,5,6.0,6.8,True,20000,27253,0.015348982997238636,0.0001433986656855183,0.99
4243,0.05,4,7.0,7.6,True,20000,27257,0.014120283536612988,0.00014329266198465134,0.99
4244,0.05,4,7.0,7.6,True,20000,27261,0.011429438367486,0.00014318677936698418,0.99
4245,0.05,1,10.0,10.0,True,20000,27262,0.009936277754604816,0.00014308101787431746,0.99
4246,0.05,2,9.0,9.2,True,20000,27264,0.02257486619055271,0.00014297537754840423,0.99
4247,0.05,1,10.0,10.0,True,20000,27265,0.01229152176529169,0.00014286985843094967,0.99
4248,0.05,5,6.0,6.8,True,20000,27270,0.011616434901952744,0.000142764460563611,0.99
4249,0.05,2,9.0,9.2,True,20000,27272,0.01272321492433548,0.00014265918398799756,0.99
4250,0.05,3,8.0,8.4,True,20000,27275,0.014201313257217407,0.00014255402874567097,0.99
4251,0.05,1,10.0,10.0,True,20000,27276,0.011199581436812878,0.00014244899487814486,0.99
4252,0.05,2,9.0,9.2,True,20000,27278,0.012491350993514061,0.00014234408242688496,1.0
4253,0.05,2,9.0,9.2,True,20000,27280,0.013982405886054039,0.00014223929143330886,1.0
4254,0.05,2,9.0,9.2,True,20000,27282,0.013360640965402126,0.00014213462193878653,1.0
4255,0.05,2,9.0,9.2,True,20000,27284,0.011163944378495216,0.00014203007398463983,1.0
4256,0.05,32,-21.0,-20.4,True,20000,27316,0.011408264748752117,0.00014192564761214262,1.0
4257,0.05,3,8.0,8.4,True,20000,27319,0.012115375138819218,0.00014182134286252075,1.0
4258,0.05,1,10.0,10.0,True,20000,27320,0.011072619818150997,0.00014171715977695222,1.0
4259,0.05,4,7.0,7.6,True,20000,27324,0.009985830634832382,0.00014161309839656673,1.0
4260,0.05,2,9.0,9.2,True,20000,27326,0.012918276712298393,0.00014150915876244604,1.0
4261,0.05,1,10.0,10.0,True,20000,27327,0.019328758120536804,0.0001414053409156239,1.0
4262,0.05,39,-48.0,-48.0,False,20000,27366,0.011402160860598087,0.00014130164489708596,0.99
4263,0.05,2,9.0,9.2,True,20000,27368,0.010779217816889286,0.00014119807074776985,0.99
4264,0.05,2,9.0,9.2,True,20000,27370,0.007718751206994057,0.00014109461850856487,0.99
4265,0.05,2,9.0,9.2,True,20000,27372,0.009553663432598114,0.0001409912882203124,0.99
4266,0.05,4,7.0,7.6,True,20000,27376,0.008574550040066242,0.00014088807992380562,0.99
4267,0.05,5,6.0,6.8,True,20000,27381,0.011954039335250854,0.00014078499365978946,0.99
4268,0.05,2,9.0,9.2,True,20000,27383,0.007088659331202507,0.00014068202946896074,0.99
4269,0.05,2,9.0,9.2,True,20000,27385,0.010711940005421638,0.00014057918739196826,0.99
4270,0.05,4,7.0,7.6,True,20000,27389,0.011234142817556858,0.0001404764674694122,0.99
4271,0.05,4,7.0,7.6,True,20000,27393,0.008122417144477367,0.00014037386974184488,0.99
4272,0.05,3,8.0,8.4,True,20000,27396,0.008334074169397354,0.00014027139424977028,0.99
4273,0.05,1,10.0,10.0,True,20000,27397,0.006907256785780191,0.00014016904103364403,0.99
4274,0.05,4,7.0,7.6,True,20000,27401,0.00997360423207283,0.00014006681013387372,0.99
4275,0.05,5,6.0,6.6,True,20000,27406,0.017292916774749756,0.00013996470159081834,0.99
4276,0.05,3,8.0,8.4,True,20000,27409,0.011554739437997341,0.00013986271544478868,0.99
4277,0.05,2,9.0,9.2,True,20000,27411,0.009410763159394264,0.0001397608517360474,0.99
4278,0.05,2,9.0,9.2,True,20000,27413,0.006524276454001665,0.00013965911050480855,0.99
4279,0.05,4,7.0,7.6,True,20000,27417,0.008460009470582008,0.00013955749179123808,0.99
4280,0.05,2,9.0,9.2,True,20000,27419,0.006834832020103931,0.00013945599563545342,0.99
4281,0.05,3,8.0,8.4,True,20000,27422,0.012720632366836071,0.00013935462207752356,0.99
4282,0.05,2,9.0,9.2,True,20000,27424,0.009341896511614323,0.00013925337115746928,0.99
4283,0.05,3,8.0,8.4,True,20000,27427,0.008963041007518768,0.00013915224291526275,0.99
4284,0.05,3,8.0,8.4,True,20000,27430,0.013328823260962963,0.00013905123739082781,0.99
4285,0.05,2,9.0,9.2,True,20000,27432,0.011363955214619637,0.00013895035462403997,0.99
4286,0.05,1,10.0,10.0,True,20000,27433,0.005038468632847071,0.00013884959465472599,0.99
4287,0.05,5,6.0,6.8,True,20000,27438,0.012571806088089943,0.0001387489575226643,0.99
4288,0.05,1,10.0,10.0,True,20000,27439,0.013787523843348026,0.00013864844326758497,0.99
4289,0.05,2,9.0,9.2,True,20000,27441,0.010366944596171379,0.00013854805192916946,0.99
4290,0.05,3,8.0,8.4,True,20000,27444,0.007676837500184774,0.0001384477835470505,0.99
4291,0.05,4,7.0,7.6,True,20000,27448,0.009035063907504082,0.00013834763816081261,0.99
4292,0.05,1,10.0,10.0,True,20000,27449,0.006519491318613291,0.00013824761580999152,0.99
4293,0.05,2,9.0,9.2,True,20000,27451,0.008078218437731266,0.0001381477165340745,0.99
4294,0.05,4,7.0,7.6,True,20000,27455,0.009030275046825409,0.0001380479403725002,0.99
4295,0.05,2,9.0,9.2,True,20000,27457,0.019963447004556656,0.00013794828736465867,0.99
4296,0.05,1,10.0,10.0,True,20000,27458,0.010409276932477951,0.0001378487575498914,0.99
4297,0.05,2,9.0,9.2,True,20000,27460,0.010614835657179356,0.00013774935096749107,0.99
4298,0.05,4,7.0,7.6,True,20000,27464,0.012286125682294369,0.00013765006765670192,0.99
4299,0.05,1,10.0,10.0,True,20000,27465,0.009053769521415234,0.00013755090765671938,0.99
4300,0.05,2,9.0,9.2,True,20000,27467,0.007934022694826126,0.00013745187100669024,0.99
4301,0.05,1,10.0,10.0,True,20000,27468,0.007116158027201891,0.00013735295774571263,0.99
4302,0.05,2,9.0,9.2,True,20000,27470,0.006480211392045021,0.000137254167912836,0.99
4303,0.05,3,8.0,8.4,True,20000,27473,0.009532695636153221,0.00013715550154706082,0.99
4304,0.05,2,9.0,9.2,True,20000,27475,0.00689039658755064,0.00013705695868733916,0.99
4305,0.05,1,10.0,10.0,True,20000,27476,0.009075134992599487,0.00013695853937257423,0.99
4306,0.05,1,10.0,10.0,True,20000,27477,0.01050859410315752,0.00013686024364162027,0.99
4307,0.05,3,8.0,8.4,True,20000,27480,0.008969518356025219,0.000136762071533283,0.99
4308,0.05,7,4.0,4.8,True,20000,27487,0.014004507102072239,0.00013666402308631906,0.99
4309,0.05,4,7.0,7.6,True,20000,27491,0.011493444442749023,0.00013656609833943655,0.99
4310,0.05,2,9.0,9.2,True,20000,27493,0.008317424915730953,0.00013646829733129456,0.99
4311,0.05,4,7.0,7.6,True,20000,27497,0.01027611643075943,0.0001363706201005034,0.99
4312,0.05,1,10.0,10.0,True,20000,27498,0.009019865654408932,0.00013627306668562462,0.99
4313,0.05,45,-45.0,-44.8,False,20000,27543,0.013540835119783878,0.0001361756371251706,0.98
4314,0.05,3,8.0,8.4,True,20000,27546,0.015985166653990746,0.00013607833145760494,0.98
4315,0.05,4,7.0,7.6,True,20000,27550,0.010750886984169483,0.00013598114972134247,0.98
4316,0.05,3,8.0,8.4,True,20000,27553,0.007849215529859066,0.00013588409195474898,0.98
4317,0.05,4,7.0,7.2,True,20000,27557,0.011615471914410591,0.00013578715819614136,0.98
4318,0.05,6,5.0,5.6,True,20000,27563,0.010547022335231304,0.00013569034848378759,0.98
4319,0.05,1,10.0,10.0,True,20000,27564,0.013641680590808392,0.00013559366285590646,0.98
4320,0.05,6,5.0,6.0,True,20000,27570,0.010744192637503147,0.00013549710135066806,0.98
4321,0.05,2,9.0,9.2,True,20000,27572,0.012177253141999245,0.00013540066400619322,0.98
4322,0.05,39,-28.0,-27.6,True,20000,27611,0.011933271773159504,0.00013530435086055395,0.98
4323,0.05,6,5.0,5.6,True,20000,27617,0.011439375579357147,0.00013520816195177312,0.98
4324,0.05,2,9.0,9.2,True,20000,27619,0.011307088658213615,0.0001351120973178247,0.98
4325,0.05,5,6.0,6.8,True,20000,27624,0.01378693152219057,0.00013501615699663331,0.98
4326,0.05,4,7.0,7.6,True,20000,27628,0.012045565992593765,0.00013492034102607477,0.98
4327,0.05,4,7.0,7.6,True,20000,27632,0.009819739498198032,0.00013482464944397567,0.98
4328,0.05,3,8.0,8.4,True,20000,27635,0.01204423326998949,0.00013472908228811365,0.98
4329,0.05,1,10.0,10.0,True,20000,27636,0.009800290688872337,0.00013463363959621702,0.98
4330,0.05,3,8.0,8.4,True,20000,27639,0.009507031179964542,0.00013453832140596496,0.98
4331,0.05,5,6.0,6.8,True,20000,27644,0.009804010391235352,0.00013444312775498765,0.98
4332,0.05,3,8.0,8.4,True,20000,27647,0.007137373089790344,0.00013434805868086606,0.98
4333,0.05,5,6.0,6.4,True,20000,27652,0.01039327122271061,0.00013425311422113193,0.98
4334,0.05,25,-14.0,-13.8,True,20000,27677,0.011660355143249035,0.00013415829441326783,0.98
4335,0.05,4,7.0,7.6,True,20000,27681,0.008385718800127506,0.0001340635992947072,0.98
4336,0.05,3,8.0,8.4,True,20000,27684,0.010418781079351902,0.0001339690289028341,0.98
4337,0.05,2,9.0,9.2,True,20000,27686,0.008831261657178402,0.0001338745832749834,0.98
4338,0.05,2,9.0,9.2,True,20000,27688,0.00969008356332779,0.0001337802624484407,0.98
4339,0.05,1,10.0,10.0,True,20000,27689,0.008215631358325481,0.00013368606646044248,0.98
4340,0.05,4,7.0,7.6,True,20000,27693,0.018306033685803413,0.00013359199534817583,0.98
4341,0.05,1,10.0,10.0,True,20000,27694,0.008745674975216389,0.0001334980491487784,0.98
4342,0.05,1,10.0,10.0,True,20000,27695,0.01943144015967846,0.00013340422789933875,0.98
4343,0.05,4,7.0,7.2,True,20000,27699,0.011597317643463612,0.00013331053163689608,0.98
4344,0.05,1,10.0,10.0,True,20000,27700,0.008455604314804077,0.00013321696039844005,0.98
4345,0.05,1,10.0,10.0,True,20000,27701,0.01086148526519537,0.0001331235142209112,0.98
4346,0.05,1,10.0,10.0,True,20000,27702,0.008322789333760738,0.00013303019314120064,0.98
4347,0.05,2,9.0,9.2,True,20000,27704,0.009947184473276138,0.00013293699719614993,0.98
4348,0.05,4,7.0,7.6,True,20000,27708,0.009115191176533699,0.0001328439264225514,0.98
4349,0.05,2,9.0,9.2,True,20000,27710,0.012185570783913136,0.00013275098085714795,0.98
4350,0.05,6,5.0,6.0,True,20000,27716,0.007765676360577345,0.00013265816053663308,0.98
4351,0.05,3,8.0,8.4,True,20000,27719,0.011590596288442612,0.00013256546549765064,0.98
4352,0.05,2,9.0,9.2,True,20000,27721,0.01037541776895523,0.00013247289577679528,0.98
4353,0.05,1,10.0,10.0,True,20000,27722,0.005901597440242767,0.0001323804514106119,0.98
4354,0.05,5,6.0,6.4,True,20000,27727,0.009618393145501614,0.00013228813243559625,0.98
4355,0.05,1,10.0,10.0,True,20000,27728,0.006625859532505274,0.0001321959388881943,0.98
4356,0.05,3,8.0,8.4,True,20000,27731,0.008922579698264599,0.00013210387080480262,0.98
4357,0.05,3,8.0,8.4,True,20000,27734,0.00868867989629507,0.00013201192822176835,0.98
4358,0.05,1,10.0,10.0,True,20000,27735,0.011553446762263775,0.00013192011117538874,0.98
4359,0.05,3,8.0,8.4,True,20000,27738,0.024401208385825157,0.00013182841970191194,0.98
4360,0.05,4,7.0,7.6,True,20000,27742,0.013747533783316612,0.0001317368538375361,0.98
4361,0.05,2,9.0,9.2,True,20000,27744,0.01053350418806076,0.00013164541361841003,0.98
4362,0.05,4,7.0,7.6,True,20000,27748,0.009054542519152164,0.00013155409908063295,0.99
4363,0.05,3,8.0,8.4,True,20000,27751,0.010960781015455723,0.00013146291026025427,0.99
4364,0.05,5,6.0,6.8,True,20000,27756,0.015228581614792347,0.000131371847193274,0.99
4365,0.05,1,10.0,10.0,True,20000,27757,0.009465153329074383,0.00013128090991564238,0.99
4366,0.05,3,8.0,8.4,True,20000,27760,0.012279924936592579,0.00013119009846326,0.99
4367,0.05,2,9.0,9.2,True,20000,27762,0.01028476469218731,0.00013109941287197776,0.99
4368,0.05,3,8.0,8.4,True,20000,27765,0.018064109608530998,0.00013100885317759696,0.99
4369,0.05,4,7.0,7.6,True,20000,27769,0.01276867650449276,0.00013091841941586897,0.99
4370,0.05,5,6.0,6.8,True,20000,27774,0.014683792367577553,0.0001308281116224958,0.99
4371,0.05,4,7.0,7.6,True,20000,27778,0.011088350787758827,0.00013073792983312935,0.99
4372,0.05,1,10.0,10.0,True,20000,27779,0.010556020773947239,0.00013064787408337213,0.99
4373,0.05,4,7.0,7.6,True,20000,27783,0.010991956107318401,0.00013055794440877672,0.99
4374,0.05,4,7.0,7.2,True,20000,27787,0.0133152324706316,0.00013046814084484586,0.99
4375,0.05,4,7.0,7.6,True,20000,27791,0.010142620652914047,0.00013037846342703254,0.99
4376,0.05,1,10.0,10.0,True,20000,27792,0.03135436773300171,0.00013028891219074001,0.99
4377,0.05,5,6.0,6.8,True,20000,27797,0.011557534337043762,0.00013019948717132173,0.99
4378,0.05,5,6.0,6.8,True,20000,27802,0.0096683194860816,0.00013011018840408125,0.99
4379,0.05,3,8.0,8.4,True,20000,27805,0.00958398636430502,0.0001300210159242723,0.99
4380,0.05,1,10.0,10.0,True,20000,27806,0.018187755718827248,0.00012993196976709878,0.99
4381,0.05,2,9.0,9.2,True,20000,27808,0.012268641963601112,0.00012984304996771468,0.99
4382,0.05,1,10.0,10.0,True,20000,27809,0.006963634863495827,0.00012975425656122422,0.99
4383,0.05,2,9.0,9.0,True,20000,27811,0.012418863363564014,0.0001296655895826815,0.99
4384,0.05,2,9.0,9.2,True,20000,27813,0.010375939309597015,0.0001295770490670909,0.99
4385,0.05,2,9.0,9.2,True,20000,27815,0.00802784413099289,0.0001294886350494068,0.99
4386,0.05,2,9.0,9.2,True,20000,27817,0.009453333914279938,0.00012940034756453366,0.99
4387,0.05,5,6.0,6.4,True,20000,27822,0.011728355661034584,0.00012931218664732596,0.99
4388,0.05,2,9.0,9.2,True,20000,27824,0.011208141222596169,0.00012922415233258827,0.99
4389,0.05,3,8.0,8.4,True,20000,27827,0.009434923529624939,0.00012913624465507516,0.99
4390,0.05,4,7.0,7.6,True,20000,27831,0.011027227155864239,0.0001290484636494912,0.99
4391,0.05,2,9.0,9.2,True,20000,27833,0.01582081988453865,0.00012896080935049083,0.99
4392,0.05,1,10.0,10.0,True,20000,27834,0.015730423852801323,0.00012887328179267865,0.99
4393,0.05,4,7.0,7.6,True,20000,27838,0.010036757215857506,0.00012878588101060916,0.99
4394,0.05,2,9.0,9.2,True,20000,27840,0.008713365532457829,0.00012869860703878678,0.99
4395,0.05,3,8.0,8.4,True,20000,27843,0.009612307883799076,0.00012861145991166593,0.99
4396,0.05,2,9.0,9.2,True,20000,27845,0.01240125484764576,0.0001285244396636509,0.99
4397,0.05,3,8.0,8.4,True,20000,27848,0.01837959513068199,0.00012843754632909594,0.99
4398,0.05,3,8.0,8.4,True,20000,27851,0.009740103967487812,0.00012835077994230508,0.99
4399,0.05,4,7.0,7.6,True,20000,27855,0.015069864690303802,0.0001282641405375323,0.99
4400,0.05,4,7.0,7.6,True,20000,27859,0.009712646715342999,0.00012817762814898158,0.99
4401,0.05,3,8.0,8.4,True,20000,27862,0.013225813396275043,0.0001280912428108066,0.99
4402,0.05,4,7.0,7.6,True,20000,27866,0.008606425486505032,0.0001280049845571109,0.99
4403,0.05,1,10.0,10.0,True,20000,27867,0.01977935992181301,0.00012791885342194783,0.99
4404,0.05,2,9.0,9.2,True,20000,27869,0.005954357795417309,0.00012783284943932075,0.99
4405,0.05,4,7.0,7.6,True,20000,27873,0.015294957906007767,0.0001277469726431825,0.99
4406,0.05,5,6.0,6.6,True,20000,27878,0.010115980170667171,0.00012766122306743594,0.99
4407,0.05,3,8.0,8.4,True,20000,27881,0.011755608953535557,0.0001275756007459337,0.99
4408,0.05,4,7.0,7.6,True,20000,27885,0.01008040551096201,0.00012749010571247804,0.99
4409,0.05,3,8.0,8.4,True,20000,27888,0.007086738478392363,0.00012740473800082103,0.99
4410,0.05,2,9.0,9.2,True,20000,27890,0.011416194960474968,0.00012731949764466455,0.99
4411,0.05,3,8.0,8.4,True,20000,27893,0.01787172630429268,0.00012723438467766014,0.99
4412,0.05,5,6.0,6.8,True,20000,27898,0.009020255878567696,0.0001271493991334091,0.99
4413,0.05,2,9.0,9.2,True,20000,27900,0.014268362894654274,0.0001270645410454623,1.0
4414,0.05,4,7.0,7.2,True,20000,27904,0.01068785134702921,0.00012697981044732033,1.0
4415,0.05,6,5.0,6.0,True,20000,27910,0.01085029635578394,0.00012689520737243357,1.0
4416,0.05,1,10.0,10.0,True,20000,27911,0.007472043391317129,0.0001268107318542019,1.0
4417,0.05,2,9.0,9.2,True,20000,27913,0.006944828666746616,0.00012672638392597496,1.0
4418,0.05,3,8.0,8.4,True,20000,27916,0.010428362525999546,0.00012664216362105206,1.0
4419,0.05,4,7.0,7.2,True,20000,27920,0.01549004390835762,0.0001265580709726819,1.0
4420,0.05,4,7.0,7.6,True,20000,27924,0.010356242768466473,0.00012647410601406304,1.0
4421,0.05,3,8.0,8.4,True,20000,27927,0.010596062056720257,0.0001263902687783434,1.0
4422,0.05,11,0.0,0.6,True,20000,27938,0.011793994344770908,0.0001263065592986207,1.0
4423,0.05,6,5.0,5.6,True,20000,27944,0.007709417026489973,0.00012622297760794208,1.0
4424,0.05,4,7.0,7.6,True,20000,27948,0.013352544978260994,0.00012613952373930425,1.0
4425,0.05,3,8.0,8.4,True,20000,27951,0.008559132926166058,0.00012605619772565344,1.0
4426,0.05,6,5.0,6.0,True,20000,27957,0.010305735282599926,0.00012597299959988552,1.0
4427,0.05,3,8.0,8.4,True,20000,27960,0.010099009610712528,0.00012588992939484582,1.0
4428,0.05,3,8.0,8.4,True,20000,27963,0.012085896916687489,0.000125806987143329,1.0
4429,0.05,5,6.0,6.8,True,20000,27968,0.011043006554245949,0.0001257241728780795,1.0
4430,0.05,4,7.0,7.6,True,20000,27972,0.012256673537194729,0.00012564148663179095,1.0
4431,0.05,1,10.0,10.0,True,20000,27973,0.007203006651252508,0.0001255589284371066,1.0
4432,0.05,5,6.0,6.8,True,20000,27978,0.012255938723683357,0.0001254764983266192,1.0
4433,0.05,3,8.0,8.4,True,20000,27981,0.010556221008300781,0.00012539419633287078,1.0
4434,0.05,1,10.0,10.0,True,20000,27982,0.013251464813947678,0.00012531202248835293,1.0
4435,0.05,3,8.0,8.4,True,20000,27985,0.01657249592244625,0.0001252299768255065,1.0
4436,0.05,4,7.0,7.6,True,20000,27989,0.01171438954770565,0.0001251480593767219,1.0
4437,0.05,4,7.0,7.6,True,20000,27993,0.008056143298745155,0.00012506627017433875,1.0
4438,0.05,5,6.0,6.8,True,20000,27998,0.013605356216430664,0.00012498460925064616,1.0
4439,0.05,2,9.0,9.2,True,20000,28000,0.010043722577393055,0.00012490307663788258,1.0
4440,0.05,2,9.0,9.2,True,20000,28002,0.015488984063267708,0.0001248216723682359,1.0
4441,0.05,1,10.0,10.0,True,20000,28003,0.024355286732316017,0.00012474039647384307,1.0
4442,0.05,9,2.0,2.4,True,20000,28012,0.01208674069494009,0.0001246592489867906,1.0
4443,0.05,2,9.0,9.2,True,20000,28014,0.011437198147177696,0.00012457822993911427,1.0
4444,0.05,2,9.0,9.2,True,20000,28016,0.01114895660430193,0.000124497339362799,1.0
4445,0.05,4,7.0,7.6,True,20000,28020,0.016208089888095856,0.00012441657728977924,1.0
4446,0.05,4,7.0,7.6,True,20000,28024,0.013389217667281628,0.00012433594375193846,1.0
4447,0.05,1,10.0,10.0,True,20000,28025,0.010297116823494434,0.00012425543878110957,1.0
4448,0.05,5,6.0,6.8,True,20000,28030,0.010428299196064472,0.00012417506240907468,1.0
4449,0.05,2,9.0,9.2,True,20000,28032,0.008871856145560741,0.00012409481466756506,1.0
4450,0.05,3,8.0,8.4,True,20000,28035,0.01338366698473692,0.0001240146955882613,1.0
4451,0.05,7,4.0,4.8,True,20000,28042,0.010422139428555965,0.00012393470520279316,1.0
4452,0.05,3,8.0,8.4,True,20000,28045,0.011005568318068981,0.0001238548435427394,1.0
4453,0.05,1,10.0,10.0,True,20000,28046,0.008404625579714775,0.0001237751106396283,1.0
4454,0.05,3,8.0,8.4,True,20000,28049,0.018450697883963585,0.00012369550652493712,1.0
4455,0.05,3,8.0,8.4,True,20000,28052,0.016049455851316452,0.0001236160312300923,1.0
4456,0.05,4,7.0,7.6,True,20000,28056,0.017486490309238434,0.0001235366847864695,1.0
4457,0.05,3,8.0,8.4,True,20000,28059,0.0118817538022995,0.00012345746722539327,1.0
4458,0.05,4,7.0,7.6,True,20000,28063,0.01290873996913433,0.00012337837857813764,1.0
4459,0.05,2,9.0,9.2,True,20000,28065,0.010955573990941048,0.00012329941887592537,1.0
4460,0.05,3,8.0,8.4,True,20000,28068,0.012198402546346188,0.00012322058814992858,1.0
4461,0.05,3,8.0,8.4,True,20000,28071,0.01688789390027523,0.00012314188643126845,1.0
4462,0.05,4,7.0,7.6,True,20000,28075,0.01223994791507721,0.00012306331375101513,1.0
4463,0.05,5,6.0,6.4,True,20000,28080,0.013886578381061554,0.00012298487014018785,1.0
4464,0.05,1,10.0,10.0,True,20000,28081,0.006712776143103838,0.00012290655562975487,1.0
4465,0.05,3,8.0,8.4,True,20000,28084,0.012134264223277569,0.0001228283702506336,1.0
4466,0.05,3,8.0,8.4,True,20000,28087,0.01929774135351181,0.00012275031403369044,1.0
4467,0.05,4,7.0,7.6,True,20000,28091,0.01375284418463707,0.0001226723870097406,1.0
4468,0.05,1,10.0,10.0,True,20000,28092,0.010989374481141567,0.00012259458920954846,1.0
4469,0.05,2,9.0,9.2,True,20000,28094,0.010473441332578659,0.0001225169206638274,1.0
4470,0.05,4,7.0,7.6,True,20000,28098,0.008918164297938347,0.00012243938140323979,1.0
4471,0.05,3,8.0,8.4,True,20000,28101,0.012108924798667431,0.00012236197145839677,1.0
4472,0.05,1,10.0,10.0,True,20000,28102,0.007794298697263002,0.00012228469085985867,1.0
4473,0.05,4,7.0,7.2,True,20000,28106,0.009275720454752445,0.00012220753963813468,1.0
4474,0.05,1,10.0,10.0,True,20000,28107,0.0073658786714077,0.00012213051782368278,1.0
4475,0.05,3,8.0,8.4,True,20000,28110,0.007647539023309946,0.00012205362544690993,1.0
4476,0.05,1,10.0,10.0,True,20000,28111,0.013001044280827045,0.00012197686253817208,1.0
4477,0.05,3,8.0,8.4,True,20000,28114,0.010009272955358028,0.00012190022912777404,1.0
4478,0.05,3,8.0,8.4,True,20000,28117,0.009564206004142761,0.00012182372524596951,1.0
4479,0.05,5,6.0,6.8,True,20000,28122,0.015973247587680817,0.00012174735092296087,1.0
4480,0.05,5,6.0,6.6,True,20000,28127,0.009863045066595078,0.00012167110618889956,1.0
4481,0.05,2,9.0,9.2,True,20000,28129,0.008538695983588696,0.00012159499107388584,1.0
4482,0.05,3,8.0,8.4,True,20000,28132,0.008981548249721527,0.0001215190056079687,1.0
4483,0.05,4,7.0,7.2,True,20000,28136,0.011448427103459835,0.00012144314982114599,1.0
4484,0.05,3,8.0,8.4,True,20000,28139,0.008354604244232178,0.00012136742374336446,1.0
4485,0.05,5,6.0,6.4,True,20000,28144,0.012897971086204052,0.00012129182740451941,1.0
4486,0.05,4,7.0,7.6,True,20000,28148,0.014828638173639774,0.0001212163608344552,1.0
4487,0.05,5,6.0,6.8,True,20000,28153,0.008749608881771564,0.0001211410240629648,1.0
4488,0.05,4,7.0,7.6,True,20000,28157,0.010082543827593327,0.00012106581711979,1.0
4489,0.05,4,7.0,7.6,True,20000,28161,0.010652657598257065,0.00012099074003462133,1.0
4490,0.05,5,6.0,6.8,True,20000,28166,0.016872866079211235,0.00012091579283709794,1.0
4491,0.05,3,8.0,8.4,True,20000,28169,0.008872906677424908,0.00012084097555680781,1.0
4492,0.05,4,7.0,7.6,True,20000,28173,0.007487173657864332,0.0001207662882232877,1.0
4493,0.05,1,10.0,10.0,True,20000,28174,0.009702910669147968,0.00012069173086602292,1.0
4494,0.05,2,9.0,9.2,True,20000,28176,0.013789823278784752,0.00012061730351444756,1.0
4495,0.05,1,10.0,10.0,True,20000,28177,0.005336681380867958,0.00012054300619794441,1.0
4496,0.05,3,8.0,8.4,True,20000,28180,0.011294846422970295,0.00012046883894584477,1.0
4497,0.05,5,6.0,6.4,True,20000,28185,0.010845664888620377,0.0001203948017874288,1.0
4498,0.05,1,10.0,10.0,True,20000,28186,0.005316834896802902,0.00012032089475192511,1.0
4499,0.05,5,6.0,6.8,True,20000,28191,0.008280657231807709,0.00012024711786851104,1.0
4500,0.05,1,10.0,10.0,True,20000,28192,0.010426540859043598,0.00012017347116631262,1.0
4501,0.05,3,8.0,8.4,True,20000,28195,0.008529428392648697,0.00012009995467440426,1.0
4502,0.05,2,9.0,9.2,True,20000,28197,0.007818477228283882,0.00012002656842180921,1.0
4503,0.05,27,-16.0,-15.8,True,20000,28224,0.010798955336213112,0.00011995331243749918,1.0
4504,0.05,1,10.0,10.0,True,20000,28225,0.009629952721297741,0.00011988018675039452,1.0
4505,0.05,6,5.0,6.0,True,20000,28231,0.011507153511047363,0.00011980719138936399,1.0
4506,0.05,1,10.0,10.0,True,20000,28232,0.00789645779877901,0.00011973432638322511,1.0
4507,0.05,3,8.0,8.4,True,20000,28235,0.014291507191956043,0.0001196615917607437,1.0
4508,0.05,3,8.0,8.2,True,20000,28238,0.007811760995537043,0.00011958898755063435,1.0
4509,0.05,1,10.0,10.0,True,20000,28239,0.012751910835504532,0.00011951651378155998,1.0
4510,0.05,4,7.0,7.6,True,20000,28243,0.008474360220134258,0.00011944417048213213,1.0
4511,0.05,1,10.0,10.0,True,20000,28244,0.007214901968836784,0.00011937195768091083,1.0
4512,0.05,1,10.0,10.0,True,20000,28245,0.007251255214214325,0.0001192998754064045,1.0
4513,0.05,5,6.0,6.8,True,20000,28250,0.008901392109692097,0.00011922792368707006,1.0
4514,0.05,4,7.0,7.6,True,20000,28254,0.010709529742598534,0.00011915610255131288,1.0
4515,0.05,5,6.0,6.8,True,20000,28259,0.013650456443428993,0.00011908441202748688,1.0
4516,0.05,2,9.0,9.2,True,20000,28261,0.015857825055718422,0.0001190128521438943,1.0
4517,0.05,1,10.0,10.0,True,20000,28262,0.011962362565100193,0.00011894142292878593,1.0
4518,0.05,3,8.0,8.4,True,20000,28265,0.013147135265171528,0.0001188701244103608,1.0
4519,0.05,5,6.0,6.8,True,20000,28270,0.011533482000231743,0.00011879895661676647,1.0
4520,0.05,4,7.0,7.6,True,20000,28274,0.009961220435798168,0.00011872791957609887,1.0
4521,0.05,5,6.0,6.8,True,20000,28279,0.01980619877576828,0.00011865701331640225,1.0
4522,0.05,4,7.0,7.6,True,20000,28283,0.009486161172389984,0.00011858623786566936,1.0
4523,0.05,4,7.0,7.6,True,20000,28287,0.00796183105558157,0.00011851559325184114,1.0
4524,0.05,3,8.0,8.4,True,20000,28290,0.014380666427314281,0.000118445079502807,1.0
4525,0.05,5,6.0,6.4,True,20000,28295,0.018633071333169937,0.00011837469664640467,1.0
4526,0.05,2,9.0,9.2,True,20000,28297,0.01846756786108017,0.00011830444471042017,1.0
4527,0.05,3,8.0,8.4,True,20000,28300,0.013935199938714504,0.00011823432372258789,1.0
4528,0.05,1,-10.0,-10.0,False,20000,28301,0.007634926121681929,0.00011816433371059041,0.99
4529,0.05,2,9.0,9.2,True,20000,28303,0.00738990493118763,0.00011809447470205872,0.99
4530,0.05,2,9.0,9.2,True,20000,28305,0.006730549968779087,0.00011802474672457205,0.99
4531,0.05,3,8.0,8.4,True,20000,28308,0.011654536239802837,0.00011795514980565786,0.99
4532,0.05,3,8.0,8.4,True,20000,28311,0.012424006126821041,0.000117885683972792,0.99
4533,0.05,1,10.0,10.0,True,20000,28312,0.01037182379513979,0.00011781634925339848,0.99
4534,0.05,2,9.0,9.2,True,20000,28314,0.007589331828057766,0.0001177471456748494,0.99
4535,0.05,2,9.0,9.2,True,20000,28316,0.010466523468494415,0.00011767807326446545,0.99
4536,0.05,4,7.0,7.6,True,20000,28320,0.00765780545771122,0.00011760913204951514,0.99
4537,0.05,4,7.0,7.6,True,20000,28324,0.009394554421305656,0.00011754032205721544,0.99
4538,0.05,1,10.0,10.0,True,20000,28325,0.009943182580173016,0.00011747164331473142,0.99
4539,0.05,3,8.0,8.4,True,20000,28328,0.013561539351940155,0.00011740309584917648,0.99
4540,0.05,3,8.0,8.4,True,20000,28331,0.021147742867469788,0.00011733467968761188,0.99
4541,0.05,2,9.0,9.2,True,20000,28333,0.01594441756606102,0.00011726639485704738,0.99
4542,0.05,2,9.0,9.2,True,20000,28335,0.02564198710024357,0.00011719824138444071,0.99
4543,0.05,1,10.0,10.0,True,20000,28336,0.007412708830088377,0.00011713021929669778,0.99
4544,0.05,4,7.0,7.2,True,20000,28340,0.023959634825587273,0.00011706232862067266,0.99
4545,0.05,2,9.0,9.2,True,20000,28342,0.008100790902972221,0.00011699456938316744,0.99
4546,0.05,2,9.0,9.2,True,20000,28344,0.007476325612515211,0.00011692694161093243,0.99
4547,0.05,3,8.0,8.0,True,20000,28347,0.009597637690603733,0.00011685944533066601,0.99
4548,0.05,3,8.0,8.4,True,20000,28350,0.007951431907713413,0.00011679208056901468,0.99
4549,0.05,3,8.0,8.4,True,20000,28353,0.012635248713195324,0.00011672484735257292,0.99
4550,0.05,3,8.0,8.4,True,20000,28356,0.010333103127777576,0.0001166577457078834,0.99
4551,0.05,2,9.0,9.2,True,20000,28358,0.007182718254625797,0.00011659077566143674,0.99
4552,0.05,5,6.0,6.8,True,20000,28363,0.008530473336577415,0.00011652393723967164,0.99
4553,0.05,2,9.0,9.2,True,20000,28365,0.009559341706335545,0.0001164572304689749,0.99
4554,0.05,1,10.0,10.0,True,20000,28366,0.008016874082386494,0.00011639065537568123,0.99
4555,0.05,5,6.0,6.8,True,20000,28371,0.00987366121262312,0.00011632421198607356,0.99
4556,0.05,1,10.0,10.0,True,20000,28372,0.009425870142877102,0.00011625790032638249,0.99
4557,0.05,6,5.0,6.0,True,20000,28378,0.009885056875646114,0.00011619172042278696,0.99
4558,0.05,3,8.0,8.4,True,20000,28381,0.02056516520678997,0.00011612567230141374,0.99
4559,0.05,4,7.0,7.6,True,20000,28385,0.011469481512904167,0.00011605975598833748,0.99
4560,0.05,1,10.0,10.0,True,20000,28386,0.008747960440814495,0.00011599397150958098,0.99
4561,0.05,8,3.0,4.0,True,20000,28394,0.009082299657166004,0.00011592831889111494,0.99
4562,0.05,2,9.0,9.2,True,20000,28396,0.007349593564867973,0.00011586279815885786,0.99
4563,0.05,3,8.0,8.4,True,20000,28399,0.007940713316202164,0.00011579740933867639,0.99
4564,0.05,1,10.0,10.0,True,20000,28400,0.009161760099232197,0.00011573215245638496,0.99
4565,0.05,5,6.0,6.8,True,20000,28405,0.012053823098540306,0.00011566702753774597,0.99
4566,0.05,1,10.0,10.0,True,20000,28406,0.01815149001777172,0.00011560203460846972,0.99
4567,0.05,3,8.0,8.4,True,20000,28409,0.011944922618567944,0.00011553717369421434,0.99
4568,0.05,3,8.0,8.2,True,20000,28412,0.01076700072735548,0.00011547244482058586,0.99
4569,0.05,1,10.0,10.0,True,20000,28413,0.008693010546267033,0.00011540784801313834,0.99
4570,0.05,2,9.0,9.2,True,20000,28415,0.0071866391226649284,0.00011534338329737348,0.99
4571,0.05,1,10.0,10.0,True,20000,28416,0.0066330754198133945,0.00011527905069874093,0.99
4572,0.05,5,6.0,6.8,True,20000,28421,0.01068149320781231,0.00011521485024263828,0.99
4573,0.05,3,8.0,8.4,True,20000,28424,0.010920566506683826,0.0001151507819544107,0.99
4574,0.05,5,6.0,6.8,True,20000,28429,0.010087753646075726,0.00011508684585935148,0.99
4575,0.05,3,8.0,8.4,True,20000,28432,0.007992229424417019,0.00011502304198270147,0.99
4576,0.05,4,7.0,7.6,True,20000,28436,0.01483488455414772,0.0001149593703496495,0.99
4577,0.05,3,8.0,8.4,True,20000,28439,0.008058744482696056,0.0001148958309853321,0.99
4578,0.05,1,10.0,10.0,True,20000,28440,0.007384322118014097,0.00011483242391483358,0.99
4579,0.05,3,8.0,8.4,True,20000,28443,0.011300110258162022,0.00011476914916318605,0.99
4580,0.05,2,9.0,9.2,True,20000,28445,0.007610770873725414,0.00011470600675536941,0.99
4581,0.05,2,9.0,9.2,True,20000,28447,0.012229671701788902,0.00011464299671631131,0.99
4582,0.05,1,10.0,10.0,True,20000,28448,0.009005856700241566,0.00011458011907088707,0.99
4583,0.05,4,7.0,7.6,True,20000,28452,0.009352070279419422,0.00011451737384391978,0.99
4584,0.05,2,9.0,9.2,True,20000,28454,0.007755826227366924,0.0001144547610601803,0.99
4585,0.05,2,9.0,9.2,True,20000,28456,0.010666841641068459,0.00011439228074438707,0.99
4586,0.05,5,6.0,6.8,True,20000,28461,0.009206217713654041,0.00011432993292120643,0.99
4587,0.05,1,10.0,10.0,True,20000,28462,0.010579030960798264,0.00011426771761525229,0.99
4588,0.05,1,10.0,10.0,True,20000,28463,0.006554368883371353,0.00011420563485108633,0.99
4589,0.05,5,6.0,6.8,True,20000,28468,0.011767907068133354,0.00011414368465321771,0.99
4590,0.05,2,9.0,9.2,True,20000,28470,0.01228075847029686,0.00011408186704610347,0.99
4591,0.05,1,10.0,10.0,True,20000,28471,0.01187890488654375,0.00011402018205414819,0.99
4592,0.05,2,9.0,9.2,True,20000,28473,0.012182891368865967,0.0001139586297017041,0.99
4593,0.05,1,10.0,10.0,True,20000,28474,0.01055676955729723,0.0001138972100130712,0.99
4594,0.05,3,8.0,8.4,True,20000,28477,0.009321759454905987,0.00011383592301249692,0.99
4595,0.05,1,10.0,10.0,True,20000,28478,0.007643193006515503,0.00011377476872417644,0.99
4596,0.05,1,10.0,10.0,True,20000,28479,0.009500239044427872,0.0001137137471722525,0.99
4597,0.05,4,7.0,7.6,True,20000,28483,0.009231606498360634,0.00011365285838081538,0.99
4598,0.05,4,7.0,7.6,True,20000,28487,0.008782155811786652,0.00011359210237390308,0.99
4599,0.05,2,9.0,9.2,True,20000,28489,0.010668730363249779,0.00011353147917550111,0.99
4600,0.05,4,7.0,7.6,True,20000,28493,0.011925019323825836,0.0001134709888095425,0.99
4601,0.05,1,10.0,10.0,True,20000,28494,0.007801627274602652,0.00011341063129990794,0.99
4602,0.05,4,7.0,7.6,True,20000,28498,0.008195539005100727,0.00011335040667042557,0.99
4603,0.05,4,7.0,7.6,True,20000,28502,0.008431898429989815,0.00011329031494487113,0.99
4604,0.05,2,9.0,9.2,True,20000,28504,0.017835605889558792,0.00011323035614696794,0.99
4605,0.05,2,9.0,9.2,True,20000,28506,0.013787413015961647,0.00011317053030038676,0.99
4606,0.05,2,9.0,9.2,True,20000,28508,0.013143599033355713,0.00011311083742874585,0.99
4607,0.05,3,8.0,8.4,True,20000,28511,0.009804676286876202,0.00011305127755561098,0.99
4608,0.05,6,5.0,6.0,True,20000,28517,0.010086433961987495,0.00011299185070449551,0.99
4609,0.05,5,6.0,6.8,True,20000,28522,0.009576001204550266,0.00011293255689886023,0.99
4610,0.05,3,8.0,8.4,True,20000,28525,0.009096802212297916,0.00011287339616211337,0.99
4611,0.05,3,8.0,8.4,True,20000,28528,0.009383759461343288,0.00011281436851761063,0.99
4612,0.05,2,9.0,9.2,True,20000,28530,0.012751640751957893,0.00011275547398865524,0.99
4613,0.05,4,7.0,7.6,True,20000,28534,0.019636379554867744,0.00011269671259849775,0.99
4614,0.05,2,9.0,9.2,True,20000,28536,0.012300055474042892,0.0001126380843703363,0.99
4615,0.05,2,9.0,9.2,True,20000,28538,0.01187577098608017,0.00011257958932731635,0.99
4616,0.05,1,10.0,10.0,True,20000,28539,0.01672038622200489,0.00011252122749253086,0.99
4617,0.05,1,10.0,10.0,True,20000,28540,0.017740098759531975,0.00011246299888902009,0.99
4618,0.05,1,10.0,10.0,True,20000,28541,0.011588048189878464,0.0001124049035397718,0.99
4619,0.05,3,8.0,8.4,True,20000,28544,0.01384861022233963,0.00011234694146772115,0.99
4620,0.05,2,9.0,9.2,True,20000,28546,0.007574490271508694,0.00011228911269575058,0.99
4621,0.05,3,8.0,8.4,True,20000,28549,0.009014992974698544,0.00011223141724669006,0.99
4622,0.05,3,8.0,8.2,True,20000,28552,0.010756130330264568,0.00011217385514331674,0.99
4623,0.05,1,10.0,10.0,True,20000,28553,0.011067833751440048,0.00011211642640835525,0.99
4624,0.05,4,7.0,7.6,True,20000,28557,0.008038085885345936,0.00011205913106447762,0.99
4625,0.05,3,8.0,8.4,True,20000,28560,0.012639193795621395,0.00011200196913430304,0.99
4626,0.05,3,8.0,8.4,True,20000,28563,0.010167918168008327,0.00011194494064039827,0.99
4627,0.05,3,8.0,8.4,True,20000,28566,0.015024143271148205,0.00011188804560527716,0.99
4628,0.05,1,10.0,10.0,True,20000,28567,0.010229998268187046,0.00011183128405140094,1.0
4629,0.05,1,10.0,10.0,True,20000,28568,0.009635783731937408,0.00011177465600117823,1.0
4630,0.05,1,10.0,10.0,True,20000,28569,0.009166481904685497,0.00011171816147696487,1.0
4631,0.05,1,10.0,10.0,True,20000,28570,0.010588664561510086,0.00011166180050106402,1.0
4632,0.05,2,9.0,9.2,True,20000,28572,0.010114234872162342,0.00011160557309572611,1.0
4633,0.05,4,7.0,7.6,True,20000,28576,0.00987035222351551,0.0001115494792831488,1.0
4634,0.05,2,9.0,9.2,True,20000,28578,0.008838455192744732,0.00011149351908547699,1.0
4635,0.05,4,7.0,7.6,True,20000,28582,0.018414299935102463,0.00011143769252480304,1.0
4636,0.05,3,8.0,8.4,True,20000,28585,0.009488538838922977,0.00011138199962316622,1.0
4637,0.05,3,8.0,8.4,True,20000,28588,0.008793593384325504,0.00011132644040255326,1.0
4638,0.05,1,10.0,10.0,True,20000,28589,0.021312907338142395,0.00011127101488489815,1.0
4639,0.05,3,8.0,8.4,True,20000,28592,0.010217064060270786,0.00011121572309208187,1.0
4640,0.05,4,7.0,7.6,True,20000,28596,0.010116041637957096,0.00011116056504593279,1.0
4641,0.05,3,8.0,8.4,True,20000,28599,0.008407726883888245,0.00011110554076822646,1.0
4642,0.05,1,10.0,10.0,True,20000,28600,0.04372621700167656,0.00011105065028068564,1.0
4643,0.05,8,3.0,4.0,True,20000,28608,0.01220052782446146,0.00011099589360498016,1.0
4644,0.05,3,8.0,8.4,True,20000,28611,0.00824623741209507,0.00011094127076272703,1.0
4645,0.05,6,5.0,6.0,True,20000,28617,0.012435652315616608,0.00011088678177549057,1.0
4646,0.05,3,8.0,8.4,True,20000,28620,0.007425567135214806,0.00011083242666478216,1.0
4647,0.05,1,10.0,10.0,True,20000,28621,0.007693591993302107,0.00011077820545206027,1.0
4648,0.05,4,7.0,7.6,True,20000,28625,0.0064972941763699055,0.00011072411815873069,1.0
4649,0.05,2,9.0,9.2,True,20000,28627,0.007123718969523907,0.00011067016480614621,1.0
4650,0.05,3,8.0,8.4,True,20000,28630,0.009492320008575916,0.00011061634541560668,1.0
4651,0.05,2,9.0,9.2,True,20000,28632,0.00784631259739399,0.00011056266000835915,1.0
4652,0.05,6,5.0,5.6,True,20000,28638,0.013330302201211452,0.0001105091086055978,1.0
4653,0.05,3,8.0,8.4,True,20000,28641,0.009003806859254837,0.0001104556912284639,1.0
4654,0.05,2,9.0,9.2,True,20000,28643,0.008442599326372147,0.00011040240789804573,1.0
4655,0.05,1,10.0,10.0,True,20000,28644,0.020120156928896904,0.00011034925863537878,1.0
4656,0.05,5,6.0,6.6,True,20000,28649,0.01970740407705307,0.00011029624346144545,1.0
4657,0.05,3,8.0,8.4,True,20000,28652,0.009722280316054821,0.0001102433623971753,1.0
4658,0.05,1,10.0,10.0,True,20000,28653,0.030501196160912514,0.00011019061546344506,1.0
4659,0.05,3,8.0,8.4,True,20000,28656,0.025617463514208794,0.00011013800268107825,1.0
4660,0.05,3,8.0,8.4,True,20000,28659,0.007971246726810932,0.00011008552407084563,1.0
4661,0.05,2,9.0,9.2,True,20000,28661,0.00659397104755044,0.00011003317965346487,1.0
4662,0.05,4,7.0,7.6,True,20000,28665,0.007104350253939629,0.00010998096944960073,1.0
4663,0.05,1,10.0,10.0,True,20000,28666,0.01480486523360014,0.00010992889347986499,1.0
4664,0.05,4,7.0,7.6,True,20000,28670,0.016780143603682518,0.00010987695176481644,1.0
4665,0.05,6,5.0,5.6,True,20000,28676,0.008892546407878399,0.00010982514432496084,1.0
4666,0.05,1,10.0,10.0,True,20000,28677,0.007251046597957611,0.00010977347118075093,1.0
4667,0.05,5,6.0,6.4,True,20000,28682,0.007120179478079081,0.00010972193235258644,1.0
4668,0.05,4,7.0,7.2,True,20000,28686,0.009115302935242653,0.00010967052786081406,1.0
4669,0.05,3,8.0,8.4,True,20000,28689,0.010298088192939758,0.00010961925772572751,1.0
4670,0.05,6,5.0,6.0,True,20000,28695,0.010508004575967789,0.00010956812196756741,1.0
4671,0.05,4,7.0,7.2,True,20000,28699,0.011794675141572952,0.00010951712060652142,1.0
4672,0.05,4,7.0,7.2,True,20000,28703,0.010966871865093708,0.00010946625366272395,1.0
4673,0.05,3,8.0,8.4,True,20000,28706,0.007134097162634134,0.00010941552115625656,1.0
4674,0.05,3,8.0,8.4,True,20000,28709,0.0098651684820652,0.00010936492310714757,1.0
4675,0.05,3,8.0,8.2,True,20000,28712,0.012906103394925594,0.00010931445953537231,1.0
4676,0.05,2,9.0,9.2,True,20000,28714,0.011134613305330276,0.00010926413046085305,1.0
4677,0.05,2,9.0,9.2,True,20000,28716,0.023331500589847565,0.00010921393590345883,1.0
4678,0.05,6,5.0,6.0,True,20000,28722,0.009797326289117336,0.00010916387588300572,1.0
4679,0.05,5,6.0,6.8,True,20000,28727,0.006830845959484577,0.00010911395041925657,1.0
4680,0.05,4,7.0,7.6,True,20000,28731,0.00968157034367323,0.00010906415953192125,1.0
4681,0.05,6,5.0,5.6,True,20000,28737,0.009579089470207691,0.00010901450324065638,1.0
4682,0.05,5,6.0,6.8,True,20000,28742,0.00896185077726841,0.00010896498156506546,1.0
4683,0.05,1,10.0,10.0,True,20000,28743,0.012640475295484066,0.0001089155945246988,1.0
4684,0.05,3,8.0,8.4,True,20000,28746,0.00681926729157567,0.00010886634213905373,1.0
4685,0.05,1,10.0,10.0,True,20000,28747,0.009215491823852062,0.00010881722442757426,1.0
4686,0.05,3,8.0,8.4,True,20000,28750,0.01055802684277296,0.00010876824140965127,1.0
4687,0.05,2,9.0,9.2,True,20000,28752,0.010418064892292023,0.00010871939310462257,1.0
4688,0.05,1,10.0,10.0,True,20000,28753,0.01419540960341692,0.0001086706795317726,1.0
4689,0.05,5,6.0,6.8,True,20000,28758,0.010987071320414543,0.00010862210071033272,1.0
4690,0.05,2,9.0,9.2,True,20000,28760,0.009001245722174644,0.00010857365665948111,1.0
4691,0.05,1,10.0,10.0,True,20000,28761,0.007949883118271828,0.00010852534739834267,1.0
4692,0.05,3,8.0,8.4,True,20000,28764,0.008367172442376614,0.00010847717294598918,1.0
4693,0.05,1,10.0,10.0,True,20000,28765,0.014592568390071392,0.00010842913332143919,1.0
4694,0.05,2,9.0,9.2,True,20000,28767,0.0252891406416893,0.00010838122854365784,1.0
4695,0.05,4,7.0,7.6,True,20000,28771,0.010122707113623619,0.0001083334586315573,1.0
4696,0.05,2,9.0,9.2,True,20000,28773,0.007866328582167625,0.00010828582360399636,1.0
4697,0.05,4,7.0,7.6,True,20000,28777,0.010003546252846718,0.00010823832347978052,1.0
4698,0.05,4,7.0,7.6,True,20000,28781,0.008556212298572063,0.00010819095827766217,1.0
4699,0.05,3,8.0,8.4,True,20000,28784,0.0073845344595611095,0.00010814372801634023,1.0
4700,0.05,6,5.0,5.6,True,20000,28790,0.009044225327670574,0.0001080966327144605,1.0
4701,0.05,4,7.0,7.6,True,20000,28794,0.01018001139163971,0.00010804967239061547,1.0
4702,0.05,2,9.0,9.2,True,20000,28796,0.01174190267920494,0.00010800284706334435,1.0
4703,0.05,2,9.0,9.2,True,20000,28798,0.010938631370663643,0.00010795615675113301,1.0
4704,0.05,4,7.0,7.2,True,20000,28802,0.010338278487324715,0.00010790960147241411,1.0
4705,0.05,2,9.0,9.2,True,20000,28804,0.01005985401570797,0.00010786318124556682,1.0
4706,0.05,3,8.0,8.4,True,20000,28807,0.012193780392408371,0.00010781689608891717,1.0
4707,0.05,2,9.0,9.2,True,20000,28809,0.011136431246995926,0.0001077707460207378,1.0
4708,0.05,6,5.0,6.0,True,20000,28815,0.012563373893499374,0.00010772473105924806,1.0
4709,0.05,5,6.0,6.8,True,20000,28820,0.00815137941390276,0.00010767885122261392,1.0
4710,0.05,2,9.0,9.2,True,20000,28822,0.013367811217904091,0.00010763310652894797,1.0
4711,0.05,4,7.0,7.2,True,20000,28826,0.008381564170122147,0.00010758749699630952,1.0
4712,0.05,3,8.0,8.4,True,20000,28829,0.006566461641341448,0.00010754202264270453,1.0
4713,0.05,2,9.0,9.2,True,20000,28831,0.015802813693881035,0.00010749668348608547,1.0
4714,0.05,2,9.0,9.2,True,20000,28833,0.008104164153337479,0.00010745147954435155,1.0
4715,0.05,2,9.0,9.2,True,20000,28835,0.009651359170675278,0.00010740641083534862,1.0
4716,0.05,2,9.0,9.2,True,20000,28837,0.00838751345872879,0.00010736147737686904,1.0
4717,0.05,2,9.0,9.2,True,20000,28839,0.009072689339518547,0.00010731667918665183,1.0
4718,0.05,5,6.0,6.4,True,20000,28844,0.00948970764875412,0.00010727201628238261,1.0
4719,0.05,3,8.0,8.4,True,20000,28847,0.008118960075080395,0.00010722748868169367,1.0
4720,0.05,4,7.0,7.6,True,20000,28851,0.008082576096057892,0.00010718309640216372,1.0
4721,0.05,4,7.0,7.6,True,20000,28855,0.009970160201191902,0.00010713883946131806,1.0
4722,0.05,4,7.0,7.6,True,20000,28859,0.01173318736255169,0.00010709471787662876,1.0
4723,0.05,3,8.0,8.4,True,20000,28862,0.00964388158172369,0.00010705073166551425,1.0
4724,0.05,4,7.0,7.6,True,20000,28866,0.00781961902976036,0.00010700688084533963,1.0
4725,0.05,2,9.0,9.2,True,20000,28868,0.011779038235545158,0.00010696316543341646,1.0
4726,0.05,3,8.0,8.4,True,20000,28871,0.005840071011334658,0.00010691958544700295,1.0
4727,0.05,2,9.0,9.2,True,20000,28873,0.006960197351872921,0.00010687614090330377,1.0
4728,0.05,5,6.0,6.8,True,20000,28878,0.017287949100136757,0.00010683283181947013,1.0
4729,0.05,4,7.0,7.6,True,20000,28882,0.008989674970507622,0.00010678965821259971,1.0
4730,0.05,1,10.0,10.0,True,20000,28883,0.030735136941075325,0.00010674662009973686,1.0
4731,0.05,3,8.0,8.4,True,20000,28886,0.010578755289316177,0.00010670371749787234,1.0
4732,0.05,2,9.0,9.2,True,20000,28888,0.00805575493723154,0.00010666095042394335,1.0
4733,0.05,6,5.0,5.6,True,20000,28894,0.013013972900807858,0.00010661831889483368,1.0
4734,0.05,2,9.0,9.2,True,20000,28896,0.01098553091287613,0.00010657582292737361,1.0
4735,0.05,1,10.0,10.0,True,20000,28897,0.016685064882040024,0.00010653346253833986,1.0
4736,0.05,4,7.0,7.6,True,20000,28901,0.007116357795894146,0.00010649123774445564,1.0
4737,0.05,1,10.0,10.0,True,20000,28902,0.008273453451693058,0.00010644914856239066,1.0
4738,0.05,2,9.0,9.2,True,20000,28904,0.009380638599395752,0.00010640719500876101,1.0
4739,0.05,2,9.0,9.2,True,20000,28906,0.031171008944511414,0.00010636537710012928,1.0
4740,0.05,3,8.0,8.4,True,20000,28909,0.02372702956199646,0.00010632369485300458,1.0
4741,0.05,4,7.0,7.6,True,20000,28913,0.015421321615576744,0.00010628214828384235,1.0
4742,0.05,4,7.0,7.2,True,20000,28917,0.007670408580452204,0.00010624073740904457,1.0
4743,0.05,2,9.0,9.2,True,20000,28919,0.009229360148310661,0.00010619946224495956,1.0
4744,0.05,4,7.0,7.2,True,20000,28923,0.007554696407169104,0.00010615832280788206,1.0
4745,0.05,1,10.0,10.0,True,20000,28924,0.00843906495720148,0.00010611731911405334,1.0
4746,0.05,2,9.0,9.2,True,20000,28926,0.007105478085577488,0.00010607645117966099,1.0
4747,0.05,3,8.0,8.4,True,20000,28929,0.011005867272615433,0.00010603571902083899,1.0
4748,0.05,3,8.0,8.4,True,20000,28932,0.00982698705047369,0.00010599512265366784,1.0
4749,0.05,3,8.0,8.4,True,20000,28935,0.006296403240412474,0.00010595466209417423,1.0
4750,0.05,2,9.0,9.2,True,20000,28937,0.010771917179226875,0.00010591433735833142,1.0
4751,0.05,3,8.0,8.4,True,20000,28940,0.00850905105471611,0.00010587414846205893,1.0
4752,0.05,8,3.0,4.0,True,20000,28948,0.008023709990084171,0.00010583409542122274,1.0
4753,0.05,2,9.0,9.2,True,20000,28950,0.006802964024245739,0.00010579417825163517,1.0
4754,0.05,1,10.0,10.0,True,20000,28951,0.009226114489138126,0.00010575439696905483,1.0
4755,0.05,4,7.0,7.6,True,20000,28955,0.00729019520804286,0.00010571475158918675,1.0
4756,0.05,2,9.0,9.2,True,20000,28957,0.010338346473872662,0.00010567524212768235,1.0
4757,0.05,1,10.0,10.0,True,20000,28958,0.017322110012173653,0.0001056358686001393,1.0
4758,0.05,2,9.0,9.2,True,20000,28960,0.00880163349211216,0.00010559663102210163,1.0
4759,0.05,4,7.0,7.6,True,20000,28964,0.008620748296380043,0.00010555752940905977,1.0
4760,0.05,2,9.0,9.2,True,20000,28966,0.010630561038851738,0.00010551856377645033,1.0
4761,0.05,3,8.0,8.4,True,20000,28969,0.010025818832218647,0.00010547973413965641,1.0
4762,0.05,2,9.0,9.2,True,20000,28971,0.007366691716015339,0.0001054410405140073,1.0
4763,0.05,4,7.0,7.6,True,20000,28975,0.007547604851424694,0.0001054024829147786,1.0
4764,0.05,4,7.0,7.6,True,20000,28979,0.010320888832211494,0.00010536406135719235,1.0
4765,0.05,3,8.0,8.4,True,20000,28982,0.009645666927099228,0.00010532577585641667,1.0
4766,0.05,2,9.0,9.2,True,20000,28984,0.007976537570357323,0.00010528762642756605,1.0
4767,0.05,4,7.0,7.6,True,20000,28988,0.008602342568337917,0.00010524961308570137,1.0
4768,0.05,5,6.0,6.8,True,20000,28993,0.009054755792021751,0.00010521173584582964,1.0
4769,0.05,2,9.0,9.2,True,20000,28995,0.007377293426543474,0.00010517399472290419,1.0
4770,0.05,1,10.0,10.0,True,20000,28996,0.007301554083824158,0.00010513638973182467,1.0
4771,0.05,6,5.0,5.6,True,20000,29002,0.009411611594259739,0.00010509892088743688,1.0
4772,0.05,5,6.0,6.8,True,20000,29007,0.010214768350124359,0.00010506158820453292,1.0
4773,0.05,3,8.0,8.4,True,20000,29010,0.010859984904527664,0.00010502439169785117,1.0
4774,0.05,1,10.0,10.0,True,20000,29011,0.013172168284654617,0.00010498733138207624,1.0
4775,0.05,2,9.0,9.2,True,20000,29013,0.01382947526872158,0.00010495040727183894,1.0
4776,0.05,4,7.0,7.6,True,20000,29017,0.0073500326834619045,0.00010491361938171632,1.0
4777,0.05,1,10.0,10.0,True,20000,29018,0.009540166705846786,0.00010487696772623162,1.0
4778,0.05,3,8.0,8.4,True,20000,29021,0.008190038613975048,0.00010484045231985437,1.0
4779,0.05,2,9.0,9.2,True,20000,29023,0.012576403096318245,0.00010480407317700029,1.0
4780,0.05,3,8.0,8.4,True,20000,29026,0.010459442622959614,0.00010476783031203127,1.0
4781,0.05,1,10.0,10.0,True,20000,29027,0.006649354938417673,0.00010473172373925544,1.0
4782,0.05,5,6.0,6.8,True,20000,29032,0.01012976374477148,0.00010469575347292708,1.0
4783,0.05,3,8.0,8.4,True,20000,29035,0.010858469642698765,0.00010465991952724665,1.0
4784,0.05,4,7.0,7.6,True,20000,29039,0.009862210601568222,0.00010462422191636085,1.0
4785,0.05,1,10.0,10.0,True,20000,29040,0.010341373272240162,0.00010458866065436258,1.0
4786,0.05,4,7.0,7.6,True,20000,29044,0.007365331053733826,0.00010455323575529082,1.0
4787,0.05,2,9.0,9.2,True,20000,29046,0.018841074779629707,0.00010451794723313073,1.0
4788,0.05,1,-10.0,-10.0,False,20000,29047,0.007320041302591562,0.00010448279510181374,0.99
4789,0.05,1,10.0,10.0,True,20000,29048,0.016983026638627052,0.00010444777937521727,0.99
4790,0.05,4,7.0,7.6,True,20000,29052,0.008069981820881367,0.00010441290006716503,0.99
4791,0.05,2,9.0,9.2,True,20000,29054,0.009822389110922813,0.00010437815719142677,0.99
4792,0.05,4,7.0,7.6,True,20000,29058,0.015284580178558826,0.00010434355076171853,0.99
4793,0.05,2,9.0,9.0,True,20000,29060,0.011551853269338608,0.00010430908079170225,0.99
4794,0.05,1,10.0,10.0,True,20000,29061,0.02567516826093197,0.00010427474729498618,0.99
4795,0.05,3,8.0,8.4,True,20000,29064,0.009543221443891525,0.00010424055028512466,0.99
4796,0.05,5,6.0,6.8,True,20000,29069,0.011961561627686024,0.00010420648977561812,0.99
4797,0.05,3,8.0,8.4,True,20000,29072,0.01074113231152296,0.00010417256577991309,0.99
4798,0.05,3,8.0,8.4,True,20000,29075,0.009055212140083313,0.00010413877831140225,0.99
4799,0.05,2,9.0,9.2,True,20000,29077,0.007786998990923166,0.00010410512738342433,0.99
4800,0.05,1,10.0,10.0,True,20000,29078,0.005765322595834732,0.00010407161300926423,0.99
4801,0.05,2,9.0,9.2,True,20000,29080,0.012902352027595043,0.00010403823520215282,0.99
4802,0.05,3,8.0,8.4,True,20000,29083,0.007852576673030853,0.00010400499397526724,0.99
4803,0.05,4,7.0,7.6,True,20000,29087,0.008545813150703907,0.00010397188934173052,0.99
4804,0.05,3,8.0,8.4,True,20000,29090,0.010618515312671661,0.00010393892131461183,0.99
4805,0.05,1,10.0,10.0,True,20000,29091,0.004607849288731813,0.00010390608990692649,0.99
4806,0.05,2,9.0,9.2,True,20000,29093,0.009990975260734558,0.00010387339513163573,0.99
4807,0.05,1,10.0,10.0,True,20000,29094,0.007824378088116646,0.00010384083700164701,0.99
4808,0.05,1,10.0,10.0,True,20000,29095,0.008602887392044067,0.00010380841552981377,0.99
4809,0.05,3,8.0,8.4,True,20000,29098,0.009164144285023212,0.00010377613072893544,0.99
4810,0.05,3,8.0,8.4,True,20000,29101,0.011274146847426891,0.00010374398261175756,0.99
4811,0.05,1,10.0,10.0,True,20000,29102,0.006038755178451538,0.00010371197119097172,0.99
4812,0.05,4,7.0,7.6,True,20000,29106,0.017409445717930794,0.00010368009647921548,0.99
4813,0.05,7,4.0,4.8,True,20000,29113,0.010308472439646721,0.00010364835848907254,0.99
4814,0.05,4,7.0,7.6,True,20000,29117,0.010934913530945778,0.0001036167572330725,0.99
4815,0.05,5,6.0,6.0,True,20000,29122,0.009642541408538818,0.00010358529272369105,0.99
4816,0.05,2,9.0,9.2,True,20000,29124,0.007443893700838089,0.0001035539649733499,0.99
4817,0.05,1,10.0,10.0,True,20000,29125,0.008698486723005772,0.00010352277399441671,0.99
4818,0.05,3,8.0,8.4,True,20000,29128,0.01079609151929617,0.00010349171979920521,0.99
4819,0.05,3,8.0,8.4,True,20000,29131,0.021106092259287834,0.00010346080239997513,0.99
4820,0.05,5,6.0,6.4,True,20000,29136,0.010827625170350075,0.00010343002180893212,0.99
4821,0.05,3,8.0,8.4,True,20000,29139,0.010054911486804485,0.00010339937803822787,0.99
4822,0.05,2,9.0,9.2,True,20000,29141,0.013144741766154766,0.00010336887109996007,0.99
4823,0.05,2,9.0,9.2,True,20000,29143,0.008875081315636635,0.00010333850100617241,0.99
4824,0.05,2,9.0,9.2,True,20000,29145,0.011620836332440376,0.00010330826776885449,0.99
4825,0.05,1,10.0,10.0,True,20000,29146,0.01711861975491047,0.00010327817139994192,0.99
4826,0.05,2,9.0,9.2,True,20000,29148,0.00831948034465313,0.00010324821191131628,0.99
4827,0.05,1,10.0,10.0,True,20000,29149,0.010564853437244892,0.00010321838931480508,0.99
4828,0.05,4,7.0,7.6,True,20000,29153,0.007948771119117737,0.00010318870362218179,0.99
4829,0.05,1,10.0,10.0,True,20000,29154,0.008816421963274479,0.00010315915484516587,0.99
4830,0.05,2,9.0,9.2,True,20000,29156,0.012086455710232258,0.00010312974299542276,0.99
4831,0.05,1,10.0,10.0,True,20000,29157,0.006280186120420694,0.00010310046808456376,0.99
4832,0.05,3,8.0,8.4,True,20000,29160,0.009303337894380093,0.0001030713301241461,0.99
4833,0.05,2,9.0,9.2,True,20000,29162,0.007989753969013691,0.000103042329125673,0.99
4834,0.05,5,6.0,6.8,True,20000,29167,0.008195633068680763,0.00010301346510059366,0.99
4835,0.05,3,8.0,8.4,True,20000,29170,0.012132108211517334,0.00010298473806030305,0.99
4836,0.05,1,10.0,10.0,True,20000,29171,0.01716557890176773,0.00010295614801614221,0.99
4837,0.05,2,9.0,9.2,True,20000,29173,0.006901947781443596,0.00010292769497939802,0.99
4838,0.05,5,6.0,6.4,True,20000,29178,0.010907495394349098,0.00010289937896130332,0.99
4839,0.05,1,10.0,10.0,True,20000,29179,0.008692835457623005,0.00010287119997303673,0.99
4840,0.05,4,7.0,7.6,True,20000,29183,0.006874234415590763,0.00010284315802572298,0.99
4841,0.05,2,9.0,9.2,True,20000,29185,0.010776691138744354,0.00010281525313043252,0.99
4842,0.05,2,9.0,9.2,True,20000,29187,0.0080270292237401,0.00010278748529818178,0.99
4843,0.05,4,7.0,7.6,True,20000,29191,0.00870673730969429,0.00010275985453993307,0.99
4844,0.05,4,7.0,7.6,True,20000,29195,0.00904928334057331,0.00010273236086659453,0.99
4845,0.05,2,9.0,9.2,True,20000,29197,0.006026655435562134,0.00010270500428902028,0.99
4846,0.05,6,5.0,6.0,True,20000,29203,0.008172632195055485,0.00010267778481801023,0.99
4847,0.05,2,9.0,9.2,True,20000,29205,0.005563604645431042,0.00010265070246431027,0.99
4848,0.05,2,9.0,9.2,True,20000,29207,0.01116645336151123,0.00010262375723861197,0.99
4849,0.05,4,7.0,7.6,True,20000,29211,0.00798027217388153,0.00010259694915155296,0.99
4850,0.05,6,5.0,6.0,True,20000,29217,0.008619909174740314,0.00010257027821371659,0.99
4851,0.05,3,8.0,8.4,True,20000,29220,0.011345543898642063,0.00010254374443563218,0.99
4852,0.05,2,9.0,9.2,True,20000,29222,0.007720150053501129,0.00010251734782777484,0.99
4853,0.05,5,6.0,6.6,True,20000,29227,0.008143024519085884,0.0001024910884005655,0.99
4854,0.05,2,9.0,9.2,True,20000,29229,0.011245600879192352,0.00010246496616437096,0.99
4855,0.05,2,9.0,9.2,True,20000,29231,0.007751968689262867,0.00010243898112950389,0.99
4856,0.05,3,8.0,8.4,True,20000,29234,0.013562402687966824,0.00010241313330622279,0.99
4857,0.05,5,6.0,6.8,True,20000,29239,0.009509192779660225,0.00010238742270473194,0.99
4858,0.05,4,7.0,7.6,True,20000,29243,0.010144338011741638,0.00010236184933518148,0.99
4859,0.05,4,7.0,7.6,True,20000,29247,0.008077722042798996,0.00010233641320766736,0.99
4860,0.05,5,6.0,6.8,True,20000,29252,0.008497181348502636,0.0001023111143322314,0.99
4861,0.05,30,-19.0,-18.4,True,20000,29282,0.010490482673048973,0.00010228595271886116,0.99
4862,0.05,3,8.0,8.2,True,20000,29285,0.008412560448050499,0.00010226092837749005,0.99
4863,0.05,2,9.0,9.2,True,20000,29287,0.00979873538017273,0.00010223604131799731,0.99
4864,0.05,6,5.0,5.6,True,20000,29293,0.015695897862315178,0.00010221129155020791,0.99
4865,0.05,6,5.0,5.6,True,20000,29299,0.008830154314637184,0.00010218667908389277,0.99
4866,0.05,4,7.0,7.6,True,20000,29303,0.007889535278081894,0.00010216220392876835,0.99
4867,0.05,3,8.0,8.4,True,20000,29306,0.013138248585164547,0.00010213786609449715,0.99
4868,0.05,2,9.0,9.2,True,20000,29308,0.008980127982795238,0.00010211366559068735,0.99
4869,0.05,4,7.0,7.6,True,20000,29312,0.008944897912442684,0.00010208960242689295,0.99
4870,0.05,1,10.0,10.0,True,20000,29313,0.008592918515205383,0.0001020656766126136,0.99
4871,0.05,2,9.0,9.2,True,20000,29315,0.007953288033604622,0.00010204188815729498,0.99
4872,0.05,5,6.0,6.8,True,20000,29320,0.007735700812190771,0.0001020182370703283,0.99
4873,0.05,1,10.0,10.0,True,20000,29321,0.01804652437567711,0.00010199472336105061,0.99
4874,0.05,2,9.0,9.2,True,20000,29323,0.011471282690763474,0.00010197134703874487,0.99
4875,0.05,6,5.0,6.0,True,20000,29329,0.009125704877078533,0.00010194810811263955,0.99
4876,0.05,2,9.0,9.2,True,20000,29331,0.01239725947380066,0.00010192500659190908,0.99
4877,0.05,45,-45.0,-45.0,False,20000,29376,0.009675729088485241,0.00010190204248567359,0.98
4878,0.05,3,8.0,8.4,True,20000,29379,0.010347209870815277,0.00010187921580299892,0.98
4879,0.05,2,9.0,9.2,True,20000,29381,0.012348228134214878,0.00010185652655289664,0.98
4880,0.05,5,6.0,6.4,True,20000,29386,0.010256337933242321,0.0001018339747443242,0.98
4881,0.05,3,8.0,8.4,True,20000,29389,0.010178711265325546,0.0001018115603861846,0.98
4882,0.05,3,8.0,8.4,True,20000,29392,0.007979284040629864,0.00010178928348732676,0.98
4883,0.05,1,10.0,10.0,True,20000,29393,0.011739633046090603,0.00010176714405654515,0.98
4884,0.05,7,4.0,4.8,True,20000,29400,0.013059507124125957,0.00010174514210258015,0.98
4885,0.05,3,8.0,8.4,True,20000,29403,0.009630904532968998,0.00010172327763411779,0.98
4886,0.05,1,10.0,10.0,True,20000,29404,0.006267542019486427,0.00010170155065978976,0.98
4887,0.05,2,9.0,9.2,True,20000,29406,0.0069120340049266815,0.00010167996118817351,0.98
4888,0.05,3,8.0,8.4,True,20000,29409,0.009277252480387688,0.00010165850922779229,0.99
4889,0.05,3,8.0,8.4,True,20000,29412,0.008887680247426033,0.00010163719478711496,0.99
4890,0.05,3,8.0,8.4,True,20000,29415,0.00874373223632574,0.00010161601787455613,0.99
4891,0.05,4,7.0,7.6,True,20000,29419,0.0075646620243787766,0.00010159497849847611,0.99
4892,0.05,3,8.0,8.4,True,20000,29422,0.01658673584461212,0.00010157407666718089,0.99
4893,0.05,4,7.0,7.6,True,20000,29426,0.00769034493714571,0.0001015533123889222,0.99
4894,0.05,2,9.0,9.2,True,20000,29428,0.009127570316195488,0.00010153268567189746,0.99
4895,0.05,1,10.0,10.0,True,20000,29429,0.01778252422809601,0.00010151219652424975,0.99
4896,0.05,1,10.0,10.0,True,20000,29430,0.007251571863889694,0.0001014918449540679,0.99
4897,0.05,3,8.0,8.4,True,20000,29433,0.007035958115011454,0.0001014716309693863,0.99
4898,0.05,1,10.0,10.0,True,20000,29434,0.009334929287433624,0.00010145155457818522,0.99
4899,0.05,4,7.0,7.6,True,20000,29438,0.008076297119259834,0.0001014316157883904,0.99
4900,0.05,4,7.0,7.6,True,20000,29442,0.008988297544419765,0.00010141181460787343,0.99
4901,0.05,3,8.0,8.4,True,20000,29445,0.012380261905491352,0.0001013921510444515,0.99
4902,0.05,7,4.0,4.0,True,20000,29452,0.008309285156428814,0.00010137262510588745,0.99
4903,0.05,2,9.0,9.2,True,20000,29454,0.007919701747596264,0.00010135323679988983,0.99
4904,0.05,5,6.0,6.8,True,20000,29459,0.009152396582067013,0.0001013339861341128,0.99
4905,0.05,4,7.0,7.6,True,20000,29463,0.007096334360539913,0.00010131487311615622,0.99
4906,0.05,4,7.0,7.6,True,20000,29467,0.009455027058720589,0.00010129589775356565,0.99
4907,0.05,1,10.0,10.0,True,20000,29468,0.012028459459543228,0.00010127706005383227,0.99
4908,0.05,5,6.0,6.8,True,20000,29473,0.01106936577707529,0.00010125836002439282,0.99
4909,0.05,5,6.0,6.8,True,20000,29478,0.00764488335698843,0.00010123979767262986,0.99
4910,0.05,1,10.0,10.0,True,20000,29479,0.009299791418015957,0.00010122137300587147,0.99
4911,0.05,2,9.0,9.2,True,20000,29481,0.007013062946498394,0.00010120308603139144,0.99
4912,0.05,4,7.0,7.6,True,20000,29485,0.007367364130914211,0.00010118493675640916,0.99
4913,0.05,2,9.0,9.2,True,20000,29487,0.012213148176670074,0.0001011669251880897,0.99
4914,0.05,3,8.0,8.4,True,20000,29490,0.00603058747947216,0.00010114905133354372,0.99
4915,0.05,3,8.0,8.4,True,20000,29493,0.007010380271822214,0.00010113131519982752,0.99
4916,0.05,5,6.0,6.8,True,20000,29498,0.007231675088405609,0.00010111371679394307,0.99
4917,0.05,4,7.0,7.6,True,20000,29502,0.011427490971982479,0.00010109625612283797,0.99
4918,0.05,2,9.0,9.2,True,20000,29504,0.010326467454433441,0.00010107893319340536,0.99
4919,0.05,3,8.0,8.2,True,20000,29507,0.013732805848121643,0.0001010617480124841,0.99
4920,0.05,3,8.0,8.4,True,20000,29510,0.008840137161314487,0.00010104470058685858,0.99
4921,0.05,14,-3.0,-2.2,True,20000,29524,0.010401644743978977,0.00010102779092325887,0.99
4922,0.05,2,9.0,9.2,True,20000,29526,0.009087666869163513,0.0001010110190283607,0.99
4923,0.05,1,10.0,10.0,True,20000,29527,0.007669592276215553,0.00010099438490878525,0.99
4924,0.05,4,7.0,7.6,True,20000,29531,0.008675198070704937,0.00010097788857109948,0.99
4925,0.05,2,9.0,9.2,True,20000,29533,0.011249776929616928,0.00010096153002181585,0.99
4926,0.05,24,-13.0,-12.0,True,20000,29557,0.013208162039518356,0.0001009453092673925,0.99
4927,0.05,1,10.0,10.0,True,20000,29558,0.00706214876845479,0.00010092922631423306,0.99
4928,0.05,1,10.0,10.0,True,20000,29559,0.01385237742215395,0.00010091328116868683,0.99
4929,0.05,4,7.0,7.2,True,20000,29563,0.011835983954370022,0.00010089747383704879,0.99
4930,0.05,3,8.0,8.4,True,20000,29566,0.014364223927259445,0.00010088180432555929,0.99
4931,0.05,2,9.0,9.2,True,20000,29568,0.02731546387076378,0.00010086627264040452,0.99
4932,0.05,5,6.0,6.8,True,20000,29573,0.010139895603060722,0.00010085087878771611,0.99
4933,0.05,5,6.0,6.4,True,20000,29578,0.006986981723457575,0.00010083562277357127,0.99
4934,0.05,4,7.0,7.6,True,20000,29582,0.013742566108703613,0.00010082050460399288,0.99
4935,0.05,1,10.0,10.0,True,20000,29583,0.006056416779756546,0.00010080552428494935,0.99
4936,0.05,1,10.0,10.0,True,20000,29584,0.013756852596998215,0.00010079068182235464,0.99
4937,0.05,1,10.0,10.0,True,20000,29585,0.008017519488930702,0.00010077597722206834,0.99
4938,0.05,1,10.0,10.0,True,20000,29586,0.005495060700923204,0.0001007614104898956,0.99
4939,0.05,4,7.0,7.6,True,20000,29590,0.010547210462391376,0.00010074698163158715,0.99
4940,0.05,3,8.0,8.4,True,20000,29593,0.009844386018812656,0.0001007326906528392,0.99
4941,0.05,1,10.0,10.0,True,20000,29594,0.009535855613648891,0.00010071853755929368,0.99
4942,0.05,2,9.0,9.2,True,20000,29596,0.016428349539637566,0.00010070452235653795,0.99
4943,0.05,4,7.0,7.6,True,20000,29600,0.012226711958646774,0.00010069064505010506,0.99
4944,0.05,2,9.0,9.2,True,20000,29602,0.006099512334913015,0.00010067690564547349,0.99
4945,0.05,2,9.0,9.2,True,20000,29604,0.007275266572833061,0.00010066330414806739,0.99
4946,0.05,4,7.0,7.6,True,20000,29608,0.009703791700303555,0.00010064984056325633,0.99
4947,0.05,5,6.0,6.8,True,20000,29613,0.009106173180043697,0.00010063651489635564,0.99
4948,0.05,6,5.0,5.6,True,20000,29619,0.00833441223949194,0.00010062332715262597,0.99
4949,0.05,5,6.0,6.4,True,20000,29624,0.009478958323597908,0.0001006102773372737,0.99
4950,0.05,1,10.0,10.0,True,20000,29625,0.01050125528126955,0.00010059736545545065,0.99
4951,0.05,1,10.0,10.0,True,20000,29626,0.007803335785865784,0.00010058459151225427,0.99
4952,0.05,1,10.0,10.0,True,20000,29627,0.008125272579491138,0.00010057195551272752,0.99
4953,0.05,1,10.0,10.0,True,20000,29628,0.006675491109490395,0.00010055945746185881,0.99
4954,0.05,2,9.0,9.2,True,20000,29630,0.010793713852763176,0.00010054709736458223,0.99
4955,0.05,7,4.0,4.8,True,20000,29637,0.009885636158287525,0.00010053487522577735,0.99
4956,0.05,1,10.0,10.0,True,20000,29638,0.007835094816982746,0.00010052279105026929,0.99
4957,0.05,2,9.0,9.2,True,20000,29640,0.017236564308404922,0.00010051084484282867,0.99
4958,0.05,1,10.0,10.0,True,20000,29641,0.009846587665379047,0.00010049903660817165,0.99
4959,0.05,2,9.0,9.2,True,20000,29643,0.009624307043850422,0.00010048736635095995,0.99
4960,0.05,2,9.0,9.2,True,20000,29645,0.007819886319339275,0.00010047583407580079,0.99
4961,0.05,5,6.0,6.8,True,20000,29650,0.007760426960885525,0.00010046443978724698,0.99
4962,0.05,4,7.0,7.6,True,20000,29654,0.007965809665620327,0.00010045318348979674,0.99
4963,0.05,2,9.0,9.2,True,20000,29656,0.008459537290036678,0.00010044206518789391,0.99
4964,0.05,4,7.0,7.2,True,20000,29660,0.010537457652390003,0.0001004310848859278,0.99
4965,0.05,1,10.0,10.0,True,20000,29661,0.010001198388636112,0.00010042024258823332,0.99
4966,0.05,3,8.0,8.4,True,20000,29664,0.0077026174403727055,0.00010040953829909075,0.99
4967,0.05,2,9.0,9.2,True,20000,29666,0.009614046663045883,0.00010039897202272603,0.99
4968,0.05,5,6.0,6.4,True,20000,29671,0.016745179891586304,0.00010038854376331056,0.99
4969,0.05,6,5.0,5.6,True,20000,29677,0.011099085211753845,0.00010037825352496118,0.99
4970,0.05,4,7.0,7.6,True,20000,29681,0.009309504181146622,0.00010036810131174041,0.99
4971,0.05,3,8.0,8.4,True,20000,29684,0.010481717996299267,0.00010035808712765613,0.99
4972,0.05,1,10.0,10.0,True,20000,29685,0.008988416753709316,0.0001003482109766618,0.99
4973,0.05,2,9.0,9.2,True,20000,29687,0.007135811261832714,0.00010033847286265637,0.99
4974,0.05,45,-45.0,-44.8,False,20000,29732,0.010956712998449802,0.00010032887278948429,0.98
4975,0.05,5,6.0,6.6,True,20000,29737,0.0061210752464830875,0.00010031941076093546,0.98
4976,0.05,2,9.0,9.2,True,20000,29739,0.011932910420000553,0.00010031008678074542,0.98
4977,0.05,6,5.0,5.6,True,20000,29745,0.018401402980089188,0.00010030090085259511,0.99
4978,0.05,2,9.0,9.2,True,20000,29747,0.00960915070027113,0.00010029185298011099,0.99
4979,0.05,3,8.0,8.4,True,20000,29750,0.010838170535862446,0.00010028294316686497,0.99
4980,0.05,2,9.0,9.2,True,20000,29752,0.011150876991450787,0.00010027417141637455,0.99
4981,0.05,2,9.0,9.2,True,20000,29754,0.016720158979296684,0.00010026553773210269,0.99
4982,0.05,4,7.0,7.6,True,20000,29758,0.010060026310384274,0.00010025704211745777,0.99
4983,0.05,4,7.0,7.2,True,20000,29762,0.01774444803595543,0.00010024868457579379,0.99
4984,0.05,3,8.0,8.4,True,20000,29765,0.010941504500806332,0.00010024046511041011,0.99
4985,0.05,2,9.0,9.2,True,20000,29767,0.011379234492778778,0.00010023238372455173,0.99
4986,0.05,1,10.0,10.0,True,20000,29768,0.0348849855363369,0.00010022444042140899,0.99
4987,0.05,7,4.0,4.8,True,20000,29775,0.009813646785914898,0.0001002166352041178,0.99
4988,0.05,1,10.0,10.0,True,20000,29776,0.01848667673766613,0.0001002089680757595,0.99
4989,0.05,1,10.0,10.0,True,20000,29777,0.010351559147238731,0.000100201439039361,0.99
4990,0.05,2,9.0,9.2,True,20000,29779,0.010332560166716576,0.00010019404809789466,0.99
4991,0.05,2,9.0,9.2,True,20000,29781,0.009553657844662666,0.00010018679525427822,0.99
4992,0.05,3,8.0,8.4,True,20000,29784,0.015302901156246662,0.00010017968051137508,0.99
4993,0.05,1,10.0,10.0,True,20000,29785,0.011057495139539242,0.00010017270387199395,0.99
4994,0.05,1,10.0,10.0,True,20000,29786,0.01795925945043564,0.00010016586533888917,0.99
4995,0.05,2,9.0,9.2,True,20000,29788,0.01186901330947876,0.00010015916491476044,0.99
4996,0.05,3,8.0,8.4,True,20000,29791,0.009200830943882465,0.00010015260260225302,0.99
4997,0.05,1,10.0,10.0,True,20000,29792,0.008978399448096752,0.00010014617840395755,0.99
4998,0.05,2,9.0,9.2,True,20000,29794,0.009099708870053291,0.00010013989232241021,0.99
4999,0.05,3,8.0,8.4,True,20000,29797,0.009835856966674328,0.0001001337443600927,0.99
5000,0.05,4,7.0,7.6,True,20000,29801,0.018318932503461838,0.0001001277345194321,0.99
