episode,epsilon,moves,raw_return,train_return,won,replay_size,updates,loss,lr,rolling_success_100,beta
1,1.0,6,-15.0,-14.4,False,6,0,,0.0008,0.0,0.40012000000000003
2,0.99972,45,-45.0,-44.8,False,47,0,,0.0008,0.0,0.40102000000000004
3,0.99944,7,-16.0,-15.6,False,54,0,,0.0008,0.0,0.40116
4,0.99916,7,-16.0,-15.6,False,61,0,,0.0008,0.0,0.40130000000000005
5,0.99888,1,10.0,10.0,True,62,0,,0.0008,0.2,0.40132
6,0.9986,4,7.0,7.2,True,66,0,,0.0008,0.3333333333333333,0.40140000000000003
7,0.99832,5,6.0,6.4,True,71,0,,0.0008,0.42857142857142855,0.4015
8,0.99804,5,6.0,6.0,True,76,0,,0.0008,0.5,0.4016
9,0.99776,3,8.0,8.0,True,79,0,,0.0008,0.5555555555555556,0.40166
10,0.99748,1,10.0,10.0,True,80,0,,0.0008,0.6,0.40168000000000004
11,0.9972,12,-1.0,-0.8,True,92,0,,0.0008,0.6363636363636364,0.40192
12,0.99692,21,-10.0,-9.6,True,113,0,,0.0008,0.6666666666666666,0.40234000000000003
13,0.99664,12,-1.0,-0.8,True,125,0,,0.0008,0.6923076923076923,0.40258000000000005
14,0.99636,5,6.0,6.4,True,130,0,,0.0008,0.7142857142857143,0.40268000000000004
15,0.99608,5,-14.0,-14.0,False,135,0,,0.0008,0.6666666666666666,0.40278
16,0.9958,6,5.0,5.2,True,141,0,,0.0008,0.6875,0.40290000000000004
17,0.99552,4,7.0,7.2,True,145,0,,0.0008,0.7058823529411765,0.40298
18,0.99524,1,10.0,10.0,True,146,0,,0.0008,0.7222222222222222,0.403
19,0.99496,8,-17.0,-17.6,False,154,0,,0.0008,0.6842105263157895,0.40316
20,0.99468,17,-26.0,-25.6,False,171,0,,0.0008,0.65,0.4035
21,0.9944,4,7.0,7.2,True,175,0,,0.0008,0.6666666666666666,0.40358000000000005
22,0.99412,1,10.0,10.0,True,176,0,,0.0008,0.6818181818181818,0.4036
23,0.99384,2,9.0,9.2,True,178,0,,0.0008,0.6956521739130435,0.40364
24,0.99356,10,1.0,1.6,True,188,0,,0.0008,0.7083333333333334,0.40384000000000003
25,0.99328,3,8.0,8.4,True,191,0,,0.0008,0.72,0.40390000000000004
26,0.993,18,-7.0,-6.8,True,209,0,,0.0008,0.7307692307692307,0.40426
27,0.99272,33,-22.0,-21.6,True,242,0,,0.0008,0.7407407407407407,0.40492
28,0.99244,7,4.0,4.0,True,249,0,,0.0008,0.75,0.40506000000000003
29,0.99216,1,10.0,10.0,True,250,0,,0.0008,0.7586206896551724,0.40508
30,0.99188,23,-32.0,-31.6,False,273,0,,0.0008,0.7333333333333333,0.40554
31,0.9916,1,10.0,10.0,True,274,0,,0.0008,0.7419354838709677,0.40556000000000003
32,0.99132,5,-14.0,-13.6,False,279,0,,0.0008,0.71875,0.40566
33,0.99104,3,-12.0,-11.6,False,282,0,,0.0008,0.696969696969697,0.40572
34,0.99076,2,9.0,9.2,True,284,0,,0.0008,0.7058823529411765,0.40576
35,0.99048,1,10.0,10.0,True,285,0,,0.0008,0.7142857142857143,0.40578000000000003
36,0.9902,45,-45.0,-45.2,False,326,0,,0.0008,0.6944444444444444,0.40668000000000004
37,0.98992,7,-16.0,-16.0,False,333,0,,0.0008,0.6756756756756757,0.40682
38,0.98964,6,-15.0,-15.2,False,339,0,,0.0008,0.6578947368421053,0.40694
39,0.98936,4,-13.0,-12.8,False,343,0,,0.0008,0.6410256410256411,0.40702000000000005
40,0.98908,9,2.0,2.4,True,352,0,,0.0008,0.65,0.4072
41,0.9888,3,-12.0,-12.0,False,355,0,,0.0008,0.6341463414634146,0.40726
42,0.98852,30,-39.0,-38.4,False,385,0,,0.0008,0.6190476190476191,0.40786
43,0.98824,4,7.0,7.2,True,389,0,,0.0008,0.627906976744186,0.40794
44,0.98796,45,-34.0,-33.2,True,434,0,,0.0008,0.6363636363636364,0.40884000000000004
45,0.98768,23,-32.0,-32.0,False,457,0,,0.0008,0.6222222222222222,0.4093
46,0.9874,9,2.0,2.0,True,466,0,,0.0008,0.6304347826086957,0.40948
47,0.98712,6,5.0,5.2,True,472,0,,0.0008,0.6382978723404256,0.4096
48,0.98684,23,-12.0,-12.0,True,495,0,,0.0008,0.6458333333333334,0.41006000000000004
49,0.98656,11,-20.0,-20.4,False,506,0,,0.0008,0.6326530612244898,0.41028000000000003
50,0.98628,3,-12.0,-12.0,False,509,0,,0.0008,0.62,0.41034000000000004
51,0.986,1,10.0,10.0,True,510,0,,0.0008,0.6274509803921569,0.41036
52,0.98572,14,-3.0,-2.8,True,524,0,,0.0008,0.6346153846153846,0.41064
53,0.98544,19,-8.0,-7.2,True,543,0,,0.0008,0.6415094339622641,0.41102
54,0.98516,10,1.0,1.6,True,553,0,,0.0008,0.6481481481481481,0.41122000000000003
55,0.98488,23,-12.0,-11.2,True,576,0,,0.0008,0.6545454545454545,0.41168000000000005
56,0.9846,1,10.0,10.0,True,577,0,,0.0008,0.6607142857142857,0.4117
57,0.98432,8,-17.0,-16.8,False,585,0,,0.0008,0.6491228070175439,0.41186
58,0.98404,13,-22.0,-21.6,False,598,0,,0.0008,0.6379310344827587,0.41212000000000004
59,0.98376,4,7.0,7.2,True,602,1,36.83424377441406,0.0007999999647514135,0.6440677966101694,0.4122
60,0.98348,1,-10.0,-10.0,False,603,2,36.65456771850586,0.0007999998590056609,0.6333333333333333,0.41222000000000003
61,0.9832,1,-10.0,-10.0,False,604,3,38.56230926513672,0.0007999996827627637,0.6229508196721312,0.41224000000000005
62,0.98292,45,-45.0,-45.2,False,645,48,21.451061248779297,0.0007999994360227572,0.6129032258064516,0.41314
63,0.98264,4,-13.0,-13.6,False,649,52,23.510751724243164,0.0007999991187856912,0.6031746031746031,0.41322000000000003
64,0.98236,13,-22.0,-22.0,False,662,65,21.440458297729492,0.0007999987310516295,0.59375,0.41348
65,0.98208,5,6.0,6.0,True,667,70,22.957225799560547,0.0007999982728206504,0.6,0.41358
66,0.9818,4,-13.0,-12.8,False,671,74,27.630048751831055,0.0007999977440928459,0.5909090909090909,0.41366
67,0.98152,12,-21.0,-20.8,False,683,86,18.80446434020996,0.0007999971448683228,0.582089552238806,0.41390000000000005
68,0.98124,36,-45.0,-44.8,False,719,122,18.832277297973633,0.0007999964751472018,0.5735294117647058,0.41462000000000004
69,0.98096,16,-5.0,-4.8,True,735,138,24.172826766967773,0.0007999957349296176,0.5797101449275363,0.41494000000000003
70,0.98068,2,9.0,9.2,True,737,140,22.548568725585938,0.0007999949242157193,0.5857142857142857,0.41498
71,0.9804,4,7.0,7.6,True,741,144,20.230939865112305,0.0007999940430056704,0.5915492957746479,0.41506000000000004
72,0.98012,9,-18.0,-17.6,False,750,153,23.136343002319336,0.0007999930912996481,0.5833333333333334,0.41524
73,0.97984,45,-45.0,-45.2,False,791,198,14.712467193603516,0.0007999920690978442,0.5753424657534246,0.41614
74,0.97956,1,10.0,10.0,True,792,199,21.718666076660156,0.0007999909764004648,0.581081081081081,0.41616000000000003
75,0.97928,45,-45.0,-44.8,False,833,244,17.25918197631836,0.0007999898132077298,0.5733333333333334,0.41706000000000004
76,0.979,9,-18.0,-17.6,False,842,253,15.388792037963867,0.0007999885795198733,0.5657894736842105,0.41724
77,0.97872,3,-12.0,-12.0,False,845,256,12.64122486114502,0.0007999872753371443,0.5584415584415584,0.4173
78,0.97844,24,-13.0,-12.4,True,869,280,14.724006652832031,0.0007999859006598051,0.5641025641025641,0.41778000000000004
79,0.97816,9,-18.0,-18.0,False,878,289,17.63580322265625,0.0007999844554881327,0.5569620253164557,0.41796
80,0.97788,2,-11.0,-11.2,False,880,291,14.49706745147705,0.0007999829398224181,0.55,0.41800000000000004
81,0.9776,1,-10.0,-10.0,False,881,292,14.015676498413086,0.0007999813536629667,0.5432098765432098,0.41802
82,0.97732,7,4.0,4.8,True,888,299,15.138899803161621,0.0007999796970100979,0.5487804878048781,0.41816000000000003
83,0.97704,3,8.0,8.4,True,891,302,15.487405776977539,0.0007999779698641455,0.5542168674698795,0.41822000000000004
84,0.97676,11,0.0,0.8,True,902,313,21.26702880859375,0.0007999761722254572,0.5595238095238095,0.41844000000000003
85,0.97648,29,-38.0,-37.6,False,931,342,13.474457740783691,0.0007999743040943952,0.5529411764705883,0.41902
86,0.9762,4,-13.0,-13.2,False,935,346,16.949617385864258,0.0007999723654713358,0.5465116279069767,0.41910000000000003
87,0.97592,5,-14.0,-13.6,False,940,351,13.116884231567383,0.0007999703563566695,0.5402298850574713,0.4192
88,0.97564,22,-31.0,-30.8,False,962,373,13.68962287902832,0.000799968276750801,0.5340909090909091,0.41964
89,0.97536,23,-12.0,-11.6,True,985,396,15.214682579040527,0.0007999661266541489,0.5393258426966292,0.42010000000000003
90,0.97508,8,-17.0,-17.2,False,993,404,13.27995491027832,0.0007999639060671465,0.5333333333333333,0.42026
91,0.9748,3,-12.0,-12.0,False,996,407,13.3001708984375,0.0007999616149902412,0.5274725274725275,0.42032
92,0.97452,23,-32.0,-31.6,False,1019,430,10.515655517578125,0.0007999592534238942,0.5217391304347826,0.42078000000000004
93,0.97424,7,-16.0,-15.6,False,1026,437,13.8399658203125,0.0007999568213685813,0.5161290322580645,0.42092
94,0.97396,24,-33.0,-32.8,False,1050,461,11.262126922607422,0.0007999543188247924,0.5106382978723404,0.4214
95,0.97368,13,-22.0,-22.0,False,1063,474,17.7713680267334,0.0007999517457930314,0.5052631578947369,0.42166000000000003
96,0.9734,14,-3.0,-2.8,True,1077,488,16.05494499206543,0.0007999491022738168,0.5104166666666666,0.42194000000000004
97,0.97312,13,-2.0,-1.6,True,1090,501,12.459239959716797,0.0007999463882676809,0.5154639175257731,0.4222
98,0.97284,10,-19.0,-19.2,False,1100,511,12.02656078338623,0.0007999436037751704,0.5102040816326531,0.4224
99,0.97256,1,10.0,10.0,True,1101,512,15.758747100830078,0.0007999407487968461,0.5151515151515151,0.42242
100,0.97228,11,0.0,0.4,True,1112,523,13.03934097290039,0.0007999378233332831,0.52,0.42264
101,0.972,22,-11.0,-10.4,True,1134,545,14.718008041381836,0.0007999348273850707,0.53,0.42308
102,0.97172,4,7.0,7.2,True,1138,549,14.129576683044434,0.0007999317609528123,0.54,0.42316000000000004
103,0.97144,14,-23.0,-22.8,False,1152,563,14.63407039642334,0.0007999286240371256,0.54,0.42344000000000004
104,0.97116,5,6.0,6.0,True,1157,568,13.239897727966309,0.0007999254166386423,0.55,0.42354
105,0.97088,1,10.0,10.0,True,1158,569,12.374755859375,0.0007999221387580086,0.55,0.42356000000000005
106,0.9706,4,-13.0,-12.8,False,1162,573,14.755319595336914,0.0007999187903958845,0.54,0.42364
107,0.97032,14,-3.0,-2.4,True,1176,587,14.627287864685059,0.0007999153715529447,0.54,0.42392
108,0.97004,2,9.0,9.2,True,1178,589,15.243060111999512,0.0007999118822298775,0.54,0.42396
109,0.96976,7,4.0,4.8,True,1185,596,12.632221221923828,0.000799908322427386,0.54,0.42410000000000003
110,0.96948,3,-12.0,-12.0,False,1188,599,13.279825210571289,0.0007999046921461871,0.53,0.42416000000000004
111,0.9692,1,10.0,10.0,True,1189,600,14.412952423095703,0.0007999009913870121,0.53,0.42418
112,0.96892,10,-19.0,-18.8,False,1199,610,21.39387321472168,0.0007998972201506062,0.52,0.42438000000000003
113,0.96864,28,-17.0,-16.8,True,1227,638,12.926335334777832,0.0007998933784377293,0.52,0.42494000000000004
114,0.96836,9,2.0,2.0,True,1236,647,12.106805801391602,0.000799889466249155,0.52,0.42512
115,0.96808,4,-13.0,-12.8,False,1240,651,14.19684886932373,0.0007998854835856714,0.52,0.4252
116,0.9678,2,-11.0,-11.2,False,1242,653,21.110260009765625,0.0007998814304480806,0.51,0.42524
117,0.96752,21,-10.0,-10.0,True,1263,674,14.261688232421875,0.0007998773068371991,0.51,0.42566000000000004
118,0.96724,45,-45.0,-45.2,False,1304,719,12.958882331848145,0.0007998731127538575,0.5,0.42656000000000005
119,0.96696,16,-5.0,-4.4,True,1320,735,12.772730827331543,0.0007998688481989002,0.51,0.42688000000000004
120,0.96668,21,-10.0,-9.6,True,1341,756,11.068093299865723,0.0007998645131731866,0.52,0.4273
121,0.9664,4,-13.0,-13.2,False,1345,760,15.623373031616211,0.0007998601076775898,0.51,0.42738000000000004
122,0.96612,20,-29.0,-29.2,False,1365,780,11.608208656311035,0.0007998556317129972,0.5,0.42778000000000005
123,0.96584,5,6.0,6.0,True,1370,785,12.458905220031738,0.0007998510852803099,0.5,0.42788000000000004
124,0.96556,18,-27.0,-26.8,False,1388,803,13.006837844848633,0.0007998464683804441,0.49,0.42824
125,0.96528,2,-11.0,-10.8,False,1390,805,12.996206283569336,0.0007998417810143296,0.48,0.42828
126,0.965,23,-12.0,-11.6,True,1413,828,9.175440788269043,0.0007998370231829105,0.48,0.42874
127,0.96472,27,-36.0,-35.6,False,1440,855,10.392877578735352,0.0007998321948871453,0.47,0.42928
128,0.96444,7,4.0,4.4,True,1447,862,13.548540115356445,0.0007998272961280061,0.47,0.42942
129,0.96416,11,-20.0,-19.6,False,1458,873,13.058904647827148,0.0007998223269064801,0.46,0.42964
130,0.96388,1,-10.0,-10.0,False,1459,874,11.239753723144531,0.0007998172872235679,0.46,0.42966000000000004
131,0.9636,18,-7.0,-6.8,True,1477,892,11.975934028625488,0.0007998121770802847,0.46,0.43002
132,0.96332,22,-11.0,-10.4,True,1499,914,12.284481048583984,0.0007998069964776598,0.47,0.43046
133,0.96304,10,-19.0,-18.8,False,1509,924,13.40964126586914,0.0007998017454167367,0.47,0.43066000000000004
134,0.96276,4,-13.0,-13.6,False,1513,928,13.781291007995605,0.000799796423898573,0.46,0.43074
135,0.96248,1,-10.0,-10.0,False,1514,929,10.428178787231445,0.0007997910319242406,0.45,0.43076000000000003
136,0.9622,11,-20.0,-19.6,False,1525,940,12.18460464477539,0.0007997855694948256,0.45,0.43098000000000003
137,0.96192,1,-10.0,-10.0,False,1526,941,15.072652816772461,0.000799780036611428,0.45,0.43100000000000005
138,0.96164,9,-18.0,-18.0,False,1535,950,11.151077270507812,0.0007997744332751626,0.45,0.43118
139,0.96136,8,3.0,3.2,True,1543,958,12.832432746887207,0.0007997687594871577,0.46,0.43134
140,0.96108,5,-14.0,-13.6,False,1548,963,10.427250862121582,0.0007997630152485564,0.45,0.43144000000000005
141,0.9608,38,-27.0,-26.4,True,1586,1001,11.222613334655762,0.0007997572005605156,0.46,0.43220000000000003
142,0.96052,2,-11.0,-11.2,False,1588,1003,12.20262336730957,0.0007997513154242063,0.46,0.43224
143,0.96024,20,-29.0,-28.8,False,1608,1023,10.37617015838623,0.0007997453598408142,0.45,0.43264
144,0.95996,1,10.0,10.0,True,1609,1024,10.737231254577637,0.0007997393338115387,0.45,0.43266000000000004
145,0.95968,5,6.0,6.0,True,1614,1029,9.764747619628906,0.0007997332373375935,0.46,0.43276000000000003
146,0.9594,13,-2.0,-1.6,True,1627,1042,15.624612808227539,0.0007997270704202069,0.46,0.43302
147,0.95912,13,-22.0,-22.0,False,1640,1055,12.608460426330566,0.0007997208330606207,0.45,0.43328
148,0.95884,6,5.0,5.2,True,1646,1061,10.878351211547852,0.0007997145252600913,0.45,0.4334
149,0.95856,4,7.0,7.2,True,1650,1065,12.9772367477417,0.0007997081470198891,0.46,0.43348000000000003
150,0.95828,5,6.0,6.4,True,1655,1070,12.273794174194336,0.0007997016983412992,0.47,0.43358
151,0.958,28,-37.0,-37.2,False,1683,1098,11.676788330078125,0.00079969517922562,0.46,0.43414
152,0.95772,10,-19.0,-18.8,False,1693,1108,14.542020797729492,0.0007996885896741651,0.45,0.43434
153,0.95744,14,-3.0,-2.8,True,1707,1122,9.18824291229248,0.0007996819296882614,0.45,0.43462
154,0.95716,5,6.0,6.4,True,1712,1127,8.988626480102539,0.0007996751992692504,0.45,0.43472
155,0.95688,14,-3.0,-2.8,True,1726,1141,8.676877975463867,0.0007996683984184879,0.45,0.435
156,0.9566,33,-42.0,-42.0,False,1759,1174,12.565327644348145,0.0007996615271373437,0.44,0.43566000000000005
157,0.95632,27,-16.0,-15.6,True,1786,1201,11.334577560424805,0.0007996545854272016,0.45,0.43620000000000003
158,0.95604,39,-28.0,-28.0,True,1825,1240,10.723499298095703,0.0007996475732894602,0.46,0.43698000000000004
159,0.95576,2,9.0,9.2,True,1827,1242,9.36693000793457,0.0007996404907255316,0.46,0.43702
160,0.95548,9,-18.0,-17.6,False,1836,1251,8.968379020690918,0.0007996333377368423,0.46,0.43720000000000003
161,0.9552,3,8.0,8.0,True,1839,1254,9.510619163513184,0.0007996261143248332,0.47,0.43726000000000004
162,0.95492,1,-10.0,-10.0,False,1840,1255,9.775700569152832,0.0007996188204909592,0.47,0.43728
163,0.95464,6,5.0,5.2,True,1846,1261,10.626424789428711,0.0007996114562366896,0.48,0.4374
164,0.95436,14,-3.0,-2.4,True,1860,1275,10.96127986907959,0.0007996040215635074,0.49,0.43768
165,0.95408,15,-24.0,-24.0,False,1875,1290,9.691527366638184,0.0007995965164729102,0.48,0.43798000000000004
166,0.9538,19,-8.0,-7.6,True,1894,1309,9.657366752624512,0.0007995889409664099,0.49,0.43836
167,0.95352,1,-10.0,-10.0,False,1895,1310,9.272514343261719,0.0007995812950455322,0.49,0.43838000000000005
168,0.95324,12,-1.0,-0.8,True,1907,1322,11.846918106079102,0.0007995735787118172,0.5,0.43862
169,0.95296,8,-17.0,-16.8,False,1915,1330,11.620100021362305,0.000799565791966819,0.49,0.43878
170,0.95268,7,4.0,4.4,True,1922,1337,10.76025676727295,0.000799557934812106,0.49,0.43892000000000003
171,0.9524,6,5.0,5.2,True,1928,1343,13.054574012756348,0.0007995500072492609,0.49,0.43904000000000004
172,0.95212,23,-32.0,-32.0,False,1951,1366,10.680780410766602,0.0007995420092798804,0.49,0.4395
173,0.95184,2,-11.0,-11.2,False,1953,1368,12.016079902648926,0.0007995339409055757,0.49,0.43954000000000004
174,0.95156,14,-23.0,-23.2,False,1967,1382,12.008299827575684,0.0007995258021279717,0.48,0.43982000000000004
175,0.95128,7,4.0,4.4,True,1974,1389,9.72262191772461,0.0007995175929487077,0.49,0.43996
176,0.951,1,10.0,10.0,True,1975,1390,11.557799339294434,0.0007995093133694374,0.5,0.43998000000000004
177,0.95072,4,7.0,7.2,True,1979,1394,12.365867614746094,0.0007995009633918282,0.51,0.44006
178,0.95044,18,-7.0,-6.8,True,1997,1412,10.184881210327148,0.0007994925430175622,0.51,0.44042000000000003
179,0.95016,1,-10.0,-10.0,False,1998,1413,9.650062561035156,0.0007994840522483352,0.51,0.44044
180,0.94988,2,9.0,9.2,True,2000,1415,9.398874282836914,0.0007994754910858575,0.52,0.44048000000000004
181,0.9496,12,-1.0,-0.8,True,2012,1427,10.316089630126953,0.0007994668595318537,0.53,0.44072
182,0.94932,1,10.0,10.0,True,2013,1428,10.66144847869873,0.0007994581575880621,0.53,0.44074
183,0.94904,17,-6.0,-5.2,True,2030,1445,10.14834213256836,0.0007994493852562357,0.53,0.44108
184,0.94876,40,-29.0,-28.8,True,2070,1485,9.886405944824219,0.0007994405425381412,0.53,0.44188000000000005
185,0.94848,14,-3.0,-2.8,True,2084,1499,8.840829849243164,0.0007994316294355596,0.54,0.44216
186,0.9482,4,7.0,7.2,True,2088,1503,12.078191757202148,0.0007994226459502866,0.55,0.44224
187,0.94792,32,-21.0,-20.4,True,2120,1535,8.40477180480957,0.0007994135920841313,0.56,0.44288
188,0.94764,15,-24.0,-24.0,False,2135,1550,9.109503746032715,0.0007994044678389175,0.56,0.44318
189,0.94736,5,-14.0,-13.6,False,2140,1555,9.049942016601562,0.0007993952732164831,0.55,0.44328
190,0.94708,1,10.0,10.0,True,2141,1556,11.292728424072266,0.0007993860082186799,0.56,0.4433
191,0.9468,3,-12.0,-12.0,False,2144,1559,13.405352592468262,0.0007993766728473741,0.56,0.44336000000000003
192,0.94652,20,-9.0,-8.8,True,2164,1579,10.751757621765137,0.000799367267104446,0.57,0.44376000000000004
193,0.94624,4,7.0,7.2,True,2168,1583,11.912031173706055,0.0007993577909917902,0.58,0.44384
194,0.94596,3,-12.0,-12.0,False,2171,1586,9.52579402923584,0.0007993482445113153,0.58,0.4439
195,0.94568,13,-2.0,-1.6,True,2184,1599,10.975713729858398,0.0007993386276649443,0.59,0.44416
196,0.9454,13,-2.0,-1.6,True,2197,1612,9.349424362182617,0.0007993289404546141,0.59,0.44442000000000004
197,0.94512,12,-1.0,-0.8,True,2209,1624,8.544245719909668,0.0007993191828822759,0.59,0.44466
198,0.94484,11,0.0,-0.0,True,2220,1635,10.656696319580078,0.0007993093549498951,0.6,0.44488000000000005
199,0.94456,6,5.0,5.2,True,2226,1641,6.697695732116699,0.0007992994566594513,0.6,0.445
200,0.94428,8,-17.0,-17.2,False,2234,1649,9.592756271362305,0.0007992894880129382,0.59,0.44516
201,0.944,20,-29.0,-29.2,False,2254,1669,7.987608909606934,0.0007992794490123636,0.58,0.44556
202,0.94372,28,-37.0,-36.8,False,2282,1697,7.655969619750977,0.0007992693396597496,0.57,0.44612
203,0.94344,1,10.0,10.0,True,2283,1698,9.209405899047852,0.0007992591599571325,0.58,0.44614000000000004
204,0.94316,6,5.0,5.6,True,2289,1704,9.00900936126709,0.0007992489099065627,0.58,0.44626000000000005
205,0.94288,16,-25.0,-25.2,False,2305,1720,11.236468315124512,0.0007992385895101047,0.57,0.44658000000000003
206,0.9426,19,-8.0,-7.6,True,2324,1739,10.025081634521484,0.0007992281987698372,0.58,0.44696
207,0.94232,1,-10.0,-10.0,False,2325,1740,9.054474830627441,0.0007992177376878533,0.57,0.44698000000000004
208,0.94204,1,-10.0,-10.0,False,2326,1741,12.100300788879395,0.0007992072062662598,0.56,0.447
209,0.94176,7,-16.0,-16.0,False,2333,1748,8.236411094665527,0.0007991966045071782,0.55,0.44714000000000004
210,0.94148,12,-1.0,-0.8,True,2345,1760,12.319595336914062,0.0007991859324127438,0.56,0.44738
211,0.9412,8,3.0,3.2,True,2353,1768,11.151670455932617,0.0007991751899851062,0.56,0.44754000000000005
212,0.94092,14,-3.0,-2.8,True,2367,1782,9.670608520507812,0.000799164377226429,0.57,0.44782
213,0.94064,6,-15.0,-14.8,False,2373,1788,8.466185569763184,0.0007991534941388904,0.56,0.44794
214,0.94036,19,-8.0,-7.6,True,2392,1807,7.156761646270752,0.0007991425407246823,0.56,0.44832
215,0.94008,10,1.0,1.6,True,2402,1817,8.571706771850586,0.0007991315169860109,0.57,0.44852000000000003
216,0.9398,4,7.0,7.2,True,2406,1821,9.274654388427734,0.0007991204229250966,0.58,0.4486
217,0.93952,8,3.0,4.0,True,2414,1829,8.879829406738281,0.0007991092585441741,0.58,0.44876000000000005
218,0.93924,1,-10.0,-10.0,False,2415,1830,8.777118682861328,0.0007990980238454922,0.58,0.44878
219,0.93896,1,-10.0,-10.0,False,2416,1831,7.43525505065918,0.0007990867188313136,0.57,0.44880000000000003
220,0.93868,7,-16.0,-16.0,False,2423,1838,8.271895408630371,0.0007990753435039153,0.56,0.44894
221,0.9384,6,5.0,5.2,True,2429,1844,9.733284950256348,0.0007990638978655889,0.57,0.44906
222,0.93812,4,-13.0,-12.8,False,2433,1848,8.457942962646484,0.0007990523819186394,0.57,0.44914000000000004
223,0.93784,1,10.0,10.0,True,2434,1849,10.155547142028809,0.0007990407956653865,0.57,0.44916
224,0.93756,3,-12.0,-12.0,False,2437,1852,12.890886306762695,0.000799029139108164,0.57,0.44922
225,0.93728,2,-11.0,-11.2,False,2439,1854,8.499719619750977,0.0007990174122493195,0.57,0.44926000000000005
226,0.937,1,10.0,10.0,True,2440,1855,11.937368392944336,0.0007990056150912153,0.57,0.44928
227,0.93672,2,9.0,9.2,True,2442,1857,9.562091827392578,0.0007989937476362275,0.58,0.44932
228,0.93644,1,-10.0,-10.0,False,2443,1858,10.937420845031738,0.0007989818098867464,0.57,0.44934
229,0.93616,9,-18.0,-18.4,False,2452,1867,8.211477279663086,0.0007989698018451765,0.57,0.44952000000000003
230,0.93588,25,-34.0,-34.0,False,2477,1892,8.040509223937988,0.0007989577235139366,0.57,0.45002000000000003
231,0.9356,6,5.0,5.6,True,2483,1898,10.400887489318848,0.0007989455748954593,0.57,0.45014000000000004
232,0.93532,7,-16.0,-16.0,False,2490,1905,11.165202140808105,0.0007989333559921918,0.56,0.45028
233,0.93504,10,-19.0,-19.6,False,2500,1915,9.938267707824707,0.0007989210668065952,0.56,0.45048000000000005
234,0.93476,1,-10.0,-10.0,False,2501,1916,9.124554634094238,0.0007989087073411446,0.56,0.4505
235,0.93448,6,-15.0,-14.8,False,2507,1922,11.840046882629395,0.0007988962775983296,0.56,0.45062
236,0.9342,45,-45.0,-44.8,False,2548,1967,8.75362491607666,0.000798883777580654,0.56,0.45152000000000003
237,0.93392,1,-10.0,-10.0,False,2549,1968,9.81433391571045,0.0007988712072906352,0.56,0.45154000000000005
238,0.93364,7,-16.0,-16.0,False,2556,1975,9.877933502197266,0.0007988585667308054,0.56,0.45168
239,0.93336,3,8.0,8.0,True,2559,1978,10.816373825073242,0.0007988458559037105,0.56,0.45174000000000003
240,0.93308,7,-16.0,-15.6,False,2566,1985,8.051265716552734,0.0007988330748119107,0.56,0.45188
241,0.9328,14,-23.0,-23.2,False,2580,1999,8.039263725280762,0.0007988202234579805,0.55,0.45216
242,0.93252,25,-34.0,-34.0,False,2605,2024,9.523017883300781,0.0007988073018445083,0.55,0.45266
243,0.93224,5,6.0,6.4,True,2610,2029,7.100672721862793,0.0007987943099740969,0.56,0.45276000000000005
244,0.93196,1,10.0,10.0,True,2611,2030,7.44512939453125,0.000798781247849363,0.56,0.45278
245,0.93168,5,-14.0,-14.0,False,2616,2035,9.900465965270996,0.0007987681154729378,0.55,0.45288
246,0.9314,9,2.0,2.8,True,2625,2044,10.448777198791504,0.0007987549128474662,0.55,0.45306
247,0.93112,25,-14.0,-13.2,True,2650,2069,8.332601547241211,0.0007987416399756075,0.56,0.45356
248,0.93084,30,-39.0,-38.8,False,2680,2099,8.438712120056152,0.0007987282968600353,0.55,0.45416
249,0.93056,1,10.0,10.0,True,2681,2100,9.849157333374023,0.000798714883503437,0.55,0.45418000000000003
250,0.93028,4,7.0,7.2,True,2685,2104,7.906291961669922,0.0007987013999085145,0.55,0.45426
251,0.93,2,9.0,9.2,True,2687,2106,9.336847305297852,0.0007986878460779835,0.56,0.45430000000000004
252,0.92972,9,2.0,2.4,True,2696,2115,8.138381958007812,0.000798674222014574,0.57,0.45448
253,0.92944,13,-2.0,-2.0,True,2709,2128,7.155366897583008,0.0007986605277210303,0.57,0.45474000000000003
254,0.92916,23,-32.0,-31.6,False,2732,2151,9.486546516418457,0.0007986467632001106,0.56,0.45520000000000005
255,0.92888,23,-12.0,-11.2,True,2755,2174,8.10038948059082,0.0007986329284545875,0.56,0.45566
256,0.9286,5,-14.0,-14.0,False,2760,2179,7.143126964569092,0.0007986190234872474,0.56,0.45576000000000005
257,0.92832,8,-17.0,-17.2,False,2768,2187,8.982734680175781,0.0007986050483008911,0.55,0.45592000000000005
258,0.92804,10,-19.0,-18.4,False,2778,2197,8.114521026611328,0.0007985910028983338,0.54,0.45612
259,0.92776,30,-39.0,-38.8,False,2808,2227,7.710576057434082,0.0007985768872824041,0.53,0.45672
260,0.92748,4,7.0,7.2,True,2812,2231,8.899660110473633,0.0007985627014559454,0.54,0.45680000000000004
261,0.9272,20,-29.0,-28.4,False,2832,2251,7.846789360046387,0.0007985484454218149,0.53,0.45720000000000005
262,0.92692,26,-15.0,-14.8,True,2858,2277,7.298153400421143,0.0007985341191828843,0.54,0.45772
263,0.92664,12,-1.0,-0.4,True,2870,2289,8.366255760192871,0.000798519722742039,0.54,0.45796000000000003
264,0.92636,18,-27.0,-26.4,False,2888,2307,7.766964435577393,0.0007985052561021788,0.53,0.45832
265,0.92608,29,-18.0,-17.2,True,2917,2336,9.730876922607422,0.0007984907192662174,0.54,0.45890000000000003
266,0.9258,11,0.0,0.4,True,2928,2347,7.0238938331604,0.000798476112237083,0.54,0.45912000000000003
267,0.92552,6,5.0,5.2,True,2934,2353,8.521677017211914,0.0007984614350177178,0.55,0.45924000000000004
268,0.92524,2,-11.0,-10.8,False,2936,2355,7.897090911865234,0.000798446687611078,0.54,0.45928
269,0.92496,43,-32.0,-31.6,True,2979,2398,7.042302131652832,0.000798431870020134,0.55,0.46014
270,0.92468,1,10.0,10.0,True,2980,2399,5.995666980743408,0.0007984169822478704,0.55,0.46016
271,0.9244,8,3.0,3.6,True,2988,2407,5.571310520172119,0.0007984020242972859,0.55,0.46032
272,0.92412,15,-24.0,-24.4,False,3003,2422,8.873173713684082,0.0007983869961713934,0.55,0.46062000000000003
273,0.92384,24,-13.0,-12.8,True,3027,2446,9.456334114074707,0.0007983718978732199,0.56,0.4611
274,0.92356,4,-13.0,-12.8,False,3031,2450,6.548699378967285,0.0007983567294058062,0.56,0.46118000000000003
275,0.92328,4,7.0,7.2,True,3035,2454,9.52879524230957,0.000798341490772208,0.56,0.46126
276,0.923,7,-16.0,-15.6,False,3042,2461,7.766323089599609,0.0007983261819754942,0.55,0.46140000000000003
277,0.92272,9,2.0,2.4,True,3051,2470,9.140034675598145,0.0007983108030187487,0.55,0.46158
278,0.92244,17,-26.0,-26.0,False,3068,2487,8.11500072479248,0.000798295353905069,0.54,0.46192
279,0.92216,9,2.0,2.8,True,3077,2496,8.525794982910156,0.0007982798346375667,0.55,0.4621
280,0.92188,20,-9.0,-8.8,True,3097,2516,7.8220038414001465,0.000798264245219368,0.55,0.4625
281,0.9216,9,2.0,2.4,True,3106,2525,11.434615135192871,0.0007982485856536127,0.55,0.46268000000000004
282,0.92132,1,10.0,10.0,True,3107,2526,9.402854919433594,0.0007982328559434551,0.55,0.4627
283,0.92104,9,-18.0,-18.0,False,3116,2535,9.444199562072754,0.0007982170560920632,0.54,0.46288
284,0.92076,9,2.0,2.8,True,3125,2544,7.754275798797607,0.0007982011861026198,0.54,0.46306
285,0.92048,5,-14.0,-14.0,False,3130,2549,8.47232723236084,0.0007981852459783212,0.53,0.46316
286,0.9202,3,8.0,8.0,True,3133,2552,8.739550590515137,0.0007981692357223783,0.53,0.46322
287,0.91992,6,-15.0,-14.8,False,3139,2558,9.890360832214355,0.0007981531553380157,0.52,0.46334000000000003
288,0.91964,4,-13.0,-12.8,False,3143,2562,9.790374755859375,0.0007981370048284722,0.52,0.46342000000000005
289,0.91936,10,-19.0,-19.2,False,3153,2572,7.211341857910156,0.0007981207841970011,0.52,0.46362000000000003
290,0.91908,1,-10.0,-10.0,False,3154,2573,8.861678123474121,0.0007981044934468695,0.51,0.46364000000000005
291,0.9188,10,1.0,1.2,True,3164,2583,6.390717506408691,0.0007980881325813587,0.52,0.46384000000000003
292,0.91852,22,-11.0,-10.8,True,3186,2605,8.770064353942871,0.000798071701603764,0.52,0.46428
293,0.91824,3,-12.0,-11.6,False,3189,2608,8.902127265930176,0.000798055200517395,0.51,0.46434000000000003
294,0.91796,4,7.0,7.2,True,3193,2612,10.016315460205078,0.0007980386293255753,0.52,0.46442
295,0.91768,7,-16.0,-16.0,False,3200,2619,9.48277473449707,0.0007980219880316428,0.51,0.46456000000000003
296,0.9174,3,-12.0,-12.0,False,3203,2622,8.52575397491455,0.0007980052766389494,0.5,0.46462000000000003
297,0.91712,45,-45.0,-44.8,False,3244,2667,8.947772979736328,0.0007979884951508611,0.49,0.46552000000000004
298,0.91684,7,4.0,4.4,True,3251,2674,9.45199203491211,0.0007979716435707579,0.49,0.46566
299,0.91656,45,-45.0,-45.2,False,3292,2719,10.5947904586792,0.0007979547219020342,0.48,0.46656000000000003
300,0.91628,6,5.0,5.2,True,3298,2725,9.267995834350586,0.0007979377301480982,0.49,0.46668000000000004
301,0.916,2,-11.0,-11.2,False,3300,2727,6.834767818450928,0.0007979206683123726,0.49,0.46672
302,0.91572,4,-13.0,-12.8,False,3304,2731,10.19022274017334,0.0007979035363982938,0.49,0.4668
303,0.91544,13,-2.0,-2.0,True,3317,2744,7.453524589538574,0.0007978863344093128,0.49,0.46706000000000003
304,0.91516,37,-46.0,-46.0,False,3354,2781,7.512358665466309,0.0007978690623488942,0.48,0.4678
305,0.91488,5,-14.0,-14.0,False,3359,2786,9.852299690246582,0.0007978517202205168,0.48,0.46790000000000004
306,0.9146,4,-13.0,-12.8,False,3363,2790,7.437338352203369,0.0007978343080276741,0.47,0.46798
307,0.91432,2,9.0,9.2,True,3365,2792,6.884427070617676,0.000797816825773873,0.48,0.46802
308,0.91404,9,2.0,2.4,True,3374,2801,8.308424949645996,0.0007977992734626348,0.49,0.4682
309,0.91376,22,-11.0,-10.8,True,3396,2823,8.09780502319336,0.0007977816510974948,0.5,0.46864
310,0.91348,14,-23.0,-22.8,False,3410,2837,8.464399337768555,0.0007977639586820028,0.49,0.46892
311,0.9132,3,8.0,8.4,True,3413,2840,8.60422420501709,0.0007977461962197221,0.49,0.46898
312,0.91292,4,-13.0,-12.8,False,3417,2844,6.821746826171875,0.0007977283637142307,0.48,0.46906000000000003
313,0.91264,10,1.0,1.2,True,3427,2854,8.202629089355469,0.0007977104611691202,0.49,0.46926
314,0.91236,7,-16.0,-15.6,False,3434,2861,8.044032096862793,0.0007976924885879967,0.48,0.46940000000000004
315,0.91208,3,8.0,8.4,True,3437,2864,6.974402904510498,0.0007976744459744802,0.48,0.46946
316,0.9118,5,-14.0,-13.6,False,3442,2869,8.115549087524414,0.0007976563333322047,0.47,0.46956000000000003
317,0.91152,21,-30.0,-29.6,False,3463,2890,8.728190422058105,0.0007976381506648187,0.46,0.46998
318,0.91124,21,-10.0,-9.6,True,3484,2911,9.464500427246094,0.0007976198979759844,0.47,0.47040000000000004
319,0.91096,3,8.0,8.0,True,3487,2914,7.0516743659973145,0.0007976015752693784,0.48,0.47046
320,0.91068,4,-13.0,-12.8,False,3491,2918,7.554229736328125,0.000797583182548691,0.48,0.47054
321,0.9104,3,-12.0,-12.0,False,3494,2921,6.5702714920043945,0.0007975647198176272,0.47,0.4706
322,0.91012,10,-19.0,-18.8,False,3504,2931,7.449832439422607,0.0007975461870799056,0.47,0.4708
323,0.90984,7,-16.0,-16.4,False,3511,2938,7.525101184844971,0.0007975275843392591,0.46,0.47094
324,0.90956,15,-4.0,-3.6,True,3526,2953,7.255314350128174,0.0007975089115994346,0.47,0.47124
325,0.90928,2,-11.0,-11.2,False,3528,2955,10.58084774017334,0.0007974901688641932,0.47,0.47128000000000003
326,0.909,1,10.0,10.0,True,3529,2956,9.641971588134766,0.0007974713561373104,0.47,0.47130000000000005
327,0.90872,9,-18.0,-18.4,False,3538,2965,7.2361674308776855,0.000797452473422575,0.46,0.47148
328,0.90844,11,0.0,0.4,True,3549,2976,8.084802627563477,0.0007974335207237905,0.47,0.4717
329,0.90816,33,-22.0,-22.0,True,3582,3009,6.336963653564453,0.0007974144980447746,0.48,0.47236
330,0.90788,2,9.0,9.2,True,3584,3011,7.348799228668213,0.0007973954053893585,0.49,0.47240000000000004
331,0.9076,35,-24.0,-23.6,True,3619,3046,9.2485933303833,0.0007973762427613881,0.49,0.4731
332,0.90732,6,5.0,5.6,True,3625,3052,11.034636497497559,0.000797357010164723,0.5,0.47322000000000003
333,0.90704,1,10.0,10.0,True,3626,3053,7.134640693664551,0.0007973377076032372,0.51,0.47324
334,0.90676,17,-6.0,-5.6,True,3643,3070,6.096076011657715,0.0007973183350808185,0.52,0.47358
335,0.90648,8,3.0,3.2,True,3651,3078,8.979543685913086,0.000797298892601369,0.53,0.47374000000000005
336,0.9062,14,-23.0,-22.8,False,3665,3092,6.773436546325684,0.0007972793801688048,0.53,0.47402
337,0.90592,3,-12.0,-11.6,False,3668,3095,7.970150947570801,0.000797259797787056,0.53,0.47408
338,0.90564,3,-12.0,-11.6,False,3671,3098,8.181171417236328,0.000797240145460067,0.53,0.47414
339,0.90536,1,10.0,10.0,True,3672,3099,9.993638038635254,0.0007972204231917961,0.53,0.47416
340,0.90508,1,10.0,10.0,True,3673,3100,9.347028732299805,0.0007972006309862158,0.54,0.47418000000000005
341,0.9048,7,4.0,4.4,True,3680,3107,9.062442779541016,0.0007971807688473127,0.55,0.47432
342,0.90452,7,-16.0,-16.0,False,3687,3114,6.133724212646484,0.0007971608367790876,0.55,0.47446
343,0.90424,6,-15.0,-14.4,False,3693,3120,8.834936141967773,0.0007971408347855549,0.54,0.47458
344,0.90396,15,-24.0,-24.4,False,3708,3135,6.171665191650391,0.0007971207628707437,0.53,0.47488
345,0.90368,1,10.0,10.0,True,3709,3136,9.17398738861084,0.0007971006210386967,0.54,0.4749
346,0.9034,4,-13.0,-12.8,False,3713,3140,7.5499982833862305,0.0007970804092934709,0.53,0.47498
347,0.90312,7,4.0,4.4,True,3720,3147,6.570509433746338,0.0007970601276391374,0.53,0.47512000000000004
348,0.90284,3,8.0,8.0,True,3723,3150,8.02989673614502,0.0007970397760797813,0.54,0.47518000000000005
349,0.90256,10,1.0,1.2,True,3733,3160,7.942746162414551,0.000797019354619502,0.54,0.47538
350,0.90228,11,0.0,0.4,True,3744,3171,10.292600631713867,0.0007969988632624126,0.54,0.4756
351,0.902,3,-12.0,-12.0,False,3747,3174,7.966615200042725,0.0007969783020126403,0.53,0.47566
352,0.90172,4,-13.0,-13.2,False,3751,3178,6.7586259841918945,0.000796957670874327,0.52,0.47574000000000005
353,0.90144,45,-45.0,-44.8,False,3792,3223,7.519700050354004,0.000796936969851628,0.51,0.47664
354,0.90116,9,2.0,2.4,True,3801,3232,7.348420143127441,0.0007969161989487129,0.52,0.47682
355,0.90088,33,-42.0,-42.0,False,3834,3265,8.047951698303223,0.0007968953581697654,0.51,0.47748
356,0.9006,3,8.0,8.0,True,3837,3268,7.67893123626709,0.0007968744475189834,0.52,0.47754
357,0.90032,45,-45.0,-44.8,False,3878,3313,10.40615177154541,0.0007968534670005785,0.52,0.47844000000000003
358,0.90004,6,5.0,5.2,True,3884,3319,6.270782470703125,0.0007968324166187768,0.53,0.47856000000000004
359,0.89976,9,-18.0,-18.0,False,3893,3328,9.184511184692383,0.0007968112963778181,0.53,0.47874000000000005
360,0.89948,14,-23.0,-23.6,False,3907,3342,8.452507972717285,0.0007967901062819567,0.52,0.47902
361,0.8992,2,-11.0,-10.8,False,3909,3344,7.551176071166992,0.0007967688463354605,0.52,0.47906000000000004
362,0.89892,11,-20.0,-20.0,False,3920,3355,6.811546325683594,0.0007967475165426117,0.51,0.47928000000000004
363,0.89864,1,10.0,10.0,True,3921,3356,7.393248081207275,0.0007967261169077067,0.51,0.4793
364,0.89836,3,-12.0,-12.0,False,3924,3359,8.631436347961426,0.0007967046474350557,0.51,0.47936
365,0.89808,43,-52.0,-52.0,False,3967,3402,5.949000358581543,0.0007966831081289832,0.5,0.48022000000000004
366,0.8978,1,-10.0,-10.0,False,3968,3403,6.741103172302246,0.0007966614989938274,0.49,0.48024
367,0.89752,31,-20.0,-19.6,True,3999,3434,7.489493370056152,0.0007966398200339413,0.49,0.48086
368,0.89724,2,-11.0,-10.8,False,4001,3436,7.353484153747559,0.000796618071253691,0.49,0.4809
369,0.89696,4,7.0,7.2,True,4005,3440,8.128769874572754,0.0007965962526574573,0.49,0.48098
370,0.89668,5,6.0,6.4,True,4010,3445,7.406799793243408,0.0007965743642496352,0.49,0.48108
371,0.8964,8,3.0,3.6,True,4018,3453,8.809036254882812,0.0007965524060346332,0.49,0.48124
372,0.89612,10,1.0,1.2,True,4028,3463,7.701360702514648,0.000796530378016874,0.5,0.48144000000000003
373,0.89584,6,-15.0,-15.6,False,4034,3469,6.255202770233154,0.0007965082802007948,0.49,0.48156
374,0.89556,1,-10.0,-10.0,False,4035,3470,7.769443988800049,0.0007964861125908464,0.49,0.48158
375,0.89528,1,-10.0,-10.0,False,4036,3471,5.8886189460754395,0.0007964638751914938,0.48,0.48160000000000003
376,0.895,7,-16.0,-15.6,False,4043,3478,8.437594413757324,0.0007964415680072161,0.48,0.48174000000000006
377,0.89472,8,3.0,3.6,True,4051,3486,8.054557800292969,0.0007964191910425064,0.48,0.4819
378,0.89444,14,-23.0,-22.8,False,4065,3500,6.1831769943237305,0.0007963967443018719,0.48,0.48218
379,0.89416,13,-22.0,-22.4,False,4078,3513,7.112793445587158,0.000796374227789834,0.47,0.48244000000000004
380,0.89388,15,-24.0,-24.0,False,4093,3528,7.664502143859863,0.0007963516415109275,0.46,0.48274
381,0.8936,11,0.0,0.8,True,4104,3539,7.206076145172119,0.0007963289854697023,0.46,0.48296000000000006
382,0.89332,33,-42.0,-41.2,False,4137,3572,6.909242630004883,0.0007963062596707215,0.45,0.48362000000000005
383,0.89304,10,1.0,1.2,True,4147,3582,7.146899223327637,0.0007962834641185625,0.46,0.48382000000000003
384,0.89276,18,-7.0,-6.8,True,4165,3600,8.298040390014648,0.0007962605988178171,0.46,0.48418000000000005
385,0.89248,16,-5.0,-4.8,True,4181,3616,8.22595500946045,0.0007962376637730904,0.47,0.48450000000000004
386,0.8922,1,10.0,10.0,True,4182,3617,6.362890720367432,0.0007962146589890023,0.47,0.48452
387,0.89192,16,-5.0,-4.8,True,4198,3633,7.473170280456543,0.0007961915844701864,0.48,0.48484000000000005
388,0.89164,5,6.0,6.4,True,4203,3638,6.4371562004089355,0.0007961684402212903,0.49,0.48494000000000004
389,0.89136,13,-22.0,-22.0,False,4216,3651,5.887589931488037,0.0007961452262469757,0.49,0.4852
390,0.89108,12,-1.0,-0.8,True,4228,3663,5.91786527633667,0.0007961219425519186,0.5,0.48544000000000004
391,0.8908,6,-15.0,-15.2,False,4234,3669,7.987244129180908,0.0007960985891408084,0.49,0.48556
392,0.89052,8,3.0,3.2,True,4242,3677,10.713303565979004,0.0007960751660183494,0.49,0.48572000000000004
393,0.89024,30,-39.0,-39.6,False,4272,3707,8.064160346984863,0.0007960516731892591,0.49,0.48632000000000003
394,0.88996,4,-13.0,-12.4,False,4276,3711,6.148037910461426,0.0007960281106582697,0.48,0.4864
395,0.88968,1,10.0,10.0,True,4277,3712,7.868701457977295,0.0007960044784301271,0.49,0.48642
396,0.8894,22,-31.0,-30.8,False,4299,3734,6.853964805603027,0.0007959807765095914,0.49,0.48686
397,0.88912,14,-23.0,-22.8,False,4313,3748,8.47920036315918,0.0007959570049014364,0.49,0.48714
398,0.88884,5,6.0,6.0,True,4318,3753,7.89080810546875,0.0007959331636104506,0.49,0.48724
399,0.88856,14,-3.0,-2.8,True,4332,3767,10.222453117370605,0.0007959092526414357,0.5,0.48752
400,0.88828,7,-16.0,-15.6,False,4339,3774,7.154698848724365,0.0007958852719992081,0.49,0.48766000000000004
401,0.888,29,-18.0,-17.6,True,4368,3803,7.583123683929443,0.000795861221688598,0.5,0.48824
402,0.88772,10,1.0,1.6,True,4378,3813,7.5257158279418945,0.0007958371017144493,0.51,0.48844000000000004
403,0.88744,6,-15.0,-14.8,False,4384,3819,8.540668487548828,0.0007958129120816209,0.5,0.48856
404,0.88716,2,-11.0,-10.8,False,4386,3821,6.824082851409912,0.0007957886527949845,0.5,0.48860000000000003
405,0.88688,4,7.0,7.2,True,4390,3825,7.031963348388672,0.0007957643238594266,0.51,0.48868
406,0.8866,19,-28.0,-28.0,False,4409,3844,6.688872337341309,0.0007957399252798476,0.51,0.48906000000000005
407,0.88632,2,9.0,9.2,True,4411,3846,7.2098188400268555,0.0007957154570611619,0.51,0.48910000000000003
408,0.88604,1,-10.0,-10.0,False,4412,3847,7.5933518409729,0.0007956909192082979,0.5,0.48912
409,0.88576,4,7.0,7.6,True,4416,3851,8.506624221801758,0.0007956663117261979,0.5,0.4892
410,0.88548,1,-10.0,-10.0,False,4417,3852,5.871527194976807,0.0007956416346198185,0.5,0.48922
411,0.8852,8,-17.0,-16.8,False,4425,3860,8.998700141906738,0.00079561688789413,0.49,0.48938000000000004
412,0.88492,3,8.0,8.4,True,4428,3863,7.923391342163086,0.0007955920715541171,0.5,0.48944
413,0.88464,2,9.0,9.2,True,4430,3865,5.686942100524902,0.0007955671856047781,0.5,0.48948
414,0.88436,19,-28.0,-28.0,False,4449,3884,6.301873207092285,0.0007955422300511258,0.5,0.48986
415,0.88408,3,8.0,8.0,True,4452,3887,7.005483150482178,0.0007955172048981866,0.5,0.48992
416,0.8838,9,2.0,2.4,True,4461,3896,8.827836990356445,0.000795492110151001,0.51,0.49010000000000004
417,0.88352,3,-12.0,-12.0,False,4464,3899,6.589499473571777,0.0007954669458146238,0.51,0.49016000000000004
418,0.88324,5,-14.0,-14.0,False,4469,3904,7.297516822814941,0.0007954417118941233,0.5,0.49026000000000003
419,0.88296,1,-10.0,-10.0,False,4470,3905,5.659775257110596,0.0007954164083945825,0.49,0.49028000000000005
420,0.88268,14,-23.0,-23.2,False,4484,3919,7.653223514556885,0.0007953910353210978,0.49,0.49056
421,0.8824,2,9.0,9.2,True,4486,3921,8.265947341918945,0.00079536559267878,0.5,0.49060000000000004
422,0.88212,12,-1.0,-0.8,True,4498,3933,6.09760856628418,0.0007953400804727536,0.51,0.49084000000000005
423,0.88184,22,-11.0,-10.8,True,4520,3955,6.738004207611084,0.0007953144987081575,0.52,0.49128000000000005
424,0.88156,15,-24.0,-24.0,False,4535,3970,8.146126747131348,0.0007952888473901444,0.51,0.49158
425,0.88128,7,-16.0,-16.0,False,4542,3977,6.899834632873535,0.0007952631265238806,0.51,0.49172000000000005
426,0.881,3,8.0,8.4,True,4545,3980,7.893182754516602,0.0007952373361145473,0.51,0.49178
427,0.88072,2,-11.0,-11.2,False,4547,3982,6.3956122398376465,0.0007952114761673388,0.51,0.49182000000000003
428,0.88044,1,-10.0,-10.0,False,4548,3983,6.646227836608887,0.0007951855466874641,0.5,0.49184
429,0.88016,45,-45.0,-44.8,False,4589,4028,8.822905540466309,0.000795159547680146,0.49,0.49274
430,0.87988,7,-16.0,-16.0,False,4596,4035,7.75507116317749,0.0007951334791506208,0.48,0.49288
431,0.8796,17,-6.0,-5.6,True,4613,4052,7.010683059692383,0.0007951073411041398,0.48,0.49322
432,0.87932,1,-10.0,-10.0,False,4614,4053,6.586781024932861,0.0007950811335459674,0.47,0.49324
433,0.87904,9,2.0,2.0,True,4623,4062,5.576215744018555,0.0007950548564813822,0.47,0.49342
434,0.87876,10,1.0,1.2,True,4633,4072,6.283246994018555,0.0007950285099156773,0.47,0.49362
435,0.87848,20,-9.0,-8.4,True,4653,4092,7.48658561706543,0.0007950020938541594,0.47,0.49402
436,0.8782,15,-4.0,-3.6,True,4668,4107,6.525811672210693,0.0007949756083021491,0.48,0.49432000000000004
437,0.87792,8,3.0,3.2,True,4676,4115,8.094259262084961,0.0007949490532649811,0.49,0.49448000000000003
438,0.87764,7,4.0,4.4,True,4683,4122,7.2273993492126465,0.0007949224287480041,0.5,0.49462
439,0.87736,2,9.0,9.2,True,4685,4124,7.045288562774658,0.000794895734756581,0.5,0.49466
440,0.87708,13,-22.0,-21.6,False,4698,4137,5.535603046417236,0.0007948689712960884,0.49,0.49492
441,0.8768,19,-8.0,-7.6,True,4717,4156,8.256155967712402,0.000794842138371917,0.49,0.4953
442,0.87652,2,-11.0,-11.2,False,4719,4158,7.564835548400879,0.0007948152359894715,0.49,0.49534
443,0.87624,4,7.0,7.2,True,4723,4162,8.879584312438965,0.0007947882641541707,0.5,0.49542
444,0.87596,11,0.0,0.4,True,4734,4173,6.85109281539917,0.0007947612228714472,0.51,0.49564
445,0.87568,15,-4.0,-3.6,True,4749,4188,6.9362053871154785,0.0007947341121467476,0.51,0.49594
446,0.8754,1,-10.0,-10.0,False,4750,4189,6.404183864593506,0.0007947069319855326,0.51,0.49596
447,0.87512,12,-1.0,-0.8,True,4762,4201,8.161212921142578,0.0007946796823932768,0.51,0.49620000000000003
448,0.87484,8,3.0,3.6,True,4770,4209,4.92966365814209,0.000794652363375469,0.51,0.49636
449,0.87456,26,-35.0,-35.2,False,4796,4235,6.687140464782715,0.0007946249749376117,0.5,0.49688000000000004
450,0.87428,6,-15.0,-15.6,False,4802,4241,8.302309036254883,0.0007945975170852215,0.49,0.497
451,0.874,3,8.0,8.0,True,4805,4244,8.171121597290039,0.000794569989823829,0.5,0.49706
452,0.87372,7,4.0,4.4,True,4812,4251,7.550961494445801,0.0007945423931589787,0.51,0.49720000000000003
453,0.87344,11,-20.0,-19.6,False,4823,4262,7.844090461730957,0.0007945147270962291,0.51,0.49742000000000003
454,0.87316,13,-2.0,-1.6,True,4836,4275,7.870163440704346,0.0007944869916411528,0.51,0.49768
455,0.87288,4,7.0,7.2,True,4840,4279,6.220896244049072,0.0007944591867993364,0.52,0.49776000000000004
456,0.8726,1,-10.0,-10.0,False,4841,4280,5.048514366149902,0.0007944313125763801,0.51,0.49778
457,0.87232,3,-12.0,-12.0,False,4844,4283,8.690468788146973,0.0007944033689778985,0.51,0.49784
458,0.87204,29,-18.0,-17.6,True,4873,4312,7.1446332931518555,0.00079437535600952,0.51,0.49842000000000003
459,0.87176,1,-10.0,-10.0,False,4874,4313,5.91288948059082,0.000794347273676887,0.51,0.49844
460,0.87148,13,-22.0,-21.6,False,4887,4326,6.126686096191406,0.0007943191219856558,0.51,0.49870000000000003
461,0.8712,16,-5.0,-4.8,True,4903,4342,6.433711528778076,0.0007942909009414967,0.52,0.49902
462,0.87092,5,6.0,6.4,True,4908,4347,7.423357009887695,0.000794262610550094,0.53,0.49912
463,0.87064,7,4.0,4.4,True,4915,4354,5.641252517700195,0.000794234250817146,0.53,0.49926000000000004
464,0.87036,8,3.0,3.6,True,4923,4362,8.865113258361816,0.0007942058217483651,0.54,0.49942000000000003
465,0.87008,45,-45.0,-44.4,False,4964,4407,7.46739387512207,0.0007941773233494772,0.54,0.50032
466,0.8698,4,-13.0,-12.8,False,4968,4411,7.276649475097656,0.0007941487556262227,0.54,0.5004000000000001
467,0.86952,3,8.0,8.0,True,4971,4414,6.759953022003174,0.0007941201185843555,0.54,0.50046
468,0.86924,33,-22.0,-22.0,True,5004,4447,6.821014881134033,0.0007940914122296439,0.55,0.50112
469,0.86896,4,7.0,7.2,True,5008,4451,6.653559684753418,0.0007940626365678699,0.55,0.5012
470,0.86868,4,-13.0,-12.4,False,5012,4455,7.3082356452941895,0.0007940337916048294,0.54,0.5012800000000001
471,0.8684,8,3.0,3.6,True,5020,4463,6.7981648445129395,0.0007940048773463325,0.54,0.50144
472,0.86812,1,10.0,10.0,True,5021,4464,8.211532592773438,0.000793975893798203,0.54,0.50146
473,0.86784,27,-16.0,-15.2,True,5048,4491,6.840264320373535,0.0007939468409662788,0.55,0.502
474,0.86756,31,-40.0,-39.6,False,5079,4522,8.709046363830566,0.0007939177188564119,0.55,0.5026200000000001
475,0.86728,4,7.0,7.6,True,5083,4526,10.804075241088867,0.0007938885274744677,0.56,0.5027
476,0.867,4,7.0,7.6,True,5087,4530,6.9192962646484375,0.0007938592668263264,0.57,0.50278
477,0.86672,45,-45.0,-45.2,False,5128,4575,7.048896789550781,0.0007938299369178815,0.56,0.50368
478,0.86644,29,-38.0,-38.0,False,5157,4604,5.694589614868164,0.0007938005377550407,0.56,0.50426
479,0.86616,1,10.0,10.0,True,5158,4605,7.780155658721924,0.0007937710693437254,0.57,0.5042800000000001
480,0.86588,6,5.0,5.2,True,5164,4611,7.885948181152344,0.0007937415316898713,0.58,0.5044
481,0.8656,12,-21.0,-21.2,False,5176,4623,5.8213982582092285,0.000793711924799428,0.57,0.50464
482,0.86532,14,-3.0,-2.0,True,5190,4637,6.400150299072266,0.0007936822486783587,0.58,0.50492
483,0.86504,10,1.0,1.2,True,5200,4647,6.81536865234375,0.000793652503332641,0.58,0.50512
484,0.86476,23,-12.0,-11.6,True,5223,4670,6.213724136352539,0.000793622688768266,0.58,0.50558
485,0.86448,13,-22.0,-21.6,False,5236,4683,6.5788068771362305,0.0007935928049912391,0.57,0.5058400000000001
486,0.8642,2,9.0,9.2,True,5238,4685,6.344888210296631,0.0007935628520075795,0.57,0.50588
487,0.86392,15,-24.0,-24.4,False,5253,4700,6.206900596618652,0.0007935328298233203,0.56,0.5061800000000001
488,0.86364,11,0.0,0.8,True,5264,4711,5.715987205505371,0.0007935027384445085,0.56,0.5064000000000001
489,0.86336,1,10.0,10.0,True,5265,4712,6.490212440490723,0.0007934725778772053,0.57,0.50642
490,0.86308,35,-44.0,-44.0,False,5300,4747,6.619488716125488,0.0007934423481274857,0.56,0.50712
491,0.8628,7,4.0,4.4,True,5307,4754,5.897912979125977,0.0007934120492014383,0.57,0.50726
492,0.86252,5,-14.0,-14.0,False,5312,4759,6.732839584350586,0.0007933816811051662,0.56,0.50736
493,0.86224,2,9.0,9.2,True,5314,4761,7.185526371002197,0.0007933512438447861,0.57,0.5074000000000001
494,0.86196,2,9.0,9.2,True,5316,4763,6.446352481842041,0.0007933207374264287,0.58,0.50744
495,0.86168,5,6.0,6.0,True,5321,4768,6.271173477172852,0.0007932901618562384,0.58,0.50754
496,0.8614,9,2.0,2.4,True,5330,4777,6.8317718505859375,0.0007932595171403741,0.59,0.5077200000000001
497,0.86112,13,-22.0,-22.0,False,5343,4790,8.141324043273926,0.0007932288032850079,0.59,0.50798
498,0.86084,6,-15.0,-14.8,False,5349,4796,8.281767845153809,0.0007931980202963265,0.58,0.5081
499,0.86056,12,-21.0,-21.2,False,5361,4808,5.008264541625977,0.00079316716818053,0.57,0.50834
500,0.86028,2,-11.0,-10.8,False,5363,4810,7.0740766525268555,0.0007931362469438328,0.57,0.50838
501,0.86,5,6.0,6.0,True,5368,4815,9.255982398986816,0.0007931052565924631,0.57,0.50848
502,0.85972,2,-11.0,-11.2,False,5370,4817,5.228806495666504,0.0007930741971326629,0.56,0.5085200000000001
503,0.85944,14,-23.0,-23.6,False,5384,4831,5.987086296081543,0.0007930430685706882,0.56,0.5088
504,0.85916,45,-45.0,-45.2,False,5425,4876,6.5240478515625,0.0007930118709128088,0.56,0.5097
505,0.85888,3,-12.0,-12.0,False,5428,4879,7.1419219970703125,0.0007929806041653089,0.55,0.50976
506,0.8586,16,-25.0,-25.2,False,5444,4895,6.323235511779785,0.0007929492683344861,0.55,0.51008
507,0.85832,2,9.0,9.2,True,5446,4897,6.445159435272217,0.0007929178634266519,0.55,0.51012
508,0.85804,8,-17.0,-16.8,False,5454,4905,6.9863057136535645,0.0007928863894481321,0.55,0.5102800000000001
509,0.85776,8,3.0,3.2,True,5462,4913,5.787765026092529,0.000792854846405266,0.55,0.51044
510,0.85748,8,3.0,4.0,True,5470,4921,6.693690776824951,0.0007928232343044074,0.56,0.5106
511,0.8572,4,-13.0,-12.8,False,5474,4925,6.198645114898682,0.0007927915531519232,0.56,0.51068
512,0.85692,8,3.0,3.2,True,5482,4933,5.995429515838623,0.000792759802954195,0.56,0.51084
513,0.85664,2,9.0,9.2,True,5484,4935,6.778768539428711,0.0007927279837176176,0.56,0.51088
514,0.85636,1,10.0,10.0,True,5485,4936,6.622741222381592,0.0007926960954486003,0.57,0.5109
515,0.85608,4,7.0,7.2,True,5489,4940,5.6659932136535645,0.000792664138153566,0.57,0.51098
516,0.8558,1,10.0,10.0,True,5490,4941,7.098766326904297,0.0007926321118389514,0.57,0.511
517,0.85552,20,-9.0,-8.8,True,5510,4961,8.165898323059082,0.0007926000165112074,0.58,0.5114000000000001
518,0.85524,44,-33.0,-32.8,True,5554,5005,7.459604740142822,0.0007925678521767986,0.59,0.5122800000000001
519,0.85496,7,4.0,4.4,True,5561,5012,8.810941696166992,0.0007925356188422035,0.6,0.51242
520,0.85468,14,-23.0,-23.2,False,5575,5026,7.773221969604492,0.0007925033165139148,0.6,0.5127
521,0.8544,1,-10.0,-10.0,False,5576,5027,8.318676948547363,0.0007924709451984385,0.59,0.5127200000000001
522,0.85412,28,-37.0,-36.8,False,5604,5055,6.8261590003967285,0.0007924385049022952,0.58,0.51328
523,0.85384,3,8.0,8.4,True,5607,5058,7.235448360443115,0.0007924059956320188,0.58,0.51334
524,0.85356,2,-11.0,-10.8,False,5609,5060,8.523508071899414,0.0007923734173941575,0.58,0.5133800000000001
525,0.85328,5,-14.0,-13.6,False,5614,5065,6.5727410316467285,0.0007923407701952731,0.58,0.51348
526,0.853,2,-11.0,-10.8,False,5616,5067,6.095448017120361,0.0007923080540419414,0.57,0.51352
527,0.85272,4,7.0,7.6,True,5620,5071,9.014433860778809,0.0007922752689407522,0.58,0.5136000000000001
528,0.85244,26,-35.0,-35.2,False,5646,5097,6.970014572143555,0.000792242414898309,0.58,0.51412
529,0.85216,1,10.0,10.0,True,5647,5098,7.140252590179443,0.0007922094919212293,0.59,0.51414
530,0.85188,5,6.0,6.0,True,5652,5103,7.236557483673096,0.0007921765000161445,0.6,0.51424
531,0.8516,6,5.0,5.2,True,5658,5109,6.598363399505615,0.0007921434391896998,0.6,0.51436
532,0.85132,22,-31.0,-30.8,False,5680,5131,6.0945305824279785,0.0007921103094485544,0.6,0.5148
533,0.85104,13,-2.0,-1.6,True,5693,5144,7.198945999145508,0.0007920771107993813,0.6,0.5150600000000001
534,0.85076,1,-10.0,-10.0,False,5694,5145,5.595978736877441,0.0007920438432488672,0.59,0.51508
535,0.85048,4,-13.0,-12.8,False,5698,5149,8.254138946533203,0.000792010506803713,0.58,0.5151600000000001
536,0.8502,14,-3.0,-2.4,True,5712,5163,6.595126152038574,0.0007919771014706336,0.58,0.51544
537,0.84992,1,10.0,10.0,True,5713,5164,6.170112609863281,0.0007919436272563571,0.58,0.51546
538,0.84964,5,-14.0,-13.6,False,5718,5169,7.931748390197754,0.000791910084167626,0.57,0.51556
539,0.84936,4,-13.0,-12.8,False,5722,5173,6.177962303161621,0.0007918764722111969,0.56,0.51564
540,0.84908,37,-46.0,-45.6,False,5759,5210,6.411368370056152,0.0007918427913938395,0.56,0.5163800000000001
541,0.8488,5,6.0,6.4,True,5764,5215,6.951850891113281,0.000791809041722338,0.56,0.51648
542,0.84852,6,-15.0,-14.8,False,5770,5221,6.398622512817383,0.0007917752232034904,0.56,0.5166000000000001
543,0.84824,7,4.0,4.0,True,5777,5228,6.102394104003906,0.0007917413358441082,0.56,0.51674
544,0.84796,8,3.0,3.2,True,5785,5236,8.160598754882812,0.0007917073796510171,0.56,0.5169
545,0.84768,6,5.0,5.2,True,5791,5242,6.2327351570129395,0.0007916733546310565,0.56,0.51702
546,0.8474,16,-25.0,-25.2,False,5807,5258,4.897514343261719,0.0007916392607910799,0.56,0.51734
547,0.84712,4,-13.0,-13.2,False,5811,5262,6.513563632965088,0.0007916050981379544,0.55,0.51742
548,0.84684,3,8.0,8.0,True,5814,5265,5.701240062713623,0.0007915708666785612,0.55,0.51748
549,0.84656,4,-13.0,-12.8,False,5818,5269,8.189773559570312,0.0007915365664197949,0.55,0.51756
550,0.84628,1,-10.0,-10.0,False,5819,5270,7.958341598510742,0.0007915021973685644,0.55,0.51758
551,0.846,4,7.0,7.2,True,5823,5274,8.294658660888672,0.0007914677595317925,0.55,0.51766
552,0.84572,10,1.0,1.2,True,5833,5284,7.294731140136719,0.0007914332529164156,0.55,0.51786
553,0.84544,5,-14.0,-14.4,False,5838,5289,7.558619022369385,0.0007913986775293841,0.55,0.51796
554,0.84516,7,4.0,4.0,True,5845,5296,6.419690132141113,0.000791364033377662,0.55,0.5181
555,0.84488,5,6.0,6.4,True,5850,5301,7.37436056137085,0.0007913293204682275,0.55,0.5182
556,0.8446,19,-28.0,-27.2,False,5869,5320,6.423063278198242,0.0007912945388080725,0.55,0.51858
557,0.84432,36,-45.0,-44.8,False,5905,5356,5.377072334289551,0.0007912596884042027,0.55,0.5193
558,0.84404,4,-13.0,-12.8,False,5909,5360,7.2639336585998535,0.0007912247692636376,0.54,0.51938
559,0.84376,6,-15.0,-14.4,False,5915,5366,7.21677827835083,0.0007911897813934108,0.54,0.5195000000000001
560,0.84348,18,-7.0,-6.8,True,5933,5384,6.983717441558838,0.0007911547248005694,0.55,0.51986
561,0.8432,4,-13.0,-13.6,False,5937,5388,6.961678504943848,0.0007911195994921746,0.54,0.5199400000000001
562,0.84292,1,-10.0,-10.0,False,5938,5389,6.31889009475708,0.0007910844054753014,0.53,0.51996
563,0.84264,3,-12.0,-12.4,False,5941,5392,5.530384540557861,0.0007910491427570386,0.52,0.52002
564,0.84236,8,3.0,3.2,True,5949,5400,6.998765468597412,0.0007910138113444886,0.52,0.52018
565,0.84208,11,0.0,0.4,True,5960,5411,5.574104309082031,0.0007909784112447682,0.53,0.5204
566,0.8418,16,-25.0,-24.8,False,5976,5427,5.802681922912598,0.0007909429424650074,0.53,0.5207200000000001
567,0.84152,1,-10.0,-10.0,False,5977,5428,6.37755012512207,0.0007909074050123507,0.52,0.52074
568,0.84124,26,-15.0,-14.8,True,6003,5454,7.785092830657959,0.0007908717988939558,0.52,0.5212600000000001
569,0.84096,8,3.0,3.2,True,6011,5462,6.217888355255127,0.0007908361241169945,0.52,0.52142
570,0.84068,12,-1.0,-0.8,True,6023,5474,4.802279472351074,0.0007908003806886526,0.53,0.52166
571,0.8404,4,7.0,7.2,True,6027,5478,6.290913105010986,0.0007907645686161294,0.53,0.52174
572,0.84012,3,8.0,8.0,True,6030,5481,7.095099925994873,0.0007907286879066383,0.53,0.5218
573,0.83984,7,-16.0,-16.0,False,6037,5488,6.402227878570557,0.0007906927385674063,0.52,0.5219400000000001
574,0.83956,7,4.0,4.8,True,6044,5495,6.450994491577148,0.0007906567206056745,0.53,0.52208
575,0.83928,32,-21.0,-20.8,True,6076,5527,6.142935276031494,0.0007906206340286974,0.53,0.5227200000000001
576,0.839,1,10.0,10.0,True,6077,5528,5.615182399749756,0.0007905844788437438,0.53,0.52274
577,0.83872,9,2.0,2.4,True,6086,5537,6.399044513702393,0.000790548255058096,0.54,0.52292
578,0.83844,8,3.0,3.6,True,6094,5545,6.755155086517334,0.0007905119626790502,0.55,0.52308
579,0.83816,6,5.0,5.2,True,6100,5551,7.272360324859619,0.0007904756017139165,0.55,0.5232
580,0.83788,1,10.0,10.0,True,6101,5552,6.852521896362305,0.0007904391721700187,0.55,0.52322
581,0.8376,5,-14.0,-14.4,False,6106,5557,6.0700578689575195,0.0007904026740546944,0.55,0.52332
582,0.83732,1,-10.0,-10.0,False,6107,5558,5.794865131378174,0.0007903661073752952,0.54,0.52334
583,0.83704,18,-7.0,-6.4,True,6125,5576,7.864882946014404,0.0007903294721391864,0.54,0.5237
584,0.83676,2,9.0,9.2,True,6127,5578,5.276131629943848,0.0007902927683537468,0.54,0.52374
585,0.83648,3,-12.0,-12.0,False,6130,5581,7.9381513595581055,0.0007902559960263696,0.54,0.5238
586,0.8362,30,-19.0,-18.4,True,6160,5611,6.743584156036377,0.0007902191551644613,0.54,0.5244
587,0.83592,3,-12.0,-11.6,False,6163,5614,4.635421276092529,0.0007901822457754426,0.54,0.52446
588,0.83564,3,8.0,8.0,True,6166,5617,7.46655797958374,0.0007901452678667476,0.54,0.52452
589,0.83536,1,10.0,10.0,True,6167,5618,5.850368499755859,0.0007901082214458245,0.54,0.52454
590,0.83508,1,-10.0,-10.0,False,6168,5619,8.740979194641113,0.0007900711065201353,0.54,0.52456
591,0.8348,20,-9.0,-8.8,True,6188,5639,7.0379509925842285,0.0007900339230971556,0.54,0.52496
592,0.83452,1,10.0,10.0,True,6189,5640,6.221436023712158,0.0007899966711843748,0.55,0.52498
593,0.83424,12,-1.0,-0.8,True,6201,5652,6.523026943206787,0.0007899593507892966,0.55,0.52522
594,0.83396,13,-2.0,-1.2,True,6214,5665,6.655190467834473,0.0007899219619194376,0.55,0.5254800000000001
595,0.83368,1,10.0,10.0,True,6215,5666,5.017014503479004,0.000789884504582329,0.55,0.5255000000000001
596,0.8334,1,10.0,10.0,True,6216,5667,5.565308570861816,0.0007898469787855154,0.55,0.52552
597,0.83312,22,-11.0,-10.4,True,6238,5689,5.769753456115723,0.0007898093845365552,0.56,0.52596
598,0.83284,45,-45.0,-45.6,False,6279,5734,6.723989009857178,0.0007897717218430207,0.56,0.52686
599,0.83256,9,-18.0,-17.6,False,6288,5743,8.868623733520508,0.000789733990712498,0.56,0.52704
600,0.83228,11,0.0,0.4,True,6299,5754,6.679694175720215,0.0007896961911525868,0.57,0.5272600000000001
601,0.832,7,4.0,4.4,True,6306,5761,4.8746819496154785,0.0007896583231709008,0.57,0.5274000000000001
602,0.83172,11,0.0,0.4,True,6317,5772,6.272080898284912,0.0007896203867750674,0.58,0.52762
603,0.83144,2,-11.0,-10.8,False,6319,5774,6.47437858581543,0.0007895823819727277,0.58,0.52766
604,0.83116,1,10.0,10.0,True,6320,5775,6.213184833526611,0.0007895443087715365,0.59,0.52768
605,0.83088,1,10.0,10.0,True,6321,5776,8.855337142944336,0.0007895061671791628,0.6,0.5277000000000001
606,0.8306,16,-25.0,-24.8,False,6337,5792,5.715987682342529,0.000789467957203289,0.6,0.52802
607,0.83032,7,4.0,4.4,True,6344,5799,7.478824138641357,0.0007894296788516114,0.6,0.52816
608,0.83004,7,4.0,4.4,True,6351,5806,7.9525837898254395,0.00078939133213184,0.61,0.5283
609,0.82976,3,8.0,8.0,True,6354,5809,7.101996898651123,0.0007893529170516985,0.61,0.52836
610,0.82948,8,3.0,3.2,True,6362,5817,6.180424213409424,0.0007893144336189247,0.61,0.52852
611,0.8292,1,-10.0,-10.0,False,6363,5818,5.8339924812316895,0.0007892758818412698,0.61,0.52854
612,0.82892,2,9.0,9.2,True,6365,5820,5.2517476081848145,0.000789237261726499,0.61,0.52858
613,0.82864,7,-16.0,-16.4,False,6372,5827,5.214524745941162,0.0007891985732823911,0.6,0.5287200000000001
614,0.82836,3,-12.0,-12.0,False,6375,5830,7.538209915161133,0.000789159816516739,0.59,0.52878
615,0.82808,4,7.0,7.2,True,6379,5834,5.617223739624023,0.0007891209914373487,0.59,0.52886
616,0.8278,2,9.0,9.2,True,6381,5836,6.96400785446167,0.0007890820980520407,0.59,0.5289
617,0.82752,27,-16.0,-15.2,True,6408,5863,6.659502029418945,0.0007890431363686488,0.59,0.52944
618,0.82724,25,-14.0,-14.0,True,6433,5888,7.7694525718688965,0.0007890041063950206,0.59,0.5299400000000001
619,0.82696,2,9.0,9.2,True,6435,5890,7.304991245269775,0.0007889650081390175,0.59,0.52998
620,0.82668,1,10.0,10.0,True,6436,5891,7.765171527862549,0.0007889258416085151,0.6,0.53
621,0.8264,1,10.0,10.0,True,6437,5892,7.020807266235352,0.0007888866068114018,0.61,0.53002
622,0.82612,3,-12.0,-12.0,False,6440,5895,6.7422614097595215,0.0007888473037555808,0.61,0.53008
623,0.82584,3,8.0,8.0,True,6443,5898,6.580663204193115,0.0007888079324489681,0.61,0.5301400000000001
624,0.82556,8,-17.0,-16.8,False,6451,5906,6.812675952911377,0.000788768492899494,0.61,0.5303
625,0.82528,3,8.0,8.0,True,6454,5909,8.528861999511719,0.0007887289851151027,0.62,0.53036
626,0.825,1,10.0,10.0,True,6455,5910,5.06749153137207,0.0007886894091037516,0.63,0.5303800000000001
627,0.82472,14,-23.0,-23.6,False,6469,5924,5.63958215713501,0.0007886497648734122,0.62,0.53066
628,0.82444,1,10.0,10.0,True,6470,5925,8.225265502929688,0.0007886100524320696,0.63,0.53068
629,0.82416,4,-13.0,-12.8,False,6474,5929,5.305327415466309,0.0007885702717877229,0.62,0.53076
630,0.82388,1,10.0,10.0,True,6475,5930,5.387062072753906,0.0007885304229483845,0.62,0.53078
631,0.8236,15,-24.0,-24.0,False,6490,5945,6.7633562088012695,0.0007884905059220808,0.61,0.53108
632,0.82332,3,-12.0,-11.6,False,6493,5948,5.73060417175293,0.000788450520716852,0.61,0.53114
633,0.82304,13,-22.0,-22.4,False,6506,5961,5.919966697692871,0.000788410467340752,0.6,0.5314
634,0.82276,18,-7.0,-6.4,True,6524,5979,6.081783294677734,0.0007883703458018482,0.61,0.53176
635,0.82248,4,-13.0,-12.8,False,6528,5983,6.767513275146484,0.000788330156108222,0.61,0.53184
636,0.8222,2,-11.0,-10.8,False,6530,5985,8.180486679077148,0.0007882898982679684,0.6,0.53188
637,0.82192,17,-26.0,-26.0,False,6547,6002,6.190698146820068,0.0007882495722891963,0.59,0.53222
638,0.82164,1,-10.0,-10.0,False,6548,6003,6.174887657165527,0.0007882091781800279,0.59,0.53224
639,0.82136,1,10.0,10.0,True,6549,6004,8.912492752075195,0.0007881687159485997,0.6,0.53226
640,0.82108,8,3.0,3.2,True,6557,6012,5.853904724121094,0.0007881281856030614,0.61,0.53242
641,0.8208,44,-53.0,-53.2,False,6601,6056,6.395816802978516,0.0007880875871515767,0.6,0.5333
642,0.82052,8,3.0,3.2,True,6609,6064,6.577536106109619,0.0007880469206023231,0.61,0.53346
643,0.82024,10,1.0,1.2,True,6619,6074,4.506594657897949,0.0007880061859634916,0.61,0.53366
644,0.81996,7,4.0,4.8,True,6626,6081,6.400523662567139,0.0007879653832432869,0.61,0.5338
645,0.81968,4,7.0,7.2,True,6630,6085,6.508049964904785,0.0007879245124499274,0.61,0.53388
646,0.8194,10,1.0,1.2,True,6640,6095,6.959999084472656,0.0007878835735916455,0.62,0.53408
647,0.81912,7,4.0,4.4,True,6647,6102,5.85173225402832,0.0007878425666766871,0.63,0.53422
648,0.81884,2,-11.0,-11.2,False,6649,6104,6.844566345214844,0.0007878014917133119,0.62,0.53426
649,0.81856,6,5.0,5.6,True,6655,6110,9.15756893157959,0.000787760348709793,0.63,0.5343800000000001
650,0.81828,10,1.0,1.2,True,6665,6120,8.35412883758545,0.0007877191376744177,0.64,0.53458
651,0.818,39,-28.0,-27.2,True,6704,6159,7.264150142669678,0.0007876778586154866,0.64,0.5353600000000001
652,0.81772,1,10.0,10.0,True,6705,6160,6.456519603729248,0.0007876365115413143,0.64,0.53538
653,0.81744,19,-28.0,-28.0,False,6724,6179,5.071620464324951,0.0007875950964602288,0.64,0.53576
654,0.81716,6,5.0,5.6,True,6730,6185,6.2714738845825195,0.000787553613380572,0.64,0.53588
655,0.81688,4,-13.0,-12.8,False,6734,6189,7.373867511749268,0.0007875120623106994,0.63,0.53596
656,0.8166,5,-14.0,-14.0,False,6739,6194,5.617023944854736,0.0007874704432589804,0.63,0.53606
657,0.81632,1,10.0,10.0,True,6740,6195,6.70566463470459,0.0007874287562337978,0.64,0.53608
658,0.81604,1,10.0,10.0,True,6741,6196,5.872457504272461,0.0007873870012435481,0.65,0.5361
659,0.81576,8,-17.0,-16.8,False,6749,6204,6.33618688583374,0.0007873451782966418,0.65,0.53626
660,0.81548,4,7.0,7.6,True,6753,6208,6.92856502532959,0.0007873032874015029,0.65,0.53634
661,0.8152,10,1.0,1.6,True,6763,6218,6.066912651062012,0.000787261328566569,0.66,0.53654
662,0.81492,16,-5.0,-4.4,True,6779,6234,8.30911922454834,0.0007872193018002914,0.67,0.53686
663,0.81464,18,-7.0,-6.4,True,6797,6252,8.77109146118164,0.0007871772071111353,0.68,0.53722
664,0.81436,10,1.0,1.2,True,6807,6262,8.324432373046875,0.0007871350445075794,0.68,0.53742
665,0.81408,6,-15.0,-14.8,False,6813,6268,6.824414253234863,0.0007870928139981161,0.67,0.53754
666,0.8138,14,-3.0,-2.8,True,6827,6282,6.378020286560059,0.0007870505155912513,0.68,0.53782
667,0.81352,10,1.0,1.6,True,6837,6292,6.293740749359131,0.0007870081492955052,0.69,0.53802
668,0.81324,8,-17.0,-17.2,False,6845,6300,6.265725612640381,0.0007869657151194108,0.68,0.53818
669,0.81296,1,10.0,10.0,True,6846,6301,7.884917259216309,0.0007869232130715154,0.68,0.5382
670,0.81268,17,-6.0,-6.0,True,6863,6318,6.468704700469971,0.0007868806431603799,0.68,0.53854
671,0.8124,3,8.0,8.4,True,6866,6321,6.749879837036133,0.0007868380053945787,0.68,0.5386
672,0.81212,6,5.0,5.6,True,6872,6327,5.466627597808838,0.0007867952997826996,0.68,0.53872
673,0.81184,5,-14.0,-14.4,False,6877,6332,8.423813819885254,0.0007867525263333448,0.68,0.5388200000000001
674,0.81156,1,10.0,10.0,True,6878,6333,6.7139692306518555,0.0007867096850551296,0.68,0.53884
675,0.81128,19,-28.0,-28.4,False,6897,6352,5.353189945220947,0.000786666775956683,0.67,0.53922
676,0.811,15,-24.0,-23.6,False,6912,6367,5.608970642089844,0.0007866237990466479,0.66,0.53952
677,0.81072,2,9.0,9.2,True,6914,6369,5.967896461486816,0.0007865807543336807,0.66,0.53956
678,0.81044,1,10.0,10.0,True,6915,6370,7.797114372253418,0.0007865376418264516,0.66,0.53958
679,0.81016,1,10.0,10.0,True,6916,6371,6.699891090393066,0.0007864944615336441,0.66,0.5396000000000001
680,0.80988,22,-11.0,-10.4,True,6938,6393,6.2092180252075195,0.0007864512134639558,0.66,0.5400400000000001
681,0.8096,7,4.0,4.0,True,6945,6400,6.4256463050842285,0.0007864078976260976,0.67,0.54018
682,0.80932,5,6.0,6.4,True,6950,6405,4.809206008911133,0.0007863645140287944,0.68,0.54028
683,0.80904,8,3.0,3.2,True,6958,6413,6.279969692230225,0.0007863210626807844,0.68,0.54044
684,0.80876,1,10.0,10.0,True,6959,6414,7.983648777008057,0.0007862775435908194,0.68,0.54046
685,0.80848,19,-8.0,-7.6,True,6978,6433,7.3683037757873535,0.0007862339567676654,0.69,0.54084
686,0.8082,11,-20.0,-20.4,False,6989,6444,7.375181198120117,0.0007861903022201016,0.68,0.54106
687,0.80792,3,-12.0,-12.0,False,6992,6447,8.108766555786133,0.0007861465799569207,0.68,0.54112
688,0.80764,15,-4.0,-3.6,True,7007,6462,6.291577339172363,0.0007861027899869295,0.68,0.54142
689,0.80736,26,-35.0,-35.2,False,7033,6488,6.663692474365234,0.0007860589323189481,0.67,0.5419400000000001
690,0.80708,4,7.0,7.2,True,7037,6492,5.2577223777771,0.0007860150069618103,0.68,0.54202
691,0.8068,7,4.0,4.8,True,7044,6499,7.352394104003906,0.0007859710139243637,0.68,0.54216
692,0.80652,3,8.0,8.4,True,7047,6502,5.966361999511719,0.0007859269532154692,0.68,0.54222
693,0.80624,1,-10.0,-10.0,False,7048,6503,7.55496072769165,0.0007858828248440017,0.67,0.54224
694,0.80596,3,8.0,8.4,True,7051,6506,6.888411998748779,0.0007858386288188494,0.67,0.5423
695,0.80568,7,4.0,4.4,True,7058,6513,5.850484371185303,0.0007857943651489144,0.67,0.54244
696,0.8054,1,-10.0,-10.0,False,7059,6514,6.440226078033447,0.0007857500338431122,0.66,0.54246
697,0.80512,2,-11.0,-10.8,False,7061,6516,7.4392876625061035,0.0007857056349103723,0.65,0.5425
698,0.80484,2,9.0,9.2,True,7063,6518,7.868514060974121,0.0007856611683596372,0.66,0.54254
699,0.80456,1,10.0,10.0,True,7064,6519,5.6361589431762695,0.0007856166341998637,0.67,0.54256
700,0.80428,23,-12.0,-11.6,True,7087,6542,9.184029579162598,0.0007855720324400216,0.67,0.5430200000000001
701,0.804,1,10.0,10.0,True,7088,6543,8.396367073059082,0.0007855273630890949,0.67,0.54304
702,0.80372,2,9.0,9.2,True,7090,6545,6.73024320602417,0.0007854826261560807,0.67,0.54308
703,0.80344,17,-6.0,-6.0,True,7107,6562,7.52473258972168,0.00078543782164999,0.68,0.54342
704,0.80316,39,-48.0,-47.6,False,7146,6601,7.76272439956665,0.0007853929495798474,0.67,0.5442
705,0.80288,3,-12.0,-11.6,False,7149,6604,6.460696220397949,0.000785348009954691,0.66,0.54426
706,0.8026,24,-13.0,-12.4,True,7173,6628,8.102359771728516,0.0007853030027835725,0.67,0.54474
707,0.80232,10,1.0,1.6,True,7183,6638,7.727347373962402,0.0007852579280755574,0.67,0.54494
708,0.80204,1,10.0,10.0,True,7184,6639,7.665108680725098,0.0007852127858397246,0.67,0.54496
709,0.80176,4,7.0,7.2,True,7188,6643,6.005095958709717,0.0007851675760851668,0.67,0.54504
710,0.80148,1,10.0,10.0,True,7189,6644,9.004426956176758,0.00078512229882099,0.67,0.54506
711,0.8012,38,-27.0,-26.4,True,7227,6682,6.6096625328063965,0.000785076954056314,0.68,0.54582
712,0.80092,6,-15.0,-14.8,False,7233,6688,6.576178550720215,0.000785031541800272,0.67,0.54594
713,0.80064,5,-14.0,-14.4,False,7238,6693,6.558154106140137,0.0007849860620620113,0.67,0.5460400000000001
714,0.80036,24,-33.0,-32.8,False,7262,6717,6.0327606201171875,0.0007849405148506925,0.67,0.54652
715,0.80008,7,-16.0,-16.0,False,7269,6724,6.916167259216309,0.0007848949001754893,0.66,0.54666
716,0.7998,10,-19.0,-19.6,False,7279,6734,5.895305633544922,0.0007848492180455897,0.65,0.54686
717,0.79952,2,9.0,9.2,True,7281,6736,6.622287750244141,0.000784803468470195,0.65,0.5468999999999999
718,0.79924,1,10.0,10.0,True,7282,6737,5.280616760253906,0.00078475765145852,0.65,0.5469200000000001
719,0.79896,1,-10.0,-10.0,False,7283,6738,7.439503192901611,0.0007847117670197933,0.64,0.54694
720,0.79868,2,-11.0,-11.2,False,7285,6740,6.289146900177002,0.000784665815163257,0.63,0.54698
721,0.7984,4,-13.0,-12.8,False,7289,6744,7.023151874542236,0.0007846197958981668,0.62,0.54706
722,0.79812,2,-11.0,-10.8,False,7291,6746,7.633918762207031,0.0007845737092337917,0.62,0.5471
723,0.79784,5,-14.0,-14.4,False,7296,6751,7.358495235443115,0.0007845275551794145,0.61,0.5472
724,0.79756,1,-10.0,-10.0,False,7297,6752,7.0546159744262695,0.0007844813337443318,0.61,0.54722
725,0.79728,1,10.0,10.0,True,7298,6753,7.381849765777588,0.0007844350449378535,0.61,0.5472400000000001
726,0.797,1,-10.0,-10.0,False,7299,6754,6.439591407775879,0.0007843886887693029,0.6,0.5472600000000001
727,0.79672,1,10.0,10.0,True,7300,6755,6.388171195983887,0.0007843422652480173,0.61,0.54728
728,0.79644,32,-41.0,-40.8,False,7332,6787,5.396388053894043,0.0007842957743833471,0.6,0.54792
729,0.79616,1,10.0,10.0,True,7333,6788,7.413583755493164,0.0007842492161846569,0.61,0.54794
730,0.79588,9,2.0,2.4,True,7342,6797,8.601412773132324,0.0007842025906613241,0.61,0.54812
731,0.7956,3,-12.0,-12.4,False,7345,6800,4.811358451843262,0.0007841558978227402,0.61,0.54818
732,0.79532,10,-19.0,-18.4,False,7355,6810,5.5485944747924805,0.0007841091376783101,0.61,0.54838
733,0.79504,4,7.0,7.6,True,7359,6814,5.313769340515137,0.0007840623102374522,0.62,0.5484600000000001
734,0.79476,5,-14.0,-14.0,False,7364,6819,5.678603649139404,0.0007840154155095986,0.61,0.54856
735,0.79448,4,-13.0,-12.8,False,7368,6823,5.0317487716674805,0.0007839684535041948,0.61,0.54864
736,0.7942,1,10.0,10.0,True,7369,6824,7.146765232086182,0.0007839214242307,0.62,0.54866
737,0.79392,4,-13.0,-12.8,False,7373,6828,5.63205623626709,0.0007838743276985866,0.62,0.54874
738,0.79364,1,-10.0,-10.0,False,7374,6829,6.610133171081543,0.000783827163917341,0.62,0.54876
739,0.79336,2,-11.0,-11.2,False,7376,6831,5.467253684997559,0.000783779932896463,0.61,0.5488
740,0.79308,15,-24.0,-23.6,False,7391,6846,6.759805202484131,0.0007837326346454659,0.6,0.5491
741,0.7928,4,7.0,7.2,True,7395,6850,7.672904968261719,0.0007836852691738764,0.61,0.54918
742,0.79252,7,4.0,4.4,True,7402,6857,5.906447410583496,0.000783637836491235,0.61,0.54932
743,0.79224,17,-6.0,-5.6,True,7419,6874,4.601293563842773,0.0007835903366070954,0.61,0.54966
744,0.79196,3,-12.0,-12.0,False,7422,6877,5.997747898101807,0.0007835427695310254,0.6,0.54972
745,0.79168,26,-35.0,-34.4,False,7448,6903,6.233903884887695,0.0007834951352726057,0.59,0.5502400000000001
746,0.7914,3,-12.0,-12.4,False,7451,6906,7.800090312957764,0.0007834474338414308,0.58,0.5503
747,0.79112,12,-21.0,-20.8,False,7463,6918,5.482295036315918,0.000783399665247109,0.57,0.55054
748,0.79084,11,0.0,0.4,True,7474,6929,6.7694926261901855,0.0007833518294992617,0.58,0.55076
749,0.79056,1,10.0,10.0,True,7475,6930,5.710943698883057,0.000783303926607524,0.58,0.55078
750,0.79028,14,-23.0,-22.8,False,7489,6944,6.258565902709961,0.0007832559565815446,0.57,0.55106
751,0.79,13,-2.0,-1.6,True,7502,6957,6.730352878570557,0.0007832079194309856,0.57,0.55132
752,0.78972,2,-11.0,-10.8,False,7504,6959,8.049696922302246,0.0007831598151655226,0.56,0.55136
753,0.78944,1,-10.0,-10.0,False,7505,6960,5.983068466186523,0.0007831116437948449,0.56,0.55138
754,0.78916,5,-14.0,-14.0,False,7510,6965,6.855178356170654,0.000783063405328655,0.55,0.55148
755,0.78888,25,-14.0,-13.6,True,7535,6990,7.635158061981201,0.0007830150997766694,0.56,0.55198
756,0.7886,1,10.0,10.0,True,7536,6991,7.086093902587891,0.0007829667271486178,0.57,0.552
757,0.78832,5,6.0,6.4,True,7541,6996,6.951514720916748,0.0007829182874542431,0.57,0.5521
758,0.78804,8,3.0,3.2,True,7549,7004,8.360737800598145,0.0007828697807033024,0.57,0.55226
759,0.78776,1,10.0,10.0,True,7550,7005,6.640137672424316,0.0007828212069055659,0.58,0.55228
760,0.78748,6,5.0,5.2,True,7556,7011,6.6303629875183105,0.0007827725660708172,0.58,0.5524
761,0.7872,3,8.0,8.0,True,7559,7014,6.079558372497559,0.0007827238582088536,0.58,0.55246
762,0.78692,1,10.0,10.0,True,7560,7015,5.638603210449219,0.000782675083329486,0.58,0.55248
763,0.78664,8,3.0,3.2,True,7568,7023,5.460175037384033,0.0007826262414425386,0.58,0.55264
764,0.78636,4,7.0,7.6,True,7572,7027,6.133734226226807,0.0007825773325578491,0.58,0.55272
765,0.78608,9,-18.0,-18.0,False,7581,7036,5.760158061981201,0.0007825283566852688,0.58,0.5529000000000001
766,0.7858,2,-11.0,-11.2,False,7583,7038,7.382087707519531,0.0007824793138346625,0.57,0.55294
767,0.78552,10,-19.0,-18.8,False,7593,7048,6.228850841522217,0.0007824302040159081,0.56,0.55314
768,0.78524,13,-2.0,-1.6,True,7606,7061,5.726597785949707,0.0007823810272388978,0.57,0.5534
769,0.78496,4,7.0,7.2,True,7610,7065,7.587684154510498,0.0007823317835135365,0.57,0.55348
770,0.78468,10,-19.0,-18.4,False,7620,7075,5.981027603149414,0.0007822824728497431,0.56,0.55368
771,0.7844,2,9.0,9.2,True,7622,7077,7.457883834838867,0.0007822330952574496,0.56,0.55372
772,0.78412,9,2.0,2.4,True,7631,7086,7.491552829742432,0.0007821836507466018,0.56,0.5539000000000001
773,0.78384,11,0.0,-0.0,True,7642,7097,7.498725891113281,0.0007821341393271587,0.57,0.5541200000000001
774,0.78356,18,-7.0,-6.4,True,7660,7115,8.583398818969727,0.000782084561009093,0.57,0.5544800000000001
775,0.78328,9,2.0,2.4,True,7669,7124,8.699272155761719,0.0007820349158023908,0.58,0.55466
776,0.783,4,-13.0,-12.4,False,7673,7128,8.03994369506836,0.0007819852037170516,0.58,0.55474
777,0.78272,4,7.0,7.2,True,7677,7132,6.464447021484375,0.0007819354247630885,0.58,0.55482
778,0.78244,23,-32.0,-32.0,False,7700,7155,8.233295440673828,0.0007818855789505279,0.57,0.55528
779,0.78216,2,9.0,9.2,True,7702,7157,7.126347064971924,0.0007818356662894099,0.57,0.55532
780,0.78188,1,10.0,10.0,True,7703,7158,5.3508124351501465,0.0007817856867897878,0.57,0.5553400000000001
781,0.7816,8,3.0,3.2,True,7711,7166,5.567687034606934,0.0007817356404617287,0.57,0.5555
782,0.78132,31,-40.0,-40.0,False,7742,7197,4.65018892288208,0.0007816855273153128,0.56,0.55612
783,0.78104,4,7.0,7.2,True,7746,7201,5.9075117111206055,0.0007816353473606339,0.56,0.5562
784,0.78076,5,6.0,6.4,True,7751,7206,5.94040584564209,0.0007815851006077992,0.56,0.5563
785,0.78048,20,-29.0,-28.8,False,7771,7226,5.38173770904541,0.0007815347870669296,0.55,0.5567
786,0.7802,8,-17.0,-16.8,False,7779,7234,7.1849212646484375,0.0007814844067481593,0.55,0.55686
787,0.77992,6,-15.0,-15.2,False,7785,7240,8.674091339111328,0.0007814339596616357,0.55,0.55698
788,0.77964,1,10.0,10.0,True,7786,7241,6.305666923522949,0.00078138344581752,0.55,0.557
789,0.77936,9,2.0,2.4,True,7795,7250,6.076253890991211,0.0007813328652259868,0.56,0.55718
790,0.77908,39,-28.0,-27.6,True,7834,7289,6.273932456970215,0.000781282217897224,0.56,0.55796
791,0.7788,45,-45.0,-45.6,False,7875,7334,7.718164920806885,0.0007812315038414332,0.55,0.55886
792,0.77852,5,6.0,6.4,True,7880,7339,7.466823577880859,0.0007811807230688288,0.55,0.55896
793,0.77824,8,3.0,3.2,True,7888,7347,7.8759846687316895,0.0007811298755896394,0.56,0.5591200000000001
794,0.77796,8,3.0,4.0,True,7896,7355,5.1923322677612305,0.0007810789614141068,0.56,0.55928
795,0.77768,9,2.0,2.4,True,7905,7364,5.562747478485107,0.000781027980552486,0.56,0.5594600000000001
796,0.7774,5,-14.0,-13.6,False,7910,7369,8.231785774230957,0.0007809769330150456,0.56,0.5595600000000001
797,0.77712,10,1.0,1.2,True,7920,7379,6.639765739440918,0.0007809258188120678,0.57,0.55976
798,0.77684,9,2.0,2.4,True,7929,7388,6.071033477783203,0.0007808746379538477,0.57,0.55994
799,0.77656,10,1.0,1.6,True,7939,7398,6.884690284729004,0.0007808233904506945,0.57,0.5601400000000001
800,0.77628,3,-12.0,-11.6,False,7942,7401,6.1226091384887695,0.0007807720763129304,0.56,0.5602
801,0.776,5,6.0,6.4,True,7947,7406,5.765395164489746,0.000780720695550891,0.56,0.5603
802,0.77572,1,10.0,10.0,True,7948,7407,6.779130458831787,0.0007806692481749255,0.56,0.56032
803,0.77544,1,10.0,10.0,True,7949,7408,5.407780647277832,0.0007806177341953966,0.56,0.5603400000000001
804,0.77516,19,-8.0,-8.0,True,7968,7427,5.630586624145508,0.00078056615362268,0.57,0.56072
805,0.77488,23,-32.0,-31.6,False,7991,7450,7.467077732086182,0.0007805145064671654,0.57,0.56118
806,0.7746,7,4.0,4.4,True,7998,7457,5.718262195587158,0.0007804627927392553,0.57,0.56132
807,0.77432,1,10.0,10.0,True,7999,7458,8.18824577331543,0.0007804110124493663,0.57,0.56134
808,0.77404,6,5.0,5.2,True,8005,7464,6.477936744689941,0.0007803591656079274,0.57,0.5614600000000001
809,0.77376,8,-17.0,-17.2,False,8013,7472,7.569448471069336,0.0007803072522253821,0.56,0.56162
810,0.77348,3,8.0,8.0,True,8016,7475,6.364383697509766,0.0007802552723121868,0.56,0.5616800000000001
811,0.7732,8,-17.0,-17.2,False,8024,7483,6.829719066619873,0.000780203225878811,0.55,0.56184
812,0.77292,2,9.0,9.2,True,8026,7485,7.740920543670654,0.0007801511129357382,0.56,0.56188
813,0.77264,5,6.0,6.4,True,8031,7490,6.546175003051758,0.000780098933493465,0.57,0.56198
814,0.77236,2,9.0,9.2,True,8033,7492,6.644371032714844,0.0007800466875625014,0.58,0.56202
815,0.77208,3,8.0,8.4,True,8036,7495,6.6396589279174805,0.0007799943751533705,0.59,0.56208
816,0.7718,30,-39.0,-38.8,False,8066,7525,6.070503234863281,0.0007799419962766095,0.59,0.5626800000000001
817,0.77152,2,9.0,9.2,True,8068,7527,6.609399795532227,0.0007798895509427685,0.59,0.56272
818,0.77124,1,-10.0,-10.0,False,8069,7528,6.231484413146973,0.0007798370391624109,0.58,0.56274
819,0.77096,4,-13.0,-13.2,False,8073,7532,8.219793319702148,0.0007797844609461137,0.58,0.56282
820,0.77068,8,3.0,3.2,True,8081,7540,5.893507957458496,0.0007797318163044674,0.59,0.56298
821,0.7704,3,8.0,8.0,True,8084,7543,6.225790977478027,0.0007796791052480755,0.6,0.56304
822,0.77012,7,4.0,4.4,True,8091,7550,6.029223442077637,0.0007796263277875551,0.61,0.56318
823,0.76984,3,-12.0,-11.6,False,8094,7553,6.818625450134277,0.0007795734839335368,0.61,0.56324
824,0.76956,8,3.0,3.6,True,8102,7561,5.151618480682373,0.0007795205736966644,0.62,0.5634
825,0.76928,1,10.0,10.0,True,8103,7562,5.847569942474365,0.0007794675970875949,0.62,0.56342
826,0.769,1,10.0,10.0,True,8104,7563,5.9248948097229,0.0007794145541169991,0.63,0.5634399999999999
827,0.76872,4,7.0,7.2,True,8108,7567,5.840259552001953,0.000779361444795561,0.63,0.56352
828,0.76844,45,-45.0,-45.2,False,8149,7612,5.8870086669921875,0.0007793082691339776,0.63,0.56442
829,0.76816,2,-11.0,-10.8,False,8151,7614,6.252197742462158,0.0007792550271429598,0.62,0.56446
830,0.76788,1,10.0,10.0,True,8152,7615,5.238807201385498,0.0007792017188332317,0.62,0.56448
831,0.7676,14,-3.0,-2.4,True,8166,7629,4.908031463623047,0.0007791483442155306,0.63,0.56476
832,0.76732,1,-10.0,-10.0,False,8167,7630,5.973753452301025,0.0007790949033006072,0.63,0.5647800000000001
833,0.76704,2,-11.0,-10.8,False,8169,7632,6.109023094177246,0.0007790413960992254,0.62,0.56482
834,0.76676,8,-17.0,-17.2,False,8177,7640,6.927916049957275,0.0007789878226221631,0.62,0.56498
835,0.76648,13,-2.0,-1.6,True,8190,7653,5.082729816436768,0.0007789341828802108,0.63,0.56524
836,0.7662,12,-21.0,-21.2,False,8202,7665,7.216534614562988,0.0007788804768841727,0.62,0.56548
837,0.76592,7,4.0,4.0,True,8209,7672,5.475903034210205,0.0007788267046448662,0.63,0.56562
838,0.76564,28,-37.0,-36.8,False,8237,7700,7.6151123046875,0.0007787728661731222,0.63,0.56618
839,0.76536,10,-19.0,-18.8,False,8247,7710,7.722296714782715,0.0007787189614797849,0.63,0.56638
840,0.76508,2,-11.0,-10.8,False,8249,7712,6.685091495513916,0.0007786649905757118,0.63,0.56642
841,0.7648,2,9.0,9.2,True,8251,7714,6.662898063659668,0.0007786109534717736,0.63,0.56646
842,0.76452,39,-28.0,-27.6,True,8290,7753,8.042547225952148,0.0007785568501788549,0.63,0.56724
843,0.76424,9,2.0,2.8,True,8299,7762,6.148157596588135,0.0007785026807078528,0.63,0.56742
844,0.76396,1,-10.0,-10.0,False,8300,7763,6.310693264007568,0.0007784484450696782,0.63,0.56744
845,0.76368,1,10.0,10.0,True,8301,7764,6.868863105773926,0.0007783941432752553,0.64,0.5674600000000001
846,0.7634,9,2.0,2.4,True,8310,7773,4.613361358642578,0.0007783397753355218,0.65,0.56764
847,0.76312,10,1.0,1.2,True,8320,7783,6.401883125305176,0.0007782853412614283,0.66,0.56784
848,0.76284,1,10.0,10.0,True,8321,7784,6.106736183166504,0.0007782308410639391,0.66,0.56786
849,0.76256,1,10.0,10.0,True,8322,7785,7.195223331451416,0.0007781762747540313,0.66,0.56788
850,0.76228,22,-31.0,-30.8,False,8344,7807,6.097680568695068,0.0007781216423426961,0.66,0.56832
851,0.762,23,-32.0,-32.0,False,8367,7830,7.632693290710449,0.0007780669438409373,0.65,0.5687800000000001
852,0.76172,1,10.0,10.0,True,8368,7831,7.108727931976318,0.0007780121792597725,0.66,0.5688
853,0.76144,6,5.0,5.2,True,8374,7837,6.032440185546875,0.0007779573486102323,0.67,0.5689200000000001
854,0.76116,2,9.0,9.2,True,8376,7839,5.911801815032959,0.0007779024519033608,0.68,0.56896
855,0.76088,17,-26.0,-25.6,False,8393,7856,6.933627128601074,0.0007778474891502151,0.67,0.5693
856,0.7606,2,9.0,9.2,True,8395,7858,5.835890769958496,0.0007777924603618662,0.67,0.56934
857,0.76032,1,10.0,10.0,True,8396,7859,4.502988815307617,0.0007777373655493976,0.67,0.56936
858,0.76004,6,5.0,5.6,True,8402,7865,6.567793846130371,0.0007776822047239068,0.67,0.56948
859,0.75976,36,-25.0,-24.8,True,8438,7901,6.375548839569092,0.0007776269778965042,0.67,0.5702
860,0.75948,2,9.0,9.2,True,8440,7903,5.131801605224609,0.0007775716850783138,0.67,0.5702400000000001
861,0.7592,1,10.0,10.0,True,8441,7904,5.8901801109313965,0.0007775163262804725,0.67,0.57026
862,0.75892,9,2.0,2.4,True,8450,7913,6.717433452606201,0.0007774609015141308,0.67,0.5704400000000001
863,0.75864,15,-4.0,-3.6,True,8465,7928,7.602574348449707,0.0007774054107904523,0.67,0.57074
864,0.75836,7,4.0,4.8,True,8472,7935,5.678199768066406,0.0007773498541206141,0.67,0.57088
865,0.75808,8,3.0,3.2,True,8480,7943,6.713484287261963,0.0007772942315158063,0.68,0.57104
866,0.7578,16,-5.0,-4.8,True,8496,7959,7.484397888183594,0.0007772385429872325,0.69,0.5713600000000001
867,0.75752,4,7.0,7.2,True,8500,7963,8.552295684814453,0.0007771827885461097,0.7,0.5714400000000001
868,0.75724,2,-11.0,-11.2,False,8502,7965,5.305422306060791,0.0007771269682036677,0.69,0.57148
869,0.75696,3,8.0,8.0,True,8505,7968,5.191769599914551,0.00077707108197115,0.69,0.57154
870,0.75668,5,6.0,6.0,True,8510,7973,5.70149564743042,0.0007770151298598132,0.7,0.57164
871,0.7564,10,1.0,1.6,True,8520,7983,4.504782676696777,0.0007769591118809271,0.7,0.57184
872,0.75612,8,-17.0,-16.8,False,8528,7991,5.344297409057617,0.0007769030280457749,0.69,0.5720000000000001
873,0.75584,1,-10.0,-10.0,False,8529,7992,5.058879375457764,0.0007768468783656533,0.68,0.57202
874,0.75556,14,-3.0,-2.8,True,8543,8006,6.653907775878906,0.0007767906628518717,0.68,0.5723
875,0.75528,1,10.0,10.0,True,8544,8007,7.148409366607666,0.0007767343815157532,0.68,0.57232
876,0.755,4,7.0,7.6,True,8548,8011,7.464896202087402,0.000776678034368634,0.69,0.5724
877,0.75472,6,5.0,5.2,True,8554,8017,6.273448944091797,0.0007766216214218635,0.69,0.57252
878,0.75444,2,9.0,9.2,True,8556,8019,5.139948844909668,0.0007765651426868045,0.7,0.5725600000000001
879,0.75416,1,10.0,10.0,True,8557,8020,6.531764030456543,0.000776508598174833,0.7,0.5725800000000001
880,0.75388,15,-24.0,-24.0,False,8572,8035,6.839848518371582,0.000776451987897338,0.69,0.5728800000000001
881,0.7536,11,0.0,0.4,True,8583,8046,5.768238067626953,0.0007763953118657222,0.69,0.5730999999999999
882,0.75332,6,5.0,5.2,True,8589,8052,6.382287502288818,0.0007763385700914012,0.7,0.5732200000000001
883,0.75304,2,-11.0,-10.8,False,8591,8054,7.72163200378418,0.000776281762585804,0.69,0.57326
884,0.75276,15,-24.0,-24.0,False,8606,8069,6.623945713043213,0.0007762248893603728,0.68,0.5735600000000001
885,0.75248,3,8.0,8.4,True,8609,8072,4.934756278991699,0.0007761679504265632,0.69,0.57362
886,0.7522,17,-6.0,-5.6,True,8626,8089,5.280707359313965,0.0007761109457958435,0.7,0.57396
887,0.75192,1,10.0,10.0,True,8627,8090,6.3332438468933105,0.000776053875479696,0.71,0.57398
888,0.75164,1,-10.0,-10.0,False,8628,8091,6.341729164123535,0.0007759967394896155,0.7,0.5740000000000001
889,0.75136,4,7.0,7.6,True,8632,8095,5.896568298339844,0.0007759395378371105,0.7,0.57408
890,0.75108,6,5.0,5.6,True,8638,8101,4.729560375213623,0.0007758822705337025,0.7,0.5742
891,0.7508,6,5.0,5.6,True,8644,8107,6.006969451904297,0.0007758249375909265,0.71,0.5743199999999999
892,0.75052,2,9.0,9.2,True,8646,8109,6.7644782066345215,0.0007757675390203303,0.71,0.57436
893,0.75024,1,10.0,10.0,True,8647,8110,6.319833755493164,0.0007757100748334754,0.71,0.57438
894,0.74996,10,-19.0,-18.4,False,8657,8120,6.00958251953125,0.0007756525450419362,0.7,0.57458
895,0.74968,1,10.0,10.0,True,8658,8121,5.859551906585693,0.0007755949496573002,0.7,0.5746
896,0.7494,2,9.0,9.2,True,8660,8123,4.93805456161499,0.0007755372886911684,0.71,0.57464
897,0.74912,2,9.0,9.2,True,8662,8125,5.623434066772461,0.0007754795621551549,0.71,0.5746800000000001
898,0.74884,1,10.0,10.0,True,8663,8126,5.810332298278809,0.000775421770060887,0.71,0.5747
899,0.74856,1,-10.0,-10.0,False,8664,8127,5.645942687988281,0.0007753639124200054,0.7,0.57472
900,0.74828,34,-43.0,-42.8,False,8698,8161,5.344847679138184,0.0007753059892441634,0.7,0.5754
901,0.748,14,-3.0,-2.8,True,8712,8175,5.728368759155273,0.0007752480005450282,0.7,0.57568
902,0.74772,3,8.0,8.0,True,8715,8178,6.342817306518555,0.0007751899463342798,0.7,0.57574
903,0.74744,3,8.0,8.4,True,8718,8181,7.086120128631592,0.0007751318266236118,0.7,0.5758
904,0.74716,1,-10.0,-10.0,False,8719,8182,4.8904595375061035,0.0007750736414247302,0.69,0.57582
905,0.74688,5,-14.0,-14.0,False,8724,8187,4.708716869354248,0.0007750153907493551,0.69,0.57592
906,0.7466,1,-10.0,-10.0,False,8725,8188,4.638110637664795,0.0007749570746092191,0.68,0.57594
907,0.74632,9,2.0,2.4,True,8734,8197,7.1331071853637695,0.0007748986930160686,0.68,0.57612
908,0.74604,25,-14.0,-13.6,True,8759,8222,6.3413262367248535,0.0007748402459816626,0.68,0.57662
909,0.74576,29,-18.0,-17.2,True,8788,8251,6.409156322479248,0.0007747817335177736,0.69,0.5772
910,0.74548,45,-45.0,-45.2,False,8829,8296,6.555405139923096,0.0007747231556361873,0.68,0.5781000000000001
911,0.7452,1,-10.0,-10.0,False,8830,8297,5.326972961425781,0.0007746645123487022,0.68,0.57812
912,0.74492,1,10.0,10.0,True,8831,8298,6.121299743652344,0.0007746058036671305,0.68,0.57814
913,0.74464,1,10.0,10.0,True,8832,8299,5.7566447257995605,0.0007745470296032972,0.68,0.57816
914,0.74436,12,-1.0,-0.8,True,8844,8311,6.816229343414307,0.0007744881901690408,0.68,0.5784
915,0.74408,7,-16.0,-16.0,False,8851,8318,6.085413932800293,0.0007744292853762127,0.67,0.57854
916,0.7438,2,9.0,9.2,True,8853,8320,4.991871356964111,0.0007743703152366775,0.68,0.5785800000000001
917,0.74352,1,10.0,10.0,True,8854,8321,5.685490608215332,0.0007743112797623128,0.68,0.5786
918,0.74324,2,9.0,9.2,True,8856,8323,5.93326997756958,0.0007742521789650098,0.69,0.57864
919,0.74296,3,8.0,8.0,True,8859,8326,6.636878490447998,0.0007741930128566726,0.7,0.5787
920,0.74268,1,10.0,10.0,True,8860,8327,5.141088485717773,0.0007741337814492183,0.7,0.57872
921,0.7424,10,1.0,1.6,True,8870,8337,6.302940368652344,0.0007740744847545773,0.7,0.57892
922,0.74212,1,-10.0,-10.0,False,8871,8338,5.372773170471191,0.0007740151227846935,0.69,0.57894
923,0.74184,40,-29.0,-28.8,True,8911,8378,5.780158996582031,0.0007739556955515234,0.7,0.57974
924,0.74156,9,2.0,2.0,True,8920,8387,7.864243507385254,0.0007738962030670368,0.7,0.57992
925,0.74128,4,-13.0,-12.8,False,8924,8391,5.939733028411865,0.0007738366453432168,0.69,0.5800000000000001
926,0.741,16,-5.0,-4.8,True,8940,8407,5.606398582458496,0.0007737770223920595,0.69,0.58032
927,0.74072,1,-10.0,-10.0,False,8941,8408,5.671270370483398,0.0007737173342255742,0.68,0.58034
928,0.74044,2,9.0,9.2,True,8943,8410,6.056265354156494,0.0007736575808557834,0.69,0.58038
929,0.74016,3,8.0,8.4,True,8946,8413,5.580723762512207,0.0007735977622947226,0.7,0.5804400000000001
930,0.73988,1,-10.0,-10.0,False,8947,8414,4.636896133422852,0.0007735378785544404,0.69,0.58046
931,0.7396,5,6.0,6.4,True,8952,8419,6.209212779998779,0.0007734779296469987,0.69,0.58056
932,0.73932,1,10.0,10.0,True,8953,8420,6.066744804382324,0.0007734179155844724,0.7,0.58058
933,0.73904,6,5.0,5.2,True,8959,8426,6.554777145385742,0.0007733578363789496,0.71,0.5807
934,0.73876,1,10.0,10.0,True,8960,8427,6.12407922744751,0.0007732976920425315,0.72,0.58072
935,0.73848,2,-11.0,-11.2,False,8962,8429,5.632866859436035,0.0007732374825873323,0.71,0.58076
936,0.7382,1,-10.0,-10.0,False,8963,8430,5.120680332183838,0.0007731772080254794,0.71,0.5807800000000001
937,0.73792,8,3.0,3.6,True,8971,8438,5.854205131530762,0.0007731168683691136,0.71,0.58094
938,0.73764,2,-11.0,-10.8,False,8973,8440,5.205136299133301,0.0007730564636303884,0.71,0.58098
939,0.73736,9,2.0,2.0,True,8982,8449,6.878913879394531,0.0007729959938214703,0.72,0.58116
940,0.73708,1,-10.0,-10.0,False,8983,8450,7.474970817565918,0.0007729354589545395,0.72,0.58118
941,0.7368,2,9.0,9.2,True,8985,8452,6.423904895782471,0.0007728748590417888,0.72,0.5812200000000001
942,0.73652,4,-13.0,-12.8,False,8989,8456,5.613131046295166,0.0007728141940954242,0.71,0.5813
943,0.73624,15,-4.0,-3.6,True,9004,8471,6.459789276123047,0.0007727534641276651,0.71,0.5816
944,0.73596,4,7.0,7.2,True,9008,8475,6.6574578285217285,0.0007726926691507436,0.72,0.58168
945,0.73568,9,2.0,2.4,True,9017,8484,6.290928363800049,0.000772631809176905,0.72,0.58186
946,0.7354,6,5.0,5.6,True,9023,8490,8.784382820129395,0.0007725708842184079,0.72,0.58198
947,0.73512,8,-17.0,-17.6,False,9031,8498,6.0241241455078125,0.0007725098942875237,0.71,0.58214
948,0.73484,1,-10.0,-10.0,False,9032,8499,7.098443984985352,0.0007724488393965371,0.7,0.58216
949,0.73456,2,9.0,9.2,True,9034,8501,7.383614540100098,0.0007723877195577458,0.7,0.5822
950,0.73428,5,-14.0,-13.6,False,9039,8506,4.394702911376953,0.0007723265347834605,0.7,0.5823
951,0.734,14,-3.0,-2.8,True,9053,8520,6.242963790893555,0.0007722652850860053,0.71,0.58258
952,0.73372,1,10.0,10.0,True,9054,8521,7.039959907531738,0.0007722039704777169,0.71,0.5826
953,0.73344,45,-45.0,-45.2,False,9095,8566,5.995554447174072,0.0007721425909709453,0.7,0.5835
954,0.73316,8,-17.0,-16.4,False,9103,8574,6.280910015106201,0.0007720811465780538,0.69,0.5836600000000001
955,0.73288,18,-7.0,-6.4,True,9121,8592,6.8102850914001465,0.0007720196373114185,0.7,0.58402
956,0.7326,34,-43.0,-42.8,False,9155,8626,6.009350299835205,0.0007719580631834285,0.69,0.5847
957,0.73232,15,-4.0,-3.6,True,9170,8641,7.756743431091309,0.0007718964242064863,0.69,0.585
958,0.73204,4,7.0,7.2,True,9174,8645,6.783241271972656,0.0007718347203930071,0.69,0.58508
959,0.73176,7,4.0,4.8,True,9181,8652,4.991653919219971,0.0007717729517554193,0.69,0.58522
960,0.73148,2,9.0,9.2,True,9183,8654,5.061367988586426,0.0007717111183061644,0.69,0.58526
961,0.7312,2,-11.0,-10.8,False,9185,8656,5.315184593200684,0.0007716492200576968,0.68,0.5853
962,0.73092,1,10.0,10.0,True,9186,8657,8.046363830566406,0.0007715872570224844,0.68,0.5853200000000001
963,0.73064,3,8.0,8.4,True,9189,8660,5.787483215332031,0.0007715252292130075,0.68,0.58538
964,0.73036,1,-10.0,-10.0,False,9190,8661,7.264377117156982,0.00077146313664176,0.67,0.5854
965,0.73008,13,-2.0,-1.6,True,9203,8674,6.733236789703369,0.0007714009793212484,0.67,0.5856600000000001
966,0.7298,1,10.0,10.0,True,9204,8675,5.309988021850586,0.0007713387572639926,0.67,0.58568
967,0.72952,12,-1.0,-0.4,True,9216,8687,6.399865627288818,0.0007712764704825254,0.67,0.58592
968,0.72924,45,-45.0,-44.8,False,9257,8732,5.923343658447266,0.0007712141189893927,0.67,0.58682
969,0.72896,1,10.0,10.0,True,9258,8733,5.316519260406494,0.0007711517027971532,0.67,0.58684
970,0.72868,7,4.0,4.8,True,9265,8740,8.301536560058594,0.0007710892219183789,0.67,0.5869800000000001
971,0.7284,13,-2.0,-1.6,True,9278,8753,5.412264823913574,0.0007710266763656548,0.67,0.58724
972,0.72812,1,-10.0,-10.0,False,9279,8754,4.701305389404297,0.0007709640661515787,0.67,0.58726
973,0.72784,4,7.0,7.2,True,9283,8758,6.533361911773682,0.0007709013912887618,0.68,0.58734
974,0.72756,6,5.0,5.2,True,9289,8764,8.052210807800293,0.0007708386517898277,0.68,0.58746
975,0.72728,7,-16.0,-16.0,False,9296,8771,5.6016011238098145,0.0007707758476674137,0.67,0.5876
976,0.727,1,10.0,10.0,True,9297,8772,6.024914264678955,0.0007707129789341698,0.67,0.58762
977,0.72672,10,1.0,1.2,True,9307,8782,6.473902225494385,0.0007706500456027592,0.67,0.58782
978,0.72644,4,7.0,7.2,True,9311,8786,5.650533199310303,0.0007705870476858577,0.67,0.5879
979,0.72616,6,5.0,5.2,True,9317,8792,4.617279529571533,0.0007705239851961545,0.67,0.58802
980,0.72588,42,-51.0,-50.8,False,9359,8834,5.821936130523682,0.0007704608581463518,0.67,0.5888599999999999
981,0.7256,14,-3.0,-2.4,True,9373,8848,6.604523181915283,0.0007703976665491644,0.67,0.58914
982,0.72532,8,3.0,3.2,True,9381,8856,6.328995227813721,0.0007703344104173205,0.67,0.5893
983,0.72504,1,10.0,10.0,True,9382,8857,7.246980667114258,0.0007702710897635613,0.68,0.5893200000000001
984,0.72476,6,-15.0,-15.2,False,9388,8863,5.4444780349731445,0.0007702077046006408,0.68,0.58944
985,0.72448,4,-13.0,-12.8,False,9392,8867,7.266435146331787,0.0007701442549413261,0.67,0.58952
986,0.7242,18,-7.0,-6.8,True,9410,8885,8.172491073608398,0.0007700807407983972,0.67,0.58988
987,0.72392,7,4.0,4.4,True,9417,8892,6.027312755584717,0.0007700171621846472,0.67,0.59002
988,0.72364,11,-20.0,-19.6,False,9428,8903,4.9378180503845215,0.0007699535191128821,0.67,0.59024
989,0.72336,9,-18.0,-18.4,False,9437,8912,4.977175712585449,0.0007698898115959208,0.66,0.5904200000000001
990,0.72308,2,9.0,9.2,True,9439,8914,6.242883205413818,0.0007698260396465956,0.66,0.59046
991,0.7228,6,5.0,5.6,True,9445,8920,4.856533050537109,0.0007697622032777513,0.66,0.59058
992,0.72252,3,8.0,8.4,True,9448,8923,5.973714828491211,0.0007696983025022458,0.66,0.59064
993,0.72224,2,9.0,9.2,True,9450,8925,5.7605743408203125,0.00076963433733295,0.66,0.5906800000000001
994,0.72196,16,-5.0,-4.4,True,9466,8941,6.236624717712402,0.0007695703077827481,0.67,0.591
995,0.72168,1,-10.0,-10.0,False,9467,8942,5.495921611785889,0.0007695062138645366,0.66,0.59102
996,0.7214,4,7.0,7.6,True,9471,8946,5.595967769622803,0.0007694420555912256,0.66,0.5911
997,0.72112,2,-11.0,-11.2,False,9473,8948,6.166825771331787,0.0007693778329757377,0.65,0.59114
998,0.72084,22,-11.0,-10.4,True,9495,8970,6.239384651184082,0.0007693135460310086,0.65,0.59158
999,0.72056,13,-2.0,-1.2,True,9508,8983,7.0178117752075195,0.0007692491947699871,0.66,0.59184
1000,0.72028,1,10.0,10.0,True,9509,8984,7.77174711227417,0.000769184779205635,0.67,0.59186
1001,0.72,11,0.0,-0.0,True,9520,8995,5.375941276550293,0.0007691202993509268,0.67,0.59208
1002,0.71972,19,-8.0,-8.0,True,9539,9014,6.007833480834961,0.0007690557552188501,0.67,0.59246
1003,0.71944,1,10.0,10.0,True,9540,9015,5.794118881225586,0.0007689911468224054,0.67,0.59248
1004,0.71916,4,-13.0,-13.2,False,9544,9019,7.781907081604004,0.0007689264741746061,0.67,0.59256
1005,0.71888,20,-9.0,-8.8,True,9564,9039,6.402021408081055,0.0007688617372884786,0.68,0.59296
1006,0.7186,2,9.0,9.2,True,9566,9041,5.719648361206055,0.0007687969361770622,0.69,0.593
1007,0.71832,2,-11.0,-10.8,False,9568,9043,7.6130218505859375,0.0007687320708534092,0.68,0.59304
1008,0.71804,7,-16.0,-16.0,False,9575,9050,5.613550186157227,0.0007686671413305849,0.67,0.59318
1009,0.71776,4,7.0,7.2,True,9579,9054,4.777889728546143,0.0007686021476216675,0.67,0.59326
1010,0.71748,13,-22.0,-21.6,False,9592,9067,5.393844127655029,0.0007685370897397479,0.67,0.59352
1011,0.7172,13,-2.0,-1.6,True,9605,9080,5.578582286834717,0.00076847196769793,0.68,0.59378
1012,0.71692,3,8.0,8.0,True,9608,9083,5.020566940307617,0.000768406781509331,0.68,0.59384
1013,0.71664,4,-13.0,-12.8,False,9612,9087,5.210585594177246,0.0007683415311870805,0.67,0.59392
1014,0.71636,7,4.0,4.0,True,9619,9094,4.872097969055176,0.0007682762167443213,0.67,0.59406
1015,0.71608,6,5.0,5.2,True,9625,9100,6.372078895568848,0.0007682108381942092,0.68,0.59418
1016,0.7158,8,3.0,3.2,True,9633,9108,5.324234962463379,0.0007681453955499127,0.68,0.5943400000000001
1017,0.71552,5,6.0,6.0,True,9638,9113,7.590646266937256,0.0007680798888246134,0.68,0.5944400000000001
1018,0.71524,9,2.0,2.4,True,9647,9122,6.013683319091797,0.0007680143180315053,0.68,0.59462
1019,0.71496,30,-19.0,-18.4,True,9677,9152,7.651991844177246,0.0007679486831837961,0.68,0.5952200000000001
1020,0.71468,8,3.0,3.2,True,9685,9160,5.367701530456543,0.0007678829842947059,0.68,0.59538
1021,0.7144,2,-11.0,-11.2,False,9687,9162,5.875733852386475,0.0007678172213774676,0.67,0.5954200000000001
1022,0.71412,16,-25.0,-24.8,False,9703,9178,4.782206058502197,0.0007677513944453276,0.67,0.59574
1023,0.71384,10,1.0,2.0,True,9713,9188,7.0810394287109375,0.0007676855035115446,0.67,0.59594
1024,0.71356,15,-24.0,-24.0,False,9728,9203,6.12952184677124,0.0007676195485893903,0.66,0.59624
1025,0.71328,22,-31.0,-30.8,False,9750,9225,6.219325542449951,0.0007675535296921493,0.66,0.59668
1026,0.713,1,10.0,10.0,True,9751,9226,6.697568416595459,0.0007674874468331194,0.66,0.5967
1027,0.71272,10,1.0,1.2,True,9761,9236,6.527349472045898,0.0007674213000256109,0.67,0.5969
1028,0.71244,8,3.0,3.6,True,9769,9244,6.020716667175293,0.0007673550892829472,0.67,0.59706
1029,0.71216,2,-11.0,-11.2,False,9771,9246,6.097866058349609,0.0007672888146184645,0.66,0.5971
1030,0.71188,10,1.0,1.6,True,9781,9256,4.767988681793213,0.0007672224760455116,0.67,0.5972999999999999
1031,0.7116,2,9.0,9.2,True,9783,9258,5.061945915222168,0.0007671560735774508,0.67,0.59734
1032,0.71132,6,5.0,5.6,True,9789,9264,5.197646617889404,0.0007670896072276568,0.67,0.59746
1033,0.71104,1,10.0,10.0,True,9790,9265,5.888708114624023,0.0007670230770095173,0.67,0.59748
1034,0.71076,14,-3.0,-2.4,True,9804,9279,5.307249069213867,0.0007669564829364329,0.67,0.5977600000000001
1035,0.71048,3,8.0,8.0,True,9807,9282,6.780675411224365,0.0007668898250218168,0.68,0.59782
1036,0.7102,1,10.0,10.0,True,9808,9283,4.990045547485352,0.0007668231032790955,0.69,0.59784
1037,0.70992,3,8.0,8.4,True,9811,9286,6.822165012359619,0.000766756317721708,0.69,0.5979
1038,0.70964,4,7.0,7.6,True,9815,9290,5.998894691467285,0.0007666894683631064,0.7,0.5979800000000001
1039,0.70936,23,-12.0,-11.6,True,9838,9313,4.628283500671387,0.0007666225552167554,0.7,0.59844
1040,0.70908,1,10.0,10.0,True,9839,9314,4.9649248123168945,0.0007665555782961327,0.71,0.59846
1041,0.7088,4,7.0,7.6,True,9843,9318,5.523785591125488,0.0007664885376147288,0.71,0.5985400000000001
1042,0.70852,4,7.0,7.2,True,9847,9322,5.331230640411377,0.0007664214331860471,0.72,0.59862
1043,0.70824,1,10.0,10.0,True,9848,9323,7.566440582275391,0.000766354265023604,0.72,0.5986400000000001
1044,0.70796,1,10.0,10.0,True,9849,9324,5.7405171394348145,0.0007662870331409282,0.72,0.59866
1045,0.70768,5,6.0,6.4,True,9854,9329,7.230824947357178,0.0007662197375515618,0.72,0.59876
1046,0.7074,8,3.0,3.2,True,9862,9337,5.892305850982666,0.0007661523782690594,0.72,0.59892
1047,0.70712,4,-13.0,-12.8,False,9866,9341,5.691944599151611,0.0007660849553069887,0.72,0.599
1048,0.70684,2,9.0,9.2,True,9868,9343,5.163507461547852,0.0007660174686789298,0.73,0.59904
1049,0.70656,4,7.0,7.2,True,9872,9347,5.390659332275391,0.0007659499183984762,0.73,0.59912
1050,0.70628,2,-11.0,-10.8,False,9874,9349,5.010190963745117,0.0007658823044792338,0.73,0.59916
1051,0.706,10,1.0,1.2,True,9884,9359,5.701300621032715,0.0007658146269348213,0.73,0.59936
1052,0.70572,10,1.0,1.2,True,9894,9369,4.826598167419434,0.0007657468857788705,0.73,0.59956
1053,0.70544,5,-14.0,-13.6,False,9899,9374,4.837520122528076,0.0007656790810250258,0.73,0.59966
1054,0.70516,27,-16.0,-15.6,True,9926,9401,5.723836421966553,0.0007656112126869445,0.74,0.6002000000000001
1055,0.70488,5,-14.0,-13.6,False,9931,9406,5.1423115730285645,0.0007655432807782965,0.73,0.6003000000000001
1056,0.7046,2,-11.0,-10.8,False,9933,9408,5.191512107849121,0.0007654752853127649,0.73,0.60034
1057,0.70432,9,2.0,2.4,True,9942,9417,6.562354564666748,0.0007654072263040453,0.73,0.60052
1058,0.70404,3,8.0,8.4,True,9945,9420,6.778074264526367,0.0007653391037658461,0.73,0.60058
1059,0.70376,6,-15.0,-14.8,False,9951,9426,6.785099029541016,0.0007652709177118889,0.72,0.6007
1060,0.70348,8,3.0,3.2,True,9959,9434,4.309826374053955,0.0007652026681559073,0.72,0.60086
1061,0.7032,5,6.0,6.4,True,9964,9439,4.830615520477295,0.0007651343551116484,0.73,0.60096
1062,0.70292,2,9.0,9.2,True,9966,9441,6.053057670593262,0.0007650659785928719,0.73,0.601
1063,0.70264,26,-15.0,-14.4,True,9992,9467,5.633798122406006,0.0007649975386133501,0.73,0.60152
1064,0.70236,4,7.0,7.6,True,9996,9471,5.167342185974121,0.0007649290351868683,0.74,0.6016
1065,0.70208,2,9.0,9.2,True,9998,9473,4.385153293609619,0.0007648604683272245,0.74,0.6016400000000001
1066,0.7018,11,0.0,0.4,True,10009,9484,5.500982761383057,0.0007647918380482294,0.74,0.6018600000000001
1067,0.70152,5,-14.0,-14.0,False,10014,9489,4.815625190734863,0.0007647231443637066,0.73,0.60196
1068,0.70124,17,-26.0,-26.0,False,10031,9506,6.718758583068848,0.0007646543872874924,0.73,0.6023000000000001
1069,0.70096,4,7.0,7.6,True,10035,9510,7.126766681671143,0.0007645855668334358,0.73,0.60238
1070,0.70068,1,-10.0,-10.0,False,10036,9511,8.596145629882812,0.0007645166830153987,0.72,0.6024
1071,0.7004,1,10.0,10.0,True,10037,9512,5.705572128295898,0.000764447735847256,0.72,0.60242
1072,0.70012,1,10.0,10.0,True,10038,9513,5.535946369171143,0.0007643787253428946,0.73,0.60244
1073,0.69984,14,-3.0,-2.4,True,10052,9527,5.766347885131836,0.0007643096515162149,0.73,0.60272
1074,0.69956,5,6.0,6.4,True,10057,9532,5.13974666595459,0.0007642405143811298,0.73,0.60282
1075,0.69928,14,-3.0,-2.8,True,10071,9546,6.972192287445068,0.000764171313951565,0.74,0.6031
1076,0.699,8,-17.0,-17.2,False,10079,9554,8.188399314880371,0.0007641020502414585,0.73,0.60326
1077,0.69872,7,-16.0,-16.0,False,10086,9561,6.442413330078125,0.0007640327232647617,0.72,0.6034
1078,0.69844,1,10.0,10.0,True,10087,9562,6.000037670135498,0.0007639633330354385,0.72,0.6034200000000001
1079,0.69816,3,-12.0,-12.0,False,10090,9565,6.907153129577637,0.0007638938795674656,0.71,0.60348
1080,0.69788,1,-10.0,-10.0,False,10091,9566,6.614150047302246,0.0007638243628748321,0.71,0.6035
1081,0.6976,8,3.0,3.6,True,10099,9574,6.60573148727417,0.0007637547829715403,0.71,0.60366
1082,0.69732,2,9.0,9.2,True,10101,9576,4.88633918762207,0.0007636851398716049,0.71,0.6037
1083,0.69704,21,-10.0,-10.0,True,10122,9597,6.078958034515381,0.0007636154335890535,0.71,0.60412
1084,0.69676,2,-11.0,-10.8,False,10124,9599,4.677058696746826,0.0007635456641379262,0.71,0.60416
1085,0.69648,1,10.0,10.0,True,10125,9600,5.913787364959717,0.0007634758315322762,0.72,0.60418
1086,0.6962,5,-14.0,-14.0,False,10130,9605,6.882976531982422,0.0007634059357861692,0.71,0.60428
1087,0.69592,7,4.0,4.4,True,10137,9612,4.288009166717529,0.0007633359769136836,0.71,0.60442
1088,0.69564,1,-10.0,-10.0,False,10138,9613,5.449981689453125,0.0007632659549289105,0.71,0.60444
1089,0.69536,1,10.0,10.0,True,10139,9614,5.454343795776367,0.000763195869845954,0.72,0.60446
1090,0.69508,18,-27.0,-27.2,False,10157,9632,4.952568531036377,0.0007631257216789304,0.71,0.60482
1091,0.6948,9,2.0,2.0,True,10166,9641,6.895369529724121,0.0007630555104419691,0.71,0.605
1092,0.69452,3,8.0,8.0,True,10169,9644,6.3437395095825195,0.0007629852361492119,0.71,0.60506
1093,0.69424,5,6.0,6.0,True,10174,9649,6.654440879821777,0.0007629148988148138,0.71,0.60516
1094,0.69396,5,6.0,6.4,True,10179,9654,4.704738140106201,0.0007628444984529418,0.71,0.60526
1095,0.69368,22,-31.0,-30.8,False,10201,9676,6.618896007537842,0.0007627740350777763,0.71,0.6057
1096,0.6934,18,-7.0,-6.4,True,10219,9694,5.312211036682129,0.0007627035087035101,0.71,0.60606
1097,0.69312,1,10.0,10.0,True,10220,9695,5.880476951599121,0.0007626329193443482,0.72,0.60608
1098,0.69284,7,4.0,4.4,True,10227,9702,4.966033458709717,0.0007625622670145094,0.72,0.60622
1099,0.69256,1,-10.0,-10.0,False,10228,9703,5.050830841064453,0.000762491551728224,0.71,0.60624
1100,0.69228,4,7.0,7.2,True,10232,9707,5.790896415710449,0.0007624207734997358,0.71,0.60632
1101,0.692,1,10.0,10.0,True,10233,9708,5.158371448516846,0.0007623499323433008,0.71,0.60634
1102,0.69172,4,7.0,7.2,True,10237,9712,6.133820533752441,0.000762279028273188,0.71,0.6064200000000001
1103,0.69144,7,4.0,4.4,True,10244,9719,4.805314540863037,0.0007622080613036788,0.71,0.60656
1104,0.69116,3,8.0,8.4,True,10247,9722,6.07939338684082,0.0007621370314490676,0.72,0.60662
1105,0.69088,4,7.0,7.2,True,10251,9726,8.844505310058594,0.000762065938723661,0.72,0.6067
1106,0.6906,3,8.0,8.4,True,10254,9729,6.846370220184326,0.0007619947831417787,0.72,0.60676
1107,0.69032,11,-20.0,-20.4,False,10265,9740,4.556674480438232,0.0007619235647177529,0.72,0.60698
1108,0.69004,5,6.0,6.0,True,10270,9745,3.8695528507232666,0.0007618522834659284,0.73,0.6070800000000001
1109,0.68976,1,-10.0,-10.0,False,10271,9746,5.819468975067139,0.0007617809394006627,0.72,0.6071
1110,0.68948,2,9.0,9.2,True,10273,9748,6.571279525756836,0.000761709532536326,0.73,0.60714
1111,0.6892,2,9.0,9.2,True,10275,9750,6.050996780395508,0.0007616380628873011,0.73,0.60718
1112,0.68892,5,6.0,6.4,True,10280,9755,7.44602108001709,0.0007615665304679834,0.73,0.60728
1113,0.68864,1,-10.0,-10.0,False,10281,9756,6.9068403244018555,0.0007614949352927812,0.73,0.6073
1114,0.68836,1,-10.0,-10.0,False,10282,9757,5.294803142547607,0.0007614232773761149,0.72,0.6073200000000001
1115,0.68808,4,7.0,7.6,True,10286,9761,5.512692451477051,0.000761351556732418,0.72,0.6074
1116,0.6878,18,-7.0,-6.8,True,10304,9779,6.558685302734375,0.0007612797733761367,0.72,0.6077600000000001
1117,0.68752,6,5.0,5.6,True,10310,9785,5.966423034667969,0.0007612079273217294,0.72,0.60788
1118,0.68724,6,5.0,5.6,True,10316,9791,7.394959449768066,0.0007611360185836674,0.72,0.608
1119,0.68696,4,7.0,7.2,True,10320,9795,4.442111015319824,0.0007610640471764347,0.72,0.60808
1120,0.68668,6,5.0,5.2,True,10326,9801,7.568894386291504,0.0007609920131145277,0.72,0.6082
1121,0.6864,3,8.0,8.4,True,10329,9804,4.742934226989746,0.0007609199164124558,0.73,0.60826
1122,0.68612,12,-1.0,-0.4,True,10341,9816,6.654446601867676,0.0007608477570847404,0.74,0.6085
1123,0.68584,15,-4.0,-3.6,True,10356,9831,5.638203144073486,0.0007607755351459161,0.74,0.6088
1124,0.68556,26,-15.0,-14.8,True,10382,9857,6.463248252868652,0.0007607032506105297,0.75,0.60932
1125,0.68528,17,-26.0,-26.4,False,10399,9874,6.6696085929870605,0.0007606309034931409,0.75,0.60966
1126,0.685,5,6.0,6.4,True,10404,9879,6.605744361877441,0.0007605584938083218,0.75,0.6097600000000001
1127,0.68472,1,10.0,10.0,True,10405,9880,7.114717960357666,0.0007604860215706574,0.75,0.60978
1128,0.68444,1,-10.0,-10.0,False,10406,9881,7.3058180809021,0.0007604134867947449,0.74,0.6098
1129,0.68416,4,7.0,7.2,True,10410,9885,6.778045654296875,0.0007603408894951944,0.75,0.60988
1130,0.68388,5,6.0,6.0,True,10415,9890,4.420366287231445,0.0007602682296866285,0.75,0.60998
1131,0.6836,1,10.0,10.0,True,10416,9891,5.989679336547852,0.0007601955073836822,0.75,0.61
1132,0.68332,3,8.0,8.4,True,10419,9894,5.637617588043213,0.0007601227226010035,0.75,0.61006
1133,0.68304,1,-10.0,-10.0,False,10420,9895,4.846646308898926,0.0007600498753532525,0.74,0.6100800000000001
1134,0.68276,1,-10.0,-10.0,False,10421,9896,5.666947364807129,0.0007599769656551024,0.73,0.6101000000000001
1135,0.68248,8,3.0,3.2,True,10429,9904,5.1720051765441895,0.0007599039935212384,0.73,0.61026
1136,0.6822,3,8.0,8.4,True,10432,9907,6.072475433349609,0.0007598309589663589,0.73,0.61032
1137,0.68192,5,-14.0,-13.6,False,10437,9912,5.432605266571045,0.0007597578620051744,0.72,0.61042
1138,0.68164,5,6.0,6.8,True,10442,9917,5.233272552490234,0.000759684702652408,0.72,0.61052
1139,0.68136,24,-13.0,-12.4,True,10466,9941,5.410104751586914,0.0007596114809227957,0.72,0.611
1140,0.68108,7,4.0,4.4,True,10473,9948,5.584258556365967,0.0007595381968310858,0.72,0.61114
1141,0.6808,2,-11.0,-10.8,False,10475,9950,5.057704925537109,0.0007594648503920392,0.71,0.6111800000000001
1142,0.68052,4,7.0,7.2,True,10479,9954,5.286786079406738,0.0007593914416204293,0.71,0.61126
1143,0.68024,8,3.0,4.0,True,10487,9962,5.989861488342285,0.0007593179705310423,0.71,0.6114200000000001
1144,0.67996,6,5.0,5.2,True,10493,9968,5.208657264709473,0.0007592444371386766,0.71,0.61154
1145,0.67968,7,4.0,4.4,True,10500,9975,5.9475226402282715,0.0007591708414581435,0.71,0.61168
1146,0.6794,12,-1.0,-0.4,True,10512,9987,5.757108688354492,0.0007590971835042665,0.71,0.61192
1147,0.67912,19,-8.0,-7.6,True,10531,10006,5.7139058113098145,0.0007590234632918819,0.72,0.6123000000000001
1148,0.67884,1,-10.0,-10.0,False,10532,10007,6.743926048278809,0.0007589496808358386,0.71,0.61232
1149,0.67856,16,-5.0,-4.4,True,10548,10023,5.4462809562683105,0.0007588758361509977,0.71,0.6126400000000001
1150,0.67828,13,-2.0,-1.2,True,10561,10036,5.7811784744262695,0.0007588019292522332,0.72,0.6129
1151,0.678,12,-1.0,-0.4,True,10573,10048,6.4007768630981445,0.0007587279601544313,0.72,0.61314
1152,0.67772,2,9.0,9.2,True,10575,10050,5.175466060638428,0.000758653928872491,0.72,0.6131800000000001
1153,0.67744,5,-14.0,-14.0,False,10580,10055,5.7485222816467285,0.0007585798354213238,0.72,0.61328
1154,0.67716,7,-16.0,-16.8,False,10587,10062,5.961925983428955,0.0007585056798158534,0.71,0.6134200000000001
1155,0.67688,1,10.0,10.0,True,10588,10063,6.8262248039245605,0.0007584314620710164,0.72,0.61344
1156,0.6766,8,-17.0,-16.8,False,10596,10071,5.236575126647949,0.0007583571822017618,0.72,0.6136
1157,0.67632,9,2.0,2.4,True,10605,10080,4.4287824630737305,0.000758282840223051,0.72,0.61378
1158,0.67604,7,4.0,4.4,True,10612,10087,5.176116943359375,0.000758208436149858,0.72,0.61392
1159,0.67576,2,9.0,9.2,True,10614,10089,7.383467197418213,0.0007581339699971693,0.73,0.6139600000000001
1160,0.67548,3,-12.0,-12.0,False,10617,10092,5.203768730163574,0.0007580594417799841,0.72,0.61402
1161,0.6752,1,10.0,10.0,True,10618,10093,9.15283489227295,0.0007579848515133137,0.72,0.61404
1162,0.67492,9,2.0,2.4,True,10627,10102,6.35756254196167,0.0007579101992121821,0.72,0.61422
1163,0.67464,1,10.0,10.0,True,10628,10103,5.053662300109863,0.000757835484891626,0.72,0.61424
1164,0.67436,2,9.0,9.2,True,10630,10105,5.424708366394043,0.0007577607085666943,0.72,0.61428
1165,0.67408,1,10.0,10.0,True,10631,10106,5.418761253356934,0.0007576858702524484,0.72,0.6143000000000001
1166,0.6738,6,5.0,5.2,True,10637,10112,7.67909049987793,0.0007576109699639624,0.72,0.61442
1167,0.67352,2,-11.0,-10.8,False,10639,10114,6.402733325958252,0.0007575360077163225,0.72,0.61446
1168,0.67324,1,-10.0,-10.0,False,10640,10115,5.332822799682617,0.0007574609835246281,0.72,0.61448
1169,0.67296,6,5.0,5.2,True,10646,10121,6.01283073425293,0.0007573858974039903,0.72,0.6146
1170,0.67268,3,8.0,8.4,True,10649,10124,5.529821872711182,0.0007573107493695328,0.73,0.61466
1171,0.6724,2,-11.0,-10.8,False,10651,10126,5.265917778015137,0.0007572355394363922,0.72,0.6147
1172,0.67212,6,5.0,5.6,True,10657,10132,4.578840732574463,0.0007571602676197173,0.72,0.61482
1173,0.67184,1,-10.0,-10.0,False,10658,10133,4.184528827667236,0.0007570849339346695,0.71,0.61484
1174,0.67156,13,-2.0,-2.0,True,10671,10146,7.870347023010254,0.0007570095383964224,0.71,0.6151
1175,0.67128,22,-11.0,-10.4,True,10693,10168,6.494561195373535,0.0007569340810201622,0.71,0.61554
1176,0.671,15,-4.0,-3.6,True,10708,10183,6.354722023010254,0.0007568585618210876,0.72,0.61584
1177,0.67072,9,2.0,2.4,True,10717,10192,6.2660322189331055,0.0007567829808144096,0.73,0.61602
1178,0.67044,2,9.0,9.2,True,10719,10194,6.196262359619141,0.0007567073380153519,0.73,0.61606
1179,0.67016,1,-10.0,-10.0,False,10720,10195,5.689858436584473,0.0007566316334391505,0.73,0.6160800000000001
1180,0.66988,31,-20.0,-19.6,True,10751,10226,5.3771467208862305,0.0007565558671010538,0.74,0.6167
1181,0.6696,5,-14.0,-13.6,False,10756,10231,5.684950351715088,0.0007564800390163227,0.73,0.6168
1182,0.66932,1,10.0,10.0,True,10757,10232,4.6376519203186035,0.0007564041492002307,0.73,0.61682
1183,0.66904,5,6.0,6.0,True,10762,10237,7.6974968910217285,0.0007563281976680634,0.73,0.61692
1184,0.66876,6,-15.0,-14.4,False,10768,10243,5.268462657928467,0.0007562521844351189,0.73,0.61704
1185,0.66848,19,-28.0,-28.0,False,10787,10262,4.988921642303467,0.000756176109516708,0.72,0.6174200000000001
1186,0.6682,7,4.0,4.4,True,10794,10269,5.475942134857178,0.0007560999729281537,0.73,0.61756
1187,0.66792,3,8.0,8.0,True,10797,10272,5.444100379943848,0.0007560237746847914,0.73,0.6176200000000001
1188,0.66764,8,3.0,3.2,True,10805,10280,7.561208248138428,0.0007559475148019692,0.74,0.61778
1189,0.66736,5,6.0,6.4,True,10810,10285,5.519766807556152,0.000755871193295047,0.74,0.61788
1190,0.66708,1,-10.0,-10.0,False,10811,10286,5.613691329956055,0.0007557948101793979,0.74,0.6179
1191,0.6668,12,-1.0,-0.4,True,10823,10298,5.1446075439453125,0.0007557183654704069,0.74,0.61814
1192,0.66652,4,-13.0,-13.2,False,10827,10302,4.61319637298584,0.0007556418591834716,0.73,0.61822
1193,0.66624,1,-10.0,-10.0,False,10828,10303,6.453287124633789,0.0007555652913340017,0.72,0.61824
1194,0.66596,11,0.0,0.4,True,10839,10314,5.1640424728393555,0.0007554886619374197,0.72,0.61846
1195,0.66568,8,3.0,3.2,True,10847,10322,5.131168842315674,0.0007554119710091604,0.73,0.6186200000000001
1196,0.6654,13,-2.0,-1.6,True,10860,10335,4.64351749420166,0.0007553352185646708,0.73,0.61888
1197,0.66512,11,0.0,0.4,True,10871,10346,6.370599746704102,0.0007552584046194104,0.73,0.6191
1198,0.66484,5,6.0,6.4,True,10876,10351,5.637260437011719,0.0007551815291888513,0.73,0.6192
1199,0.66456,1,10.0,10.0,True,10877,10352,4.468201637268066,0.0007551045922884776,0.74,0.61922
1200,0.66428,3,8.0,8.4,True,10880,10355,5.674487113952637,0.000755027593933786,0.74,0.61928
1201,0.664,14,-3.0,-2.4,True,10894,10369,6.953557968139648,0.0007549505341402855,0.74,0.61956
1202,0.66372,3,8.0,8.0,True,10897,10372,4.625873565673828,0.0007548734129234977,0.74,0.6196200000000001
1203,0.66344,6,-15.0,-14.8,False,10903,10378,5.585910797119141,0.0007547962302989562,0.73,0.6197400000000001
1204,0.66316,2,9.0,9.2,True,10905,10380,5.010499000549316,0.0007547189862822073,0.73,0.61978
1205,0.66288,12,-1.0,-0.8,True,10917,10392,4.635270595550537,0.0007546416808888094,0.73,0.62002
1206,0.6626,19,-8.0,-7.6,True,10936,10411,4.367424964904785,0.0007545643141343336,0.73,0.6204000000000001
1207,0.66232,1,10.0,10.0,True,10937,10412,5.2121758460998535,0.0007544868860343628,0.74,0.62042
1208,0.66204,8,3.0,3.2,True,10945,10420,4.500929355621338,0.0007544093966044929,0.74,0.62058
1209,0.66176,7,4.0,4.4,True,10952,10427,5.614193439483643,0.0007543318458603318,0.75,0.62072
1210,0.66148,10,1.0,1.2,True,10962,10437,4.4775848388671875,0.0007542542338174998,0.75,0.62092
1211,0.6612,2,-11.0,-11.2,False,10964,10439,5.2313408851623535,0.0007541765604916295,0.74,0.6209600000000001
1212,0.66092,5,6.0,6.4,True,10969,10444,5.508816242218018,0.0007540988258983659,0.74,0.6210600000000001
1213,0.66064,4,7.0,7.6,True,10973,10448,4.5280070304870605,0.0007540210300533665,0.75,0.62114
1214,0.66036,1,10.0,10.0,True,10974,10449,3.943301200866699,0.0007539431729723007,0.76,0.62116
1215,0.66008,14,-23.0,-22.4,False,10988,10463,5.538315773010254,0.0007538652546708508,0.75,0.62144
1216,0.6598,2,9.0,9.2,True,10990,10465,7.537454605102539,0.0007537872751647109,0.75,0.62148
1217,0.65952,6,5.0,5.2,True,10996,10471,4.413571834564209,0.0007537092344695878,0.75,0.6216
1218,0.65924,1,10.0,10.0,True,10997,10472,6.291782855987549,0.0007536311326012006,0.75,0.6216200000000001
1219,0.65896,1,10.0,10.0,True,10998,10473,5.185153007507324,0.0007535529695752804,0.75,0.62164
1220,0.65868,2,9.0,9.2,True,11000,10475,5.2280755043029785,0.0007534747454075709,0.75,0.62168
1221,0.6584,11,0.0,0.4,True,11011,10486,6.8696441650390625,0.0007533964601138281,0.75,0.6219
1222,0.65812,6,-15.0,-14.8,False,11017,10492,5.5481181144714355,0.0007533181137098204,0.74,0.62202
1223,0.65784,1,10.0,10.0,True,11018,10493,5.87519645690918,0.0007532397062113281,0.74,0.62204
1224,0.65756,5,6.0,6.4,True,11023,10498,5.123003005981445,0.0007531612376341442,0.74,0.62214
1225,0.65728,4,7.0,7.2,True,11027,10502,5.414202690124512,0.0007530827079940738,0.75,0.62222
1226,0.657,4,-13.0,-12.8,False,11031,10506,5.038579940795898,0.0007530041173069346,0.74,0.6223000000000001
1227,0.65672,1,10.0,10.0,True,11032,10507,5.583184242248535,0.0007529254655885562,0.74,0.62232
1228,0.65644,11,-20.0,-20.0,False,11043,10518,5.789748668670654,0.0007528467528547806,0.74,0.62254
1229,0.65616,18,-27.0,-26.4,False,11061,10536,6.2608208656311035,0.0007527679791214623,0.73,0.6229
1230,0.65588,3,8.0,8.4,True,11064,10539,5.740096092224121,0.000752689144404468,0.73,0.62296
1231,0.6556,9,2.0,2.4,True,11073,10548,6.3799543380737305,0.0007526102487196764,0.73,0.62314
1232,0.65532,9,2.0,2.4,True,11082,10557,4.901645183563232,0.0007525312920829788,0.73,0.62332
1233,0.65504,16,-5.0,-4.8,True,11098,10573,6.589186668395996,0.0007524522745102788,0.74,0.62364
1234,0.65476,3,-12.0,-12.0,False,11101,10576,5.935799598693848,0.0007523731960174919,0.74,0.6237
1235,0.65448,9,-18.0,-18.0,False,11110,10585,6.776099681854248,0.0007522940566205466,0.73,0.62388
1236,0.6542,6,5.0,5.6,True,11116,10591,6.328065872192383,0.0007522148563353828,0.73,0.624
1237,0.65392,1,-10.0,-10.0,False,11117,10592,5.144985198974609,0.0007521355951779531,0.73,0.62402
1238,0.65364,7,-16.0,-16.0,False,11124,10599,5.845053672790527,0.0007520562731642222,0.72,0.62416
1239,0.65336,8,-17.0,-17.2,False,11132,10607,6.084629535675049,0.0007519768903101676,0.71,0.62432
1240,0.65308,4,7.0,7.2,True,11136,10611,4.635087013244629,0.0007518974466317783,0.71,0.6244000000000001
1241,0.6528,3,8.0,8.4,True,11139,10614,6.798435211181641,0.0007518179421450561,0.72,0.62446
1242,0.65252,14,-3.0,-2.8,True,11153,10628,6.665465831756592,0.0007517383768660147,0.72,0.6247400000000001
1243,0.65224,31,-20.0,-19.6,True,11184,10659,6.4577317237854,0.0007516587508106801,0.72,0.62536
1244,0.65196,2,-11.0,-11.2,False,11186,10661,5.174073219299316,0.0007515790639950907,0.71,0.6254
1245,0.65168,1,-10.0,-10.0,False,11187,10662,5.125392913818359,0.0007514993164352971,0.7,0.62542
1246,0.6514,1,10.0,10.0,True,11188,10663,6.032781600952148,0.0007514195081473621,0.7,0.62544
1247,0.65112,1,10.0,10.0,True,11189,10664,6.7363152503967285,0.0007513396391473606,0.7,0.62546
1248,0.65084,4,7.0,7.2,True,11193,10668,5.779120445251465,0.00075125970945138,0.71,0.62554
1249,0.65056,14,-3.0,-2.8,True,11207,10682,5.0155134201049805,0.0007511797190755198,0.71,0.62582
1250,0.65028,8,3.0,3.6,True,11215,10690,5.563931941986084,0.0007510996680358916,0.71,0.62598
1251,0.65,9,2.0,2.4,True,11224,10699,5.469126224517822,0.0007510195563486192,0.71,0.62616
1252,0.64972,11,0.0,0.8,True,11235,10710,4.38352108001709,0.000750939384029839,0.71,0.62638
1253,0.64944,4,-13.0,-12.8,False,11239,10714,5.529001235961914,0.0007508591510956991,0.71,0.62646
1254,0.64916,3,8.0,8.4,True,11242,10717,6.105310440063477,0.0007507788575623602,0.72,0.62652
1255,0.64888,2,9.0,9.2,True,11244,10719,7.225743770599365,0.0007506985034459952,0.72,0.62656
1256,0.6486,4,7.0,7.6,True,11248,10723,5.535772323608398,0.0007506180887627888,0.73,0.62664
1257,0.64832,1,10.0,10.0,True,11249,10724,6.227054595947266,0.0007505376135289384,0.73,0.62666
1258,0.64804,1,-10.0,-10.0,False,11250,10725,4.74131441116333,0.000750457077760653,0.72,0.62668
1259,0.64776,6,5.0,5.2,True,11256,10731,5.335781097412109,0.0007503764814741546,0.72,0.6268
1260,0.64748,3,8.0,8.4,True,11259,10734,4.646850109100342,0.0007502958246856765,0.73,0.62686
1261,0.6472,9,2.0,2.8,True,11268,10743,6.769251346588135,0.0007502151074114651,0.73,0.62704
1262,0.64692,5,-14.0,-14.0,False,11273,10748,6.057100296020508,0.0007501343296677782,0.72,0.62714
1263,0.64664,3,-12.0,-12.4,False,11276,10751,5.186529159545898,0.0007500534914708862,0.71,0.6272
1264,0.64636,4,-13.0,-12.8,False,11280,10755,5.58870267868042,0.0007499725928370714,0.7,0.6272800000000001
1265,0.64608,2,9.0,9.2,True,11282,10757,4.421352386474609,0.0007498916337826287,0.7,0.62732
1266,0.6458,7,4.0,4.4,True,11289,10764,4.31596040725708,0.0007498106143238647,0.7,0.62746
1267,0.64552,6,5.0,5.2,True,11295,10770,5.472660064697266,0.0007497295344770986,0.71,0.62758
1268,0.64524,8,3.0,3.2,True,11303,10778,5.6660566329956055,0.0007496483942586614,0.72,0.62774
1269,0.64496,1,10.0,10.0,True,11304,10779,6.341977119445801,0.0007495671936848965,0.72,0.62776
1270,0.64468,7,4.0,4.4,True,11311,10786,4.798831939697266,0.0007494859327721591,0.72,0.6279
1271,0.6444,1,-10.0,-10.0,False,11312,10787,6.478055953979492,0.0007494046115368171,0.72,0.62792
1272,0.64412,7,4.0,4.0,True,11319,10794,4.861573219299316,0.0007493232299952501,0.72,0.6280600000000001
1273,0.64384,1,-10.0,-10.0,False,11320,10795,4.876461982727051,0.0007492417881638503,0.72,0.62808
1274,0.64356,1,-10.0,-10.0,False,11321,10796,6.079496383666992,0.0007491602860590213,0.71,0.6281
1275,0.64328,3,8.0,8.4,True,11324,10799,4.713066101074219,0.0007490787236971796,0.71,0.62816
1276,0.643,2,9.0,9.2,True,11326,10801,5.269259929656982,0.0007489971010947533,0.71,0.6282000000000001
1277,0.64272,8,3.0,3.6,True,11334,10809,7.384329319000244,0.0007489154182681832,0.71,0.62836
1278,0.64244,1,-10.0,-10.0,False,11335,10810,4.760152816772461,0.0007488336752339216,0.7,0.6283799999999999
1279,0.64216,3,8.0,8.0,True,11338,10813,5.712033271789551,0.0007487518720084333,0.71,0.62844
1280,0.64188,5,-14.0,-14.0,False,11343,10818,4.572512626647949,0.0007486700086081953,0.7,0.62854
1281,0.6416,10,1.0,1.2,True,11353,10828,4.707004070281982,0.0007485880850496964,0.71,0.62874
1282,0.64132,3,-12.0,-11.6,False,11356,10831,5.109805107116699,0.0007485061013494377,0.7,0.6288
1283,0.64104,6,5.0,5.6,True,11362,10837,5.542332649230957,0.0007484240575239324,0.7,0.62892
1284,0.64076,5,6.0,6.4,True,11367,10842,5.515286922454834,0.0007483419535897058,0.71,0.62902
1285,0.64048,3,8.0,8.4,True,11370,10845,6.035030364990234,0.0007482597895632954,0.72,0.62908
1286,0.6402,1,-10.0,-10.0,False,11371,10846,4.861108779907227,0.0007481775654612507,0.71,0.6291
1287,0.63992,2,9.0,9.2,True,11373,10848,6.379122257232666,0.0007480952813001332,0.71,0.62914
1288,0.63964,1,10.0,10.0,True,11374,10849,6.9266252517700195,0.0007480129370965168,0.71,0.62916
1289,0.63936,3,8.0,8.4,True,11377,10852,6.086795330047607,0.0007479305328669871,0.71,0.62922
1290,0.63908,9,2.0,2.0,True,11386,10861,7.233682632446289,0.0007478480686281422,0.72,0.6294
1291,0.6388,4,7.0,7.2,True,11390,10865,4.0135698318481445,0.000747765544396592,0.72,0.62948
1292,0.63852,25,-14.0,-13.6,True,11415,10890,5.913906574249268,0.0007476829601889586,0.73,0.62998
1293,0.63824,11,0.0,0.4,True,11426,10901,6.587548732757568,0.000747600316021876,0.74,0.6302
1294,0.63796,3,8.0,8.0,True,11429,10904,5.516718864440918,0.0007475176119119908,0.74,0.63026
1295,0.63768,3,8.0,8.0,True,11432,10907,6.298864841461182,0.0007474348478759609,0.74,0.63032
1296,0.6374,6,5.0,5.6,True,11438,10913,5.922945022583008,0.0007473520239304569,0.74,0.63044
1297,0.63712,7,4.0,4.4,True,11445,10920,6.152530670166016,0.0007472691400921609,0.74,0.63058
1298,0.63684,6,-15.0,-14.8,False,11451,10926,5.739997863769531,0.0007471861963777679,0.73,0.6307
1299,0.63656,3,8.0,8.0,True,11454,10929,4.981109142303467,0.0007471031928039842,0.73,0.63076
1300,0.63628,5,6.0,6.4,True,11459,10934,6.2459564208984375,0.0007470201293875285,0.73,0.63086
1301,0.636,6,5.0,5.6,True,11465,10940,4.5790605545043945,0.0007469370061451314,0.73,0.63098
1302,0.63572,13,-2.0,-1.6,True,11478,10953,6.628507614135742,0.0007468538230935356,0.73,0.63124
1303,0.63544,2,9.0,9.2,True,11480,10955,4.744303226470947,0.000746770580249496,0.74,0.6312800000000001
1304,0.63516,2,9.0,9.2,True,11482,10957,7.001317024230957,0.0007466872776297793,0.74,0.63132
1305,0.63488,11,0.0,0.4,True,11493,10968,6.846324920654297,0.0007466039152511644,0.74,0.63154
1306,0.6346,1,10.0,10.0,True,11494,10969,5.075895309448242,0.0007465204931304423,0.74,0.63156
1307,0.63432,3,8.0,8.4,True,11497,10972,4.640285968780518,0.0007464370112844156,0.74,0.6316200000000001
1308,0.63404,8,3.0,3.2,True,11505,10980,5.410010814666748,0.0007463534697298997,0.74,0.63178
1309,0.63376,6,5.0,5.2,True,11511,10986,4.764946937561035,0.0007462698684837213,0.74,0.6319
1310,0.63348,2,-11.0,-11.2,False,11513,10988,6.911219596862793,0.0007461862075627193,0.73,0.63194
1311,0.6332,3,8.0,8.4,True,11516,10991,5.5159807205200195,0.000746102486983745,0.74,0.632
1312,0.63292,11,-20.0,-19.6,False,11527,11002,5.988648414611816,0.0007460187067636613,0.73,0.63222
1313,0.63264,6,-15.0,-14.8,False,11533,11008,5.249741077423096,0.0007459348669193432,0.72,0.63234
1314,0.63236,7,-16.0,-15.6,False,11540,11015,5.45068883895874,0.0007458509674676779,0.71,0.63248
1315,0.63208,7,-16.0,-16.0,False,11547,11022,5.690286159515381,0.0007457670084255643,0.71,0.63262
1316,0.6318,7,4.0,4.4,True,11554,11029,4.583721160888672,0.0007456829898099137,0.71,0.63276
1317,0.63152,3,8.0,8.4,True,11557,11032,5.497704029083252,0.000745598911637649,0.71,0.63282
1318,0.63124,3,8.0,8.4,True,11560,11035,4.910172462463379,0.0007455147739257054,0.71,0.63288
1319,0.63096,8,-17.0,-16.8,False,11568,11043,4.531301498413086,0.0007454305766910298,0.7,0.63304
1320,0.63068,4,7.0,7.2,True,11572,11047,5.2593302726745605,0.0007453463199505814,0.7,0.63312
1321,0.6304,1,-10.0,-10.0,False,11573,11048,5.916136264801025,0.000745262003721331,0.69,0.63314
1322,0.63012,1,10.0,10.0,True,11574,11049,5.836498737335205,0.0007451776280202619,0.7,0.63316
1323,0.62984,1,-10.0,-10.0,False,11575,11050,5.347865581512451,0.0007450931928643688,0.69,0.6331800000000001
1324,0.62956,5,6.0,6.8,True,11580,11055,5.443681240081787,0.0007450086982706591,0.69,0.6332800000000001
1325,0.62928,7,4.0,4.4,True,11587,11062,6.483257293701172,0.0007449241442561513,0.69,0.63342
1326,0.629,2,9.0,9.2,True,11589,11064,5.180399417877197,0.0007448395308378767,0.7,0.63346
1327,0.62872,45,-45.0,-44.4,False,11630,11109,4.8748345375061035,0.0007447548580328777,0.69,0.63436
1328,0.62844,1,10.0,10.0,True,11631,11110,4.969798564910889,0.0007446701258582096,0.7,0.6343799999999999
1329,0.62816,2,9.0,9.2,True,11633,11112,5.753222942352295,0.0007445853343309389,0.71,0.63442
1330,0.62788,2,-11.0,-10.8,False,11635,11114,5.132119178771973,0.0007445004834681446,0.7,0.63446
1331,0.6276,1,10.0,10.0,True,11636,11115,7.182431221008301,0.0007444155732869171,0.7,0.6344799999999999
1332,0.62732,1,10.0,10.0,True,11637,11116,4.598228931427002,0.0007443306038043593,0.7,0.6345000000000001
1333,0.62704,2,-11.0,-11.2,False,11639,11118,4.947920322418213,0.0007442455750375857,0.69,0.63454
1334,0.62676,1,10.0,10.0,True,11640,11119,4.857184410095215,0.0007441604870037229,0.7,0.63456
1335,0.62648,3,-12.0,-11.6,False,11643,11122,4.521730422973633,0.0007440753397199092,0.7,0.63462
1336,0.6262,30,-19.0,-18.8,True,11673,11152,4.571722030639648,0.0007439901332032951,0.7,0.63522
1337,0.62592,10,1.0,1.2,True,11683,11162,5.151655197143555,0.0007439048674710431,0.71,0.63542
1338,0.62564,30,-39.0,-38.8,False,11713,11192,6.198687553405762,0.0007438195425403273,0.71,0.63602
1339,0.62536,15,-4.0,-3.6,True,11728,11207,4.890539169311523,0.0007437341584283338,0.72,0.63632
1340,0.62508,1,10.0,10.0,True,11729,11208,6.286670684814453,0.000743648715152261,0.72,0.63634
1341,0.6248,1,-10.0,-10.0,False,11730,11209,6.422119140625,0.0007435632127293187,0.71,0.63636
1342,0.62452,2,9.0,9.2,True,11732,11211,5.845634460449219,0.0007434776511767287,0.71,0.6364000000000001
1343,0.62424,2,9.0,9.2,True,11734,11213,6.6925129890441895,0.0007433920305117253,0.71,0.63644
1344,0.62396,4,-13.0,-12.8,False,11738,11217,4.810311317443848,0.0007433063507515538,0.71,0.63652
1345,0.62368,8,3.0,4.0,True,11746,11225,4.611191749572754,0.0007432206119134722,0.72,0.63668
1346,0.6234,45,-45.0,-44.8,False,11787,11270,4.53127908706665,0.0007431348140147499,0.71,0.63758
1347,0.62312,16,-5.0,-4.4,True,11803,11286,5.727871417999268,0.0007430489570726684,0.71,0.6379
1348,0.62284,1,10.0,10.0,True,11804,11287,6.235857963562012,0.0007429630411045209,0.71,0.63792
1349,0.62256,11,0.0,0.4,True,11815,11298,5.591283321380615,0.0007428770661276129,0.71,0.6381399999999999
1350,0.62228,4,7.0,7.2,True,11819,11302,5.503014087677002,0.0007427910321592613,0.71,0.63822
1351,0.622,1,10.0,10.0,True,11820,11303,5.264744281768799,0.0007427049392167951,0.71,0.63824
1352,0.62172,7,4.0,4.0,True,11827,11310,5.253427505493164,0.0007426187873175555,0.71,0.63838
1353,0.62144,7,4.0,4.4,True,11834,11317,6.153151988983154,0.0007425325764788949,0.72,0.63852
1354,0.62116,9,2.0,2.8,True,11843,11326,5.920825004577637,0.000742446306718178,0.72,0.6387
1355,0.62088,9,-18.0,-18.4,False,11852,11335,5.608238220214844,0.0007423599780527814,0.71,0.63888
1356,0.6206,1,-10.0,-10.0,False,11853,11336,4.960389137268066,0.0007422735905000935,0.7,0.6389
1357,0.62032,5,6.0,6.4,True,11858,11341,4.158443927764893,0.0007421871440775144,0.7,0.639
1358,0.62004,1,-10.0,-10.0,False,11859,11342,5.594664096832275,0.0007421006388024562,0.7,0.63902
1359,0.61976,3,8.0,8.4,True,11862,11345,6.677412033081055,0.000742014074692343,0.7,0.6390800000000001
1360,0.61948,3,-12.0,-12.0,False,11865,11348,5.795272350311279,0.0007419274517646103,0.69,0.63914
1361,0.6192,2,9.0,9.2,True,11867,11350,4.039485931396484,0.0007418407700367059,0.69,0.6391800000000001
1362,0.61892,8,3.0,3.6,True,11875,11358,4.411559581756592,0.0007417540295260892,0.7,0.63934
1363,0.61864,12,-1.0,-0.4,True,11887,11370,5.141265869140625,0.0007416672302502316,0.71,0.63958
1364,0.61836,2,9.0,9.2,True,11889,11372,3.8620948791503906,0.0007415803722266162,0.72,0.63962
1365,0.61808,2,9.0,9.2,True,11891,11374,4.351160049438477,0.0007414934554727382,0.72,0.63966
1366,0.6178,1,-10.0,-10.0,False,11892,11375,5.4962334632873535,0.0007414064800061041,0.71,0.63968
1367,0.61752,1,-10.0,-10.0,False,11893,11376,6.897401809692383,0.0007413194458442327,0.7,0.6397
1368,0.61724,8,3.0,3.6,True,11901,11384,4.978856563568115,0.0007412323530046544,0.7,0.63986
1369,0.61696,3,8.0,8.4,True,11904,11387,6.329353332519531,0.0007411452015049114,0.7,0.63992
1370,0.61668,2,9.0,9.2,True,11906,11389,5.483951568603516,0.0007410579913625581,0.7,0.63996
1371,0.6164,2,-11.0,-11.2,False,11908,11391,6.323765277862549,0.0007409707225951601,0.7,0.64
1372,0.61612,13,-2.0,-1.6,True,11921,11404,5.121549129486084,0.0007408833952202953,0.7,0.64026
1373,0.61584,6,-15.0,-14.8,False,11927,11410,4.23393440246582,0.0007407960092555531,0.7,0.64038
1374,0.61556,45,-45.0,-44.8,False,11968,11455,6.579237937927246,0.0007407085647185348,0.7,0.6412800000000001
1375,0.61528,4,-13.0,-13.2,False,11972,11459,4.861620903015137,0.0007406210616268537,0.69,0.64136
1376,0.615,2,9.0,9.2,True,11974,11461,6.332464694976807,0.0007405334999981346,0.69,0.6414
1377,0.61472,2,9.0,9.2,True,11976,11463,6.036520481109619,0.0007404458798500143,0.69,0.64144
1378,0.61444,5,6.0,6.4,True,11981,11468,4.2325615882873535,0.0007403582012001413,0.7,0.64154
1379,0.61416,6,5.0,5.2,True,11987,11474,3.3376235961914062,0.0007402704640661757,0.7,0.64166
1380,0.61388,1,10.0,10.0,True,11988,11475,4.711193084716797,0.0007401826684657896,0.71,0.64168
1381,0.6136,1,10.0,10.0,True,11989,11476,4.668435096740723,0.000740094814416667,0.71,0.6416999999999999
1382,0.61332,15,-4.0,-3.6,True,12004,11491,5.6054863929748535,0.0007400069019365033,0.72,0.642
1383,0.61304,1,-10.0,-10.0,False,12005,11492,5.293115615844727,0.000739918931043006,0.71,0.64202
1384,0.61276,8,3.0,3.6,True,12013,11500,5.729624271392822,0.0007398309017538942,0.71,0.64218
1385,0.61248,22,-31.0,-30.8,False,12035,11522,5.735935211181641,0.0007397428140868991,0.7,0.64262
1386,0.6122,12,-1.0,-0.0,True,12047,11534,4.832581996917725,0.0007396546680597629,0.71,0.64286
1387,0.61192,1,-10.0,-10.0,False,12048,11535,4.869894027709961,0.0007395664636902402,0.7,0.64288
1388,0.61164,1,-10.0,-10.0,False,12049,11536,7.120116710662842,0.000739478200996097,0.69,0.6429
1389,0.61136,1,10.0,10.0,True,12050,11537,5.423584938049316,0.0007393898799951115,0.69,0.6429199999999999
1390,0.61108,1,-10.0,-10.0,False,12051,11538,5.222161293029785,0.0007393015007050731,0.68,0.6429400000000001
1391,0.6108,5,-14.0,-14.0,False,12056,11543,4.038053512573242,0.0007392130631437836,0.67,0.6430400000000001
1392,0.61052,1,10.0,10.0,True,12057,11544,6.495340347290039,0.0007391245673290558,0.67,0.64306
1393,0.61024,7,4.0,4.4,True,12064,11551,4.58249568939209,0.0007390360132787145,0.67,0.6432
1394,0.60996,11,0.0,0.8,True,12075,11562,5.623452186584473,0.0007389474010105966,0.67,0.64342
1395,0.60968,1,10.0,10.0,True,12076,11563,4.84188175201416,0.0007388587305425502,0.67,0.64344
1396,0.6094,2,9.0,9.2,True,12078,11565,4.9480719566345215,0.0007387700018924353,0.67,0.64348
1397,0.60912,33,-22.0,-21.6,True,12111,11598,4.994985103607178,0.0007386812150781241,0.67,0.6441399999999999
1398,0.60884,1,-10.0,-10.0,False,12112,11599,6.4894561767578125,0.0007385923701174996,0.67,0.6441600000000001
1399,0.60856,2,9.0,9.2,True,12114,11601,5.213804244995117,0.0007385034670284572,0.67,0.6442
1400,0.60828,4,7.0,7.2,True,12118,11605,5.528969764709473,0.0007384145058289038,0.67,0.64428
1401,0.608,9,2.0,2.4,True,12127,11614,5.477263450622559,0.000738325486536758,0.67,0.64446
1402,0.60772,2,9.0,9.2,True,12129,11616,5.572765350341797,0.00073823640916995,0.67,0.6445
1403,0.60744,2,-11.0,-10.8,False,12131,11618,5.663818836212158,0.000738147273746422,0.66,0.64454
1404,0.60716,1,10.0,10.0,True,12132,11619,5.120384693145752,0.0007380580802841275,0.66,0.64456
1405,0.60688,20,-9.0,-8.4,True,12152,11639,5.021867275238037,0.0007379688288010321,0.66,0.64496
1406,0.6066,2,-11.0,-10.8,False,12154,11641,3.956660270690918,0.0007378795193151127,0.65,0.645
1407,0.60632,19,-8.0,-7.6,True,12173,11660,5.222609996795654,0.0007377901518443582,0.65,0.6453800000000001
1408,0.60604,4,7.0,7.2,True,12177,11664,5.318260669708252,0.0007377007264067688,0.65,0.64546
1409,0.60576,5,-14.0,-14.0,False,12182,11669,5.686635971069336,0.000737611243020357,0.64,0.64556
1410,0.60548,6,5.0,5.2,True,12188,11675,5.314093112945557,0.0007375217017031462,0.65,0.64568
1411,0.6052,3,8.0,8.0,True,12191,11678,6.436485290527344,0.0007374321024731722,0.65,0.64574
1412,0.60492,17,-26.0,-25.6,False,12208,11695,6.3262410163879395,0.0007373424453484819,0.65,0.64608
1413,0.60464,3,8.0,8.4,True,12211,11698,7.032728672027588,0.0007372527303471342,0.66,0.64614
1414,0.60436,1,10.0,10.0,True,12212,11699,6.791127681732178,0.0007371629574871994,0.67,0.6461600000000001
1415,0.60408,3,-12.0,-12.0,False,12215,11702,4.368171691894531,0.0007370731267867597,0.67,0.64622
1416,0.6038,5,6.0,6.4,True,12220,11707,7.453341960906982,0.0007369832382639089,0.67,0.64632
1417,0.60352,7,4.0,4.0,True,12227,11714,6.739078521728516,0.0007368932919367522,0.67,0.64646
1418,0.60324,45,-45.0,-44.8,False,12268,11759,4.571601867675781,0.0007368032878234067,0.66,0.64736
1419,0.60296,3,8.0,8.4,True,12271,11762,4.8480072021484375,0.0007367132259420011,0.67,0.64742
1420,0.60268,5,6.0,6.8,True,12276,11767,5.94114875793457,0.0007366231063106758,0.67,0.64752
1421,0.6024,1,-10.0,-10.0,False,12277,11768,5.042296886444092,0.0007365329289475827,0.67,0.64754
1422,0.60212,1,10.0,10.0,True,12278,11769,6.4764814376831055,0.0007364426938708854,0.67,0.64756
1423,0.60184,9,2.0,2.4,True,12287,11778,5.57901668548584,0.0007363524010987588,0.68,0.64774
1424,0.60156,5,-14.0,-14.4,False,12292,11783,7.345893383026123,0.0007362620506493901,0.67,0.64784
1425,0.60128,18,-7.0,-6.8,True,12310,11801,5.210092067718506,0.0007361716425409775,0.67,0.6482
1426,0.601,1,10.0,10.0,True,12311,11802,4.303267478942871,0.0007360811767917311,0.67,0.64822
1427,0.60072,6,5.0,5.6,True,12317,11808,5.658267974853516,0.0007359906534198725,0.68,0.64834
1428,0.60044,1,10.0,10.0,True,12318,11809,7.530706882476807,0.0007359000724436352,0.68,0.64836
1429,0.60016,12,-21.0,-20.8,False,12330,11821,6.287646770477295,0.0007358094338812638,0.67,0.6486000000000001
1430,0.59988,5,-14.0,-13.6,False,12335,11826,5.772418975830078,0.000735718737751015,0.67,0.6487
1431,0.5996,2,9.0,9.2,True,12337,11828,5.660806655883789,0.0007356279840711567,0.67,0.6487400000000001
1432,0.59932,1,-10.0,-10.0,False,12338,11829,5.123465538024902,0.0007355371728599685,0.66,0.64876
1433,0.59904,3,-12.0,-11.6,False,12341,11832,5.118525505065918,0.0007354463041357417,0.66,0.64882
1434,0.59876,1,-10.0,-10.0,False,12342,11833,7.284906387329102,0.0007353553779167792,0.65,0.6488400000000001
1435,0.59848,4,7.0,7.6,True,12346,11837,6.170815944671631,0.0007352643942213953,0.66,0.6489199999999999
1436,0.5982,1,10.0,10.0,True,12347,11838,6.741662979125977,0.0007351733530679161,0.66,0.6489400000000001
1437,0.59792,1,10.0,10.0,True,12348,11839,4.588645935058594,0.000735082254474679,0.66,0.64896
1438,0.59764,5,6.0,6.4,True,12353,11844,5.146409511566162,0.0007349910984600331,0.67,0.64906
1439,0.59736,20,-9.0,-8.8,True,12373,11864,3.922853946685791,0.0007348998850423393,0.67,0.64946
1440,0.59708,2,9.0,9.2,True,12375,11866,5.420993328094482,0.0007348086142399699,0.67,0.6495
1441,0.5968,4,7.0,7.2,True,12379,11870,5.765578269958496,0.0007347172860713083,0.68,0.64958
1442,0.59652,5,6.0,6.4,True,12384,11875,5.813943862915039,0.0007346259005547503,0.68,0.64968
1443,0.59624,16,-5.0,-4.4,True,12400,11891,5.4470953941345215,0.0007345344577087024,0.68,0.65
1444,0.59596,3,8.0,8.0,True,12403,11894,4.3826518058776855,0.0007344429575515835,0.69,0.6500600000000001
1445,0.59568,24,-13.0,-12.8,True,12427,11918,4.843775749206543,0.0007343514001018234,0.69,0.65054
1446,0.5954,2,9.0,9.2,True,12429,11920,6.110081195831299,0.0007342597853778636,0.7,0.65058
1447,0.59512,1,-10.0,-10.0,False,12430,11921,5.903321266174316,0.0007341681133981573,0.69,0.6506000000000001
1448,0.59484,7,4.0,4.4,True,12437,11928,5.646763324737549,0.000734076384181169,0.69,0.65074
1449,0.59456,3,8.0,8.4,True,12440,11931,5.486997604370117,0.0007339845977453749,0.69,0.6508
1450,0.59428,4,7.0,7.6,True,12444,11935,6.223703384399414,0.0007338927541092627,0.69,0.65088
1451,0.594,8,3.0,3.6,True,12452,11943,3.7599740028381348,0.0007338008532913314,0.69,0.6510400000000001
1452,0.59372,1,10.0,10.0,True,12453,11944,6.232728958129883,0.0007337088953100919,0.69,0.65106
1453,0.59344,18,-7.0,-6.0,True,12471,11962,5.169443607330322,0.0007336168801840666,0.69,0.65142
1454,0.59316,7,4.0,4.4,True,12478,11969,5.379092693328857,0.0007335248079317888,0.69,0.65156
1455,0.59288,3,-12.0,-12.0,False,12481,11972,5.472927093505859,0.000733432678571804,0.69,0.6516200000000001
1456,0.5926,4,-13.0,-12.8,False,12485,11976,5.889510631561279,0.000733340492122669,0.69,0.6517
1457,0.59232,1,10.0,10.0,True,12486,11977,5.484501361846924,0.0007332482486029518,0.69,0.6517200000000001
1458,0.59204,6,5.0,5.6,True,12492,11983,7.6315131187438965,0.0007331559480312324,0.7,0.65184
1459,0.59176,19,-8.0,-7.6,True,12511,12002,5.43768835067749,0.0007330635904261018,0.7,0.65222
1460,0.59148,1,-10.0,-10.0,False,12512,12003,5.579896450042725,0.0007329711758061628,0.7,0.6522399999999999
1461,0.5912,1,10.0,10.0,True,12513,12004,5.445280075073242,0.0007328787041900297,0.7,0.6522600000000001
1462,0.59092,2,-11.0,-10.8,False,12515,12006,4.816904544830322,0.000732786175596328,0.69,0.6523
1463,0.59064,5,-14.0,-14.0,False,12520,12011,4.0783281326293945,0.000732693590043695,0.68,0.6524000000000001
1464,0.59036,2,-11.0,-11.2,False,12522,12013,6.285524368286133,0.0007326009475507793,0.67,0.65244
1465,0.59008,4,7.0,7.2,True,12526,12017,6.073106288909912,0.0007325082481362408,0.67,0.65252
1466,0.5898,5,6.0,6.0,True,12531,12022,5.194077491760254,0.0007324154918187513,0.68,0.65262
1467,0.58952,36,-25.0,-24.4,True,12567,12058,6.209195137023926,0.0007323226786169939,0.69,0.65334
1468,0.58924,13,-2.0,-1.6,True,12580,12071,6.949665546417236,0.0007322298085496628,0.69,0.6536
1469,0.58896,7,4.0,4.4,True,12587,12078,4.469454765319824,0.0007321368816354642,0.69,0.65374
1470,0.58868,5,6.0,6.0,True,12592,12083,5.376530647277832,0.0007320438978931153,0.69,0.65384
1471,0.5884,4,7.0,7.2,True,12596,12087,4.725354194641113,0.0007319508573413448,0.7,0.6539200000000001
1472,0.58812,4,-13.0,-13.2,False,12600,12091,4.871796131134033,0.0007318577599988934,0.69,0.654
1473,0.58784,7,4.0,4.4,True,12607,12098,5.792595863342285,0.0007317646058845125,0.7,0.6541399999999999
1474,0.58756,6,5.0,5.2,True,12613,12104,5.798413276672363,0.0007316713950169652,0.71,0.6542600000000001
1475,0.58728,1,-10.0,-10.0,False,12614,12105,4.859962463378906,0.0007315781274150264,0.71,0.65428
1476,0.587,9,2.0,2.4,True,12623,12114,5.44959020614624,0.0007314848030974819,0.71,0.65446
1477,0.58672,1,10.0,10.0,True,12624,12115,4.654587745666504,0.000731391422083129,0.71,0.65448
1478,0.58644,8,3.0,3.2,True,12632,12123,5.371521949768066,0.0007312979843907768,0.71,0.65464
1479,0.58616,2,9.0,9.2,True,12634,12125,5.055648326873779,0.0007312044900392455,0.71,0.6546799999999999
1480,0.58588,1,-10.0,-10.0,False,12635,12126,6.00722599029541,0.0007311109390473667,0.7,0.6547000000000001
1481,0.5856,1,10.0,10.0,True,12636,12127,5.008110523223877,0.0007310173314339833,0.7,0.65472
1482,0.58532,4,7.0,7.6,True,12640,12131,4.775518417358398,0.0007309236672179502,0.7,0.6548
1483,0.58504,5,6.0,6.4,True,12645,12136,5.485029220581055,0.0007308299464181331,0.71,0.6549
1484,0.58476,1,10.0,10.0,True,12646,12137,4.961672782897949,0.0007307361690534092,0.71,0.65492
1485,0.58448,3,8.0,8.0,True,12649,12140,5.534171104431152,0.0007306423351426673,0.72,0.65498
1486,0.5842,5,-14.0,-13.6,False,12654,12145,4.825845241546631,0.0007305484447048075,0.71,0.65508
1487,0.58392,2,-11.0,-11.2,False,12656,12147,5.556262493133545,0.0007304544977587412,0.71,0.65512
1488,0.58364,6,-15.0,-14.8,False,12662,12153,5.18679666519165,0.0007303604943233912,0.71,0.65524
1489,0.58336,8,3.0,4.0,True,12670,12161,5.806234359741211,0.0007302664344176918,0.71,0.6554
1490,0.58308,13,-2.0,-1.2,True,12683,12174,5.428437232971191,0.0007301723180605887,0.72,0.65566
1491,0.5828,17,-6.0,-5.2,True,12700,12191,4.864241123199463,0.0007300781452710386,0.73,0.656
1492,0.58252,6,5.0,5.6,True,12706,12197,5.293073654174805,0.00072998391606801,0.73,0.65612
1493,0.58224,1,-10.0,-10.0,False,12707,12198,5.480559349060059,0.0007298896304704825,0.72,0.65614
1494,0.58196,17,-6.0,-5.6,True,12724,12215,5.185331344604492,0.0007297952884974472,0.72,0.65648
1495,0.58168,6,5.0,5.2,True,12730,12221,6.195812702178955,0.0007297008901679064,0.72,0.6566000000000001
1496,0.5814,13,-2.0,-1.6,True,12743,12234,7.025002956390381,0.000729606435500874,0.72,0.65686
1497,0.58112,1,10.0,10.0,True,12744,12235,5.8559184074401855,0.0007295119245153751,0.72,0.65688
1498,0.58084,2,-11.0,-10.8,False,12746,12237,5.167913436889648,0.0007294173572304462,0.72,0.65692
1499,0.58056,25,-14.0,-13.6,True,12771,12262,4.051191806793213,0.0007293227336651349,0.72,0.65742
1500,0.58028,6,5.0,5.2,True,12777,12268,6.404135704040527,0.0007292280538385004,0.72,0.65754
1501,0.58,1,-10.0,-10.0,False,12778,12269,4.288737773895264,0.0007291333177696133,0.71,0.65756
1502,0.57972,5,-14.0,-13.6,False,12783,12274,5.519972801208496,0.0007290385254775553,0.7,0.65766
1503,0.57944,1,10.0,10.0,True,12784,12275,4.43360710144043,0.0007289436769814195,0.71,0.65768
1504,0.57916,1,10.0,10.0,True,12785,12276,6.579760551452637,0.0007288487723003102,0.71,0.6577
1505,0.57888,3,8.0,8.4,True,12788,12279,7.324119567871094,0.0007287538114533433,0.71,0.65776
1506,0.5786,9,-18.0,-18.0,False,12797,12288,5.3878679275512695,0.0007286587944596458,0.71,0.65794
1507,0.57832,6,-15.0,-14.4,False,12803,12294,5.301870346069336,0.0007285637213383561,0.7,0.65806
1508,0.57804,1,10.0,10.0,True,12804,12295,5.499645709991455,0.000728468592108624,0.7,0.65808
1509,0.57776,1,10.0,10.0,True,12805,12296,5.502466201782227,0.0007283734067896103,0.71,0.6581
1510,0.57748,1,10.0,10.0,True,12806,12297,5.266048908233643,0.0007282781654004872,0.71,0.65812
1511,0.5772,2,-11.0,-10.8,False,12808,12299,5.10847282409668,0.0007281828679604385,0.7,0.6581600000000001
1512,0.57692,1,10.0,10.0,True,12809,12300,5.711236476898193,0.000728087514488659,0.71,0.65818
1513,0.57664,1,10.0,10.0,True,12810,12301,5.021515846252441,0.0007279921050043547,0.71,0.6582
1514,0.57636,6,5.0,5.2,True,12816,12307,4.477883338928223,0.0007278966395267431,0.71,0.65832
1515,0.57608,10,1.0,1.2,True,12826,12317,5.2847700119018555,0.0007278011180750529,0.72,0.65852
1516,0.5758,8,-17.0,-16.8,False,12834,12325,6.199481964111328,0.0007277055406685242,0.71,0.6586799999999999
1517,0.57552,1,10.0,10.0,True,12835,12326,5.2558274269104,0.0007276099073264081,0.71,0.6587000000000001
1518,0.57524,21,-10.0,-9.6,True,12856,12347,6.589540958404541,0.0007275142180679671,0.72,0.65912
1519,0.57496,3,-12.0,-11.6,False,12859,12350,4.336257457733154,0.0007274184729124751,0.71,0.65918
1520,0.57468,4,7.0,7.2,True,12863,12354,6.6540350914001465,0.0007273226718792171,0.71,0.65926
1521,0.5744,2,-11.0,-11.2,False,12865,12356,4.83123779296875,0.0007272268149874893,0.71,0.6593
1522,0.57412,5,6.0,6.4,True,12870,12361,9.116190910339355,0.0007271309022565993,0.71,0.6594
1523,0.57384,4,7.0,7.2,True,12874,12365,4.988057613372803,0.0007270349337058659,0.71,0.6594800000000001
1524,0.57356,1,10.0,10.0,True,12875,12366,5.034200191497803,0.0007269389093546192,0.72,0.6595
1525,0.57328,15,-4.0,-3.6,True,12890,12381,5.387716293334961,0.0007268428292222003,0.72,0.6597999999999999
1526,0.573,7,4.0,4.4,True,12897,12388,5.855537414550781,0.0007267466933279619,0.72,0.65994
1527,0.57272,3,8.0,8.4,True,12900,12391,5.079559803009033,0.0007266505016912675,0.72,0.66
1528,0.57244,16,-5.0,-4.4,True,12916,12407,6.833012580871582,0.0007265542543314924,0.72,0.66032
1529,0.57216,7,4.0,4.4,True,12923,12414,5.434185028076172,0.0007264579512680225,0.73,0.66046
1530,0.57188,15,-4.0,-3.6,True,12938,12429,5.084830284118652,0.0007263615925202554,0.74,0.66076
1531,0.5716,3,8.0,8.0,True,12941,12432,4.721789360046387,0.0007262651781075996,0.74,0.66082
1532,0.57132,3,-12.0,-12.0,False,12944,12435,5.643365859985352,0.000726168708049475,0.74,0.66088
1533,0.57104,2,9.0,9.2,True,12946,12437,5.69343900680542,0.0007260721823653127,0.75,0.66092
1534,0.57076,3,-12.0,-12.0,False,12949,12440,6.883328437805176,0.0007259756010745547,0.75,0.66098
1535,0.57048,6,-15.0,-14.8,False,12955,12446,6.278199672698975,0.0007258789641966548,0.74,0.6611
1536,0.5702,1,10.0,10.0,True,12956,12447,5.220702648162842,0.0007257822717510775,0.74,0.6611199999999999
1537,0.56992,2,9.0,9.2,True,12958,12449,4.777499198913574,0.0007256855237572985,0.74,0.66116
1538,0.56964,4,7.0,7.2,True,12962,12453,6.372868061065674,0.0007255887202348051,0.74,0.66124
1539,0.56936,2,-11.0,-11.2,False,12964,12455,4.922577381134033,0.0007254918612030951,0.73,0.6612800000000001
1540,0.56908,1,10.0,10.0,True,12965,12456,5.652704238891602,0.0007253949466816783,0.73,0.6613
1541,0.5688,27,-36.0,-35.6,False,12992,12483,4.001115798950195,0.0007252979766900751,0.72,0.66184
1542,0.56852,4,7.0,7.2,True,12996,12487,4.37694787979126,0.0007252009512478173,0.72,0.6619200000000001
1543,0.56824,2,9.0,9.2,True,12998,12489,4.88842248916626,0.0007251038703744479,0.72,0.66196
1544,0.56796,7,4.0,4.4,True,13005,12496,5.307109355926514,0.0007250067340895209,0.72,0.6621
1545,0.56768,7,-16.0,-15.6,False,13012,12503,4.929836273193359,0.0007249095424126013,0.71,0.6622399999999999
1546,0.5674,2,9.0,9.2,True,13014,12505,4.547700881958008,0.0007248122953632658,0.71,0.66228
1547,0.56712,4,7.0,7.6,True,13018,12509,4.692111968994141,0.0007247149929611018,0.72,0.6623600000000001
1548,0.56684,18,-7.0,-6.4,True,13036,12527,5.512082576751709,0.000724617635225708,0.72,0.66272
1549,0.56656,7,4.0,4.8,True,13043,12534,5.007643222808838,0.0007245202221766945,0.72,0.66286
1550,0.56628,3,8.0,8.4,True,13046,12537,5.513303756713867,0.0007244227538336818,0.72,0.66292
1551,0.566,21,-10.0,-9.6,True,13067,12558,4.276005744934082,0.0007243252302163025,0.72,0.66334
1552,0.56572,1,-10.0,-10.0,False,13068,12559,4.670780658721924,0.0007242276513441994,0.71,0.66336
1553,0.56544,2,-11.0,-10.8,False,13070,12561,5.884845733642578,0.0007241300172370274,0.7,0.6634
1554,0.56516,3,8.0,8.4,True,13073,12564,5.851919174194336,0.0007240323279144517,0.7,0.6634599999999999
1555,0.56488,7,4.0,4.8,True,13080,12571,5.536950588226318,0.0007239345833961489,0.71,0.6636
1556,0.5646,33,-22.0,-21.6,True,13113,12604,4.40285587310791,0.0007238367837018067,0.72,0.6642600000000001
1557,0.56432,1,10.0,10.0,True,13114,12605,5.32841682434082,0.0007237389288511243,0.72,0.66428
1558,0.56404,1,10.0,10.0,True,13115,12606,4.33251428604126,0.0007236410188638114,0.72,0.6643
1559,0.56376,7,4.0,4.8,True,13122,12613,4.13350772857666,0.000723543053759589,0.72,0.6644399999999999
1560,0.56348,4,7.0,7.6,True,13126,12617,6.335691928863525,0.0007234450335581895,0.73,0.66452
1561,0.5632,4,-13.0,-12.8,False,13130,12621,6.230569839477539,0.0007233469582793561,0.72,0.6646000000000001
1562,0.56292,1,10.0,10.0,True,13131,12622,5.310046195983887,0.0007232488279428432,0.73,0.66462
1563,0.56264,1,-10.0,-10.0,False,13132,12623,6.501067161560059,0.0007231506425684162,0.73,0.66464
1564,0.56236,7,4.0,4.4,True,13139,12630,7.12056303024292,0.0007230524021758518,0.74,0.66478
1565,0.56208,1,10.0,10.0,True,13140,12631,4.385917663574219,0.0007229541067849374,0.74,0.6648000000000001
1566,0.5618,2,9.0,9.2,True,13142,12633,5.071353912353516,0.0007228557564154718,0.74,0.6648400000000001
1567,0.56152,6,5.0,5.6,True,13148,12639,5.306058883666992,0.0007227573510872648,0.74,0.66496
1568,0.56124,17,-26.0,-26.0,False,13165,12656,4.825491905212402,0.0007226588908201372,0.73,0.6653
1569,0.56096,4,7.0,7.6,True,13169,12660,6.881872177124023,0.000722560375633921,0.73,0.6653800000000001
1570,0.56068,6,5.0,5.6,True,13175,12666,4.126845836639404,0.0007224618055484591,0.73,0.6655
1571,0.5604,6,5.0,5.6,True,13181,12672,4.8950090408325195,0.0007223631805836055,0.73,0.66562
1572,0.56012,5,6.0,6.4,True,13186,12677,5.30114221572876,0.0007222645007592254,0.74,0.6657200000000001
1573,0.55984,45,-45.0,-45.2,False,13227,12722,5.009464263916016,0.000722165766095195,0.73,0.66662
1574,0.55956,2,9.0,9.2,True,13229,12724,5.614598751068115,0.0007220669766114012,0.73,0.66666
1575,0.55928,1,-10.0,-10.0,False,13230,12725,4.9779462814331055,0.0007219681323277426,0.73,0.6666799999999999
1576,0.559,2,9.0,9.2,True,13232,12727,4.8599162101745605,0.0007218692332641282,0.73,0.66672
1577,0.55872,6,5.0,5.6,True,13238,12733,4.855792045593262,0.0007217702794404784,0.73,0.66684
1578,0.55844,6,5.0,6.0,True,13244,12739,4.198372840881348,0.0007216712708767245,0.73,0.66696
1579,0.55816,8,3.0,3.2,True,13252,12747,4.634072303771973,0.0007215722075928088,0.73,0.6671199999999999
1580,0.55788,3,8.0,8.4,True,13255,12750,6.809561252593994,0.0007214730896086848,0.74,0.66718
1581,0.5576,7,4.0,4.4,True,13262,12757,4.985901832580566,0.0007213739169443167,0.74,0.66732
1582,0.55732,6,5.0,5.2,True,13268,12763,5.567455291748047,0.0007212746896196801,0.74,0.66744
1583,0.55704,21,-30.0,-30.0,False,13289,12784,5.173452854156494,0.0007211754076547613,0.73,0.66786
1584,0.55676,15,-4.0,-3.6,True,13304,12799,4.755096435546875,0.0007210760710695578,0.73,0.6681600000000001
1585,0.55648,3,8.0,8.4,True,13307,12802,5.165738582611084,0.000720976679884078,0.73,0.66822
1586,0.5562,26,-15.0,-14.4,True,13333,12828,5.603910446166992,0.0007208772341183412,0.74,0.66874
1587,0.55592,3,8.0,8.0,True,13336,12831,6.296441078186035,0.000720777733792378,0.75,0.6688000000000001
1588,0.55564,12,-1.0,-0.4,True,13348,12843,4.636805057525635,0.0007206781789262298,0.76,0.6690400000000001
1589,0.55536,8,-17.0,-17.2,False,13356,12851,4.9281792640686035,0.0007205785695399489,0.75,0.6692
1590,0.55508,1,10.0,10.0,True,13357,12852,5.7076640129089355,0.0007204789056535986,0.75,0.6692199999999999
1591,0.5548,5,6.0,6.4,True,13362,12857,5.937001705169678,0.0007203791872872535,0.75,0.66932
1592,0.55452,4,7.0,7.2,True,13366,12861,4.466282367706299,0.0007202794144609987,0.75,0.6694
1593,0.55424,4,7.0,7.2,True,13370,12865,5.1364665031433105,0.0007201795871949305,0.76,0.6694800000000001
1594,0.55396,29,-18.0,-17.2,True,13399,12894,5.267220973968506,0.0007200797055091563,0.76,0.67006
1595,0.55368,7,4.0,4.8,True,13406,12901,5.224111557006836,0.0007199797694237941,0.76,0.6702
1596,0.5534,1,-10.0,-10.0,False,13407,12902,4.771850109100342,0.0007198797789589734,0.75,0.67022
1597,0.55312,12,-1.0,-0.4,True,13419,12914,5.521648406982422,0.0007197797341348339,0.75,0.6704600000000001
1598,0.55284,6,-15.0,-14.4,False,13425,12920,4.822233200073242,0.000719679634971527,0.75,0.67058
1599,0.55256,5,6.0,6.4,True,13430,12925,4.580879211425781,0.0007195794814892147,0.75,0.6706799999999999
1600,0.55228,45,-45.0,-45.2,False,13471,12970,4.62168025970459,0.00071947927370807,0.74,0.6715800000000001
1601,0.552,10,1.0,1.2,True,13481,12980,6.1462578773498535,0.0007193790116482766,0.75,0.67178
1602,0.55172,1,-10.0,-10.0,False,13482,12981,6.225555896759033,0.0007192786953300294,0.75,0.6718
1603,0.55144,7,-16.0,-15.6,False,13489,12988,7.516791820526123,0.0007191783247735342,0.74,0.67194
1604,0.55116,2,-11.0,-10.8,False,13491,12990,4.716420650482178,0.0007190778999990079,0.73,0.67198
1605,0.55088,8,3.0,3.2,True,13499,12998,4.5453572273254395,0.0007189774210266777,0.73,0.67214
1606,0.5506,1,10.0,10.0,True,13500,12999,5.0278706550598145,0.0007188768878767823,0.74,0.6721600000000001
1607,0.55032,1,-10.0,-10.0,False,13501,13000,6.218620300292969,0.0007187763005695713,0.74,0.67218
1608,0.55004,26,-35.0,-34.8,False,13527,13026,5.414356708526611,0.0007186756591253048,0.73,0.6727000000000001
1609,0.54976,1,-10.0,-10.0,False,13528,13027,5.588364601135254,0.0007185749635642541,0.72,0.67272
1610,0.54948,10,-19.0,-18.4,False,13538,13037,5.5333356857299805,0.0007184742139067015,0.71,0.67292
1611,0.5492,15,-4.0,-3.6,True,13553,13052,6.908595561981201,0.00071837341017294,0.72,0.6732199999999999
1612,0.54892,1,10.0,10.0,True,13554,13053,4.666109085083008,0.0007182725523832734,0.72,0.6732400000000001
1613,0.54864,12,-1.0,-0.8,True,13566,13065,5.131036281585693,0.0007181716405580167,0.72,0.6734800000000001
1614,0.54836,1,10.0,10.0,True,13567,13066,5.94648551940918,0.0007180706747174953,0.72,0.6735
1615,0.54808,6,5.0,5.2,True,13573,13072,5.764584541320801,0.0007179696548820462,0.72,0.67362
1616,0.5478,1,-10.0,-10.0,False,13574,13073,6.062557220458984,0.0007178685810720165,0.72,0.67364
1617,0.54752,2,9.0,9.2,True,13576,13075,5.184589385986328,0.0007177674533077649,0.72,0.6736800000000001
1618,0.54724,9,2.0,2.8,True,13585,13084,5.735123157501221,0.0007176662716096604,0.72,0.67386
1619,0.54696,3,8.0,8.4,True,13588,13087,5.7713422775268555,0.000717565035998083,0.73,0.6739200000000001
1620,0.54668,6,5.0,5.6,True,13594,13093,4.895657539367676,0.0007174637464934237,0.73,0.67404
1621,0.5464,3,8.0,8.0,True,13597,13096,3.492807388305664,0.0007173624031160843,0.74,0.6740999999999999
1622,0.54612,2,9.0,9.2,True,13599,13098,5.674225807189941,0.0007172610058864775,0.74,0.67414
1623,0.54584,2,9.0,9.2,True,13601,13100,4.864292144775391,0.0007171595548250267,0.74,0.67418
1624,0.54556,2,9.0,9.2,True,13603,13102,3.651142120361328,0.0007170580499521662,0.74,0.67422
1625,0.54528,1,-10.0,-10.0,False,13604,13103,5.020241737365723,0.0007169564912883412,0.73,0.67424
1626,0.545,16,-5.0,-4.8,True,13620,13119,4.674046039581299,0.0007168548788540077,0.73,0.67456
1627,0.54472,3,8.0,8.4,True,13623,13122,7.750681400299072,0.0007167532126696325,0.73,0.67462
1628,0.54444,4,7.0,7.6,True,13627,13126,4.1202168464660645,0.0007166514927556934,0.73,0.6747000000000001
1629,0.54416,1,10.0,10.0,True,13628,13127,6.764614105224609,0.0007165497191326785,0.73,0.67472
1630,0.54388,5,-14.0,-13.6,False,13633,13132,5.344925403594971,0.0007164478918210875,0.72,0.67482
1631,0.5436,4,-13.0,-13.2,False,13637,13136,4.869101047515869,0.0007163460108414303,0.71,0.6749
1632,0.54332,1,10.0,10.0,True,13638,13137,4.952617645263672,0.0007162440762142278,0.72,0.67492
1633,0.54304,8,3.0,3.6,True,13646,13145,5.419443130493164,0.0007161420879600119,0.72,0.67508
1634,0.54276,2,9.0,9.2,True,13648,13147,5.888251304626465,0.0007160400460993249,0.73,0.6751199999999999
1635,0.54248,3,-12.0,-12.0,False,13651,13150,4.597419261932373,0.0007159379506527203,0.73,0.67518
1636,0.5422,2,9.0,9.2,True,13653,13152,5.315328121185303,0.0007158358016407621,0.73,0.6752199999999999
1637,0.54192,3,-12.0,-12.0,False,13656,13155,4.336287975311279,0.0007157335990840252,0.72,0.67528
1638,0.54164,3,8.0,8.0,True,13659,13158,5.3799638748168945,0.0007156313430030954,0.72,0.67534
1639,0.54136,3,-12.0,-12.4,False,13662,13161,5.845016002655029,0.0007155290334185691,0.72,0.6754
1640,0.54108,1,10.0,10.0,True,13663,13162,5.646036148071289,0.0007154266703510537,0.72,0.67542
1641,0.5408,4,7.0,7.2,True,13667,13166,3.803593635559082,0.0007153242538211668,0.73,0.6755
1642,0.54052,1,10.0,10.0,True,13668,13167,5.508048057556152,0.0007152217838495376,0.73,0.67552
1643,0.54024,9,2.0,2.8,True,13677,13176,4.424285411834717,0.0007151192604568056,0.73,0.6757
1644,0.53996,1,10.0,10.0,True,13678,13177,5.004615783691406,0.000715016683663621,0.73,0.6757200000000001
1645,0.53968,2,-11.0,-11.2,False,13680,13179,4.803347110748291,0.0007149140534906448,0.73,0.67576
1646,0.5394,3,8.0,8.4,True,13683,13182,4.521707534790039,0.000714811369958549,0.73,0.6758200000000001
1647,0.53912,2,-11.0,-10.8,False,13685,13184,6.26478385925293,0.0007147086330880161,0.72,0.67586
1648,0.53884,1,10.0,10.0,True,13686,13185,5.979803562164307,0.0007146058428997395,0.72,0.67588
1649,0.53856,3,8.0,8.0,True,13689,13188,5.002913475036621,0.000714502999414423,0.72,0.67594
1650,0.53828,1,10.0,10.0,True,13690,13189,5.27670955657959,0.0007144001026527816,0.72,0.67596
1651,0.538,9,2.0,2.0,True,13699,13198,5.080035209655762,0.0007142971526355407,0.72,0.67614
1652,0.53772,1,10.0,10.0,True,13700,13199,6.032259464263916,0.0007141941493834366,0.73,0.67616
1653,0.53744,2,9.0,9.2,True,13702,13201,5.787054538726807,0.0007140910929172163,0.74,0.6762
1654,0.53716,6,5.0,5.2,True,13708,13207,5.704829692840576,0.0007139879832576374,0.74,0.67632
1655,0.53688,1,10.0,10.0,True,13709,13208,5.852989196777344,0.0007138848204254684,0.74,0.6763399999999999
1656,0.5366,5,6.0,6.4,True,13714,13213,5.700389385223389,0.0007137816044414883,0.74,0.6764399999999999
1657,0.53632,7,4.0,4.4,True,13721,13220,4.072992324829102,0.000713678335326487,0.74,0.67658
1658,0.53604,1,10.0,10.0,True,13722,13221,4.88407039642334,0.000713575013101265,0.74,0.6766000000000001
1659,0.53576,2,-11.0,-10.8,False,13724,13223,4.749338626861572,0.0007134716377866334,0.73,0.67664
1660,0.53548,3,8.0,8.0,True,13727,13226,4.649160385131836,0.0007133682094034143,0.73,0.6767000000000001
1661,0.5352,2,9.0,9.2,True,13729,13228,4.835725784301758,0.0007132647279724402,0.74,0.67674
1662,0.53492,4,7.0,7.2,True,13733,13232,5.276948928833008,0.0007131611935145543,0.74,0.67682
1663,0.53464,2,9.0,9.2,True,13735,13234,5.189054012298584,0.0007130576060506108,0.75,0.67686
1664,0.53436,45,-45.0,-44.8,False,13776,13279,4.678432464599609,0.000712953965601474,0.74,0.6777599999999999
1665,0.53408,1,-10.0,-10.0,False,13777,13280,6.299283504486084,0.0007128502721880195,0.73,0.67778
1666,0.5338,2,9.0,9.2,True,13779,13282,5.558175563812256,0.0007127465258311331,0.73,0.6778200000000001
1667,0.53352,4,7.0,7.2,True,13783,13286,6.01224946975708,0.0007126427265517115,0.73,0.6779
1668,0.53324,10,1.0,1.2,True,13793,13296,6.777231216430664,0.000712538874370662,0.74,0.6781
1669,0.53296,3,8.0,8.4,True,13796,13299,5.5426926612854,0.0007124349693089026,0.74,0.6781600000000001
1670,0.53268,3,8.0,8.0,True,13799,13302,5.249539375305176,0.0007123310113873619,0.74,0.67822
1671,0.5324,2,9.0,9.2,True,13801,13304,5.595907688140869,0.0007122270006269792,0.74,0.6782600000000001
1672,0.53212,7,-16.0,-15.6,False,13808,13311,5.685564041137695,0.0007121229370487043,0.73,0.6784
1673,0.53184,2,9.0,9.2,True,13810,13313,4.525981903076172,0.0007120188206734977,0.74,0.67844
1674,0.53156,4,7.0,7.2,True,13814,13317,5.4945783615112305,0.0007119146515223308,0.74,0.67852
1675,0.53128,4,-13.0,-12.8,False,13818,13321,4.860492706298828,0.0007118104296161851,0.74,0.6786
1676,0.531,3,-12.0,-12.0,False,13821,13324,5.344386100769043,0.0007117061549760533,0.73,0.67866
1677,0.53072,10,1.0,1.2,True,13831,13334,5.1616530418396,0.0007116018276229382,0.73,0.67886
1678,0.53044,1,10.0,10.0,True,13832,13335,5.553511619567871,0.0007114974475778536,0.73,0.6788799999999999
1679,0.53016,2,-11.0,-10.8,False,13834,13337,5.425774574279785,0.000711393014861824,0.72,0.67892
1680,0.52988,2,-11.0,-11.2,False,13836,13339,6.829403877258301,0.0007112885294958838,0.71,0.67896
1681,0.5296,14,-3.0,-2.0,True,13850,13353,5.955124855041504,0.0007111839915010788,0.71,0.6792400000000001
1682,0.52932,1,10.0,10.0,True,13851,13354,5.983109474182129,0.000711079400898465,0.71,0.67926
1683,0.52904,6,5.0,5.6,True,13857,13360,3.9449305534362793,0.0007109747577091092,0.72,0.6793800000000001
1684,0.52876,1,10.0,10.0,True,13858,13361,5.019207000732422,0.0007108700619540886,0.72,0.6794
1685,0.52848,15,-24.0,-24.4,False,13873,13376,6.633860111236572,0.0007107653136544911,0.71,0.6797
1686,0.5282,15,-4.0,-3.6,True,13888,13391,6.242549419403076,0.0007106605128314152,0.71,0.6799999999999999
1687,0.52792,12,-1.0,-0.4,True,13900,13403,7.401804447174072,0.00071055565950597,0.71,0.68024
1688,0.52764,1,10.0,10.0,True,13901,13404,4.204468727111816,0.0007104507536992748,0.71,0.6802600000000001
1689,0.52736,12,-1.0,-0.4,True,13913,13416,4.164050579071045,0.00071034579543246,0.72,0.6805000000000001
1690,0.52708,3,8.0,8.4,True,13916,13419,4.910416126251221,0.0007102407847266662,0.72,0.68056
1691,0.5268,7,-16.0,-16.0,False,13923,13426,5.62373161315918,0.000710135721603045,0.71,0.6807000000000001
1692,0.52652,3,-12.0,-12.0,False,13926,13429,5.272189617156982,0.0007100306060827581,0.7,0.68076
1693,0.52624,6,5.0,5.2,True,13932,13435,5.0188822746276855,0.0007099254381869779,0.7,0.68088
1694,0.52596,2,-11.0,-10.8,False,13934,13437,6.184880256652832,0.0007098202179368873,0.69,0.68092
1695,0.52568,5,6.0,6.4,True,13939,13442,3.9960169792175293,0.0007097149453536801,0.69,0.68102
1696,0.5254,3,8.0,8.0,True,13942,13445,5.909802436828613,0.0007096096204585599,0.7,0.68108
1697,0.52512,2,9.0,9.2,True,13944,13447,5.533257007598877,0.0007095042432727417,0.7,0.68112
1698,0.52484,4,7.0,7.6,True,13948,13451,5.495819091796875,0.0007093988138174505,0.71,0.6812
1699,0.52456,2,9.0,9.2,True,13950,13453,5.0158586502075195,0.0007092933321139218,0.71,0.6812400000000001
1700,0.52428,3,8.0,8.4,True,13953,13456,5.8393449783325195,0.000709187798183402,0.72,0.6813
1701,0.524,7,-16.0,-16.0,False,13960,13463,5.201518535614014,0.0007090822120471476,0.71,0.68144
1702,0.52372,23,-12.0,-11.6,True,13983,13486,6.702881336212158,0.0007089765737264259,0.72,0.6819
1703,0.52344,1,10.0,10.0,True,13984,13487,5.30502986907959,0.0007088708832425147,0.73,0.6819200000000001
1704,0.52316,4,7.0,7.2,True,13988,13491,4.928917407989502,0.0007087651406167022,0.74,0.6819999999999999
1705,0.52288,1,10.0,10.0,True,13989,13492,5.234613418579102,0.000708659345870287,0.74,0.6820200000000001
1706,0.5226,4,7.0,7.6,True,13993,13496,4.619309902191162,0.0007085534990245784,0.74,0.6821
1707,0.52232,12,-1.0,-0.4,True,14005,13508,5.397210121154785,0.0007084476001008962,0.75,0.68234
1708,0.52204,6,5.0,5.6,True,14011,13514,4.367641925811768,0.0007083416491205706,0.76,0.6824600000000001
1709,0.52176,1,-10.0,-10.0,False,14012,13515,4.65903377532959,0.0007082356461049422,0.76,0.68248
1710,0.52148,3,8.0,8.4,True,14015,13518,6.077177047729492,0.0007081295910753622,0.77,0.6825399999999999
1711,0.5212,4,7.0,7.6,True,14019,13522,6.4217939376831055,0.0007080234840531924,0.77,0.68262
1712,0.52092,2,9.0,9.2,True,14021,13524,5.539877414703369,0.0007079173250598047,0.77,0.68266
1713,0.52064,4,7.0,7.2,True,14025,13528,4.507368087768555,0.0007078111141165819,0.77,0.68274
1714,0.52036,8,3.0,3.2,True,14033,13536,5.030479907989502,0.000707704851244917,0.77,0.6829000000000001
1715,0.52008,4,7.0,7.6,True,14037,13540,4.833740234375,0.0007075985364662134,0.77,0.68298
1716,0.5198,1,10.0,10.0,True,14038,13541,5.377490043640137,0.0007074921698018853,0.78,0.683
1717,0.51952,2,9.0,9.2,True,14040,13543,6.030082702636719,0.0007073857512733569,0.78,0.6830400000000001
1718,0.51924,6,5.0,5.6,True,14046,13549,4.668942928314209,0.0007072792809020631,0.78,0.68316
1719,0.51896,3,-12.0,-12.4,False,14049,13552,6.554602146148682,0.0007071727587094495,0.77,0.68322
1720,0.51868,10,1.0,1.2,True,14059,13562,5.421175956726074,0.0007070661847169715,0.77,0.68342
1721,0.5184,5,6.0,6.0,True,14064,13567,5.757596015930176,0.0007069595589460955,0.77,0.68352
1722,0.51812,1,10.0,10.0,True,14065,13568,4.897825241088867,0.000706852881418298,0.77,0.68354
1723,0.51784,1,10.0,10.0,True,14066,13569,4.901223182678223,0.0007067461521550662,0.77,0.68356
1724,0.51756,2,-11.0,-10.8,False,14068,13571,5.290602207183838,0.0007066393711778973,0.76,0.6836
1725,0.51728,2,9.0,9.2,True,14070,13573,6.034900665283203,0.0007065325385082994,0.77,0.68364
1726,0.517,4,7.0,7.2,True,14074,13577,4.270757675170898,0.0007064256541677907,0.77,0.68372
1727,0.51672,4,7.0,7.2,True,14078,13581,4.772305488586426,0.0007063187181778999,0.77,0.6838
1728,0.51644,3,8.0,8.4,True,14081,13584,4.548776149749756,0.0007062117305601661,0.77,0.68386
1729,0.51616,5,6.0,6.4,True,14086,13589,6.055150985717773,0.0007061046913361388,0.77,0.68396
1730,0.51588,1,10.0,10.0,True,14087,13590,5.377756595611572,0.0007059976005273778,0.78,0.68398
1731,0.5156,7,4.0,4.4,True,14094,13597,6.237750053405762,0.0007058904581554536,0.79,0.6841200000000001
1732,0.51532,4,-13.0,-12.8,False,14098,13601,5.1051177978515625,0.0007057832642419468,0.78,0.6842
1733,0.51504,4,7.0,7.2,True,14102,13605,5.516584396362305,0.0007056760188084483,0.78,0.68428
1734,0.51476,7,4.0,4.4,True,14109,13612,5.9079742431640625,0.0007055687218765598,0.78,0.68442
1735,0.51448,1,-10.0,-10.0,False,14110,13613,5.9573564529418945,0.0007054613734678928,0.78,0.68444
1736,0.5142,7,4.0,4.4,True,14117,13620,5.208869934082031,0.0007053539736040697,0.78,0.68458
1737,0.51392,10,1.0,1.6,True,14127,13630,5.189520835876465,0.0007052465223067228,0.79,0.6847799999999999
1738,0.51364,1,10.0,10.0,True,14128,13631,5.71087646484375,0.0007051390195974952,0.79,0.6848000000000001
1739,0.51336,10,1.0,1.6,True,14138,13641,4.524539470672607,0.00070503146549804,0.8,0.685
1740,0.51308,4,7.0,7.2,True,14142,13645,5.7035813331604,0.0007049238600300209,0.8,0.68508
1741,0.5128,2,9.0,9.2,True,14144,13647,4.1316680908203125,0.0007048162032151119,0.8,0.68512
1742,0.51252,4,7.0,7.2,True,14148,13651,6.092032432556152,0.0007047084950749972,0.8,0.6852
1743,0.51224,6,5.0,5.2,True,14154,13657,6.771076679229736,0.0007046007356313716,0.8,0.6853199999999999
1744,0.51196,8,3.0,3.2,True,14162,13665,4.919685363769531,0.0007044929249059397,0.8,0.6854800000000001
1745,0.51168,5,6.0,6.4,True,14167,13670,4.911464214324951,0.0007043850629204171,0.81,0.6855800000000001
1746,0.5114,5,6.0,6.4,True,14172,13675,4.952633380889893,0.0007042771496965293,0.81,0.6856800000000001
1747,0.51112,4,7.0,7.2,True,14176,13679,5.106223106384277,0.0007041691852560122,0.82,0.68576
1748,0.51084,3,8.0,8.0,True,14179,13682,4.654363632202148,0.0007040611696206121,0.82,0.68582
1749,0.51056,1,10.0,10.0,True,14180,13683,5.2255659103393555,0.0007039531028120856,0.82,0.68584
1750,0.51028,8,3.0,3.6,True,14188,13691,4.4021477699279785,0.0007038449848521995,0.82,0.6859999999999999
1751,0.51,6,5.0,5.6,True,14194,13697,4.872590065002441,0.000703736815762731,0.82,0.6861200000000001
1752,0.50972,10,1.0,2.0,True,14204,13707,6.1184821128845215,0.0007036285955654675,0.82,0.68632
1753,0.50944,6,5.0,5.2,True,14210,13713,5.336901664733887,0.0007035203242822069,0.82,0.6864399999999999
1754,0.50916,2,-11.0,-11.2,False,14212,13715,5.107712268829346,0.0007034120019347571,0.81,0.68648
1755,0.50888,1,10.0,10.0,True,14213,13716,5.146225452423096,0.0007033036285449365,0.81,0.6865
1756,0.5086,5,-14.0,-13.6,False,14218,13721,4.7771453857421875,0.0007031952041345739,0.8,0.6866000000000001
1757,0.50832,9,2.0,2.4,True,14227,13730,7.0201287269592285,0.000703086728725508,0.8,0.68678
1758,0.50804,3,8.0,8.4,True,14230,13733,4.523286819458008,0.0007029782023395881,0.8,0.68684
1759,0.50776,2,-11.0,-10.8,False,14232,13735,5.12496280670166,0.0007028696249986734,0.8,0.68688
1760,0.50748,8,3.0,3.6,True,14240,13743,4.077922821044922,0.0007027609967246339,0.8,0.68704
1761,0.5072,5,6.0,6.0,True,14245,13748,4.520709037780762,0.0007026523175393495,0.8,0.68714
1762,0.50692,1,10.0,10.0,True,14246,13749,4.357931613922119,0.0007025435874647102,0.8,0.68716
1763,0.50664,45,-45.0,-44.8,False,14287,13794,6.049325466156006,0.0007024348065226165,0.79,0.68806
1764,0.50636,4,7.0,7.2,True,14291,13798,4.835672855377197,0.0007023259747349795,0.8,0.68814
1765,0.50608,1,-10.0,-10.0,False,14292,13799,5.87006950378418,0.0007022170921237197,0.8,0.68816
1766,0.5058,2,9.0,9.2,True,14294,13801,5.3439788818359375,0.0007021081587107684,0.8,0.6882
1767,0.50552,5,6.0,6.4,True,14299,13806,6.541318416595459,0.0007019991745180672,0.8,0.6883
1768,0.50524,1,10.0,10.0,True,14300,13807,5.681396007537842,0.0007018901395675675,0.8,0.68832
1769,0.50496,4,7.0,7.2,True,14304,13811,4.371807098388672,0.0007017810538812315,0.8,0.6884
1770,0.50468,3,8.0,8.4,True,14307,13814,4.019561290740967,0.0007016719174810309,0.8,0.6884600000000001
1771,0.5044,4,7.0,7.2,True,14311,13818,5.426570892333984,0.0007015627303889483,0.8,0.6885399999999999
1772,0.50412,1,-10.0,-10.0,False,14312,13819,3.51839542388916,0.0007014534926269762,0.8,0.6885600000000001
1773,0.50384,3,8.0,8.4,True,14315,13822,5.402187347412109,0.0007013442042171172,0.8,0.68862
1774,0.50356,13,-22.0,-21.6,False,14328,13835,3.78239107131958,0.0007012348651813841,0.79,0.6888799999999999
1775,0.50328,1,-10.0,-10.0,False,14329,13836,4.308779239654541,0.0007011254755418004,0.79,0.6889000000000001
1776,0.503,4,7.0,7.2,True,14333,13840,5.20932149887085,0.000701016035320399,0.8,0.68898
1777,0.50272,8,3.0,3.6,True,14341,13848,5.212880611419678,0.0007009065445392238,0.8,0.6891400000000001
1778,0.50244,6,5.0,5.6,True,14347,13854,5.971144676208496,0.0007007970032203283,0.8,0.68926
1779,0.50216,9,2.0,2.0,True,14356,13863,4.185196399688721,0.0007006874113857762,0.81,0.68944
1780,0.50188,1,10.0,10.0,True,14357,13864,8.701682090759277,0.0007005777690576419,0.82,0.68946
1781,0.5016,2,-11.0,-10.8,False,14359,13866,5.329631328582764,0.0007004680762580093,0.81,0.6895
1782,0.50132,14,-3.0,-2.4,True,14373,13880,4.389917373657227,0.0007003583330089729,0.81,0.6897800000000001
1783,0.50104,1,10.0,10.0,True,14374,13881,5.198585510253906,0.0007002485393326374,0.81,0.6898
1784,0.50076,10,-19.0,-18.8,False,14384,13891,4.807558536529541,0.0007001386952511171,0.8,0.69
1785,0.50048,2,-11.0,-10.8,False,14386,13893,4.605012893676758,0.0007000288007865372,0.8,0.69004
1786,0.5002,3,8.0,8.0,True,14389,13896,4.875451564788818,0.0006999188559610326,0.8,0.6900999999999999
1787,0.49992,1,10.0,10.0,True,14390,13897,6.412517070770264,0.0006998088607967484,0.8,0.6901200000000001
1788,0.49964,4,-13.0,-13.2,False,14394,13901,4.154890537261963,0.0006996988153158399,0.79,0.6902
1789,0.49936,7,4.0,4.8,True,14401,13908,5.375537395477295,0.0006995887195404726,0.79,0.69034
1790,0.49908,14,-3.0,-2.4,True,14415,13922,5.354638576507568,0.0006994785734928218,0.79,0.69062
1791,0.4988,19,-8.0,-7.6,True,14434,13941,4.8870110511779785,0.0006993683771950735,0.8,0.6910000000000001
1792,0.49852,1,10.0,10.0,True,14435,13942,4.426352500915527,0.0006992581306694232,0.81,0.69102
1793,0.49824,1,10.0,10.0,True,14436,13943,5.374713897705078,0.0006991478339380769,0.81,0.69104
1794,0.49796,1,10.0,10.0,True,14437,13944,4.8494110107421875,0.0006990374870232508,0.82,0.69106
1795,0.49768,2,9.0,9.2,True,14439,13946,5.609919548034668,0.0006989270899471708,0.82,0.6911
1796,0.4974,1,10.0,10.0,True,14440,13947,5.151277542114258,0.0006988166427320733,0.82,0.69112
1797,0.49712,11,0.0,0.8,True,14451,13958,4.690762519836426,0.0006987061454002045,0.82,0.6913400000000001
1798,0.49684,3,8.0,8.4,True,14454,13961,4.8229827880859375,0.0006985955979738208,0.82,0.6914
1799,0.49656,3,8.0,8.4,True,14457,13964,4.276132106781006,0.000698485000475189,0.82,0.69146
1800,0.49628,28,-17.0,-16.4,True,14485,13992,3.862260341644287,0.0006983743529265854,0.82,0.6920200000000001
1801,0.496,6,5.0,5.6,True,14491,13998,4.990644931793213,0.0006982636553502968,0.83,0.69214
1802,0.49572,6,5.0,5.6,True,14497,14004,5.658758163452148,0.0006981529077686199,0.83,0.69226
1803,0.49544,7,4.0,4.4,True,14504,14011,5.314462661743164,0.0006980421102038615,0.83,0.6924
1804,0.49516,3,8.0,8.0,True,14507,14014,4.34700345993042,0.0006979312626783387,0.83,0.6924600000000001
1805,0.49488,1,-10.0,-10.0,False,14508,14015,4.9320549964904785,0.0006978203652143783,0.82,0.69248
1806,0.4946,18,-27.0,-26.8,False,14526,14033,5.328239440917969,0.0006977094178343174,0.81,0.69284
1807,0.49432,8,3.0,3.6,True,14534,14041,5.156336307525635,0.000697598420560503,0.81,0.6930000000000001
1808,0.49404,2,9.0,9.2,True,14536,14043,5.989667892456055,0.0006974873734152924,0.81,0.69304
1809,0.49376,3,-12.0,-11.6,False,14539,14046,4.135855197906494,0.0006973762764210526,0.81,0.6931
1810,0.49348,6,5.0,5.6,True,14545,14052,5.91273307800293,0.0006972651296001609,0.81,0.69322
1811,0.4932,1,-10.0,-10.0,False,14546,14053,4.392496109008789,0.0006971539329750043,0.8,0.6932400000000001
1812,0.49292,2,9.0,9.2,True,14548,14055,5.640109062194824,0.0006970426865679805,0.8,0.69328
1813,0.49264,6,5.0,5.6,True,14554,14061,4.688537120819092,0.0006969313904014963,0.8,0.6934
1814,0.49236,1,10.0,10.0,True,14555,14062,6.093807220458984,0.0006968200444979696,0.8,0.6934199999999999
1815,0.49208,3,8.0,8.4,True,14558,14065,4.774750232696533,0.0006967086488798272,0.8,0.69348
1816,0.4918,1,10.0,10.0,True,14559,14066,5.699423313140869,0.0006965972035695069,0.8,0.6935
1817,0.49152,1,10.0,10.0,True,14560,14067,5.286486625671387,0.0006964857085894558,0.8,0.69352
1818,0.49124,2,9.0,9.2,True,14562,14069,5.07646369934082,0.0006963741639621315,0.8,0.69356
1819,0.49096,7,4.0,4.0,True,14569,14076,3.895096778869629,0.0006962625697100011,0.81,0.6937
1820,0.49068,7,4.0,4.4,True,14576,14083,3.9522204399108887,0.0006961509258555422,0.81,0.69384
1821,0.4904,6,-15.0,-14.8,False,14582,14089,4.793064117431641,0.000696039232421242,0.8,0.69396
1822,0.49012,5,6.0,6.4,True,14587,14094,4.119521617889404,0.000695927489429598,0.8,0.69406
1823,0.48984,2,9.0,9.2,True,14589,14096,5.093367576599121,0.0006958156969031175,0.8,0.6940999999999999
1824,0.48956,22,-11.0,-10.4,True,14611,14118,4.193077564239502,0.0006957038548643177,0.81,0.6945399999999999
1825,0.48928,2,9.0,9.2,True,14613,14120,5.3681230545043945,0.0006955919633357258,0.81,0.69458
1826,0.489,11,0.0,-0.0,True,14624,14131,4.96144437789917,0.0006954800223398792,0.81,0.6948000000000001
1827,0.48872,5,6.0,6.4,True,14629,14136,5.527822971343994,0.0006953680318993252,0.81,0.6949000000000001
1828,0.48844,4,7.0,7.2,True,14633,14140,4.422680377960205,0.0006952559920366208,0.81,0.6949799999999999
1829,0.48816,1,10.0,10.0,True,14634,14141,5.829718589782715,0.0006951439027743331,0.81,0.6950000000000001
1830,0.48788,8,-17.0,-16.8,False,14642,14149,4.19161319732666,0.0006950317641350393,0.8,0.69516
1831,0.4876,3,8.0,8.0,True,14645,14152,5.268799781799316,0.0006949195761413264,0.8,0.69522
1832,0.48732,2,9.0,9.2,True,14647,14154,4.79435920715332,0.0006948073388157914,0.81,0.69526
1833,0.48704,2,9.0,9.2,True,14649,14156,5.284160137176514,0.000694695052181041,0.81,0.6953
1834,0.48676,7,4.0,4.4,True,14656,14163,5.958049297332764,0.0006945827162596922,0.81,0.6954400000000001
1835,0.48648,1,10.0,10.0,True,14657,14164,4.627058029174805,0.0006944703310743718,0.82,0.69546
1836,0.4862,2,-11.0,-11.2,False,14659,14166,4.6210036277771,0.0006943578966477164,0.81,0.6955
1837,0.48592,37,-46.0,-46.0,False,14696,14203,4.757234573364258,0.0006942454130023726,0.8,0.69624
1838,0.48564,13,-2.0,-1.6,True,14709,14216,4.367961883544922,0.0006941328801609968,0.8,0.6965
1839,0.48536,16,-5.0,-4.4,True,14725,14232,5.310164928436279,0.0006940202981462556,0.8,0.69682
1840,0.48508,3,-12.0,-11.6,False,14728,14235,4.067005634307861,0.0006939076669808252,0.79,0.6968799999999999
1841,0.4848,4,7.0,7.2,True,14732,14239,4.393131732940674,0.0006937949866873919,0.79,0.69696
1842,0.48452,9,2.0,2.4,True,14741,14248,4.360483646392822,0.0006936822572886518,0.79,0.6971400000000001
1843,0.48424,45,-45.0,-44.8,False,14782,14293,5.490769386291504,0.000693569478807311,0.78,0.69804
1844,0.48396,4,7.0,7.6,True,14786,14297,3.9070193767547607,0.0006934566512660853,0.78,0.6981200000000001
1845,0.48368,6,5.0,5.6,True,14792,14303,3.5384371280670166,0.0006933437746877004,0.78,0.69824
1846,0.4834,1,-10.0,-10.0,False,14793,14304,4.193995952606201,0.000693230849094892,0.77,0.69826
1847,0.48312,14,-3.0,-2.4,True,14807,14318,4.962237358093262,0.0006931178745104059,0.77,0.6985399999999999
1848,0.48284,3,8.0,8.0,True,14810,14321,5.291333198547363,0.000693004850956997,0.77,0.6986
1849,0.48256,5,6.0,6.4,True,14815,14326,4.152768135070801,0.000692891778457431,0.77,0.6987000000000001
1850,0.48228,2,9.0,9.2,True,14817,14328,4.329687595367432,0.0006927786570344827,0.77,0.69874
1851,0.482,3,-12.0,-12.0,False,14820,14331,4.837061882019043,0.0006926654867109373,0.76,0.6988000000000001
1852,0.48172,6,5.0,5.6,True,14826,14337,4.148058891296387,0.0006925522675095896,0.76,0.69892
1853,0.48144,4,-13.0,-12.8,False,14830,14341,4.555051326751709,0.0006924389994532442,0.75,0.6990000000000001
1854,0.48116,1,-10.0,-10.0,False,14831,14342,4.379624366760254,0.0006923256825647156,0.75,0.69902
1855,0.48088,12,-21.0,-20.8,False,14843,14354,5.101508140563965,0.0006922123168668282,0.74,0.69926
1856,0.4806,3,-12.0,-11.6,False,14846,14357,5.319084644317627,0.0006920989023824161,0.74,0.6993199999999999
1857,0.48032,1,10.0,10.0,True,14847,14358,4.992447853088379,0.0006919854391343233,0.74,0.6993400000000001
1858,0.48004,6,5.0,5.2,True,14853,14364,6.781088829040527,0.0006918719271454037,0.74,0.69946
1859,0.47976,13,-2.0,-1.2,True,14866,14377,4.982210636138916,0.0006917583664385208,0.75,0.69972
1860,0.47948,4,7.0,7.2,True,14870,14381,4.719235420227051,0.0006916447570365483,0.75,0.6998
1861,0.4792,3,8.0,8.4,True,14873,14384,5.1041693687438965,0.0006915310989623693,0.75,0.69986
1862,0.47892,3,8.0,8.4,True,14876,14387,5.416659355163574,0.0006914173922388768,0.75,0.6999200000000001
1863,0.47864,15,-24.0,-23.6,False,14891,14402,4.493396759033203,0.0006913036368889738,0.75,0.7002200000000001
1864,0.47836,2,9.0,9.2,True,14893,14404,6.142636775970459,0.000691189832935573,0.75,0.70026
1865,0.47808,1,10.0,10.0,True,14894,14405,4.718899250030518,0.0006910759804015967,0.76,0.70028
1866,0.4778,1,-10.0,-10.0,False,14895,14406,6.758657455444336,0.0006909620793099772,0.75,0.7002999999999999
1867,0.47752,1,10.0,10.0,True,14896,14407,4.603574752807617,0.0006908481296836565,0.75,0.70032
1868,0.47724,2,9.0,9.2,True,14898,14409,4.132635593414307,0.0006907341315455864,0.75,0.7003600000000001
1869,0.47696,10,1.0,1.2,True,14908,14419,4.652973175048828,0.0006906200849187284,0.75,0.7005600000000001
1870,0.47668,1,10.0,10.0,True,14909,14420,4.275068283081055,0.0006905059898260538,0.75,0.70058
1871,0.4764,1,10.0,10.0,True,14910,14421,6.168920040130615,0.0006903918462905439,0.75,0.7006
1872,0.47612,7,-16.0,-16.0,False,14917,14428,5.088775634765625,0.0006902776543351893,0.75,0.7007399999999999
1873,0.47584,2,9.0,9.2,True,14919,14430,5.285336971282959,0.0006901634139829907,0.75,0.70078
1874,0.47556,2,9.0,9.2,True,14921,14432,4.632285118103027,0.0006900491252569588,0.76,0.70082
1875,0.47528,9,2.0,2.4,True,14930,14441,5.046389102935791,0.0006899347881801131,0.77,0.7010000000000001
1876,0.475,2,-11.0,-10.8,False,14932,14443,5.783380508422852,0.0006898204027754837,0.76,0.7010400000000001
1877,0.47472,24,-33.0,-33.2,False,14956,14467,4.587782382965088,0.0006897059690661102,0.75,0.70152
1878,0.47444,20,-9.0,-8.8,True,14976,14487,6.2694196701049805,0.0006895914870750419,0.75,0.70192
1879,0.47416,1,10.0,10.0,True,14977,14488,4.661585807800293,0.0006894769568253378,0.75,0.70194
1880,0.47388,6,5.0,5.2,True,14983,14494,5.638153553009033,0.0006893623783400665,0.75,0.7020599999999999
1881,0.4736,4,7.0,7.2,True,14987,14498,4.5716400146484375,0.0006892477516423066,0.76,0.70214
1882,0.47332,4,7.0,7.6,True,14991,14502,4.868594646453857,0.0006891330767551463,0.76,0.7022200000000001
1883,0.47304,3,-12.0,-11.6,False,14994,14505,5.2102861404418945,0.0006890183537016833,0.75,0.70228
1884,0.47276,3,8.0,8.4,True,14997,14508,6.067520618438721,0.0006889035825050254,0.76,0.70234
1885,0.47248,6,5.0,5.2,True,15003,14514,5.2603349685668945,0.0006887887631882897,0.77,0.7024600000000001
1886,0.4722,12,-1.0,-0.8,True,15015,14526,4.117804050445557,0.0006886738957746031,0.77,0.7027
1887,0.47192,7,4.0,4.4,True,15022,14533,4.81284236907959,0.0006885589802871025,0.77,0.70284
1888,0.47164,1,10.0,10.0,True,15023,14534,4.516818046569824,0.0006884440167489341,0.78,0.70286
1889,0.47136,2,9.0,9.2,True,15025,14536,5.4665327072143555,0.0006883290051832539,0.78,0.7029000000000001
1890,0.47108,3,8.0,8.0,True,15028,14539,4.985029697418213,0.0006882139456132276,0.78,0.70296
1891,0.4708,5,6.0,6.0,True,15033,14544,5.1100053787231445,0.0006880988380620305,0.78,0.70306
1892,0.47052,2,9.0,9.2,True,15035,14546,5.555604457855225,0.0006879836825528478,0.78,0.7031000000000001
1893,0.47024,6,5.0,5.6,True,15041,14552,3.9527628421783447,0.0006878684791088739,0.78,0.70322
1894,0.46996,7,-16.0,-15.6,False,15048,14559,4.040959358215332,0.0006877532277533133,0.77,0.70336
1895,0.46968,1,10.0,10.0,True,15049,14560,6.38584566116333,0.00068763792850938,0.77,0.7033800000000001
1896,0.4694,7,-16.0,-16.4,False,15056,14567,4.369784832000732,0.0006875225814002976,0.76,0.70352
1897,0.46912,2,9.0,9.2,True,15058,14569,4.879697322845459,0.0006874071864492994,0.76,0.70356
1898,0.46884,5,6.0,6.4,True,15063,14574,5.446497917175293,0.0006872917436796282,0.76,0.70366
1899,0.46856,8,3.0,3.2,True,15071,14582,7.257797718048096,0.0006871762531145367,0.76,0.70382
1900,0.46828,4,7.0,7.6,True,15075,14586,4.6561102867126465,0.000687060714777287,0.76,0.7039
1901,0.468,2,9.0,9.2,True,15077,14588,4.866143226623535,0.0006869451286911508,0.76,0.70394
1902,0.46772,4,7.0,7.2,True,15081,14592,6.185800552368164,0.0006868294948794097,0.76,0.7040200000000001
1903,0.46744,1,-10.0,-10.0,False,15082,14593,4.705318450927734,0.0006867138133653545,0.75,0.70404
1904,0.46716,6,5.0,5.6,True,15088,14599,4.538137435913086,0.0006865980841722861,0.75,0.70416
1905,0.46688,3,-12.0,-12.4,False,15091,14602,4.28653621673584,0.0006864823073235145,0.75,0.7042200000000001
1906,0.4666,19,-8.0,-7.6,True,15110,14621,6.217885971069336,0.0006863664828423594,0.76,0.7046000000000001
1907,0.46632,5,6.0,6.8,True,15115,14626,6.837414264678955,0.0006862506107521506,0.76,0.7047000000000001
1908,0.46604,2,9.0,9.2,True,15117,14628,5.191399574279785,0.0006861346910762269,0.76,0.70474
1909,0.46576,2,9.0,9.2,True,15119,14630,5.172584056854248,0.0006860187238379369,0.77,0.70478
1910,0.46548,43,-32.0,-32.0,True,15162,14673,4.57637357711792,0.0006859027090606389,0.77,0.70564
1911,0.4652,1,10.0,10.0,True,15163,14674,5.788771629333496,0.0006857866467677005,0.78,0.70566
1912,0.46492,22,-31.0,-30.8,False,15185,14696,4.357726573944092,0.0006856705369824991,0.77,0.7061
1913,0.46464,2,9.0,9.2,True,15187,14698,5.223446846008301,0.0006855543797284216,0.77,0.70614
1914,0.46436,3,8.0,8.0,True,15190,14701,4.350831985473633,0.0006854381750288644,0.77,0.7061999999999999
1915,0.46408,1,-10.0,-10.0,False,15191,14702,5.0503315925598145,0.0006853219229072334,0.76,0.7062200000000001
1916,0.4638,6,5.0,5.2,True,15197,14708,4.4157538414001465,0.0006852056233869445,0.76,0.70634
1917,0.46352,1,10.0,10.0,True,15198,14709,4.176027774810791,0.0006850892764914225,0.76,0.7063600000000001
1918,0.46324,10,1.0,1.6,True,15208,14719,5.860024452209473,0.0006849728822441023,0.76,0.7065600000000001
1919,0.46296,8,3.0,4.0,True,15216,14727,5.926775932312012,0.0006848564406684277,0.76,0.70672
1920,0.46268,3,8.0,8.4,True,15219,14730,5.246013641357422,0.0006847399517878528,0.76,0.70678
1921,0.4624,12,-1.0,-0.8,True,15231,14742,4.764557838439941,0.0006846234156258407,0.77,0.70702
1922,0.46212,13,-2.0,-1.6,True,15244,14755,4.856937885284424,0.0006845068322058642,0.77,0.70728
1923,0.46184,10,1.0,1.2,True,15254,14765,5.2519354820251465,0.0006843902015514056,0.77,0.70748
1924,0.46156,4,7.0,7.2,True,15258,14769,4.5055155754089355,0.0006842735236859567,0.77,0.70756
1925,0.46128,3,8.0,8.4,True,15261,14772,5.4166579246521,0.0006841567986330188,0.77,0.70762
1926,0.461,18,-7.0,-6.4,True,15279,14790,5.50151252746582,0.0006840400264161026,0.77,0.70798
1927,0.46072,1,-10.0,-10.0,False,15280,14791,5.0777411460876465,0.0006839232070587285,0.76,0.708
1928,0.46044,2,-11.0,-11.2,False,15282,14793,4.214059829711914,0.0006838063405844263,0.75,0.70804
1929,0.46016,2,9.0,9.2,True,15284,14795,4.3967742919921875,0.0006836894270167355,0.75,0.70808
1930,0.45988,5,6.0,6.4,True,15289,14800,6.175210952758789,0.0006835724663792047,0.76,0.70818
1931,0.4596,2,-11.0,-11.2,False,15291,14802,3.993121862411499,0.0006834554586953921,0.75,0.7082200000000001
1932,0.45932,3,8.0,8.4,True,15294,14805,4.114048004150391,0.0006833384039888657,0.75,0.70828
1933,0.45904,9,-18.0,-18.4,False,15303,14814,4.669475078582764,0.0006832213022832024,0.74,0.7084600000000001
1934,0.45876,15,-4.0,-3.6,True,15318,14829,5.209920406341553,0.0006831041536019891,0.74,0.7087600000000001
1935,0.45848,9,-18.0,-18.4,False,15327,14838,5.044112205505371,0.0006829869579688219,0.73,0.70894
1936,0.4582,9,2.0,2.4,True,15336,14847,4.72691011428833,0.0006828697154073064,0.74,0.70912
1937,0.45792,6,-15.0,-15.2,False,15342,14853,6.20550537109375,0.0006827524259410576,0.74,0.70924
1938,0.45764,1,10.0,10.0,True,15343,14854,4.904386520385742,0.0006826350895937001,0.74,0.70926
1939,0.45736,2,9.0,9.2,True,15345,14856,6.110474586486816,0.0006825177063888678,0.74,0.7093
1940,0.45708,1,10.0,10.0,True,15346,14857,4.8838419914245605,0.0006824002763502041,0.75,0.70932
1941,0.4568,1,-10.0,-10.0,False,15347,14858,3.7271525859832764,0.0006822827995013617,0.74,0.70934
1942,0.45652,3,8.0,8.4,True,15350,14861,4.100924491882324,0.0006821652758660029,0.74,0.7094
1943,0.45624,3,8.0,8.4,True,15353,14864,4.331688404083252,0.0006820477054677995,0.75,0.70946
1944,0.45596,5,6.0,6.4,True,15358,14869,4.70720911026001,0.0006819300883304323,0.75,0.70956
1945,0.45568,2,9.0,9.2,True,15360,14871,3.700000286102295,0.0006818124244775922,0.75,0.7096
1946,0.4554,1,10.0,10.0,True,15361,14872,4.023713111877441,0.000681694713932979,0.76,0.70962
1947,0.45512,1,10.0,10.0,True,15362,14873,4.671896934509277,0.0006815769567203018,0.76,0.70964
1948,0.45484,16,-5.0,-4.0,True,15378,14889,4.29163122177124,0.0006814591528632794,0.76,0.7099599999999999
1949,0.45456,1,10.0,10.0,True,15379,14890,4.813315391540527,0.00068134130238564,0.76,0.70998
1950,0.45428,5,6.0,6.4,True,15384,14895,5.895956993103027,0.000681223405311121,0.76,0.71008
1951,0.454,2,9.0,9.2,True,15386,14897,3.773695230484009,0.0006811054616634694,0.77,0.7101200000000001
1952,0.45372,19,-8.0,-7.6,True,15405,14916,5.517014026641846,0.0006809874714664413,0.77,0.7104999999999999
1953,0.45344,3,8.0,8.4,True,15408,14919,5.021918296813965,0.0006808694347438026,0.78,0.71056
1954,0.45316,2,9.0,9.2,True,15410,14921,6.173870086669922,0.000680751351519328,0.79,0.7106000000000001
1955,0.45288,4,-13.0,-12.8,False,15414,14925,4.349490165710449,0.0006806332218168022,0.79,0.71068
1956,0.4526,3,8.0,8.4,True,15417,14928,4.206871509552002,0.0006805150456600187,0.8,0.71074
1957,0.45232,8,-17.0,-16.4,False,15425,14936,4.673015594482422,0.0006803968230727806,0.79,0.7109000000000001
1958,0.45204,5,6.0,6.0,True,15430,14941,5.831610679626465,0.0006802785540789005,0.79,0.7110000000000001
1959,0.45176,2,-11.0,-11.2,False,15432,14943,4.5696587562561035,0.0006801602387022003,0.78,0.71104
1960,0.45148,8,3.0,3.6,True,15440,14951,5.278593063354492,0.0006800418769665108,0.78,0.7112
1961,0.4512,3,8.0,8.4,True,15443,14954,3.405890703201294,0.0006799234688956728,0.78,0.71126
1962,0.45092,1,10.0,10.0,True,15444,14955,3.894993305206299,0.0006798050145135359,0.78,0.71128
1963,0.45064,4,7.0,7.2,True,15448,14959,5.793787002563477,0.0006796865138439593,0.79,0.71136
1964,0.45036,1,10.0,10.0,True,15449,14960,3.758450984954834,0.0006795679669108115,0.79,0.71138
1965,0.45008,4,7.0,7.6,True,15453,14964,4.381590843200684,0.0006794493737379703,0.79,0.71146
1966,0.4498,10,1.0,1.6,True,15463,14974,4.8826422691345215,0.0006793307343493227,0.8,0.71166
1967,0.44952,2,-11.0,-10.8,False,15465,14976,5.0226263999938965,0.0006792120487687652,0.79,0.7117
1968,0.44924,4,-13.0,-12.8,False,15469,14980,4.275059223175049,0.0006790933170202035,0.78,0.71178
1969,0.44896,5,6.0,6.4,True,15474,14985,4.501095294952393,0.0006789745391275524,0.78,0.7118800000000001
1970,0.44868,1,-10.0,-10.0,False,15475,14986,3.657649517059326,0.0006788557151147365,0.77,0.7119
1971,0.4484,1,10.0,10.0,True,15476,14987,6.717187881469727,0.0006787368450056893,0.77,0.7119200000000001
1972,0.44812,1,-10.0,-10.0,False,15477,14988,4.3552961349487305,0.0006786179288243537,0.77,0.71194
1973,0.44784,4,-13.0,-13.2,False,15481,14992,4.127386569976807,0.0006784989665946816,0.76,0.7120200000000001
1974,0.44756,2,9.0,9.2,True,15483,14994,3.7998929023742676,0.0006783799583406348,0.76,0.71206
1975,0.44728,1,-10.0,-10.0,False,15484,14995,4.8802642822265625,0.0006782609040861837,0.75,0.71208
1976,0.447,3,8.0,8.0,True,15487,14998,4.604097366333008,0.0006781418038553085,0.76,0.71214
1977,0.44672,16,-5.0,-4.4,True,15503,15014,4.342010021209717,0.0006780226576719984,0.77,0.7124600000000001
1978,0.44644,11,0.0,0.4,True,15514,15025,4.396079063415527,0.0006779034655602517,0.77,0.71268
1979,0.44616,3,8.0,8.4,True,15517,15028,5.437961578369141,0.0006777842275440763,0.77,0.7127399999999999
1980,0.44588,1,-10.0,-10.0,False,15518,15029,5.138345718383789,0.0006776649436474891,0.76,0.7127600000000001
1981,0.4456,8,3.0,3.2,True,15526,15037,4.93605899810791,0.0006775456138945164,0.76,0.71292
1982,0.44532,5,6.0,6.0,True,15531,15042,4.388588905334473,0.0006774262383091935,0.76,0.71302
1983,0.44504,3,8.0,8.4,True,15534,15045,5.424551486968994,0.0006773068169155653,0.77,0.71308
1984,0.44476,1,10.0,10.0,True,15535,15046,4.451132774353027,0.0006771873497376855,0.77,0.7131000000000001
1985,0.44448,1,10.0,10.0,True,15536,15047,4.401087284088135,0.0006770678367996174,0.77,0.71312
1986,0.4442,2,9.0,9.2,True,15538,15049,5.154386043548584,0.0006769482781254333,0.77,0.71316
1987,0.44392,17,-6.0,-5.6,True,15555,15066,4.616529941558838,0.0006768286737392149,0.77,0.7135
1988,0.44364,6,5.0,5.2,True,15561,15072,3.80997633934021,0.0006767090236650527,0.77,0.71362
1989,0.44336,12,-1.0,-0.4,True,15573,15084,3.9945549964904785,0.0006765893279270469,0.77,0.7138599999999999
1990,0.44308,19,-8.0,-7.6,True,15592,15103,4.314695358276367,0.0006764695865493066,0.77,0.71424
1991,0.4428,3,8.0,8.4,True,15595,15106,5.065459251403809,0.00067634979955595,0.77,0.7143
1992,0.44252,1,10.0,10.0,True,15596,15107,4.649900436401367,0.0006762299669711051,0.77,0.7143200000000001
1993,0.44224,1,-10.0,-10.0,False,15597,15108,5.310587406158447,0.0006761100888189081,0.76,0.71434
1994,0.44196,2,-11.0,-11.2,False,15599,15110,4.971912860870361,0.0006759901651235054,0.76,0.71438
1995,0.44168,6,5.0,5.6,True,15605,15116,3.8425819873809814,0.0006758701959090517,0.76,0.7145
1996,0.4414,2,9.0,9.2,True,15607,15118,6.1229376792907715,0.0006757501811997115,0.77,0.71454
1997,0.44112,5,-14.0,-13.6,False,15612,15123,5.284746170043945,0.0006756301210196581,0.76,0.7146399999999999
1998,0.44084,2,-11.0,-10.8,False,15614,15125,3.9768011569976807,0.0006755100153930742,0.75,0.71468
1999,0.44056,3,-12.0,-12.0,False,15617,15128,4.043457984924316,0.0006753898643441515,0.74,0.7147399999999999
2000,0.44028,3,8.0,8.4,True,15620,15131,4.435589790344238,0.0006752696678970906,0.74,0.7148
2001,0.44,5,-14.0,-14.0,False,15625,15136,4.566980361938477,0.000675149426076102,0.73,0.7149000000000001
2002,0.43972,3,8.0,8.4,True,15628,15139,5.671091556549072,0.0006750291389054045,0.73,0.71496
2003,0.43944,3,8.0,8.0,True,15631,15142,5.334433555603027,0.0006749088064092267,0.74,0.71502
2004,0.43916,3,8.0,8.0,True,15634,15145,5.248850345611572,0.0006747884286118057,0.74,0.7150799999999999
2005,0.43888,2,9.0,9.2,True,15636,15147,3.8600142002105713,0.0006746680055373884,0.75,0.71512
2006,0.4386,3,-12.0,-11.6,False,15639,15150,4.9082794189453125,0.0006745475372102301,0.74,0.7151799999999999
2007,0.43832,1,-10.0,-10.0,False,15640,15151,4.946967124938965,0.0006744270236545959,0.73,0.7152000000000001
2008,0.43804,2,9.0,9.2,True,15642,15153,7.525852203369141,0.0006743064648947596,0.73,0.71524
2009,0.43776,8,3.0,3.6,True,15650,15161,5.024368762969971,0.0006741858609550042,0.73,0.7154
2010,0.43748,2,9.0,9.2,True,15652,15163,5.674215316772461,0.0006740652118596218,0.73,0.7154400000000001
2011,0.4372,1,10.0,10.0,True,15653,15164,4.540703773498535,0.0006739445176329136,0.73,0.71546
2012,0.43692,6,5.0,5.6,True,15659,15170,5.051804542541504,0.0006738237782991899,0.74,0.7155800000000001
2013,0.43664,4,-13.0,-13.2,False,15663,15174,4.134943008422852,0.0006737029938827701,0.73,0.71566
2014,0.43636,6,-15.0,-14.0,False,15669,15180,5.620297431945801,0.0006735821644079826,0.72,0.7157800000000001
2015,0.43608,12,-1.0,-0.4,True,15681,15192,4.880498886108398,0.000673461289899165,0.73,0.71602
2016,0.4358,11,0.0,0.4,True,15692,15203,4.175736427307129,0.0006733403703806638,0.73,0.71624
2017,0.43552,10,1.0,1.2,True,15702,15213,5.249796390533447,0.0006732194058768346,0.73,0.71644
2018,0.43524,4,7.0,7.2,True,15706,15217,4.402493953704834,0.0006730983964120424,0.73,0.71652
2019,0.43496,4,7.0,7.2,True,15710,15221,6.663445949554443,0.0006729773420106608,0.73,0.7165999999999999
2020,0.43468,45,-45.0,-44.4,False,15751,15266,3.529418468475342,0.0006728562426970729,0.72,0.7175
2021,0.4344,6,5.0,5.2,True,15757,15272,5.405413627624512,0.0006727350984956702,0.72,0.7176199999999999
2022,0.43412,2,-11.0,-11.2,False,15759,15274,5.523568153381348,0.0006726139094308538,0.71,0.71766
2023,0.43384,2,9.0,9.2,True,15761,15276,5.4892473220825195,0.0006724926755270337,0.71,0.7177
2024,0.43356,1,-10.0,-10.0,False,15762,15277,4.752859115600586,0.0006723713968086289,0.7,0.7177199999999999
2025,0.43328,2,9.0,9.2,True,15764,15279,5.781844139099121,0.0006722500733000673,0.7,0.71776
2026,0.433,2,9.0,9.2,True,15766,15281,4.936731338500977,0.0006721287050257859,0.7,0.7178
2027,0.43272,2,-11.0,-10.8,False,15768,15283,5.287957191467285,0.0006720072920102311,0.7,0.71784
2028,0.43244,3,-12.0,-12.0,False,15771,15286,3.8334121704101562,0.0006718858342778575,0.7,0.7179
2029,0.43216,4,7.0,7.2,True,15775,15290,7.538555145263672,0.0006717643318531294,0.7,0.7179800000000001
2030,0.43188,2,9.0,9.2,True,15777,15292,4.310046195983887,0.0006716427847605201,0.7,0.7180200000000001
2031,0.4316,25,-14.0,-13.6,True,15802,15317,6.527379989624023,0.0006715211930245114,0.71,0.71852
2032,0.43132,25,-14.0,-13.2,True,15827,15342,4.372886657714844,0.0006713995566695945,0.71,0.71902
2033,0.43104,7,-16.0,-16.0,False,15834,15349,4.3348708152771,0.0006712778757202693,0.71,0.71916
2034,0.43076,4,7.0,7.6,True,15838,15353,3.66109561920166,0.000671156150201045,0.71,0.7192400000000001
2035,0.43048,1,10.0,10.0,True,15839,15354,4.238783836364746,0.0006710343801364394,0.72,0.71926
2036,0.4302,1,10.0,10.0,True,15840,15355,4.002627372741699,0.0006709125655509797,0.72,0.71928
2037,0.42992,3,8.0,8.4,True,15843,15358,5.900967597961426,0.0006707907064692018,0.73,0.7193400000000001
2038,0.42964,2,9.0,9.2,True,15845,15360,4.869698524475098,0.0006706688029156507,0.73,0.71938
2039,0.42936,3,8.0,8.4,True,15848,15363,4.542991638183594,0.00067054685491488,0.73,0.7194400000000001
2040,0.42908,3,-12.0,-12.0,False,15851,15366,5.1237263679504395,0.0006704248624914528,0.72,0.7195
2041,0.4288,1,10.0,10.0,True,15852,15367,5.412226676940918,0.0006703028256699407,0.73,0.7195199999999999
2042,0.42852,1,10.0,10.0,True,15853,15368,5.280999183654785,0.0006701807444749246,0.73,0.7195400000000001
2043,0.42824,2,9.0,9.2,True,15855,15370,5.191963195800781,0.000670058618930994,0.73,0.71958
2044,0.42796,13,-2.0,-1.6,True,15868,15383,4.265732288360596,0.0006699364490627475,0.73,0.71984
2045,0.42768,22,-11.0,-10.0,True,15890,15405,6.064995765686035,0.0006698142348947927,0.73,0.72028
2046,0.4274,11,0.0,0.4,True,15901,15416,4.426684856414795,0.0006696919764517459,0.73,0.7205
2047,0.42712,4,7.0,7.2,True,15905,15420,4.566817283630371,0.0006695696737582326,0.73,0.72058
2048,0.42684,3,8.0,8.4,True,15908,15423,5.005337715148926,0.0006694473268388871,0.73,0.72064
2049,0.42656,5,6.0,6.4,True,15913,15428,3.8508448600769043,0.0006693249357183524,0.73,0.7207399999999999
2050,0.42628,3,8.0,8.4,True,15916,15431,3.859091281890869,0.0006692025004212807,0.73,0.7208
2051,0.426,5,-14.0,-14.0,False,15921,15436,3.9196109771728516,0.0006690800209723329,0.72,0.7209000000000001
2052,0.42572,2,9.0,9.2,True,15923,15438,4.126256465911865,0.000668957497396179,0.72,0.72094
2053,0.42544,7,4.0,4.4,True,15930,15445,5.457737445831299,0.0006688349297174976,0.72,0.7210799999999999
2054,0.42516,2,9.0,9.2,True,15932,15447,4.6258063316345215,0.0006687123179609765,0.72,0.72112
2055,0.42488,4,-13.0,-12.8,False,15936,15451,3.9861698150634766,0.0006685896621513121,0.72,0.7212000000000001
2056,0.4246,45,-45.0,-45.2,False,15977,15496,3.95017671585083,0.0006684669623132099,0.71,0.7221
2057,0.42432,5,6.0,6.4,True,15982,15501,5.101572513580322,0.0006683442184713839,0.72,0.7222
2058,0.42404,3,8.0,8.4,True,15985,15504,6.955894947052002,0.0006682214306505575,0.72,0.72226
2059,0.42376,4,-13.0,-13.2,False,15989,15508,4.7157673835754395,0.0006680985988754627,0.72,0.72234
2060,0.42348,2,9.0,9.2,True,15991,15510,6.384554386138916,0.0006679757231708402,0.72,0.72238
2061,0.4232,2,-11.0,-10.8,False,15993,15512,4.944279670715332,0.0006678528035614396,0.71,0.7224200000000001
2062,0.42292,3,8.0,8.4,True,15996,15515,6.3068156242370605,0.0006677298400720198,0.71,0.72248
2063,0.42264,2,9.0,9.2,True,15998,15517,5.379705429077148,0.0006676068327273477,0.71,0.72252
2064,0.42236,5,6.0,6.8,True,16003,15522,3.9072396755218506,0.0006674837815521999,0.71,0.72262
2065,0.42208,1,10.0,10.0,True,16004,15523,4.362894535064697,0.0006673606865713612,0.71,0.72264
2066,0.4218,6,5.0,5.6,True,16010,15529,4.898819446563721,0.0006672375478096255,0.71,0.7227600000000001
2067,0.42152,11,-20.0,-20.0,False,16021,15540,4.005908489227295,0.0006671143652917954,0.71,0.72298
2068,0.42124,4,7.0,7.2,True,16025,15544,6.109118938446045,0.0006669911390426826,0.72,0.72306
2069,0.42096,4,7.0,7.2,True,16029,15548,4.515058517456055,0.0006668678690871071,0.72,0.72314
2070,0.42068,8,-17.0,-17.2,False,16037,15556,5.109269618988037,0.0006667445554498982,0.72,0.7233
2071,0.4204,1,10.0,10.0,True,16038,15557,3.478199005126953,0.0006666211981558938,0.72,0.72332
2072,0.42012,15,-24.0,-24.0,False,16053,15572,5.53542423248291,0.0006664977972299405,0.72,0.7236199999999999
2073,0.41984,7,4.0,4.8,True,16060,15579,6.248461723327637,0.0006663743526968937,0.73,0.72376
2074,0.41956,6,5.0,5.2,True,16066,15585,4.41093111038208,0.0006662508645816177,0.73,0.72388
2075,0.41928,6,5.0,5.6,True,16072,15591,5.705204486846924,0.0006661273329089858,0.74,0.724
2076,0.419,4,7.0,7.2,True,16076,15595,4.13751745223999,0.0006660037577038796,0.74,0.7240800000000001
2077,0.41872,35,-44.0,-43.6,False,16111,15630,5.462583541870117,0.0006658801389911895,0.73,0.72478
2078,0.41844,31,-20.0,-19.6,True,16142,15661,5.341988563537598,0.0006657564767958153,0.73,0.7254
2079,0.41816,37,-46.0,-45.6,False,16179,15698,7.511166095733643,0.0006656327711426647,0.72,0.72614
2080,0.41788,5,6.0,6.4,True,16184,15703,4.228362083435059,0.0006655090220566547,0.73,0.72624
2081,0.4176,7,-16.0,-15.6,False,16191,15710,3.936023235321045,0.0006653852295627109,0.72,0.72638
2082,0.41732,2,9.0,9.2,True,16193,15712,4.808777809143066,0.0006652613936857676,0.72,0.7264200000000001
2083,0.41704,4,7.0,7.2,True,16197,15716,5.00707483291626,0.0006651375144507679,0.72,0.7265
2084,0.41676,7,4.0,4.4,True,16204,15723,5.446534156799316,0.0006650135918826638,0.72,0.72664
2085,0.41648,1,10.0,10.0,True,16205,15724,4.505952835083008,0.0006648896260064154,0.72,0.7266600000000001
2086,0.4162,1,10.0,10.0,True,16206,15725,4.433560371398926,0.0006647656168469924,0.72,0.72668
2087,0.41592,1,-10.0,-10.0,False,16207,15726,5.878596305847168,0.0006646415644293726,0.71,0.7267
2088,0.41564,1,10.0,10.0,True,16208,15727,4.871340751647949,0.0006645174687785428,0.71,0.72672
2089,0.41536,11,0.0,0.4,True,16219,15738,4.8600873947143555,0.0006643933299194982,0.71,0.72694
2090,0.41508,14,-3.0,-2.0,True,16233,15752,5.272670269012451,0.0006642691478772431,0.71,0.72722
2091,0.4148,2,9.0,9.2,True,16235,15754,5.371273517608643,0.0006641449226767903,0.71,0.72726
2092,0.41452,2,9.0,9.2,True,16237,15756,4.490554332733154,0.0006640206543431612,0.71,0.7273000000000001
2093,0.41424,3,8.0,8.4,True,16240,15759,3.3022267818450928,0.0006638963429013861,0.72,0.72736
2094,0.41396,2,-11.0,-11.2,False,16242,15761,5.128078460693359,0.0006637719883765038,0.72,0.7274
2095,0.41368,3,8.0,8.4,True,16245,15764,4.558667182922363,0.0006636475907935617,0.72,0.72746
2096,0.4134,24,-13.0,-12.8,True,16269,15788,3.957371234893799,0.0006635231501776164,0.72,0.72794
2097,0.41312,6,5.0,5.6,True,16275,15794,5.612819671630859,0.0006633986665537325,0.73,0.7280599999999999
2098,0.41284,2,9.0,9.2,True,16277,15796,4.774258613586426,0.0006632741399469836,0.74,0.7281
2099,0.41256,10,-19.0,-19.2,False,16287,15806,5.135701656341553,0.000663149570382452,0.74,0.7283
2100,0.41228,2,9.0,9.2,True,16289,15808,6.0256757736206055,0.0006630249578852286,0.74,0.72834
2101,0.412,2,9.0,9.2,True,16291,15810,5.103714466094971,0.0006629003024804127,0.75,0.72838
2102,0.41172,5,-14.0,-14.0,False,16296,15815,4.306922912597656,0.0006627756041931126,0.74,0.72848
2103,0.41144,5,6.0,6.4,True,16301,15820,4.262171268463135,0.0006626508630484451,0.74,0.72858
2104,0.41116,1,10.0,10.0,True,16302,15821,4.018365383148193,0.0006625260790715355,0.74,0.7285999999999999
2105,0.41088,3,8.0,8.4,True,16305,15824,4.091205596923828,0.0006624012522875181,0.74,0.72866
2106,0.4106,1,-10.0,-10.0,False,16306,15825,6.385537147521973,0.0006622763827215353,0.74,0.72868
2107,0.41032,10,-19.0,-18.4,False,16316,15835,4.982728958129883,0.0006621514703987386,0.74,0.72888
2108,0.41004,6,5.0,5.2,True,16322,15841,5.022309303283691,0.0006620265153442877,0.74,0.7290000000000001
2109,0.40976,2,9.0,9.2,True,16324,15843,4.5799455642700195,0.0006619015175833512,0.74,0.72904
2110,0.40948,5,-14.0,-14.0,False,16329,15848,4.094517707824707,0.0006617764771411062,0.73,0.72914
2111,0.4092,1,10.0,10.0,True,16330,15849,3.944526433944702,0.0006616513940427386,0.73,0.72916
2112,0.40892,8,3.0,3.6,True,16338,15857,4.793901443481445,0.0006615262683134423,0.73,0.72932
2113,0.40864,3,-12.0,-12.0,False,16341,15860,3.9904956817626953,0.0006614010999784207,0.73,0.72938
2114,0.40836,1,10.0,10.0,True,16342,15861,4.637284755706787,0.0006612758890628847,0.74,0.7294
2115,0.40808,4,7.0,7.2,True,16346,15865,4.038692474365234,0.0006611506355920548,0.74,0.72948
2116,0.4078,6,5.0,5.2,True,16352,15871,5.502865791320801,0.0006610253395911594,0.74,0.7296
2117,0.40752,2,9.0,9.2,True,16354,15873,5.371413230895996,0.0006609000010854357,0.74,0.7296400000000001
2118,0.40724,4,7.0,7.6,True,16358,15877,3.6702167987823486,0.0006607746201001296,0.74,0.7297199999999999
2119,0.40696,10,1.0,1.6,True,16368,15887,5.538663864135742,0.0006606491966604952,0.74,0.7299199999999999
2120,0.40668,3,8.0,8.4,True,16371,15890,5.668087005615234,0.0006605237307917953,0.75,0.7299800000000001
2121,0.4064,13,-22.0,-21.6,False,16384,15903,5.342205047607422,0.0006603982225193016,0.74,0.73024
2122,0.40612,2,9.0,9.2,True,16386,15905,4.181959629058838,0.0006602726718682937,0.75,0.73028
2123,0.40584,4,7.0,7.6,True,16390,15909,6.4969868659973145,0.0006601470788640603,0.75,0.73036
2124,0.40556,1,10.0,10.0,True,16391,15910,5.057434558868408,0.0006600214435318984,0.76,0.73038
2125,0.40528,4,7.0,7.2,True,16395,15914,3.7993016242980957,0.0006598957658971133,0.76,0.73046
2126,0.405,9,2.0,2.8,True,16404,15923,4.525069236755371,0.0006597700459850193,0.76,0.73064
2127,0.40472,7,-16.0,-16.0,False,16411,15930,5.356873035430908,0.000659644283820939,0.76,0.73078
2128,0.40444,1,10.0,10.0,True,16412,15931,6.23050594329834,0.0006595184794302032,0.77,0.7308
2129,0.40416,4,7.0,7.2,True,16416,15935,5.49953031539917,0.0006593926328381516,0.77,0.73088
2130,0.40388,3,8.0,8.0,True,16419,15938,4.221627712249756,0.0006592667440701325,0.77,0.7309399999999999
2131,0.4036,2,9.0,9.2,True,16421,15940,6.168158531188965,0.0006591408131515021,0.77,0.73098
2132,0.40332,5,6.0,6.4,True,16426,15945,5.21799373626709,0.0006590148401076258,0.77,0.73108
2133,0.40304,2,9.0,9.2,True,16428,15947,4.789249420166016,0.0006588888249638771,0.78,0.73112
2134,0.40276,3,8.0,8.0,True,16431,15950,3.870023250579834,0.0006587627677456379,0.78,0.73118
2135,0.40248,4,7.0,7.6,True,16435,15954,4.206682205200195,0.0006586366684782987,0.78,0.73126
2136,0.4022,6,5.0,5.6,True,16441,15960,4.795182704925537,0.0006585105271872586,0.78,0.73138
2137,0.40192,12,-1.0,-0.4,True,16453,15972,4.951406478881836,0.000658384343897925,0.78,0.7316199999999999
2138,0.40164,1,10.0,10.0,True,16454,15973,5.826433181762695,0.0006582581186357139,0.78,0.7316400000000001
2139,0.40136,14,-23.0,-23.2,False,16468,15987,4.186647891998291,0.0006581318514260494,0.77,0.73192
2140,0.40108,2,-11.0,-10.8,False,16470,15989,4.350822925567627,0.0006580055422943644,0.77,0.7319599999999999
2141,0.4008,2,-11.0,-10.8,False,16472,15991,5.041371822357178,0.0006578791912661003,0.76,0.732
2142,0.40052,1,10.0,10.0,True,16473,15992,4.488400459289551,0.0006577527983667066,0.76,0.73202
2143,0.40024,4,7.0,7.2,True,16477,15996,4.093709945678711,0.0006576263636216415,0.76,0.7321
2144,0.39996,1,10.0,10.0,True,16478,15997,5.495359420776367,0.0006574998870563716,0.76,0.73212
2145,0.39968,1,10.0,10.0,True,16479,15998,3.2496984004974365,0.0006573733686963717,0.76,0.73214
2146,0.3994,5,6.0,6.8,True,16484,16003,4.986503601074219,0.0006572468085671255,0.76,0.73224
2147,0.39912,12,-1.0,-0.4,True,16496,16015,5.079229354858398,0.0006571202066941245,0.76,0.73248
2148,0.39884,1,-10.0,-10.0,False,16497,16016,3.5526294708251953,0.0006569935631028689,0.75,0.7325
2149,0.39856,1,10.0,10.0,True,16498,16017,5.115771293640137,0.0006568668778188677,0.75,0.7325200000000001
2150,0.39828,2,9.0,9.2,True,16500,16019,4.267472743988037,0.0006567401508676375,0.75,0.7325600000000001
2151,0.398,2,9.0,9.2,True,16502,16021,5.155312538146973,0.0006566133822747039,0.76,0.7326
2152,0.39772,1,10.0,10.0,True,16503,16022,4.407824993133545,0.0006564865720656006,0.76,0.73262
2153,0.39744,8,3.0,3.6,True,16511,16030,4.573452949523926,0.0006563597202658699,0.76,0.73278
2154,0.39716,7,4.0,4.4,True,16518,16037,5.6641845703125,0.0006562328269010621,0.76,0.73292
2155,0.39688,2,-11.0,-10.8,False,16520,16039,4.392190933227539,0.0006561058919967365,0.76,0.7329600000000001
2156,0.3966,2,9.0,9.2,True,16522,16041,4.054971694946289,0.0006559789155784601,0.77,0.7330000000000001
2157,0.39632,2,9.0,9.2,True,16524,16043,4.197850227355957,0.0006558518976718088,0.77,0.73304
2158,0.39604,4,7.0,7.6,True,16528,16047,4.686467170715332,0.0006557248383023663,0.77,0.73312
2159,0.39576,7,4.0,4.4,True,16535,16054,5.407941818237305,0.0006555977374957251,0.78,0.73326
2160,0.39548,7,4.0,4.8,True,16542,16061,5.01936674118042,0.0006554705952774861,0.78,0.7334
2161,0.3952,12,-21.0,-20.4,False,16554,16073,4.679173946380615,0.000655343411673258,0.78,0.7336400000000001
2162,0.39492,4,7.0,7.6,True,16558,16077,4.772244453430176,0.0006552161867086583,0.78,0.73372
2163,0.39464,19,-8.0,-7.6,True,16577,16096,4.582610607147217,0.000655088920409313,0.78,0.7341
2164,0.39436,7,4.0,4.0,True,16584,16103,4.648326873779297,0.0006549616128008559,0.78,0.73424
2165,0.39408,1,10.0,10.0,True,16585,16104,5.277891159057617,0.0006548342639089293,0.78,0.73426
2166,0.3938,1,10.0,10.0,True,16586,16105,4.804969787597656,0.0006547068737591839,0.78,0.73428
2167,0.39352,1,-10.0,-10.0,False,16587,16106,3.656158924102783,0.0006545794423772789,0.78,0.7343
2168,0.39324,1,-10.0,-10.0,False,16588,16107,5.512887001037598,0.0006544519697888814,0.77,0.7343200000000001
2169,0.39296,2,9.0,9.2,True,16590,16109,4.218913555145264,0.0006543244560196669,0.77,0.73436
2170,0.39268,1,10.0,10.0,True,16591,16110,5.3573079109191895,0.0006541969010953195,0.78,0.73438
2171,0.3924,8,-17.0,-17.2,False,16599,16118,4.928123950958252,0.0006540693050415313,0.77,0.73454
2172,0.39212,1,10.0,10.0,True,16600,16119,5.053854942321777,0.0006539416678840026,0.78,0.73456
2173,0.39184,2,9.0,9.2,True,16602,16121,4.437188148498535,0.0006538139896484422,0.78,0.7345999999999999
2174,0.39156,7,4.0,4.8,True,16609,16128,5.622039794921875,0.0006536862703605674,0.78,0.73474
2175,0.39128,3,8.0,8.4,True,16612,16131,4.811119556427002,0.0006535585100461033,0.78,0.7348000000000001
2176,0.391,4,7.0,7.6,True,16616,16135,4.085933208465576,0.0006534307087307832,0.78,0.73488
2177,0.39072,6,5.0,5.2,True,16622,16141,4.408398151397705,0.0006533028664403494,0.79,0.7350000000000001
2178,0.39044,4,7.0,7.2,True,16626,16145,5.70933723449707,0.0006531749832005515,0.79,0.73508
2179,0.39016,1,10.0,10.0,True,16627,16146,4.752554416656494,0.0006530470590371481,0.8,0.7351000000000001
2180,0.38988,45,-45.0,-44.8,False,16668,16191,6.0697550773620605,0.0006529190939759057,0.79,0.736
2181,0.3896,1,10.0,10.0,True,16669,16192,4.305102825164795,0.0006527910880425989,0.8,0.7360200000000001
2182,0.38932,6,5.0,5.2,True,16675,16198,4.321649074554443,0.000652663041263011,0.8,0.73614
2183,0.38904,4,7.0,7.2,True,16679,16202,5.9713287353515625,0.0006525349536629329,0.8,0.7362200000000001
2184,0.38876,2,9.0,9.2,True,16681,16204,4.520217418670654,0.0006524068252681644,0.8,0.73626
2185,0.38848,1,10.0,10.0,True,16682,16205,4.593295097351074,0.000652278656104513,0.8,0.73628
2186,0.3882,1,-10.0,-10.0,False,16683,16206,4.026274681091309,0.0006521504461977945,0.79,0.7363
2187,0.38792,6,5.0,5.6,True,16689,16212,4.01072359085083,0.0006520221955738333,0.8,0.7364200000000001
2188,0.38764,5,6.0,6.4,True,16694,16217,4.986897945404053,0.0006518939042584615,0.8,0.7365200000000001
2189,0.38736,10,-19.0,-18.4,False,16704,16227,4.428837776184082,0.0006517655722775196,0.79,0.73672
2190,0.38708,5,-14.0,-13.6,False,16709,16232,5.585748672485352,0.0006516371996568564,0.78,0.73682
2191,0.3868,5,6.0,6.4,True,16714,16237,4.115387916564941,0.0006515087864223288,0.78,0.73692
2192,0.38652,2,9.0,9.2,True,16716,16239,5.3258795738220215,0.0006513803325998017,0.78,0.7369600000000001
2193,0.38624,4,7.0,7.2,True,16720,16243,5.015675067901611,0.0006512518382151484,0.78,0.7370399999999999
2194,0.38596,3,-12.0,-12.0,False,16723,16246,4.841380596160889,0.0006511233032942502,0.78,0.7371
2195,0.38568,3,8.0,8.4,True,16726,16249,4.907148361206055,0.0006509947278629969,0.78,0.73716
2196,0.3854,2,9.0,9.2,True,16728,16251,3.2860875129699707,0.0006508661119472861,0.78,0.7372000000000001
2197,0.38512,16,-5.0,-4.8,True,16744,16267,4.382617950439453,0.0006507374555730237,0.78,0.73752
2198,0.38484,1,10.0,10.0,True,16745,16268,3.1942505836486816,0.0006506087587661236,0.78,0.7375400000000001
2199,0.38456,9,-18.0,-17.6,False,16754,16277,4.9570136070251465,0.0006504800215525082,0.78,0.7377199999999999
2200,0.38428,5,6.0,6.0,True,16759,16282,4.221568584442139,0.0006503512439581076,0.78,0.73782
2201,0.384,2,9.0,9.2,True,16761,16284,5.339751243591309,0.0006502224260088606,0.78,0.73786
2202,0.38372,7,4.0,4.0,True,16768,16291,5.331892967224121,0.0006500935677307133,0.79,0.738
2203,0.38344,4,7.0,7.2,True,16772,16295,4.815419673919678,0.0006499646691496206,0.79,0.7380800000000001
2204,0.38316,16,-5.0,-4.8,True,16788,16311,4.6877923011779785,0.0006498357302915455,0.79,0.7384
2205,0.38288,4,7.0,7.6,True,16792,16315,4.785040378570557,0.0006497067511824586,0.79,0.73848
2206,0.3826,3,8.0,8.4,True,16795,16318,4.284210681915283,0.0006495777318483391,0.8,0.73854
2207,0.38232,20,-9.0,-8.4,True,16815,16338,4.2127180099487305,0.0006494486723151743,0.81,0.7389399999999999
2208,0.38204,1,-10.0,-10.0,False,16816,16339,5.7071967124938965,0.0006493195726089591,0.8,0.7389600000000001
2209,0.38176,9,2.0,2.8,True,16825,16348,4.322587490081787,0.0006491904327556972,0.8,0.73914
2210,0.38148,6,5.0,5.2,True,16831,16354,5.295417308807373,0.0006490612527813997,0.81,0.73926
2211,0.3812,2,9.0,9.2,True,16833,16356,4.521548748016357,0.0006489320327120861,0.81,0.7393000000000001
2212,0.38092,2,9.0,9.2,True,16835,16358,4.580164432525635,0.0006488027725737842,0.81,0.73934
2213,0.38064,4,7.0,7.2,True,16839,16362,4.159723281860352,0.0006486734723925295,0.82,0.73942
2214,0.38036,1,10.0,10.0,True,16840,16363,5.303592681884766,0.0006485441321943657,0.82,0.73944
2215,0.38008,5,6.0,6.0,True,16845,16368,3.9983396530151367,0.0006484147520053445,0.82,0.73954
2216,0.3798,3,8.0,8.0,True,16848,16371,3.7812440395355225,0.0006482853318515259,0.82,0.7396
2217,0.37952,3,-12.0,-12.0,False,16851,16374,4.9232988357543945,0.0006481558717589778,0.81,0.73966
2218,0.37924,1,10.0,10.0,True,16852,16375,4.512178421020508,0.000648026371753776,0.81,0.7396800000000001
2219,0.37896,7,4.0,4.4,True,16859,16382,5.73453426361084,0.0006478968318620043,0.81,0.73982
2220,0.37868,8,-17.0,-16.8,False,16867,16390,4.58312463760376,0.000647767252109755,0.8,0.7399800000000001
2221,0.3784,6,5.0,5.2,True,16873,16396,4.49403715133667,0.0006476376325231279,0.81,0.7401
2222,0.37812,4,7.0,7.2,True,16877,16400,6.449018478393555,0.0006475079731282311,0.81,0.7401800000000001
2223,0.37784,6,5.0,5.2,True,16883,16406,4.43081521987915,0.0006473782739511805,0.81,0.7403
2224,0.37756,2,9.0,9.2,True,16885,16408,4.982305526733398,0.0006472485350181006,0.81,0.74034
2225,0.37728,1,-10.0,-10.0,False,16886,16409,4.367852210998535,0.000647118756355123,0.8,0.74036
2226,0.377,1,10.0,10.0,True,16887,16410,4.721776962280273,0.0006469889379883882,0.8,0.74038
2227,0.37672,2,9.0,9.2,True,16889,16412,5.235359191894531,0.000646859079944044,0.81,0.7404200000000001
2228,0.37644,1,10.0,10.0,True,16890,16413,5.431756496429443,0.0006467291822482465,0.81,0.74044
2229,0.37616,14,-3.0,-2.4,True,16904,16427,3.966294288635254,0.0006465992449271599,0.81,0.74072
2230,0.37588,5,6.0,6.4,True,16909,16432,4.45697546005249,0.0006464692680069561,0.81,0.74082
2231,0.3756,1,10.0,10.0,True,16910,16433,3.8466789722442627,0.0006463392515138152,0.81,0.74084
2232,0.37532,19,-28.0,-28.0,False,16929,16452,4.178879737854004,0.0006462091954739253,0.8,0.74122
2233,0.37504,5,6.0,6.4,True,16934,16457,5.169116497039795,0.0006460790999134819,0.8,0.74132
2234,0.37476,4,7.0,7.2,True,16938,16461,5.5499773025512695,0.0006459489648586894,0.8,0.7414000000000001
2235,0.37448,6,5.0,5.2,True,16944,16467,4.842865943908691,0.0006458187903357594,0.8,0.74152
2236,0.3742,38,-27.0,-26.4,True,16982,16505,6.144027233123779,0.0006456885763709118,0.8,0.74228
2237,0.37392,2,9.0,9.2,True,16984,16507,5.109153747558594,0.0006455583229903743,0.8,0.7423200000000001
2238,0.37364,3,8.0,8.4,True,16987,16510,4.2220377922058105,0.0006454280302203828,0.8,0.74238
2239,0.37336,13,-2.0,-2.0,True,17000,16523,4.017230033874512,0.0006452976980871807,0.81,0.74264
2240,0.37308,7,4.0,4.4,True,17007,16530,4.710163116455078,0.0006451673266170198,0.82,0.74278
2241,0.3728,4,7.0,7.2,True,17011,16534,5.196803569793701,0.0006450369158361593,0.83,0.7428600000000001
2242,0.37252,3,8.0,8.0,True,17014,16537,5.017821788787842,0.0006449064657708667,0.83,0.74292
2243,0.37224,1,10.0,10.0,True,17015,16538,4.8456034660339355,0.0006447759764474176,0.83,0.7429399999999999
2244,0.37196,10,-19.0,-19.2,False,17025,16548,4.520510673522949,0.0006446454478920947,0.82,0.7431399999999999
2245,0.37168,9,2.0,2.4,True,17034,16557,4.443809509277344,0.0006445148801311895,0.82,0.74332
2246,0.3714,4,7.0,7.2,True,17038,16561,4.6703782081604,0.000644384273191001,0.82,0.7434000000000001
2247,0.37112,3,8.0,8.4,True,17041,16564,5.052072048187256,0.0006442536270978359,0.82,0.74346
2248,0.37084,2,9.0,9.2,True,17043,16566,4.191683769226074,0.0006441229418780094,0.83,0.7435
2249,0.37056,13,-22.0,-21.6,False,17056,16579,6.636353492736816,0.0006439922175578437,0.82,0.74376
2250,0.37028,1,10.0,10.0,True,17057,16580,4.3550190925598145,0.0006438614541636698,0.82,0.74378
2251,0.37,5,6.0,6.0,True,17062,16585,3.784487247467041,0.0006437306517218258,0.82,0.7438800000000001
2252,0.36972,1,10.0,10.0,True,17063,16586,4.275282859802246,0.0006435998102586581,0.82,0.7439
2253,0.36944,1,10.0,10.0,True,17064,16587,4.939360618591309,0.0006434689298005209,0.82,0.74392
2254,0.36916,5,6.0,6.8,True,17069,16592,4.079568862915039,0.0006433380103737762,0.82,0.74402
2255,0.36888,1,-10.0,-10.0,False,17070,16593,4.987372398376465,0.0006432070520047938,0.82,0.74404
2256,0.3686,25,-14.0,-13.6,True,17095,16618,5.408234119415283,0.0006430760547199515,0.82,0.74454
2257,0.36832,6,5.0,5.6,True,17101,16624,4.2475810050964355,0.0006429450185456347,0.82,0.7446600000000001
2258,0.36804,2,9.0,9.2,True,17103,16626,3.9119338989257812,0.0006428139435082367,0.82,0.7447
2259,0.36776,2,9.0,9.2,True,17105,16628,4.120565414428711,0.000642682829634159,0.82,0.74474
2260,0.36748,7,-16.0,-15.6,False,17112,16635,5.227994918823242,0.0006425516769498103,0.81,0.74488
2261,0.3672,6,5.0,5.2,True,17118,16641,4.583939075469971,0.0006424204854816077,0.82,0.745
2262,0.36692,5,6.0,6.4,True,17123,16646,6.057810306549072,0.0006422892552559759,0.82,0.7451000000000001
2263,0.36664,8,3.0,4.0,True,17131,16654,5.8287553787231445,0.000642157986299347,0.82,0.74526
2264,0.36636,5,6.0,6.8,True,17136,16659,4.664776802062988,0.0006420266786381614,0.82,0.74536
2265,0.36608,2,-11.0,-10.8,False,17138,16661,4.196533679962158,0.0006418953322988673,0.81,0.7454000000000001
2266,0.3658,5,6.0,6.4,True,17143,16666,4.294558525085449,0.0006417639473079204,0.81,0.7455
2267,0.36552,25,-34.0,-34.0,False,17168,16691,4.432958602905273,0.0006416325236917844,0.81,0.746
2268,0.36524,7,4.0,4.0,True,17175,16698,4.026400566101074,0.0006415010614769308,0.82,0.74614
2269,0.36496,1,-10.0,-10.0,False,17176,16699,4.997517108917236,0.0006413695606898387,0.81,0.7461599999999999
2270,0.36468,1,10.0,10.0,True,17177,16700,6.182620525360107,0.0006412380213569949,0.81,0.7461800000000001
2271,0.3644,1,10.0,10.0,True,17178,16701,3.5825109481811523,0.0006411064435048943,0.82,0.7462
2272,0.36412,6,5.0,5.2,True,17184,16707,4.357789993286133,0.0006409748271600393,0.82,0.7463200000000001
2273,0.36384,9,2.0,2.4,True,17193,16716,4.764143466949463,0.0006408431723489403,0.82,0.7464999999999999
2274,0.36356,6,-15.0,-14.8,False,17199,16722,4.722766876220703,0.000640711479098115,0.81,0.7466200000000001
2275,0.36328,4,7.0,7.6,True,17203,16726,5.474920272827148,0.0006405797474340893,0.81,0.7466999999999999
2276,0.363,1,10.0,10.0,True,17204,16727,3.765500783920288,0.0006404479773833966,0.81,0.74672
2277,0.36272,8,3.0,3.6,True,17212,16735,4.154628276824951,0.000640316168972578,0.81,0.74688
2278,0.36244,4,7.0,7.2,True,17216,16739,3.5634355545043945,0.0006401843222281826,0.81,0.7469600000000001
2279,0.36216,1,-10.0,-10.0,False,17217,16740,4.761752605438232,0.000640052437176767,0.8,0.74698
2280,0.36188,1,10.0,10.0,True,17218,16741,4.467768669128418,0.0006399205138448954,0.81,0.7470000000000001
2281,0.3616,14,-23.0,-22.4,False,17232,16755,4.160022258758545,0.0006397885522591401,0.8,0.7472799999999999
2282,0.36132,2,9.0,9.2,True,17234,16757,4.511146068572998,0.0006396565524460807,0.8,0.74732
2283,0.36104,2,9.0,9.2,True,17236,16759,4.698702335357666,0.0006395245144323046,0.8,0.74736
2284,0.36076,11,0.0,0.8,True,17247,16770,5.209712982177734,0.0006393924382444071,0.8,0.74758
2285,0.36048,3,8.0,8.4,True,17250,16773,4.360604286193848,0.0006392603239089911,0.8,0.7476400000000001
2286,0.3602,5,6.0,6.8,True,17255,16778,3.755570888519287,0.0006391281714526669,0.81,0.7477400000000001
2287,0.35992,12,-21.0,-21.2,False,17267,16790,4.938555717468262,0.0006389959809020531,0.8,0.74798
2288,0.35964,4,7.0,7.6,True,17271,16794,3.074068784713745,0.0006388637522837751,0.8,0.74806
2289,0.35936,2,9.0,9.2,True,17273,16796,3.9653372764587402,0.0006387314856244669,0.81,0.7481
2290,0.35908,4,7.0,7.2,True,17277,16800,4.937192916870117,0.0006385991809507693,0.82,0.7481800000000001
2291,0.3588,1,10.0,10.0,True,17278,16801,5.152087211608887,0.0006384668382893316,0.82,0.7482
2292,0.35852,12,-1.0,-0.4,True,17290,16813,4.311283588409424,0.0006383344576668101,0.82,0.74844
2293,0.35824,1,10.0,10.0,True,17291,16814,5.181023597717285,0.0006382020391098689,0.82,0.74846
2294,0.35796,7,4.0,4.4,True,17298,16821,4.063546180725098,0.0006380695826451798,0.83,0.7485999999999999
2295,0.35768,3,8.0,8.4,True,17301,16824,3.678173542022705,0.0006379370882994226,0.83,0.74866
2296,0.3574,6,5.0,5.6,True,17307,16830,4.535357475280762,0.000637804556099284,0.83,0.74878
2297,0.35712,1,10.0,10.0,True,17308,16831,5.0705718994140625,0.0006376719860714588,0.83,0.7488
2298,0.35684,7,-16.0,-16.0,False,17315,16838,4.106830596923828,0.0006375393782426493,0.82,0.7489399999999999
2299,0.35656,7,4.0,4.4,True,17322,16845,4.2447309494018555,0.0006374067326395655,0.83,0.74908
2300,0.35628,4,-13.0,-12.8,False,17326,16849,4.16607666015625,0.0006372740492889249,0.82,0.74916
2301,0.356,1,10.0,10.0,True,17327,16850,3.7266669273376465,0.0006371413282174528,0.82,0.74918
2302,0.35572,3,8.0,8.4,True,17330,16853,4.042140483856201,0.0006370085694518817,0.82,0.7492399999999999
2303,0.35544,1,10.0,10.0,True,17331,16854,5.364482402801514,0.0006368757730189521,0.82,0.74926
2304,0.35516,13,-2.0,-1.2,True,17344,16867,4.700622081756592,0.0006367429389454118,0.82,0.74952
2305,0.35488,9,2.0,2.8,True,17353,16876,5.511929035186768,0.0006366100672580164,0.82,0.7497
2306,0.3546,40,-29.0,-28.4,True,17393,16916,4.036675453186035,0.0006364771579835291,0.82,0.7505
2307,0.35432,3,8.0,8.4,True,17396,16919,4.936666011810303,0.0006363442111487202,0.82,0.7505600000000001
2308,0.35404,4,7.0,7.6,True,17400,16923,5.512595176696777,0.0006362112267803683,0.83,0.75064
2309,0.35376,6,5.0,5.6,True,17406,16929,4.730123519897461,0.0006360782049052589,0.83,0.7507600000000001
2310,0.35348,1,10.0,10.0,True,17407,16930,4.093796730041504,0.0006359451455501854,0.83,0.75078
2311,0.3532,1,-10.0,-10.0,False,17408,16931,5.130856513977051,0.0006358120487419487,0.82,0.7508
2312,0.35292,4,7.0,7.6,True,17412,16935,3.533198356628418,0.0006356789145073573,0.82,0.75088
2313,0.35264,1,-10.0,-10.0,False,17413,16936,5.926707744598389,0.0006355457428732272,0.81,0.7509
2314,0.35236,1,-10.0,-10.0,False,17414,16937,5.368978023529053,0.0006354125338663817,0.8,0.75092
2315,0.35208,10,1.0,1.2,True,17424,16947,5.111855983734131,0.000635279287513652,0.8,0.75112
2316,0.3518,2,9.0,9.2,True,17426,16949,3.3145439624786377,0.0006351460038418764,0.8,0.75116
2317,0.35152,2,9.0,9.2,True,17428,16951,5.109866142272949,0.0006350126828779013,0.81,0.7512000000000001
2318,0.35124,8,3.0,3.6,True,17436,16959,4.740660667419434,0.0006348793246485801,0.81,0.75136
2319,0.35096,4,7.0,7.6,True,17440,16963,3.4808835983276367,0.0006347459291807738,0.81,0.75144
2320,0.35068,1,10.0,10.0,True,17441,16964,4.101975440979004,0.0006346124965013511,0.82,0.75146
2321,0.3504,6,5.0,5.2,True,17447,16970,6.442387104034424,0.000634479026637188,0.82,0.7515799999999999
2322,0.35012,45,-45.0,-44.4,False,17488,17015,4.112557888031006,0.0006343455196151682,0.81,0.75248
2323,0.34984,5,6.0,6.4,True,17493,17020,4.108940601348877,0.0006342119754621826,0.81,0.75258
2324,0.34956,13,-2.0,-1.6,True,17506,17033,4.319819927215576,0.0006340783942051297,0.81,0.75284
2325,0.34928,4,7.0,7.2,True,17510,17037,2.8679380416870117,0.0006339447758709158,0.82,0.75292
2326,0.349,3,8.0,8.4,True,17513,17040,3.9044933319091797,0.000633811120486454,0.82,0.75298
2327,0.34872,2,9.0,9.2,True,17515,17042,4.483051300048828,0.0006336774280786654,0.82,0.75302
2328,0.34844,2,9.0,9.2,True,17517,17044,4.952663898468018,0.0006335436986744785,0.82,0.7530600000000001
2329,0.34816,6,5.0,5.6,True,17523,17050,5.04409122467041,0.000633409932300829,0.82,0.75318
2330,0.34788,4,7.0,7.2,True,17527,17054,3.428790807723999,0.0006332761289846602,0.82,0.75326
2331,0.3476,2,9.0,9.2,True,17529,17056,4.842747688293457,0.0006331422887529229,0.82,0.7533000000000001
2332,0.34732,1,10.0,10.0,True,17530,17057,4.077668190002441,0.0006330084116325751,0.83,0.75332
2333,0.34704,22,-31.0,-30.4,False,17552,17079,5.814375877380371,0.0006328744976505826,0.82,0.75376
2334,0.34676,25,-14.0,-13.2,True,17577,17104,4.5021162033081055,0.0006327405468339183,0.82,0.75426
2335,0.34648,8,3.0,3.6,True,17585,17112,3.899632453918457,0.0006326065592095627,0.82,0.7544200000000001
2336,0.3462,4,7.0,7.2,True,17589,17116,4.227146625518799,0.0006324725348045038,0.82,0.7545
2337,0.34592,4,7.0,7.2,True,17593,17120,4.717068672180176,0.0006323384736457365,0.82,0.75458
2338,0.34564,4,-13.0,-13.2,False,17597,17124,4.110090255737305,0.0006322043757602637,0.81,0.75466
2339,0.34536,4,7.0,7.6,True,17601,17128,4.539144039154053,0.0006320702411750954,0.81,0.75474
2340,0.34508,3,8.0,8.0,True,17604,17131,3.563899040222168,0.0006319360699172489,0.81,0.7548
2341,0.3448,2,9.0,9.2,True,17606,17133,6.562841415405273,0.0006318018620137494,0.81,0.75484
2342,0.34452,23,-32.0,-31.6,False,17629,17156,3.741969108581543,0.000631667617491629,0.8,0.7553
2343,0.34424,2,9.0,9.2,True,17631,17158,6.522523880004883,0.0006315333363779271,0.8,0.7553399999999999
2344,0.34396,3,8.0,8.0,True,17634,17161,3.847674608230591,0.0006313990186996908,0.81,0.7554000000000001
2345,0.34368,2,9.0,9.2,True,17636,17163,4.71412992477417,0.0006312646644839746,0.81,0.7554400000000001
2346,0.3434,1,10.0,10.0,True,17637,17164,4.278134346008301,0.0006311302737578398,0.81,0.75546
2347,0.34312,3,-12.0,-11.6,False,17640,17167,5.332625865936279,0.0006309958465483558,0.8,0.75552
2348,0.34284,7,4.0,4.8,True,17647,17174,5.0594072341918945,0.0006308613828825988,0.8,0.75566
2349,0.34256,3,8.0,8.4,True,17650,17177,3.920750617980957,0.0006307268827876526,0.81,0.75572
2350,0.34228,2,9.0,9.2,True,17652,17179,3.9069056510925293,0.0006305923462906084,0.81,0.75576
2351,0.342,4,7.0,7.2,True,17656,17183,4.025981903076172,0.0006304577734185644,0.81,0.7558400000000001
2352,0.34172,2,9.0,9.2,True,17658,17185,4.123082637786865,0.0006303231641986264,0.81,0.75588
2353,0.34144,6,5.0,5.2,True,17664,17191,5.187079429626465,0.0006301885186579075,0.81,0.756
2354,0.34116,4,7.0,7.6,True,17668,17195,3.9541091918945312,0.000630053836823528,0.81,0.7560800000000001
2355,0.34088,2,9.0,9.2,True,17670,17197,5.201560974121094,0.0006299191187226157,0.82,0.75612
2356,0.3406,1,10.0,10.0,True,17671,17198,4.312619209289551,0.0006297843643823056,0.82,0.75614
2357,0.34032,9,2.0,2.8,True,17680,17207,4.550678253173828,0.0006296495738297397,0.82,0.75632
2358,0.34004,20,-9.0,-8.4,True,17700,17227,4.605342864990234,0.000629514747092068,0.82,0.7567200000000001
2359,0.33976,1,10.0,10.0,True,17701,17228,3.791480779647827,0.0006293798841964471,0.82,0.75674
2360,0.33948,3,8.0,8.4,True,17704,17231,4.250577449798584,0.000629244985170041,0.83,0.7568
2361,0.3392,41,-30.0,-29.6,True,17745,17272,5.238725185394287,0.0006291100500400215,0.83,0.75762
2362,0.33892,9,-18.0,-18.0,False,17754,17281,3.9094552993774414,0.000628975078833567,0.82,0.7578
2363,0.33864,1,10.0,10.0,True,17755,17282,4.941840171813965,0.0006288400715778637,0.82,0.75782
2364,0.33836,2,9.0,9.2,True,17757,17284,4.614681720733643,0.0006287050283001048,0.82,0.75786
2365,0.33808,2,9.0,9.2,True,17759,17286,3.9699771404266357,0.0006285699490274906,0.83,0.7579
2366,0.3378,2,-11.0,-11.2,False,17761,17288,4.763113975524902,0.000628434833787229,0.82,0.7579400000000001
2367,0.33752,45,-45.0,-45.2,False,17802,17333,4.5016069412231445,0.000628299682606535,0.82,0.75884
2368,0.33724,2,-11.0,-10.8,False,17804,17335,4.442627906799316,0.0006281644955126307,0.81,0.75888
2369,0.33696,45,-45.0,-44.8,False,17845,17380,3.9099819660186768,0.0006280292725327455,0.81,0.75978
2370,0.33668,1,-10.0,-10.0,False,17846,17381,4.304901599884033,0.0006278940136941163,0.8,0.7598
2371,0.3364,2,9.0,9.2,True,17848,17383,4.314498424530029,0.0006277587190239868,0.8,0.7598400000000001
2372,0.33612,8,3.0,3.6,True,17856,17391,5.703159809112549,0.0006276233885496082,0.8,0.76
2373,0.33584,7,4.0,4.8,True,17863,17398,5.159743309020996,0.0006274880222982388,0.8,0.76014
2374,0.33556,4,7.0,7.2,True,17867,17402,6.077815055847168,0.0006273526202971442,0.81,0.7602200000000001
2375,0.33528,2,9.0,9.2,True,17869,17404,3.963639974594116,0.0006272171825735972,0.81,0.76026
2376,0.335,4,7.0,7.6,True,17873,17408,3.4098501205444336,0.0006270817091548775,0.81,0.76034
2377,0.33472,18,-7.0,-6.8,True,17891,17426,4.2650227546691895,0.0006269462000682725,0.81,0.7606999999999999
2378,0.33444,2,-11.0,-11.2,False,17893,17428,5.427900791168213,0.0006268106553410761,0.8,0.76074
2379,0.33416,3,8.0,8.4,True,17896,17431,4.169687747955322,0.0006266750750005902,0.81,0.7608
2380,0.33388,20,-9.0,-8.8,True,17916,17451,4.581536769866943,0.0006265394590741234,0.81,0.7612
2381,0.3336,2,9.0,9.2,True,17918,17453,4.307088375091553,0.0006264038075889914,0.82,0.7612399999999999
2382,0.33332,2,9.0,9.2,True,17920,17455,3.994752883911133,0.0006262681205725172,0.82,0.76128
2383,0.33304,1,10.0,10.0,True,17921,17456,3.6967618465423584,0.000626132398052031,0.82,0.7613
2384,0.33276,9,2.0,2.8,True,17930,17465,3.9576351642608643,0.00062599664005487,0.82,0.76148
2385,0.33248,5,6.0,6.4,True,17935,17470,4.321575164794922,0.0006258608466083787,0.82,0.76158
2386,0.3322,3,8.0,8.4,True,17938,17473,4.500333309173584,0.0006257250177399088,0.82,0.7616400000000001
2387,0.33192,5,-14.0,-13.6,False,17943,17478,4.007256507873535,0.0006255891534768188,0.82,0.7617400000000001
2388,0.33164,4,7.0,7.2,True,17947,17482,4.760745048522949,0.0006254532538464748,0.82,0.7618199999999999
2389,0.33136,10,1.0,1.6,True,17957,17492,4.859436988830566,0.0006253173188762495,0.82,0.76202
2390,0.33108,4,7.0,7.6,True,17961,17496,3.953221082687378,0.0006251813485935231,0.82,0.7621
2391,0.3308,7,4.0,4.4,True,17968,17503,3.99241304397583,0.0006250453430256829,0.82,0.76224
2392,0.33052,2,-11.0,-10.8,False,17970,17505,4.232799053192139,0.0006249093022001231,0.81,0.7622800000000001
2393,0.33024,1,10.0,10.0,True,17971,17506,4.141620635986328,0.0006247732261442452,0.81,0.7623
2394,0.32996,2,9.0,9.2,True,17973,17508,3.602139711380005,0.0006246371148854575,0.81,0.76234
2395,0.32968,1,-10.0,-10.0,False,17974,17509,4.283663749694824,0.0006245009684511759,0.8,0.7623599999999999
2396,0.3294,10,1.0,1.6,True,17984,17519,4.250408172607422,0.0006243647868688228,0.8,0.7625599999999999
2397,0.32912,5,6.0,6.4,True,17989,17524,4.500658988952637,0.0006242285701658282,0.8,0.7626600000000001
2398,0.32884,9,2.0,2.4,True,17998,17533,4.341630935668945,0.0006240923183696286,0.81,0.76284
2399,0.32856,6,5.0,5.6,True,18004,17539,3.2406439781188965,0.0006239560315076684,0.81,0.7629600000000001
2400,0.32828,1,-10.0,-10.0,False,18005,17540,3.624790906906128,0.0006238197096073982,0.81,0.76298
2401,0.328,1,10.0,10.0,True,18006,17541,6.008460998535156,0.000623683352696276,0.81,0.763
2402,0.32772,3,8.0,8.4,True,18009,17544,4.633978366851807,0.0006235469608017671,0.81,0.7630600000000001
2403,0.32744,1,10.0,10.0,True,18010,17545,3.619044303894043,0.0006234105339513436,0.81,0.76308
2404,0.32716,4,7.0,7.6,True,18014,17549,4.754027366638184,0.0006232740721724844,0.81,0.7631600000000001
2405,0.32688,5,-14.0,-14.0,False,18019,17554,4.430433750152588,0.000623137575492676,0.8,0.76326
2406,0.3266,2,9.0,9.2,True,18021,17556,4.675469875335693,0.0006230010439394114,0.8,0.7633000000000001
2407,0.32632,6,-15.0,-15.2,False,18027,17562,5.852736949920654,0.0006228644775401912,0.79,0.76342
2408,0.32604,1,-10.0,-10.0,False,18028,17563,5.165031433105469,0.0006227278763225223,0.78,0.76344
2409,0.32576,8,3.0,3.2,True,18036,17571,3.0373177528381348,0.0006225912403139191,0.78,0.7636000000000001
2410,0.32548,1,10.0,10.0,True,18037,17572,4.434759616851807,0.0006224545695419029,0.78,0.76362
2411,0.3252,2,9.0,9.2,True,18039,17574,5.305820941925049,0.0006223178640340022,0.79,0.76366
2412,0.32492,7,4.0,4.0,True,18046,17581,4.046271800994873,0.0006221811238177518,0.79,0.7638
2413,0.32464,2,9.0,9.2,True,18048,17583,4.658143997192383,0.0006220443489206945,0.8,0.7638400000000001
2414,0.32436,1,10.0,10.0,True,18049,17584,3.5352089405059814,0.0006219075393703792,0.81,0.76386
2415,0.32408,4,-13.0,-12.8,False,18053,17588,3.7575440406799316,0.0006217706951943623,0.8,0.7639400000000001
2416,0.3238,10,1.0,1.6,True,18063,17598,3.8617591857910156,0.0006216338164202071,0.8,0.76414
2417,0.32352,1,10.0,10.0,True,18064,17599,3.997602701187134,0.0006214969030754836,0.8,0.76416
2418,0.32324,4,7.0,7.6,True,18068,17603,6.9022016525268555,0.0006213599551877691,0.8,0.76424
2419,0.32296,1,-10.0,-10.0,False,18069,17604,3.6360065937042236,0.0006212229727846478,0.79,0.7642599999999999
2420,0.32268,3,8.0,8.0,True,18072,17607,3.920267105102539,0.0006210859558937105,0.79,0.76432
2421,0.3224,2,9.0,9.2,True,18074,17609,3.684749126434326,0.0006209489045425553,0.79,0.7643599999999999
2422,0.32212,3,8.0,8.4,True,18077,17612,3.5579094886779785,0.0006208118187587873,0.8,0.7644200000000001
2423,0.32184,4,7.0,7.2,True,18081,17616,4.884787559509277,0.0006206746985700183,0.8,0.7645
2424,0.32156,6,5.0,5.6,True,18087,17622,4.158226490020752,0.0006205375440038671,0.8,0.7646200000000001
2425,0.32128,3,-12.0,-12.0,False,18090,17625,4.441540241241455,0.0006204003550879594,0.79,0.76468
2426,0.321,1,10.0,10.0,True,18091,17626,4.357903003692627,0.0006202631318499279,0.79,0.7646999999999999
2427,0.32072,3,8.0,8.4,True,18094,17629,4.439694881439209,0.0006201258743174122,0.79,0.76476
2428,0.32044,4,7.0,7.6,True,18098,17633,4.555939197540283,0.0006199885825180587,0.79,0.76484
2429,0.32016,3,8.0,8.4,True,18101,17636,4.710893154144287,0.0006198512564795208,0.79,0.7648999999999999
2430,0.31988,4,7.0,7.6,True,18105,17640,4.1396565437316895,0.0006197138962294588,0.79,0.76498
2431,0.3196,1,-10.0,-10.0,False,18106,17641,3.7517943382263184,0.0006195765017955401,0.78,0.7649999999999999
2432,0.31932,2,9.0,9.2,True,18108,17643,5.125964164733887,0.0006194390732054383,0.78,0.76504
2433,0.31904,10,1.0,1.6,True,18118,17653,4.216232776641846,0.0006193016104868345,0.79,0.76524
2434,0.31876,1,-10.0,-10.0,False,18119,17654,4.534622669219971,0.0006191641136674168,0.78,0.76526
2435,0.31848,5,6.0,6.4,True,18124,17659,4.166729927062988,0.0006190265827748796,0.78,0.76536
2436,0.3182,2,9.0,9.2,True,18126,17661,4.696065902709961,0.0006188890178369245,0.78,0.7654000000000001
2437,0.31792,3,8.0,8.4,True,18129,17664,4.31176233291626,0.0006187514188812598,0.78,0.76546
2438,0.31764,5,6.0,6.8,True,18134,17669,4.087072849273682,0.000618613785935601,0.79,0.76556
2439,0.31736,6,5.0,5.2,True,18140,17675,4.450870990753174,0.00061847611902767,0.79,0.76568
2440,0.31708,7,4.0,4.4,True,18147,17682,4.656651496887207,0.0006183384181851957,0.79,0.76582
2441,0.3168,4,7.0,7.6,True,18151,17686,3.717670440673828,0.000618200683435914,0.79,0.7659
2442,0.31652,4,7.0,7.2,True,18155,17690,4.573115348815918,0.0006180629148075674,0.8,0.76598
2443,0.31624,2,9.0,9.2,True,18157,17692,4.072803974151611,0.0006179251123279055,0.8,0.7660199999999999
2444,0.31596,2,9.0,9.2,True,18159,17694,3.845724105834961,0.0006177872760246844,0.8,0.76606
2445,0.31568,6,5.0,5.6,True,18165,17700,3.964171886444092,0.0006176494059256671,0.8,0.76618
2446,0.3154,2,-11.0,-11.2,False,18167,17702,4.676717281341553,0.0006175115020586236,0.79,0.7662199999999999
2447,0.31512,3,8.0,8.0,True,18170,17705,3.950985908508301,0.0006173735644513303,0.8,0.7662800000000001
2448,0.31484,1,-10.0,-10.0,False,18171,17706,4.023664474487305,0.000617235593131571,0.79,0.7663
2449,0.31456,3,-12.0,-12.0,False,18174,17709,5.909952163696289,0.000617097588127136,0.78,0.76636
2450,0.31428,1,10.0,10.0,True,18175,17710,3.831235885620117,0.000616959549465822,0.78,0.7663800000000001
2451,0.314,3,8.0,8.4,True,18178,17713,4.076976299285889,0.0006168214771754329,0.78,0.76644
2452,0.31372,4,7.0,7.2,True,18182,17717,4.4937310218811035,0.0006166833712837794,0.78,0.7665200000000001
2453,0.31344,1,-10.0,-10.0,False,18183,17718,3.6412363052368164,0.0006165452318186788,0.77,0.76654
2454,0.31316,1,-10.0,-10.0,False,18184,17719,4.731115341186523,0.0006164070588079552,0.76,0.76656
2455,0.31288,10,1.0,1.2,True,18194,17729,4.638513088226318,0.0006162688522794396,0.76,0.76676
2456,0.3126,7,-16.0,-16.0,False,18201,17736,3.8110690116882324,0.0006161306122609696,0.75,0.7669
2457,0.31232,7,4.0,4.4,True,18208,17743,4.528916358947754,0.0006159923387803894,0.75,0.7670399999999999
2458,0.31204,1,10.0,10.0,True,18209,17744,4.210741996765137,0.0006158540318655501,0.75,0.7670600000000001
2459,0.31176,3,8.0,8.4,True,18212,17747,4.299394607543945,0.0006157156915443098,0.75,0.76712
2460,0.31148,3,8.0,8.4,True,18215,17750,4.9489312171936035,0.0006155773178445331,0.75,0.76718
2461,0.3112,6,5.0,5.6,True,18221,17756,4.06090784072876,0.000615438910794091,0.75,0.7673
2462,0.31092,1,10.0,10.0,True,18222,17757,4.1365580558776855,0.0006153004704208616,0.76,0.76732
2463,0.31064,2,9.0,9.2,True,18224,17759,5.17163610458374,0.0006151619967527299,0.76,0.76736
2464,0.31036,2,-11.0,-10.8,False,18226,17761,4.022195339202881,0.0006150234898175869,0.75,0.7674
2465,0.31008,2,9.0,9.2,True,18228,17763,3.7247085571289062,0.000614884949643331,0.75,0.7674400000000001
2466,0.3098,4,7.0,7.6,True,18232,17767,3.193805456161499,0.000614746376257867,0.76,0.76752
2467,0.30952,19,-8.0,-7.6,True,18251,17786,3.923882007598877,0.0006146077696891064,0.77,0.7679
2468,0.30924,3,-12.0,-12.0,False,18254,17789,5.265481472015381,0.0006144691299649675,0.77,0.76796
2469,0.30896,3,8.0,8.4,True,18257,17792,3.8484127521514893,0.000614330457113375,0.78,0.7680199999999999
2470,0.30868,9,2.0,2.4,True,18266,17801,5.159711837768555,0.0006141917511622607,0.79,0.7682
2471,0.3084,6,5.0,5.6,True,18272,17807,3.0361990928649902,0.0006140530121395625,0.79,0.76832
2472,0.30812,1,10.0,10.0,True,18273,17808,3.9241201877593994,0.0006139142400732255,0.79,0.76834
2473,0.30784,3,-12.0,-11.6,False,18276,17811,5.914206504821777,0.0006137754349912013,0.78,0.7684
2474,0.30756,3,8.0,8.4,True,18279,17814,3.7516539096832275,0.0006136365969214479,0.78,0.7684599999999999
2475,0.30728,3,8.0,8.4,True,18282,17817,4.582513332366943,0.0006134977258919302,0.78,0.76852
2476,0.307,3,8.0,8.4,True,18285,17820,4.815174102783203,0.0006133588219306197,0.78,0.76858
2477,0.30672,2,9.0,9.2,True,18287,17822,5.102252960205078,0.0006132198850654944,0.78,0.76862
2478,0.30644,7,4.0,4.8,True,18294,17829,4.135375022888184,0.0006130809153245393,0.79,0.7687600000000001
2479,0.30616,2,9.0,9.2,True,18296,17831,4.0812458992004395,0.0006129419127357456,0.79,0.7688
2480,0.30588,1,10.0,10.0,True,18297,17832,6.140805244445801,0.0006128028773271111,0.79,0.7688200000000001
2481,0.3056,7,4.0,4.4,True,18304,17839,4.877421855926514,0.0006126638091266405,0.79,0.7689600000000001
2482,0.30532,40,-49.0,-49.2,False,18344,17879,5.478499412536621,0.0006125247081623451,0.78,0.76976
2483,0.30504,3,-12.0,-12.0,False,18347,17882,3.74706768989563,0.0006123855744622425,0.77,0.76982
2484,0.30476,3,8.0,8.0,True,18350,17885,3.333559274673462,0.0006122464080543573,0.77,0.7698800000000001
2485,0.30448,7,4.0,4.4,True,18357,17892,4.231681823730469,0.0006121072089667204,0.77,0.77002
2486,0.3042,2,-11.0,-10.8,False,18359,17894,4.7990031242370605,0.0006119679772273692,0.76,0.77006
2487,0.30392,2,9.0,9.2,True,18361,17896,3.7359275817871094,0.0006118287128643479,0.77,0.7701
2488,0.30364,2,9.0,9.2,True,18363,17898,4.1163129806518555,0.0006116894159057072,0.77,0.77014
2489,0.30336,17,-6.0,-5.2,True,18380,17915,5.008241176605225,0.0006115500863795043,0.77,0.77048
2490,0.30308,7,4.0,4.8,True,18387,17922,4.110162734985352,0.0006114107243138032,0.77,0.7706200000000001
2491,0.3028,2,9.0,9.2,True,18389,17924,4.242308616638184,0.0006112713297366742,0.77,0.77066
2492,0.30252,2,9.0,9.2,True,18391,17926,4.386689186096191,0.0006111319026761941,0.78,0.7706999999999999
2493,0.30224,5,-14.0,-13.6,False,18396,17931,4.087634086608887,0.0006109924431604466,0.77,0.7707999999999999
2494,0.30196,4,7.0,7.2,True,18400,17935,4.269992828369141,0.0006108529512175216,0.77,0.77088
2495,0.30168,3,8.0,8.4,True,18403,17938,5.216351509094238,0.0006107134268755154,0.78,0.77094
2496,0.3014,4,7.0,7.6,True,18407,17942,3.647552490234375,0.0006105738701625313,0.78,0.77102
2497,0.30112,1,10.0,10.0,True,18408,17943,4.30634880065918,0.0006104342811066789,0.78,0.77104
2498,0.30084,1,10.0,10.0,True,18409,17944,5.341031551361084,0.0006102946597360743,0.78,0.77106
2499,0.30056,3,8.0,8.4,True,18412,17947,4.170211315155029,0.0006101550060788399,0.78,0.77112
2500,0.30028,3,8.0,8.4,True,18415,17950,4.502702713012695,0.0006100153201631051,0.79,0.77118
2501,0.3,1,-10.0,-10.0,False,18416,17951,4.1066203117370605,0.0006098756020170053,0.78,0.7712000000000001
2502,0.29972,5,6.0,6.8,True,18421,17956,4.171020030975342,0.0006097358516686828,0.78,0.7713000000000001
2503,0.29944,1,10.0,10.0,True,18422,17957,4.569706439971924,0.0006095960691462859,0.78,0.77132
2504,0.29916,8,3.0,3.2,True,18430,17965,4.144432067871094,0.00060945625447797,0.78,0.7714799999999999
2505,0.29888,45,-45.0,-44.4,False,18471,18010,4.242534637451172,0.0006093164076918963,0.78,0.7723800000000001
2506,0.2986,2,9.0,9.2,True,18473,18012,3.4978981018066406,0.000609176528816233,0.78,0.7724200000000001
2507,0.29832,1,10.0,10.0,True,18474,18013,6.692914962768555,0.0006090366178791546,0.79,0.77244
2508,0.29804,2,-11.0,-11.2,False,18476,18015,5.070528030395508,0.000608896674908842,0.79,0.77248
2509,0.29776,2,9.0,9.2,True,18478,18017,4.0223164558410645,0.0006087566999334824,0.79,0.7725200000000001
2510,0.29748,4,7.0,7.6,True,18482,18021,3.8440463542938232,0.0006086166929812699,0.79,0.7726
2511,0.2972,2,9.0,9.2,True,18484,18023,3.7280385494232178,0.0006084766540804046,0.79,0.77264
2512,0.29692,1,10.0,10.0,True,18485,18024,5.3068037033081055,0.0006083365832590932,0.79,0.77266
2513,0.29664,4,-13.0,-12.8,False,18489,18028,3.267245054244995,0.000608196480545549,0.78,0.77274
2514,0.29636,3,8.0,8.4,True,18492,18031,3.7478487491607666,0.0006080563459679914,0.78,0.7727999999999999
2515,0.29608,6,5.0,5.2,True,18498,18037,3.151555299758911,0.0006079161795546463,0.79,0.77292
2516,0.2958,5,6.0,6.0,True,18503,18042,4.359630584716797,0.0006077759813337463,0.79,0.77302
2517,0.29552,4,7.0,7.2,True,18507,18046,3.704523801803589,0.0006076357513335301,0.79,0.7731
2518,0.29524,1,10.0,10.0,True,18508,18047,4.344573020935059,0.0006074954895822429,0.79,0.77312
2519,0.29496,24,-33.0,-32.4,False,18532,18071,3.849302053451538,0.0006073551961081363,0.79,0.7736000000000001
2520,0.29468,2,9.0,9.2,True,18534,18073,3.9699299335479736,0.0006072148709394683,0.79,0.7736400000000001
2521,0.2944,1,10.0,10.0,True,18535,18074,4.23405647277832,0.0006070745141045033,0.79,0.77366
2522,0.29412,10,1.0,1.6,True,18545,18084,4.95638370513916,0.0006069341256315119,0.79,0.77386
2523,0.29384,6,5.0,5.6,True,18551,18090,4.081135272979736,0.0006067937055487712,0.79,0.77398
2524,0.29356,8,3.0,3.6,True,18559,18098,3.630521059036255,0.0006066532538845649,0.79,0.77414
2525,0.29328,3,8.0,8.4,True,18562,18101,3.9192147254943848,0.0006065127706671827,0.8,0.7742
2526,0.293,15,-4.0,-3.2,True,18577,18116,4.467899322509766,0.0006063722559249208,0.8,0.7745
2527,0.29272,1,10.0,10.0,True,18578,18117,3.681814432144165,0.0006062317096860818,0.8,0.77452
2528,0.29244,2,9.0,9.2,True,18580,18119,5.28461217880249,0.0006060911319789745,0.8,0.7745599999999999
2529,0.29216,1,-10.0,-10.0,False,18581,18120,3.585444927215576,0.0006059505228319143,0.79,0.77458
2530,0.29188,1,10.0,10.0,True,18582,18121,3.5475478172302246,0.0006058098822732226,0.79,0.7746
2531,0.2916,2,9.0,9.2,True,18584,18123,4.624331951141357,0.0006056692103312272,0.8,0.77464
2532,0.29132,1,-10.0,-10.0,False,18585,18124,4.234568119049072,0.0006055285070342627,0.79,0.7746599999999999
2533,0.29104,5,6.0,6.4,True,18590,18129,5.982830047607422,0.0006053877724106693,0.79,0.7747600000000001
2534,0.29076,2,9.0,9.2,True,18592,18131,5.826546669006348,0.0006052470064887938,0.8,0.7748
2535,0.29048,2,9.0,9.2,True,18594,18133,4.5894317626953125,0.0006051062092969896,0.8,0.77484
2536,0.2902,3,8.0,8.4,True,18597,18136,3.714156150817871,0.000604965380863616,0.8,0.7749
2537,0.28992,3,8.0,8.4,True,18600,18139,4.237003326416016,0.0006048245212170387,0.8,0.7749600000000001
2538,0.28964,13,-2.0,-1.6,True,18613,18152,5.108663558959961,0.0006046836303856298,0.8,0.77522
2539,0.28936,2,-11.0,-11.2,False,18615,18154,4.3819804191589355,0.0006045427083977675,0.79,0.7752600000000001
2540,0.28908,1,10.0,10.0,True,18616,18155,4.587712287902832,0.0006044017552818365,0.79,0.77528
2541,0.2888,5,6.0,6.8,True,18621,18160,3.4202821254730225,0.0006042607710662275,0.79,0.77538
2542,0.28852,2,9.0,9.2,True,18623,18162,4.402369499206543,0.0006041197557793377,0.79,0.77542
2543,0.28824,2,9.0,9.2,True,18625,18164,4.025481224060059,0.0006039787094495706,0.79,0.77546
2544,0.28796,21,-10.0,-9.2,True,18646,18185,5.2770466804504395,0.0006038376321053357,0.79,0.7758799999999999
2545,0.28768,3,8.0,8.4,True,18649,18188,5.44830322265625,0.0006036965237750486,0.79,0.7759400000000001
2546,0.2874,1,10.0,10.0,True,18650,18189,5.376484394073486,0.0006035553844871319,0.8,0.77596
2547,0.28712,10,1.0,1.6,True,18660,18199,4.309326171875,0.0006034142142700137,0.8,0.77616
2548,0.28684,7,4.0,4.4,True,18667,18206,3.5119898319244385,0.0006032730131521286,0.81,0.7763
2549,0.28656,3,8.0,8.4,True,18670,18209,4.793879508972168,0.0006031317811619173,0.82,0.7763599999999999
2550,0.28628,2,9.0,9.2,True,18672,18211,4.612380504608154,0.0006029905183278268,0.82,0.7764
2551,0.286,11,0.0,0.4,True,18683,18222,3.7401633262634277,0.0006028492246783106,0.82,0.7766200000000001
2552,0.28572,11,-20.0,-19.6,False,18694,18233,4.512974262237549,0.000602707900241828,0.81,0.77684
2553,0.28544,2,9.0,9.2,True,18696,18235,3.9683544635772705,0.0006025665450468445,0.82,0.77688
2554,0.28516,6,5.0,5.6,True,18702,18241,5.0745038986206055,0.0006024251591218321,0.83,0.7769999999999999
2555,0.28488,2,9.0,9.2,True,18704,18243,4.74907112121582,0.0006022837424952686,0.83,0.77704
2556,0.2846,1,10.0,10.0,True,18705,18244,4.064425945281982,0.0006021422951956385,0.84,0.77706
2557,0.28432,1,10.0,10.0,True,18706,18245,5.00958776473999,0.0006020008172514321,0.84,0.77708
2558,0.28404,45,-45.0,-45.2,False,18747,18290,3.5366618633270264,0.0006018593086911458,0.83,0.77798
2559,0.28376,2,9.0,9.2,True,18749,18292,4.552731037139893,0.0006017177695432825,0.83,0.7780199999999999
2560,0.28348,3,8.0,8.4,True,18752,18295,4.902897357940674,0.000601576199836351,0.83,0.77808
2561,0.2832,3,8.0,8.4,True,18755,18298,4.183060646057129,0.0006014345995988663,0.83,0.77814
2562,0.28292,2,9.0,9.2,True,18757,18300,4.25236701965332,0.0006012929688593498,0.83,0.77818
2563,0.28264,6,5.0,5.6,True,18763,18306,5.627431392669678,0.0006011513076463285,0.83,0.7783
2564,0.28236,1,10.0,10.0,True,18764,18307,3.6236093044281006,0.0006010096159883362,0.84,0.7783199999999999
2565,0.28208,5,6.0,6.0,True,18769,18312,4.662598609924316,0.0006008678939139123,0.84,0.7784200000000001
2566,0.2818,5,-14.0,-13.6,False,18774,18317,4.068241596221924,0.0006007261414516025,0.83,0.7785200000000001
2567,0.28152,3,8.0,8.4,True,18777,18320,4.917025089263916,0.0006005843586299588,0.83,0.77858
2568,0.28124,1,-10.0,-10.0,False,18778,18321,4.019726276397705,0.0006004425454775392,0.83,0.7786
2569,0.28096,5,6.0,6.8,True,18783,18326,4.557906150817871,0.0006003007020229076,0.83,0.7787
2570,0.28068,6,5.0,5.6,True,18789,18332,3.363250732421875,0.0006001588282946342,0.83,0.7788200000000001
2571,0.2804,4,7.0,7.2,True,18793,18336,4.086973190307617,0.0006000169243212954,0.83,0.7788999999999999
2572,0.28012,3,8.0,8.4,True,18796,18339,5.184287071228027,0.0005998749901314735,0.83,0.7789600000000001
2573,0.27984,2,9.0,9.2,True,18798,18341,5.053449630737305,0.0005997330257537571,0.84,0.779
2574,0.27956,4,7.0,7.2,True,18802,18345,5.02101993560791,0.0005995910312167404,0.84,0.77908
2575,0.27928,1,-10.0,-10.0,False,18803,18346,4.713911533355713,0.0005994490065490242,0.83,0.7791
2576,0.279,1,10.0,10.0,True,18804,18347,3.6026816368103027,0.0005993069517792153,0.83,0.77912
2577,0.27872,1,10.0,10.0,True,18805,18348,3.5384111404418945,0.0005991648669359263,0.83,0.7791399999999999
2578,0.27844,6,5.0,5.6,True,18811,18354,4.578052043914795,0.000599022752047776,0.83,0.7792600000000001
2579,0.27816,1,-10.0,-10.0,False,18812,18355,4.34185791015625,0.0005988806071433893,0.82,0.77928
2580,0.27788,7,4.0,4.4,True,18819,18362,4.914391040802002,0.0005987384322513969,0.82,0.77942
2581,0.2776,4,7.0,7.2,True,18823,18366,4.754523277282715,0.0005985962274004361,0.82,0.7795
2582,0.27732,2,9.0,9.2,True,18825,18368,3.6903042793273926,0.0005984539926191497,0.83,0.7795400000000001
2583,0.27704,1,10.0,10.0,True,18826,18369,4.052073955535889,0.0005983117279361866,0.84,0.77956
2584,0.27676,12,-1.0,-0.0,True,18838,18381,3.9617044925689697,0.0005981694333802019,0.84,0.7798
2585,0.27648,1,-10.0,-10.0,False,18839,18382,4.5556111335754395,0.0005980271089798566,0.83,0.77982
2586,0.2762,2,9.0,9.2,True,18841,18384,4.420515060424805,0.0005978847547638179,0.84,0.77986
2587,0.27592,45,-45.0,-45.2,False,18882,18429,4.298679351806641,0.0005977423707607587,0.83,0.7807600000000001
2588,0.27564,3,8.0,8.4,True,18885,18432,3.7243571281433105,0.0005975999569993581,0.83,0.7808200000000001
2589,0.27536,2,9.0,9.2,True,18887,18434,5.093153953552246,0.0005974575135083011,0.83,0.7808600000000001
2590,0.27508,16,-25.0,-24.8,False,18903,18450,5.489872932434082,0.0005973150403162789,0.82,0.78118
2591,0.2748,1,10.0,10.0,True,18904,18451,4.349404335021973,0.0005971725374519884,0.82,0.7812
2592,0.27452,13,-2.0,-1.2,True,18917,18464,4.849460124969482,0.0005970300049441327,0.82,0.78146
2593,0.27424,3,8.0,8.0,True,18920,18467,4.289756774902344,0.0005968874428214205,0.83,0.78152
2594,0.27396,5,6.0,6.8,True,18925,18472,3.799137830734253,0.000596744851112567,0.83,0.78162
2595,0.27368,8,3.0,3.2,True,18933,18480,3.8911805152893066,0.0005966022298462929,0.83,0.7817799999999999
2596,0.2734,2,9.0,9.2,True,18935,18482,3.696359634399414,0.0005964595790513253,0.83,0.78182
2597,0.27312,2,9.0,9.2,True,18937,18484,3.7072110176086426,0.0005963168987563968,0.83,0.78186
2598,0.27284,2,9.0,9.2,True,18939,18486,5.463013648986816,0.0005961741889902462,0.83,0.7819
2599,0.27256,4,7.0,7.6,True,18943,18490,3.6001076698303223,0.0005960314497816182,0.83,0.7819800000000001
2600,0.27228,11,0.0,0.4,True,18954,18501,4.824681282043457,0.0005958886811592631,0.83,0.7822
2601,0.272,19,-8.0,-7.6,True,18973,18520,3.990983247756958,0.000595745883151938,0.84,0.78258
2602,0.27172,1,10.0,10.0,True,18974,18521,5.7255706787109375,0.000595603055788405,0.84,0.7826
2603,0.27144,1,10.0,10.0,True,18975,18522,6.260716438293457,0.0005954601990974325,0.84,0.7826200000000001
2604,0.27116,7,4.0,4.8,True,18982,18529,3.6365182399749756,0.0005953173131077946,0.84,0.78276
2605,0.27088,16,-5.0,-4.8,True,18998,18545,4.262922286987305,0.0005951743978482718,0.85,0.78308
2606,0.2706,4,-13.0,-12.8,False,19002,18549,3.1263763904571533,0.0005950314533476499,0.84,0.78316
2607,0.27032,12,-1.0,-0.0,True,19014,18561,5.242672920227051,0.000594888479634721,0.84,0.7834000000000001
2608,0.27004,1,10.0,10.0,True,19015,18562,3.8003759384155273,0.0005947454767382827,0.85,0.78342
2609,0.26976,2,-11.0,-10.8,False,19017,18564,4.7772626876831055,0.000594602444687139,0.84,0.78346
2610,0.26948,2,9.0,9.2,True,19019,18566,4.640691757202148,0.0005944593835100993,0.84,0.7835000000000001
2611,0.2692,4,7.0,7.6,True,19023,18570,5.387666702270508,0.0005943162932359792,0.84,0.7835799999999999
2612,0.26892,3,8.0,8.4,True,19026,18573,3.8103644847869873,0.0005941731738936,0.84,0.78364
2613,0.26864,2,-11.0,-10.8,False,19028,18575,3.9978344440460205,0.0005940300255117886,0.84,0.7836799999999999
2614,0.26836,3,8.0,8.4,True,19031,18578,5.223786354064941,0.0005938868481193783,0.84,0.78374
2615,0.26808,5,6.0,6.8,True,19036,18583,3.024923801422119,0.0005937436417452078,0.84,0.7838400000000001
2616,0.2678,5,6.0,6.4,True,19041,18588,4.058210372924805,0.000593600406418122,0.84,0.7839400000000001
2617,0.26752,2,9.0,9.2,True,19043,18590,4.3498311042785645,0.0005934571421669714,0.84,0.78398
2618,0.26724,7,4.0,4.4,True,19050,18597,6.562297821044922,0.0005933138490206121,0.84,0.7841199999999999
2619,0.26696,3,-12.0,-12.4,False,19053,18600,4.416308879852295,0.0005931705270079065,0.84,0.78418
2620,0.26668,1,-10.0,-10.0,False,19054,18601,3.643187999725342,0.0005930271761577225,0.83,0.7842
2621,0.2664,1,10.0,10.0,True,19055,18602,3.9332475662231445,0.000592883796498934,0.83,0.7842199999999999
2622,0.26612,3,8.0,8.4,True,19058,18605,4.54403018951416,0.0005927403880604205,0.83,0.78428
2623,0.26584,4,7.0,7.6,True,19062,18609,3.8631181716918945,0.0005925969508710676,0.83,0.78436
2624,0.26556,1,10.0,10.0,True,19063,18610,4.2689738273620605,0.0005924534849597661,0.83,0.7843800000000001
2625,0.26528,1,10.0,10.0,True,19064,18611,4.166530132293701,0.0005923099903554133,0.83,0.7844
2626,0.265,24,-13.0,-12.4,True,19088,18635,4.888693332672119,0.0005921664670869118,0.83,0.78488
2627,0.26472,24,-13.0,-12.4,True,19112,18659,4.631911754608154,0.0005920229151831701,0.83,0.7853600000000001
2628,0.26444,1,10.0,10.0,True,19113,18660,3.9386215209960938,0.0005918793346731027,0.83,0.78538
2629,0.26416,45,-45.0,-45.2,False,19154,18705,3.925075054168701,0.0005917357255856296,0.83,0.7862800000000001
2630,0.26388,1,10.0,10.0,True,19155,18706,3.3314974308013916,0.0005915920879496766,0.83,0.7863
2631,0.2636,8,3.0,3.2,True,19163,18714,6.109604358673096,0.0005914484217941751,0.83,0.7864599999999999
2632,0.26332,2,9.0,9.2,True,19165,18716,3.8762359619140625,0.0005913047271480625,0.84,0.7865
2633,0.26304,3,8.0,8.4,True,19168,18719,4.0301337242126465,0.000591161004040282,0.84,0.7865599999999999
2634,0.26276,4,7.0,7.2,True,19172,18723,4.528525352478027,0.0005910172524997821,0.84,0.78664
2635,0.26248,1,10.0,10.0,True,19173,18724,5.30659294128418,0.0005908734725555176,0.84,0.7866599999999999
2636,0.2622,1,10.0,10.0,True,19174,18725,4.760234832763672,0.0005907296642364485,0.84,0.78668
2637,0.26192,19,-28.0,-28.0,False,19193,18744,3.321937322616577,0.0005905858275715408,0.83,0.7870600000000001
2638,0.26164,1,10.0,10.0,True,19194,18745,4.853376388549805,0.0005904419625897663,0.83,0.78708
2639,0.26136,2,-11.0,-10.8,False,19196,18747,6.0099077224731445,0.0005902980693201021,0.83,0.78712
2640,0.26108,3,-12.0,-12.0,False,19199,18750,4.419777870178223,0.0005901541477915314,0.82,0.78718
2641,0.2608,6,5.0,5.6,True,19205,18756,4.8841423988342285,0.0005900101980330428,0.82,0.7873
2642,0.26052,11,0.0,0.4,True,19216,18767,5.675817966461182,0.0005898662200736312,0.82,0.78752
2643,0.26024,1,10.0,10.0,True,19217,18768,4.117081642150879,0.0005897222139422962,0.82,0.78754
2644,0.25996,4,7.0,7.6,True,19221,18772,4.313567638397217,0.0005895781796680436,0.82,0.78762
2645,0.25968,8,3.0,3.6,True,19229,18780,3.961570978164673,0.0005894341172798851,0.82,0.7877799999999999
2646,0.2594,4,7.0,7.2,True,19233,18784,3.9463326930999756,0.0005892900268068378,0.82,0.78786
2647,0.25912,3,-12.0,-12.0,False,19236,18787,4.466034889221191,0.0005891459082779245,0.81,0.78792
2648,0.25884,8,3.0,3.6,True,19244,18795,4.21815299987793,0.0005890017617221733,0.81,0.7880800000000001
2649,0.25856,3,8.0,8.4,True,19247,18798,3.6823079586029053,0.0005888575871686187,0.81,0.7881400000000001
2650,0.25828,4,7.0,7.2,True,19251,18802,5.066783905029297,0.0005887133846463002,0.81,0.78822
2651,0.258,9,2.0,2.8,True,19260,18811,4.0741190910339355,0.0005885691541842631,0.81,0.7884
2652,0.25772,3,8.0,8.4,True,19263,18814,3.9353368282318115,0.0005884248958115584,0.82,0.7884599999999999
2653,0.25744,3,8.0,8.4,True,19266,18817,4.065750598907471,0.0005882806095572428,0.82,0.78852
2654,0.25716,1,10.0,10.0,True,19267,18818,4.380453586578369,0.0005881362954503784,0.82,0.78854
2655,0.25688,2,9.0,9.2,True,19269,18820,4.134870529174805,0.0005879919535200331,0.82,0.7885800000000001
2656,0.2566,5,6.0,6.4,True,19274,18825,5.3179707527160645,0.0005878475837952802,0.82,0.78868
2657,0.25632,2,9.0,9.2,True,19276,18827,5.51031494140625,0.0005877031863051989,0.82,0.7887200000000001
2658,0.25604,4,7.0,7.6,True,19280,18831,4.962568759918213,0.0005875587610788736,0.83,0.7888
2659,0.25576,1,10.0,10.0,True,19281,18832,4.430609703063965,0.0005874143081453946,0.83,0.7888200000000001
2660,0.25548,1,-10.0,-10.0,False,19282,18833,3.6967647075653076,0.0005872698275338578,0.82,0.78884
2661,0.2552,1,10.0,10.0,True,19283,18834,4.371657371520996,0.0005871253192733644,0.82,0.78886
2662,0.25492,20,-9.0,-8.4,True,19303,18854,3.8520426750183105,0.0005869807833930214,0.82,0.7892600000000001
2663,0.25464,1,10.0,10.0,True,19304,18855,3.522582530975342,0.0005868362199219413,0.82,0.78928
2664,0.25436,3,8.0,8.4,True,19307,18858,4.2865519523620605,0.000586691628889242,0.82,0.78934
2665,0.25408,6,5.0,5.2,True,19313,18864,4.168109893798828,0.0005865470103240472,0.82,0.78946
2666,0.2538,6,5.0,5.6,True,19319,18870,4.369077205657959,0.000586402364255486,0.83,0.78958
2667,0.25352,3,8.0,8.0,True,19322,18873,3.507856845855713,0.0005862576907126931,0.83,0.78964
2668,0.25324,10,1.0,1.6,True,19332,18883,4.553696155548096,0.0005861129897248088,0.84,0.7898400000000001
2669,0.25296,2,-11.0,-10.8,False,19334,18885,3.6916134357452393,0.0005859682613209787,0.83,0.78988
2670,0.25268,15,-24.0,-24.0,False,19349,18900,4.1159210205078125,0.0005858235055303543,0.82,0.79018
2671,0.2524,13,-2.0,-2.0,True,19362,18913,3.6794800758361816,0.0005856787223820923,0.82,0.79044
2672,0.25212,2,9.0,9.2,True,19364,18915,4.676112174987793,0.0005855339119053547,0.82,0.7904800000000001
2673,0.25184,2,9.0,9.2,True,19366,18917,4.520959377288818,0.0005853890741293096,0.82,0.7905200000000001
2674,0.25156,4,-13.0,-12.8,False,19370,18921,3.983856678009033,0.0005852442090831303,0.81,0.7906
2675,0.25128,5,6.0,6.8,True,19375,18926,3.7050819396972656,0.0005850993167959955,0.82,0.7907
2676,0.251,1,10.0,10.0,True,19376,18927,3.4796395301818848,0.0005849543972970896,0.82,0.7907200000000001
2677,0.25072,3,8.0,8.4,True,19379,18930,3.413255214691162,0.0005848094506156021,0.82,0.79078
2678,0.25044,5,6.0,6.4,True,19384,18935,3.922001600265503,0.0005846644767807284,0.82,0.79088
2679,0.25016,3,8.0,8.4,True,19387,18938,4.465288162231445,0.0005845194758216692,0.83,0.79094
2680,0.24988,2,9.0,9.2,True,19389,18940,4.912714004516602,0.0005843744477676306,0.83,0.79098
2681,0.2496,2,9.0,9.2,True,19391,18942,3.651655673980713,0.0005842293926478243,0.83,0.7910200000000001
2682,0.24932,3,8.0,8.4,True,19394,18945,3.6109280586242676,0.0005840843104914675,0.83,0.79108
2683,0.24904,6,-15.0,-14.4,False,19400,18951,3.745455503463745,0.0005839392013277824,0.82,0.7912
2684,0.24876,2,-11.0,-10.8,False,19402,18953,4.46923828125,0.0005837940651859971,0.81,0.7912399999999999
2685,0.24848,4,7.0,7.2,True,19406,18957,3.9527974128723145,0.000583648902095345,0.82,0.79132
2686,0.2482,1,10.0,10.0,True,19407,18958,4.818846225738525,0.000583503712085065,0.82,0.7913399999999999
2687,0.24792,3,8.0,8.4,True,19410,18961,3.3428521156311035,0.0005833584951844014,0.83,0.7914
2688,0.24764,6,5.0,5.6,True,19416,18967,4.2314581871032715,0.0005832132514226035,0.83,0.79152
2689,0.24736,1,10.0,10.0,True,19417,18968,4.581431865692139,0.0005830679808289268,0.83,0.7915399999999999
2690,0.24708,3,8.0,8.4,True,19420,18971,4.508612155914307,0.0005829226834326316,0.84,0.7916
2691,0.2468,3,8.0,8.4,True,19423,18974,3.82287335395813,0.0005827773592629835,0.84,0.79166
2692,0.24652,3,8.0,8.4,True,19426,18977,5.071957111358643,0.0005826320083492543,0.84,0.79172
2693,0.24624,5,6.0,6.4,True,19431,18982,4.480818271636963,0.0005824866307207203,0.84,0.79182
2694,0.24596,3,8.0,8.4,True,19434,18985,4.619208812713623,0.0005823412264066636,0.84,0.79188
2695,0.24568,3,8.0,8.4,True,19437,18988,3.795976161956787,0.0005821957954363716,0.84,0.7919400000000001
2696,0.2454,4,7.0,7.6,True,19441,18992,3.8768348693847656,0.0005820503378391371,0.84,0.79202
2697,0.24512,3,8.0,8.4,True,19444,18995,4.354529857635498,0.0005819048536442582,0.84,0.79208
2698,0.24484,2,-11.0,-10.8,False,19446,18997,4.336848735809326,0.0005817593428810386,0.83,0.7921199999999999
2699,0.24456,7,4.0,4.4,True,19453,19004,4.9319963455200195,0.0005816138055787869,0.83,0.79226
2700,0.24428,1,10.0,10.0,True,19454,19005,5.5651445388793945,0.0005814682417668173,0.83,0.7922800000000001
2701,0.244,1,-10.0,-10.0,False,19455,19006,5.72538948059082,0.0005813226514744495,0.82,0.7923
2702,0.24372,3,-12.0,-11.6,False,19458,19009,4.583680152893066,0.0005811770347310082,0.81,0.79236
2703,0.24344,5,6.0,6.4,True,19463,19014,4.2189459800720215,0.0005810313915658238,0.81,0.7924599999999999
2704,0.24316,2,9.0,9.2,True,19465,19016,4.3353962898254395,0.0005808857220082318,0.81,0.7925
2705,0.24288,2,-11.0,-11.2,False,19467,19018,3.2797722816467285,0.0005807400260875728,0.8,0.79254
2706,0.2426,1,10.0,10.0,True,19468,19019,3.7792932987213135,0.0005805943038331931,0.81,0.7925599999999999
2707,0.24232,1,-10.0,-10.0,False,19469,19020,3.693490982055664,0.0005804485552744441,0.8,0.7925800000000001
2708,0.24204,6,5.0,5.6,True,19475,19026,5.104153633117676,0.0005803027804406824,0.8,0.7927
2709,0.24176,3,8.0,8.4,True,19478,19029,4.195927143096924,0.0005801569793612704,0.81,0.7927599999999999
2710,0.24148,1,10.0,10.0,True,19479,19030,4.377875804901123,0.0005800111520655753,0.81,0.79278
2711,0.2412,5,6.0,6.0,True,19484,19035,4.314510822296143,0.0005798652985829695,0.81,0.79288
2712,0.24092,7,4.0,4.4,True,19491,19042,3.8827552795410156,0.0005797194189428312,0.81,0.7930200000000001
2713,0.24064,3,8.0,8.4,True,19494,19045,3.0887389183044434,0.0005795735131745433,0.82,0.79308
2714,0.24036,6,5.0,5.2,True,19500,19051,4.744848251342773,0.0005794275813074942,0.82,0.7932
2715,0.24008,1,-10.0,-10.0,False,19501,19052,3.502842903137207,0.0005792816233710778,0.81,0.79322
2716,0.2398,3,8.0,8.4,True,19504,19055,3.7927017211914062,0.0005791356393946928,0.81,0.79328
2717,0.23952,4,7.0,7.6,True,19508,19059,3.997291326522827,0.0005789896294077435,0.81,0.7933600000000001
2718,0.23924,5,6.0,6.4,True,19513,19064,3.4464502334594727,0.0005788435934396392,0.81,0.79346
2719,0.23896,7,4.0,4.8,True,19520,19071,3.136630058288574,0.0005786975315197946,0.82,0.7936000000000001
2720,0.23868,4,7.0,7.6,True,19524,19075,5.393016815185547,0.0005785514436776296,0.83,0.7936799999999999
2721,0.2384,2,9.0,9.2,True,19526,19077,4.628102779388428,0.0005784053299425692,0.83,0.79372
2722,0.23812,1,10.0,10.0,True,19527,19078,3.8611361980438232,0.0005782591903440437,0.83,0.79374
2723,0.23784,3,8.0,8.4,True,19530,19081,4.707211971282959,0.0005781130249114886,0.83,0.7938000000000001
2724,0.23756,2,9.0,9.2,True,19532,19083,4.194005489349365,0.0005779668336743447,0.83,0.79384
2725,0.23728,11,0.0,0.8,True,19543,19094,3.9162511825561523,0.0005778206166620578,0.83,0.79406
2726,0.237,2,9.0,9.2,True,19545,19096,3.563467025756836,0.0005776743739040792,0.83,0.7941
2727,0.23672,1,-10.0,-10.0,False,19546,19097,3.9888765811920166,0.000577528105429865,0.82,0.79412
2728,0.23644,2,9.0,9.2,True,19548,19099,4.18009090423584,0.0005773818112688768,0.82,0.79416
2729,0.23616,4,7.0,7.6,True,19552,19103,4.354603290557861,0.000577235491450581,0.83,0.7942400000000001
2730,0.23588,14,-3.0,-2.4,True,19566,19117,4.582456111907959,0.0005770891460044498,0.83,0.79452
2731,0.2356,20,-9.0,-8.4,True,19586,19137,4.829215049743652,0.0005769427749599598,0.83,0.7949200000000001
2732,0.23532,1,10.0,10.0,True,19587,19138,3.022817850112915,0.0005767963783465933,0.83,0.79494
2733,0.23504,5,6.0,6.8,True,19592,19143,4.208595275878906,0.0005766499561938376,0.83,0.79504
2734,0.23476,2,9.0,9.2,True,19594,19145,4.902574062347412,0.0005765035085311851,0.83,0.79508
2735,0.23448,1,10.0,10.0,True,19595,19146,4.606582164764404,0.0005763570353881333,0.83,0.7950999999999999
2736,0.2342,3,8.0,8.4,True,19598,19149,3.6517136096954346,0.0005762105367941849,0.83,0.79516
2737,0.23392,6,5.0,6.0,True,19604,19155,4.2700114250183105,0.0005760640127788479,0.84,0.79528
2738,0.23364,3,8.0,8.4,True,19607,19158,4.770283222198486,0.000575917463371635,0.84,0.79534
2739,0.23336,1,10.0,10.0,True,19608,19159,4.034282207489014,0.0005757708886020643,0.85,0.7953600000000001
2740,0.23308,3,8.0,8.4,True,19611,19162,4.446287155151367,0.000575624288499659,0.86,0.79542
2741,0.2328,1,-10.0,-10.0,False,19612,19163,3.655838966369629,0.0005754776630939474,0.85,0.79544
2742,0.23252,9,2.0,2.4,True,19621,19172,4.4494452476501465,0.0005753310124144629,0.85,0.79562
2743,0.23224,5,6.0,6.4,True,19626,19177,3.5882139205932617,0.0005751843364907439,0.85,0.79572
2744,0.23196,2,9.0,9.2,True,19628,19179,3.741877555847168,0.0005750376353523339,0.85,0.79576
2745,0.23168,4,7.0,7.6,True,19632,19183,4.268722057342529,0.0005748909090287816,0.85,0.79584
2746,0.2314,6,5.0,5.6,True,19638,19189,4.018416404724121,0.0005747441575496405,0.85,0.79596
2747,0.23112,4,-13.0,-13.2,False,19642,19193,4.568044185638428,0.0005745973809444695,0.85,0.7960400000000001
2748,0.23084,5,6.0,6.4,True,19647,19198,3.861423969268799,0.0005744505792428326,0.85,0.7961400000000001
2749,0.23056,3,8.0,8.4,True,19650,19201,4.739173412322998,0.0005743037524742982,0.85,0.7962
2750,0.23028,1,10.0,10.0,True,19651,19202,4.791985511779785,0.0005741569006684407,0.85,0.7962199999999999
2751,0.23,2,9.0,9.2,True,19653,19204,4.511516571044922,0.0005740100238548388,0.85,0.79626
2752,0.22972,10,1.0,2.0,True,19663,19214,4.56054162979126,0.0005738631220630765,0.85,0.79646
2753,0.22944,2,9.0,9.2,True,19665,19216,3.679138422012329,0.000573716195322743,0.85,0.7965
2754,0.22916,4,7.0,7.2,True,19669,19220,3.45676589012146,0.0005735692436634321,0.85,0.7965800000000001
2755,0.22888,5,6.0,6.4,True,19674,19225,4.506131172180176,0.0005734222671147432,0.85,0.79668
2756,0.2286,7,4.0,4.4,True,19681,19232,4.427621841430664,0.00057327526570628,0.85,0.7968200000000001
2757,0.22832,3,8.0,8.4,True,19684,19235,4.715094566345215,0.000573128239467652,0.85,0.79688
2758,0.22804,9,2.0,2.4,True,19693,19244,4.04397439956665,0.000572981188428473,0.85,0.79706
2759,0.22776,9,-18.0,-17.6,False,19702,19253,4.284050941467285,0.0005728341126183624,0.84,0.79724
2760,0.22748,19,-8.0,-7.6,True,19721,19272,4.313773155212402,0.0005726870120669439,0.85,0.79762
2761,0.2272,2,9.0,9.2,True,19723,19274,4.472641944885254,0.0005725398868038468,0.85,0.79766
2762,0.22692,17,-6.0,-5.2,True,19740,19291,5.191481113433838,0.0005723927368587049,0.85,0.798
2763,0.22664,5,6.0,6.4,True,19745,19296,3.692040205001831,0.0005722455622611576,0.85,0.7981
2764,0.22636,1,10.0,10.0,True,19746,19297,6.431955814361572,0.0005720983630408487,0.85,0.7981199999999999
2765,0.22608,5,6.0,6.8,True,19751,19302,3.8505806922912598,0.0005719511392274271,0.85,0.7982199999999999
2766,0.2258,5,-14.0,-14.0,False,19756,19307,3.308835029602051,0.0005718038908505466,0.84,0.79832
2767,0.22552,8,3.0,3.6,True,19764,19315,4.412928581237793,0.0005716566179398663,0.84,0.7984800000000001
2768,0.22524,6,5.0,5.6,True,19770,19321,4.6934733390808105,0.0005715093205250497,0.84,0.7986
2769,0.22496,4,7.0,7.6,True,19774,19325,3.9210519790649414,0.0005713619986357658,0.85,0.7986800000000001
2770,0.22468,8,3.0,3.6,True,19782,19333,3.7778196334838867,0.0005712146523016882,0.86,0.79884
2771,0.2244,1,-10.0,-10.0,False,19783,19334,3.7563741207122803,0.0005710672815524952,0.85,0.7988599999999999
2772,0.22412,11,0.0,0.4,True,19794,19345,4.07658576965332,0.0005709198864178706,0.85,0.79908
2773,0.22384,2,-11.0,-10.8,False,19796,19347,3.688676595687866,0.0005707724669275025,0.84,0.79912
2774,0.22356,2,9.0,9.2,True,19798,19349,4.343993186950684,0.0005706250231110845,0.85,0.7991600000000001
2775,0.22328,4,7.0,7.2,True,19802,19353,3.185153007507324,0.0005704775549983147,0.85,0.79924
2776,0.223,5,-14.0,-14.0,False,19807,19358,5.64929723739624,0.0005703300626188961,0.84,0.7993399999999999
2777,0.22272,2,9.0,9.2,True,19809,19360,4.067172050476074,0.0005701825460025368,0.84,0.79938
2778,0.22244,1,-10.0,-10.0,False,19810,19361,3.5649051666259766,0.0005700350051789496,0.83,0.7994
2779,0.22216,1,10.0,10.0,True,19811,19362,4.249329090118408,0.0005698874401778523,0.83,0.79942
2780,0.22188,2,9.0,9.2,True,19813,19364,3.976851463317871,0.0005697398510289676,0.83,0.7994600000000001
2781,0.2216,15,-4.0,-3.6,True,19828,19379,4.227897644042969,0.0005695922377620228,0.83,0.79976
2782,0.22132,1,-10.0,-10.0,False,19829,19380,3.695173501968384,0.0005694446004067504,0.82,0.7997799999999999
2783,0.22104,2,9.0,9.2,True,19831,19382,4.841999530792236,0.0005692969389928874,0.83,0.79982
2784,0.22076,9,2.0,2.4,True,19840,19391,3.203901767730713,0.000569149253550176,0.84,0.8
2785,0.22048,4,7.0,7.6,True,19844,19395,4.981607913970947,0.000569001544108363,0.84,0.8000799999999999
2786,0.2202,34,-23.0,-22.8,True,19878,19429,3.426629066467285,0.0005688538106972003,0.84,0.80076
2787,0.21992,2,-11.0,-10.8,False,19880,19431,5.548956394195557,0.0005687060533464441,0.83,0.8008
2788,0.21964,4,7.0,7.6,True,19884,19435,3.81351375579834,0.000568558272085856,0.83,0.80088
2789,0.21936,3,8.0,8.4,True,19887,19438,4.044731616973877,0.0005684104669452019,0.83,0.80094
2790,0.21908,1,10.0,10.0,True,19888,19439,3.9495744705200195,0.000568262637954253,0.83,0.80096
2791,0.2188,9,2.0,2.4,True,19897,19448,2.877441883087158,0.0005681147851427852,0.83,0.80114
2792,0.21852,2,9.0,9.2,True,19899,19450,4.194203853607178,0.000567966908540579,0.83,0.80118
2793,0.21824,10,1.0,1.2,True,19909,19460,4.515661239624023,0.0005678190081774197,0.83,0.80138
2794,0.21796,4,7.0,7.6,True,19913,19464,5.197903156280518,0.0005676710840830974,0.83,0.8014600000000001
2795,0.21768,4,7.0,7.6,True,19917,19468,3.0712296962738037,0.0005675231362874073,0.83,0.80154
2796,0.2174,5,6.0,6.4,True,19922,19473,3.588421106338501,0.0005673751648201489,0.83,0.80164
2797,0.21712,8,3.0,3.6,True,19930,19481,3.5700337886810303,0.0005672271697111268,0.83,0.8018000000000001
2798,0.21684,3,8.0,8.4,True,19933,19484,4.10769510269165,0.0005670791509901501,0.84,0.80186
2799,0.21656,4,7.0,7.6,True,19937,19488,4.7632317543029785,0.000566931108687033,0.84,0.8019400000000001
2800,0.21628,45,-34.0,-33.6,True,19982,19533,5.245906829833984,0.0005667830428315941,0.84,0.80284
2801,0.216,1,10.0,10.0,True,19983,19534,4.534857749938965,0.000566634953453657,0.85,0.80286
2802,0.21572,1,10.0,10.0,True,19984,19535,4.344022750854492,0.0005664868405830497,0.86,0.80288
2803,0.21544,2,9.0,9.2,True,19986,19537,3.880474328994751,0.0005663387042496056,0.86,0.8029200000000001
2804,0.21516,2,9.0,9.2,True,19988,19539,4.670643329620361,0.000566190544483162,0.86,0.80296
2805,0.21488,1,10.0,10.0,True,19989,19540,4.136107444763184,0.0005660423613135614,0.87,0.80298
2806,0.2146,4,7.0,7.6,True,19993,19544,4.516571998596191,0.0005658941547706511,0.87,0.80306
2807,0.21432,10,1.0,1.6,True,20000,19554,4.3814697265625,0.0005657459248842826,0.88,0.8032600000000001
2808,0.21404,1,-10.0,-10.0,False,20000,19555,4.164346694946289,0.0005655976716843129,0.87,0.80328
2809,0.21376,7,-16.0,-16.0,False,20000,19562,3.8311123847961426,0.000565449395200603,0.86,0.80342
2810,0.21348,4,7.0,7.6,True,20000,19566,4.193346977233887,0.0005653010954630187,0.86,0.8035
2811,0.2132,2,9.0,9.2,True,20000,19568,4.486621856689453,0.0005651527725014307,0.86,0.8035399999999999
2812,0.21292,1,10.0,10.0,True,20000,19569,4.270178318023682,0.0005650044263457144,0.86,0.80356
2813,0.21264,8,3.0,4.0,True,20000,19577,3.4570071697235107,0.0005648560570257497,0.86,0.80372
2814,0.21236,4,7.0,7.6,True,20000,19581,3.85691237449646,0.0005647076645714212,0.86,0.8038000000000001
2815,0.21208,8,3.0,3.2,True,20000,19589,3.2857775688171387,0.0005645592490126182,0.87,0.80396
2816,0.2118,20,-29.0,-28.8,False,20000,19609,3.789496898651123,0.0005644108103792345,0.86,0.80436
2817,0.21152,3,8.0,8.4,True,20000,19612,4.639770984649658,0.0005642623487011689,0.86,0.80442
2818,0.21124,3,8.0,8.0,True,20000,19615,3.182652711868286,0.0005641138640083245,0.86,0.8044800000000001
2819,0.21096,1,-10.0,-10.0,False,20000,19616,4.181644916534424,0.0005639653563306092,0.85,0.8045
2820,0.21068,1,10.0,10.0,True,20000,19617,4.274529933929443,0.0005638168256979353,0.85,0.80452
2821,0.2104,1,10.0,10.0,True,20000,19618,4.397915840148926,0.0005636682721402201,0.85,0.80454
2822,0.21012,1,10.0,10.0,True,20000,19619,4.7647528648376465,0.0005635196956873853,0.85,0.8045599999999999
2823,0.20984,3,8.0,8.4,True,20000,19622,4.212305545806885,0.0005633710963693573,0.85,0.80462
2824,0.20956,6,5.0,5.2,True,20000,19628,3.3045854568481445,0.0005632224742160669,0.85,0.80474
2825,0.20928,3,8.0,8.4,True,20000,19631,4.311041831970215,0.0005630738292574498,0.85,0.8048
2826,0.209,1,10.0,10.0,True,20000,19632,3.605588912963867,0.0005629251615234461,0.85,0.80482
2827,0.20872,2,9.0,9.2,True,20000,19634,2.677293539047241,0.0005627764710440005,0.86,0.8048599999999999
2828,0.20844,2,9.0,9.2,True,20000,19636,3.3527684211730957,0.0005626277578490624,0.86,0.8049
2829,0.20816,1,10.0,10.0,True,20000,19637,4.200089454650879,0.0005624790219685854,0.86,0.80492
2830,0.20788,2,9.0,9.2,True,20000,19639,4.18628454208374,0.0005623302634325284,0.86,0.8049600000000001
2831,0.2076,12,-1.0,-0.4,True,20000,19651,5.549892425537109,0.000562181482270854,0.86,0.8052
2832,0.20732,3,8.0,8.4,True,20000,19654,3.834237575531006,0.00056203267851353,0.86,0.8052600000000001
2833,0.20704,2,9.0,9.2,True,20000,19656,4.231417179107666,0.0005618838521905285,0.86,0.8053
2834,0.20676,3,8.0,8.4,True,20000,19659,4.621783256530762,0.0005617350033318262,0.86,0.8053600000000001
2835,0.20648,3,8.0,8.4,True,20000,19662,4.078065872192383,0.0005615861319674042,0.86,0.80542
2836,0.2062,1,10.0,10.0,True,20000,19663,3.882711887359619,0.0005614372381272484,0.86,0.8054399999999999
2837,0.20592,3,8.0,8.4,True,20000,19666,4.013798713684082,0.000561288321841349,0.86,0.8055
2838,0.20564,10,1.0,2.0,True,20000,19676,4.039073944091797,0.0005611393831397006,0.86,0.8057000000000001
2839,0.20536,3,8.0,8.4,True,20000,19679,3.9182872772216797,0.0005609904220523028,0.86,0.80576
2840,0.20508,2,9.0,9.2,True,20000,19681,3.7022202014923096,0.0005608414386091593,0.86,0.8058000000000001
2841,0.2048,1,10.0,10.0,True,20000,19682,3.6661453247070312,0.0005606924328402784,0.87,0.80582
2842,0.20452,7,-16.0,-16.0,False,20000,19689,4.309429168701172,0.0005605434047756729,0.86,0.80596
2843,0.20424,2,9.0,9.2,True,20000,19691,4.145092010498047,0.0005603943544453602,0.86,0.806
2844,0.20396,3,8.0,8.4,True,20000,19694,4.589517593383789,0.0005602452818793619,0.86,0.80606
2845,0.20368,5,-14.0,-14.0,False,20000,19699,3.114531993865967,0.0005600961871077045,0.85,0.80616
2846,0.2034,3,-12.0,-12.0,False,20000,19702,3.0676732063293457,0.0005599470701604186,0.84,0.80622
2847,0.20312,1,10.0,10.0,True,20000,19703,3.9949471950531006,0.0005597979310675396,0.85,0.8062400000000001
2848,0.20284,1,-10.0,-10.0,False,20000,19704,3.901468515396118,0.0005596487698591068,0.84,0.80626
2849,0.20256,5,6.0,6.8,True,20000,19709,3.8406178951263428,0.0005594995865651647,0.84,0.80636
2850,0.20228,4,7.0,7.6,True,20000,19713,4.289242267608643,0.0005593503812157617,0.84,0.80644
2851,0.202,4,7.0,7.2,True,20000,19717,4.422938346862793,0.0005592011538409508,0.84,0.80652
2852,0.20172,9,2.0,2.4,True,20000,19726,5.069772720336914,0.0005590519044707895,0.84,0.8067
2853,0.20144,3,8.0,8.4,True,20000,19729,4.014988899230957,0.0005589026331353396,0.84,0.80676
2854,0.20116,13,-2.0,-1.2,True,20000,19742,3.6686697006225586,0.0005587533398646675,0.84,0.8070200000000001
2855,0.20088,5,6.0,6.4,True,20000,19747,3.8389508724212646,0.0005586040246888437,0.84,0.8071200000000001
2856,0.2006,2,9.0,9.2,True,20000,19749,4.136441230773926,0.0005584546876379438,0.84,0.80716
2857,0.20032,3,8.0,8.4,True,20000,19752,3.5388355255126953,0.000558305328742047,0.84,0.80722
2858,0.20004,2,-11.0,-10.8,False,20000,19754,3.8252248764038086,0.0005581559480312373,0.83,0.80726
2859,0.19976,1,10.0,10.0,True,20000,19755,2.990718364715576,0.0005580065455356031,0.84,0.80728
2860,0.19948,3,-12.0,-11.6,False,20000,19758,4.550440788269043,0.0005578571212852371,0.83,0.80734
2861,0.1992,5,6.0,6.4,True,20000,19763,4.384502410888672,0.0005577076753102363,0.83,0.80744
2862,0.19892,4,7.0,7.6,True,20000,19767,4.111633777618408,0.0005575582076407023,0.83,0.80752
2863,0.19864,2,9.0,9.2,True,20000,19769,4.245649337768555,0.0005574087183067409,0.83,0.8075600000000001
2864,0.19836,3,-12.0,-12.0,False,20000,19772,3.483552932739258,0.0005572592073384623,0.82,0.80762
2865,0.19808,3,8.0,8.4,True,20000,19775,3.3904519081115723,0.0005571096747659812,0.82,0.80768
2866,0.1978,2,9.0,9.2,True,20000,19777,3.6656572818756104,0.0005569601206194164,0.83,0.80772
2867,0.19752,1,10.0,10.0,True,20000,19778,4.575027942657471,0.0005568105449288911,0.83,0.80774
2868,0.19724,4,7.0,7.2,True,20000,19782,3.812309741973877,0.000556660947724533,0.83,0.80782
2869,0.19696,1,-10.0,-10.0,False,20000,19783,4.368230819702148,0.0005565113290364743,0.82,0.80784
2870,0.19668,2,9.0,9.2,True,20000,19785,3.9504153728485107,0.0005563616888948508,0.82,0.8078799999999999
2871,0.1964,4,7.0,7.6,True,20000,19789,3.780547618865967,0.0005562120273298034,0.83,0.80796
2872,0.19612,2,9.0,9.2,True,20000,19791,3.9142892360687256,0.0005560623443714769,0.83,0.808
2873,0.19584,1,10.0,10.0,True,20000,19792,4.97906494140625,0.0005559126400500206,0.84,0.80802
2874,0.19556,2,9.0,9.2,True,20000,19794,3.907728433609009,0.0005557629143955879,0.84,0.80806
2875,0.19528,2,9.0,9.2,True,20000,19796,4.100056171417236,0.0005556131674383367,0.84,0.8081
2876,0.195,1,10.0,10.0,True,20000,19797,4.246820449829102,0.000555463399208429,0.85,0.80812
2877,0.19472,6,5.0,5.2,True,20000,19803,4.747578144073486,0.0005553136097360313,0.85,0.8082400000000001
2878,0.19444,15,-4.0,-3.2,True,20000,19818,3.806638240814209,0.0005551637990513143,0.86,0.80854
2879,0.19416,13,-2.0,-1.6,True,20000,19831,3.2873940467834473,0.0005550139671844528,0.86,0.8088
2880,0.19388,2,9.0,9.2,True,20000,19833,4.821244716644287,0.0005548641141656262,0.86,0.80884
2881,0.1936,12,-1.0,-0.4,True,20000,19845,4.355106353759766,0.0005547142400250178,0.86,0.80908
2882,0.19332,1,10.0,10.0,True,20000,19846,3.9778172969818115,0.0005545643447928153,0.87,0.8090999999999999
2883,0.19304,3,8.0,8.4,True,20000,19849,4.328350067138672,0.0005544144284992108,0.87,0.80916
2884,0.19276,8,3.0,4.0,True,20000,19857,4.11118745803833,0.0005542644911744005,0.87,0.80932
2885,0.19248,3,8.0,8.4,True,20000,19860,3.227020740509033,0.0005541145328485848,0.87,0.80938
2886,0.1922,2,9.0,9.2,True,20000,19862,4.418080806732178,0.0005539645535519685,0.87,0.80942
2887,0.19192,1,10.0,10.0,True,20000,19863,4.264101505279541,0.0005538145533147602,0.88,0.8094399999999999
2888,0.19164,4,7.0,7.6,True,20000,19867,4.3706159591674805,0.0005536645321671734,0.88,0.80952
2889,0.19136,2,9.0,9.2,True,20000,19869,4.71286153793335,0.0005535144901394252,0.88,0.8095600000000001
2890,0.19108,3,8.0,8.4,True,20000,19872,4.949132442474365,0.0005533644272617371,0.88,0.80962
2891,0.1908,1,10.0,10.0,True,20000,19873,3.9373526573181152,0.0005532143435643352,0.88,0.8096399999999999
2892,0.19052,2,9.0,9.2,True,20000,19875,4.166116714477539,0.000553064239077449,0.88,0.80968
2893,0.19024,2,9.0,9.2,True,20000,19877,4.230477333068848,0.0005529141138313128,0.88,0.80972
2894,0.18996,5,6.0,6.8,True,20000,19882,3.843271017074585,0.0005527639678561648,0.88,0.80982
2895,0.18968,1,10.0,10.0,True,20000,19883,4.127780914306641,0.0005526138011822477,0.88,0.8098400000000001
2896,0.1894,2,9.0,9.2,True,20000,19885,3.965261459350586,0.0005524636138398079,0.88,0.80988
2897,0.18912,4,7.0,7.6,True,20000,19889,4.138036727905273,0.0005523134058590966,0.88,0.80996
2898,0.18884,5,6.0,6.4,True,20000,19894,4.220747470855713,0.0005521631772703682,0.88,0.81006
2899,0.18856,2,9.0,9.2,True,20000,19896,4.021397590637207,0.0005520129281038822,0.88,0.8101
2900,0.18828,1,10.0,10.0,True,20000,19897,3.5490989685058594,0.0005518626583899017,0.88,0.81012
2901,0.188,3,8.0,8.4,True,20000,19900,3.909426212310791,0.0005517123681586942,0.88,0.81018
2902,0.18772,9,2.0,2.4,True,20000,19909,4.467888832092285,0.0005515620574405314,0.88,0.81036
2903,0.18744,1,10.0,10.0,True,20000,19910,3.8755035400390625,0.0005514117262656885,0.88,0.81038
2904,0.18716,2,9.0,9.2,True,20000,19912,4.2714338302612305,0.0005512613746644456,0.88,0.81042
2905,0.18688,6,5.0,6.0,True,20000,19918,3.433954954147339,0.0005511110026670865,0.88,0.81054
2906,0.1866,45,-45.0,-44.8,False,20000,19963,4.122946739196777,0.0005509606103038992,0.87,0.8114399999999999
2907,0.18632,9,2.0,2.8,True,20000,19972,3.5595200061798096,0.0005508101976051759,0.87,0.81162
2908,0.18604,2,9.0,9.2,True,20000,19974,4.2067365646362305,0.0005506597646012127,0.88,0.81166
2909,0.18576,2,9.0,9.2,True,20000,19976,5.482090950012207,0.0005505093113223101,0.89,0.8117000000000001
2910,0.18548,15,-24.0,-24.0,False,20000,19991,3.3657875061035156,0.0005503588377987721,0.88,0.812
2911,0.1852,9,2.0,2.4,True,20000,20000,3.8540499210357666,0.0005502083440609074,0.88,0.8121799999999999
2912,0.18492,1,-10.0,-10.0,False,20000,20001,3.669926166534424,0.0005500578301390285,0.87,0.8122
2913,0.18464,27,-16.0,-15.6,True,20000,20028,4.209719181060791,0.0005499072960634522,0.87,0.81274
2914,0.18436,2,-11.0,-10.8,False,20000,20030,4.927576541900635,0.0005497567418644985,0.86,0.8127800000000001
2915,0.18408,4,-13.0,-12.4,False,20000,20034,4.238229751586914,0.0005496061675724928,0.85,0.81286
2916,0.1838,1,10.0,10.0,True,20000,20035,3.858112335205078,0.0005494555732177634,0.86,0.81288
2917,0.18352,1,10.0,10.0,True,20000,20036,4.388465404510498,0.0005493049588306433,0.86,0.8129
2918,0.18324,4,7.0,7.6,True,20000,20040,5.278070449829102,0.0005491543244414693,0.86,0.81298
2919,0.18296,27,-16.0,-15.6,True,20000,20067,2.7503747940063477,0.0005490036700805823,0.87,0.81352
2920,0.18268,1,10.0,10.0,True,20000,20068,4.9571146965026855,0.000548852995778327,0.87,0.81354
2921,0.1824,2,9.0,9.2,True,20000,20070,5.774062156677246,0.0005487023015650524,0.87,0.81358
2922,0.18212,4,7.0,7.6,True,20000,20074,5.866917610168457,0.0005485515874711116,0.87,0.81366
2923,0.18184,5,6.0,6.4,True,20000,20079,3.7738687992095947,0.000548400853526861,0.87,0.81376
2924,0.18156,33,-42.0,-42.4,False,20000,20112,2.979794979095459,0.000548250099762662,0.86,0.8144199999999999
2925,0.18128,1,10.0,10.0,True,20000,20113,3.425628900527954,0.0005480993262088793,0.86,0.81444
2926,0.181,2,9.0,9.2,True,20000,20115,3.93721342086792,0.0005479485328958816,0.86,0.81448
2927,0.18072,1,10.0,10.0,True,20000,20116,4.99484920501709,0.0005477977198540422,0.86,0.8145
2928,0.18044,2,9.0,9.2,True,20000,20118,4.25091028213501,0.0005476468871137377,0.86,0.81454
2929,0.18016,1,-10.0,-10.0,False,20000,20119,3.3218820095062256,0.0005474960347053487,0.85,0.81456
2930,0.17988,3,-12.0,-12.4,False,20000,20122,3.732743501663208,0.0005473451626592603,0.84,0.8146200000000001
2931,0.1796,5,6.0,6.4,True,20000,20127,3.976900339126587,0.0005471942710058611,0.84,0.8147200000000001
2932,0.17932,4,7.0,7.6,True,20000,20131,4.320932865142822,0.0005470433597755437,0.84,0.8148
2933,0.17904,5,6.0,6.8,True,20000,20136,5.454904556274414,0.0005468924289987047,0.84,0.8149
2934,0.17876,2,9.0,9.2,True,20000,20138,4.070098876953125,0.0005467414787057449,0.84,0.81494
2935,0.17848,5,6.0,6.8,True,20000,20143,3.9036314487457275,0.0005465905089270686,0.84,0.81504
2936,0.1782,1,-10.0,-10.0,False,20000,20144,3.8843681812286377,0.000546439519693084,0.83,0.81506
2937,0.17792,4,7.0,7.2,True,20000,20148,3.9961485862731934,0.0005462885110342039,0.83,0.81514
2938,0.17764,1,-10.0,-10.0,False,20000,20149,4.151562213897705,0.0005461374829808442,0.82,0.81516
2939,0.17736,45,-45.0,-45.2,False,20000,20194,3.6380252838134766,0.0005459864355634251,0.81,0.81606
2940,0.17708,3,8.0,8.4,True,20000,20197,3.960963726043701,0.0005458353688123707,0.81,0.81612
2941,0.1768,4,-13.0,-13.2,False,20000,20201,3.870995283126831,0.0005456842827581089,0.8,0.8162
2942,0.17652,2,9.0,9.2,True,20000,20203,4.20957088470459,0.0005455331774310715,0.81,0.8162400000000001
2943,0.17624,1,10.0,10.0,True,20000,20204,4.377930641174316,0.0005453820528616943,0.81,0.81626
2944,0.17596,1,10.0,10.0,True,20000,20205,3.612367630004883,0.0005452309090804168,0.81,0.81628
2945,0.17568,2,9.0,9.2,True,20000,20207,4.396208763122559,0.0005450797461176825,0.82,0.8163199999999999
2946,0.1754,2,9.0,9.2,True,20000,20209,3.350390911102295,0.0005449285640039388,0.83,0.81636
2947,0.17512,1,10.0,10.0,True,20000,20210,3.363043785095215,0.0005447773627696366,0.83,0.81638
2948,0.17484,3,8.0,8.4,True,20000,20213,3.562969446182251,0.0005446261424452312,0.84,0.81644
2949,0.17456,2,-11.0,-10.8,False,20000,20215,3.667996644973755,0.0005444749030611814,0.83,0.8164800000000001
2950,0.17428,4,7.0,7.2,True,20000,20219,5.233699798583984,0.0005443236446479499,0.83,0.81656
2951,0.174,5,6.0,6.4,True,20000,20224,3.9901604652404785,0.0005441723672360033,0.83,0.8166599999999999
2952,0.17372,1,10.0,10.0,True,20000,20225,3.900639057159424,0.0005440210708558119,0.83,0.8166800000000001
2953,0.17344,1,-10.0,-10.0,False,20000,20226,3.7793736457824707,0.0005438697555378499,0.82,0.8167
2954,0.17316,2,9.0,9.2,True,20000,20228,3.802112340927124,0.0005437184213125953,0.82,0.81674
2955,0.17288,11,-20.0,-19.6,False,20000,20239,4.703329563140869,0.0005435670682105299,0.81,0.8169599999999999
2956,0.1726,4,7.0,7.6,True,20000,20243,3.3340771198272705,0.0005434156962621393,0.81,0.81704
2957,0.17232,1,10.0,10.0,True,20000,20244,4.301560878753662,0.0005432643054979131,0.81,0.8170600000000001
2958,0.17204,1,10.0,10.0,True,20000,20245,4.3050737380981445,0.0005431128959483443,0.82,0.81708
2959,0.17176,5,6.0,6.8,True,20000,20250,3.321338653564453,0.0005429614676439299,0.82,0.81718
2960,0.17148,4,7.0,7.6,True,20000,20254,3.1687514781951904,0.0005428100206151707,0.83,0.8172600000000001
2961,0.1712,4,-13.0,-12.8,False,20000,20258,4.117233753204346,0.0005426585548925714,0.82,0.81734
2962,0.17092,3,8.0,8.4,True,20000,20261,4.183742523193359,0.0005425070705066399,0.82,0.8174
2963,0.17064,4,7.0,7.6,True,20000,20265,4.260842323303223,0.0005423555674878887,0.82,0.81748
2964,0.17036,1,-10.0,-10.0,False,20000,20266,3.7364730834960938,0.0005422040458668333,0.82,0.8175
2965,0.17008,1,10.0,10.0,True,20000,20267,3.157235622406006,0.0005420525056739935,0.82,0.81752
2966,0.1698,5,6.0,6.8,True,20000,20272,4.270576477050781,0.0005419009469398923,0.82,0.81762
2967,0.16952,3,8.0,8.4,True,20000,20275,2.6091978549957275,0.000541749369695057,0.82,0.81768
2968,0.16924,14,-3.0,-2.8,True,20000,20289,3.685884952545166,0.0005415977739700184,0.82,0.81796
2969,0.16896,2,9.0,9.2,True,20000,20291,3.5017268657684326,0.0005414461597953108,0.83,0.8180000000000001
2970,0.16868,2,9.0,9.2,True,20000,20293,3.8433146476745605,0.0005412945272014724,0.83,0.81804
2971,0.1684,3,8.0,8.0,True,20000,20296,3.9705004692077637,0.0005411428762190451,0.83,0.8181
2972,0.16812,2,9.0,9.2,True,20000,20298,4.046098232269287,0.0005409912068785747,0.83,0.81814
2973,0.16784,3,8.0,8.4,True,20000,20301,3.7561886310577393,0.0005408395192106104,0.83,0.8182
2974,0.16756,20,-9.0,-8.8,True,20000,20321,3.003032684326172,0.0005406878132457052,0.83,0.8186
2975,0.16728,2,9.0,9.2,True,20000,20323,4.390214920043945,0.0005405360890144158,0.83,0.81864
2976,0.167,2,9.0,9.2,True,20000,20325,4.12002420425415,0.0005403843465473026,0.83,0.8186800000000001
2977,0.16672,33,-22.0,-21.6,True,20000,20358,4.049848556518555,0.0005402325858749295,0.83,0.81934
2978,0.16644,5,6.0,6.8,True,20000,20363,5.123608112335205,0.0005400808070278644,0.83,0.81944
2979,0.16616,6,5.0,5.6,True,20000,20369,3.7632029056549072,0.0005399290100366787,0.83,0.8195600000000001
2980,0.16588,3,8.0,8.4,True,20000,20372,3.562608242034912,0.0005397771949319472,0.83,0.81962
2981,0.1656,1,10.0,10.0,True,20000,20373,4.360764503479004,0.0005396253617442487,0.83,0.81964
2982,0.16532,1,-10.0,-10.0,False,20000,20374,4.128085136413574,0.0005394735105041655,0.82,0.81966
2983,0.16504,2,9.0,9.2,True,20000,20376,3.5259711742401123,0.0005393216412422836,0.82,0.8197000000000001
2984,0.16476,1,10.0,10.0,True,20000,20377,4.161858558654785,0.0005391697539891925,0.82,0.81972
2985,0.16448,9,-18.0,-18.0,False,20000,20386,4.122872352600098,0.0005390178487754856,0.81,0.8199000000000001
2986,0.1642,2,9.0,9.2,True,20000,20388,3.961961269378662,0.0005388659256317594,0.81,0.81994
2987,0.16392,1,10.0,10.0,True,20000,20389,4.2873101234436035,0.0005387139845886145,0.81,0.81996
2988,0.16364,1,-10.0,-10.0,False,20000,20390,3.453300714492798,0.0005385620256766551,0.8,0.8199799999999999
2989,0.16336,9,-18.0,-17.6,False,20000,20399,4.6666717529296875,0.0005384100489264885,0.79,0.82016
2990,0.16308,1,10.0,10.0,True,20000,20400,3.6575469970703125,0.0005382580543687263,0.79,0.82018
2991,0.1628,1,10.0,10.0,True,20000,20401,3.917024850845337,0.000538106042033983,0.79,0.8202
2992,0.16252,1,-10.0,-10.0,False,20000,20402,4.604040145874023,0.0005379540119528772,0.78,0.82022
2993,0.16224,1,10.0,10.0,True,20000,20403,3.6251871585845947,0.0005378019641560306,0.78,0.8202400000000001
2994,0.16196,2,9.0,9.2,True,20000,20405,3.759622097015381,0.0005376498986740691,0.78,0.82028
2995,0.16168,5,6.0,6.4,True,20000,20410,4.067715644836426,0.0005374978155376218,0.78,0.82038
2996,0.1614,6,-15.0,-14.4,False,20000,20416,4.353960037231445,0.0005373457147773212,0.77,0.8205
2997,0.16112,2,9.0,9.2,True,20000,20418,3.786576509475708,0.0005371935964238034,0.77,0.82054
2998,0.16084,2,9.0,9.2,True,20000,20420,3.7408952713012695,0.0005370414605077083,0.77,0.82058
2999,0.16056,3,8.0,8.4,True,20000,20423,3.5776195526123047,0.0005368893070596791,0.77,0.82064
3000,0.16028,10,1.0,1.6,True,20000,20433,5.14376974105835,0.0005367371361103628,0.77,0.82084
3001,0.16,1,10.0,10.0,True,20000,20434,4.492693901062012,0.0005365849476904097,0.77,0.82086
3002,0.15972,5,6.0,6.4,True,20000,20439,3.7176856994628906,0.0005364327418304734,0.77,0.82096
3003,0.15944,4,7.0,7.2,True,20000,20443,4.152907371520996,0.0005362805185612116,0.77,0.82104
3004,0.15916,2,9.0,9.2,True,20000,20445,2.9584310054779053,0.0005361282779132851,0.77,0.82108
3005,0.15888,2,9.0,9.2,True,20000,20447,3.4319562911987305,0.0005359760199173583,0.77,0.8211200000000001
3006,0.1586,4,7.0,7.6,True,20000,20451,3.5198488235473633,0.000535823744604099,0.78,0.8211999999999999
3007,0.15832,2,-11.0,-11.2,False,20000,20453,4.4354729652404785,0.0005356714520041787,0.77,0.82124
3008,0.15804,1,-10.0,-10.0,False,20000,20454,3.526398181915283,0.000535519142148272,0.76,0.82126
3009,0.15776,1,10.0,10.0,True,20000,20455,3.0666589736938477,0.0005353668150670576,0.76,0.82128
3010,0.15748,1,-10.0,-10.0,False,20000,20456,3.691267490386963,0.000535214470791217,0.76,0.8213
3011,0.1572,45,-45.0,-45.2,False,20000,20501,3.951807975769043,0.0005350621093514355,0.75,0.8222
3012,0.15692,2,-11.0,-10.8,False,20000,20503,3.581026792526245,0.0005349097307784018,0.75,0.8222400000000001
3013,0.15664,20,-9.0,-8.4,True,20000,20523,4.252913475036621,0.0005347573351028083,0.75,0.82264
3014,0.15636,2,9.0,9.2,True,20000,20525,4.475386619567871,0.0005346049223553503,0.76,0.8226800000000001
3015,0.15608,1,10.0,10.0,True,20000,20526,4.361415386199951,0.0005344524925667271,0.77,0.8227
3016,0.1558,3,8.0,8.4,True,20000,20529,4.415521621704102,0.000534300045767641,0.77,0.8227599999999999
3017,0.15552,4,7.0,7.6,True,20000,20533,4.219283103942871,0.000534147581988798,0.77,0.82284
3018,0.15524,1,10.0,10.0,True,20000,20534,3.8442234992980957,0.0005339951012609075,0.77,0.8228599999999999
3019,0.15496,5,6.0,6.4,True,20000,20539,4.348621368408203,0.0005338426036146822,0.77,0.8229599999999999
3020,0.15468,1,10.0,10.0,True,20000,20540,3.018704652786255,0.000533690089080838,0.77,0.82298
3021,0.1544,4,7.0,7.6,True,20000,20544,4.193700790405273,0.0005335375576900948,0.77,0.8230599999999999
3022,0.15412,2,9.0,9.2,True,20000,20546,4.145885467529297,0.0005333850094731753,0.77,0.8231
3023,0.15384,5,6.0,6.8,True,20000,20551,3.532625675201416,0.0005332324444608061,0.77,0.8232
3024,0.15356,5,6.0,6.0,True,20000,20556,2.925602912902832,0.0005330798626837167,0.78,0.8233
3025,0.15328,2,9.0,9.2,True,20000,20558,3.690675973892212,0.0005329272641726402,0.78,0.82334
3026,0.153,2,9.0,9.2,True,20000,20560,3.482781410217285,0.0005327746489583133,0.78,0.82338
3027,0.15272,5,6.0,6.4,True,20000,20565,3.432706832885742,0.0005326220170714755,0.78,0.82348
3028,0.15244,5,6.0,6.4,True,20000,20570,4.198328971862793,0.0005324693685428702,0.78,0.82358
3029,0.15216,2,9.0,9.2,True,20000,20572,3.2186365127563477,0.000532316703403244,0.79,0.82362
3030,0.15188,7,4.0,4.4,True,20000,20579,4.50273323059082,0.0005321640216833465,0.8,0.82376
3031,0.1516,3,8.0,8.4,True,20000,20582,4.12158203125,0.0005320113234139313,0.8,0.82382
3032,0.15132,3,8.0,8.4,True,20000,20585,5.207695007324219,0.0005318586086257547,0.8,0.82388
3033,0.15104,5,6.0,6.8,True,20000,20590,4.015830039978027,0.0005317058773495767,0.8,0.8239799999999999
3034,0.15076,2,9.0,9.2,True,20000,20592,3.5326437950134277,0.0005315531296161605,0.8,0.82402
3035,0.15048,4,7.0,7.6,True,20000,20596,3.4676880836486816,0.0005314003654562725,0.8,0.8241
3036,0.1502,3,8.0,8.4,True,20000,20599,3.6285743713378906,0.0005312475849006827,0.81,0.82416
3037,0.14992,3,8.0,8.4,True,20000,20602,3.789479970932007,0.000531094787980164,0.81,0.82422
3038,0.14964,9,2.0,2.8,True,20000,20611,3.7661445140838623,0.0005309419747254931,0.82,0.8244
3039,0.14936,3,8.0,8.4,True,20000,20614,3.7282819747924805,0.0005307891451674496,0.83,0.82446
3040,0.14908,1,10.0,10.0,True,20000,20615,3.8353772163391113,0.0005306362993368167,0.83,0.8244800000000001
3041,0.1488,2,9.0,9.2,True,20000,20617,4.587004661560059,0.0005304834372643803,0.84,0.82452
3042,0.14852,5,6.0,6.8,True,20000,20622,3.7018539905548096,0.0005303305589809302,0.84,0.82462
3043,0.14824,2,-11.0,-10.8,False,20000,20624,3.4819023609161377,0.0005301776645172592,0.83,0.82466
3044,0.14796,4,7.0,7.6,True,20000,20628,5.21144962310791,0.0005300247539041633,0.83,0.82474
3045,0.14768,3,8.0,8.0,True,20000,20631,4.074758052825928,0.000529871827172442,0.83,0.8248
3046,0.1474,4,7.0,7.2,True,20000,20635,4.418496608734131,0.0005297188843528976,0.83,0.8248800000000001
3047,0.14712,8,3.0,3.2,True,20000,20643,3.286804437637329,0.0005295659254763363,0.83,0.82504
3048,0.14684,1,10.0,10.0,True,20000,20644,3.5275027751922607,0.0005294129505735668,0.83,0.82506
3049,0.14656,4,7.0,7.6,True,20000,20648,4.713595390319824,0.0005292599596754016,0.84,0.82514
3050,0.14628,1,10.0,10.0,True,20000,20649,2.9125800132751465,0.000529106952812656,0.84,0.82516
3051,0.146,2,9.0,9.2,True,20000,20651,3.2433855533599854,0.000528953930016149,0.84,0.8251999999999999
3052,0.14572,1,10.0,10.0,True,20000,20652,4.442007064819336,0.0005288008913167023,0.84,0.8252200000000001
3053,0.14544,1,-10.0,-10.0,False,20000,20653,3.9681649208068848,0.000528647836745141,0.84,0.82524
3054,0.14516,4,7.0,7.2,True,20000,20657,3.21632719039917,0.0005284947663322935,0.84,0.82532
3055,0.14488,1,10.0,10.0,True,20000,20658,4.199803352355957,0.0005283416801089915,0.85,0.82534
3056,0.1446,2,9.0,9.2,True,20000,20660,3.4018383026123047,0.0005281885781060695,0.85,0.82538
3057,0.14432,20,-9.0,-8.4,True,20000,20680,3.8646836280822754,0.0005280354603543654,0.85,0.82578
3058,0.14404,1,10.0,10.0,True,20000,20681,4.930637359619141,0.0005278823268847202,0.85,0.8258000000000001
3059,0.14376,28,-17.0,-16.4,True,20000,20709,3.8136227130889893,0.0005277291777279783,0.85,0.82636
3060,0.14348,2,9.0,9.2,True,20000,20711,3.587385416030884,0.0005275760129149869,0.85,0.8264
3061,0.1432,6,5.0,6.0,True,20000,20717,3.512882709503174,0.0005274228324765967,0.86,0.8265199999999999
3062,0.14292,2,9.0,9.2,True,20000,20719,3.9749157428741455,0.0005272696364436613,0.86,0.82656
3063,0.14264,3,8.0,8.4,True,20000,20722,2.9598817825317383,0.0005271164248470374,0.86,0.8266199999999999
3064,0.14236,45,-45.0,-45.6,False,20000,20767,3.87318754196167,0.0005269631977175851,0.86,0.82752
3065,0.14208,3,8.0,8.4,True,20000,20770,3.878065586090088,0.0005268099550861675,0.86,0.82758
3066,0.1418,2,9.0,9.2,True,20000,20772,3.836549758911133,0.0005266566969836507,0.86,0.82762
3067,0.14152,25,-34.0,-34.0,False,20000,20797,3.7823657989501953,0.0005265034234409042,0.85,0.82812
3068,0.14124,1,10.0,10.0,True,20000,20798,3.474802255630493,0.0005263501344888003,0.85,0.8281400000000001
3069,0.14096,1,-10.0,-10.0,False,20000,20799,3.640583038330078,0.0005261968301582145,0.84,0.82816
3070,0.14068,2,9.0,9.2,True,20000,20801,3.838888168334961,0.0005260435104800253,0.84,0.8282
3071,0.1404,6,5.0,5.6,True,20000,20807,4.238398551940918,0.0005258901754851148,0.84,0.82832
3072,0.14012,1,10.0,10.0,True,20000,20808,3.8037352561950684,0.0005257368252043677,0.84,0.8283400000000001
3073,0.13984,1,-10.0,-10.0,False,20000,20809,3.823258399963379,0.0005255834596686718,0.83,0.82836
3074,0.13956,4,7.0,7.6,True,20000,20813,3.7850868701934814,0.0005254300789089178,0.83,0.8284400000000001
3075,0.13928,7,4.0,4.4,True,20000,20820,4.608121871948242,0.0005252766829560002,0.83,0.8285800000000001
3076,0.139,45,-45.0,-44.8,False,20000,20865,4.722317695617676,0.0005251232718408159,0.82,0.82948
3077,0.13872,1,10.0,10.0,True,20000,20866,4.092201232910156,0.0005249698455942649,0.82,0.8295
3078,0.13844,4,7.0,7.2,True,20000,20870,3.8380134105682373,0.0005248164042472506,0.82,0.82958
3079,0.13816,2,9.0,9.2,True,20000,20872,4.039036273956299,0.0005246629478306791,0.82,0.82962
3080,0.13788,2,9.0,9.2,True,20000,20874,3.8132691383361816,0.0005245094763754598,0.82,0.8296600000000001
3081,0.1376,1,10.0,10.0,True,20000,20875,4.208568572998047,0.0005243559899125049,0.82,0.82968
3082,0.13732,3,8.0,8.0,True,20000,20878,4.0024919509887695,0.0005242024884727298,0.83,0.82974
3083,0.13704,3,8.0,8.4,True,20000,20881,3.431879997253418,0.0005240489720870526,0.83,0.8298000000000001
3084,0.13676,1,10.0,10.0,True,20000,20882,3.4869656562805176,0.000523895440786395,0.83,0.82982
3085,0.13648,3,8.0,8.4,True,20000,20885,3.5682003498077393,0.0005237418946016811,0.84,0.82988
3086,0.1362,4,-13.0,-12.4,False,20000,20889,4.346532821655273,0.0005235883335638383,0.83,0.82996
3087,0.13592,1,-10.0,-10.0,False,20000,20890,4.961316108703613,0.0005234347577037969,0.82,0.8299799999999999
3088,0.13564,4,7.0,7.6,True,20000,20894,3.2424209117889404,0.0005232811670524903,0.83,0.83006
3089,0.13536,3,8.0,8.4,True,20000,20897,3.886861801147461,0.0005231275616408549,0.84,0.83012
3090,0.13508,2,9.0,9.2,True,20000,20899,3.7477900981903076,0.0005229739414998298,0.84,0.83016
3091,0.1348,1,10.0,10.0,True,20000,20900,3.317019462585449,0.0005228203066603574,0.84,0.8301799999999999
3092,0.13452,2,9.0,9.2,True,20000,20902,4.46257209777832,0.0005226666571533827,0.85,0.83022
3093,0.13424,2,9.0,9.2,True,20000,20904,3.6414895057678223,0.000522512993009854,0.85,0.83026
3094,0.13396,25,-14.0,-13.6,True,20000,20929,4.232893943786621,0.0005223593142607224,0.85,0.8307599999999999
3095,0.13368,4,7.0,7.6,True,20000,20933,3.6068265438079834,0.0005222056209369419,0.85,0.83084
3096,0.1334,16,-5.0,-4.8,True,20000,20949,3.327716588973999,0.0005220519130694696,0.86,0.83116
3097,0.13312,2,9.0,9.2,True,20000,20951,4.459179878234863,0.0005218981906892653,0.86,0.8311999999999999
3098,0.13284,2,9.0,9.2,True,20000,20953,4.086520195007324,0.0005217444538272918,0.86,0.83124
3099,0.13256,2,9.0,9.2,True,20000,20955,4.191707134246826,0.0005215907025145149,0.86,0.83128
3100,0.13228,8,3.0,4.0,True,20000,20963,4.480606555938721,0.0005214369367819035,0.86,0.83144
3101,0.132,3,8.0,8.4,True,20000,20966,3.172377109527588,0.0005212831566604288,0.86,0.8314999999999999
3102,0.13172,3,-12.0,-11.6,False,20000,20969,4.225028038024902,0.0005211293621810654,0.85,0.8315600000000001
3103,0.13144,3,8.0,8.4,True,20000,20972,3.2846693992614746,0.0005209755533747907,0.85,0.83162
3104,0.13116,1,-10.0,-10.0,False,20000,20973,3.7170603275299072,0.000520821730272585,0.84,0.83164
3105,0.13088,4,7.0,7.6,True,20000,20977,3.556415557861328,0.0005206678929054313,0.84,0.83172
3106,0.1306,2,9.0,9.2,True,20000,20979,3.357517719268799,0.0005205140413043158,0.84,0.83176
3107,0.13032,2,9.0,9.2,True,20000,20981,4.337251663208008,0.0005203601755002271,0.85,0.8318000000000001
3108,0.13004,6,5.0,5.6,True,20000,20987,3.758249282836914,0.000520206295524157,0.86,0.83192
3109,0.12976,1,10.0,10.0,True,20000,20988,3.610717296600342,0.0005200524014071001,0.86,0.83194
3110,0.12948,45,-45.0,-44.8,False,20000,21033,3.275756597518921,0.0005198984931800538,0.86,0.83284
3111,0.1292,6,5.0,5.6,True,20000,21039,3.9123682975769043,0.0005197445708740187,0.87,0.83296
3112,0.12892,9,2.0,2.4,True,20000,21048,4.3217315673828125,0.0005195906345199975,0.88,0.83314
3113,0.12864,45,-45.0,-45.6,False,20000,21093,3.811037063598633,0.0005194366841489963,0.87,0.8340400000000001
3114,0.12836,1,-10.0,-10.0,False,20000,21094,3.7088773250579834,0.0005192827197920238,0.86,0.83406
3115,0.12808,5,6.0,6.4,True,20000,21099,4.142419815063477,0.0005191287414800916,0.86,0.83416
3116,0.1278,16,-25.0,-25.2,False,20000,21115,3.486332893371582,0.0005189747492442142,0.85,0.83448
3117,0.12752,14,-3.0,-2.4,True,20000,21129,4.212376117706299,0.0005188207431154086,0.85,0.83476
3118,0.12724,3,8.0,8.4,True,20000,21132,5.17956018447876,0.000518666723124695,0.85,0.83482
3119,0.12696,3,8.0,8.4,True,20000,21135,5.272336006164551,0.000518512689303096,0.85,0.8348800000000001
3120,0.12668,4,7.0,7.6,True,20000,21139,3.5179085731506348,0.0005183586416816371,0.85,0.8349599999999999
3121,0.1264,1,10.0,10.0,True,20000,21140,4.184005260467529,0.0005182045802913468,0.85,0.83498
3122,0.12612,1,-10.0,-10.0,False,20000,21141,3.044248580932617,0.0005180505051632564,0.84,0.835
3123,0.12584,3,-12.0,-11.6,False,20000,21144,3.123730182647705,0.0005178964163283995,0.83,0.8350599999999999
3124,0.12556,2,9.0,9.2,True,20000,21146,3.293733596801758,0.0005177423138178128,0.83,0.8351
3125,0.12528,2,-11.0,-10.8,False,20000,21148,3.748007297515869,0.0005175881976625358,0.82,0.83514
3126,0.125,1,10.0,10.0,True,20000,21149,4.8660569190979,0.0005174340678936105,0.82,0.8351599999999999
3127,0.12472,1,10.0,10.0,True,20000,21150,4.278293609619141,0.0005172799245420819,0.82,0.83518
3128,0.12444,3,8.0,8.4,True,20000,21153,3.4394352436065674,0.0005171257676389978,0.82,0.83524
3129,0.12416,2,9.0,9.2,True,20000,21155,4.156848907470703,0.0005169715972154083,0.82,0.83528
3130,0.12388,29,-18.0,-17.6,True,20000,21184,5.745344161987305,0.0005168174133023665,0.82,0.83586
3131,0.1236,41,-30.0,-29.2,True,20000,21225,3.4557323455810547,0.0005166632159309283,0.82,0.8366800000000001
3132,0.12332,2,9.0,9.2,True,20000,21227,6.691319465637207,0.0005165090051321521,0.82,0.83672
3133,0.12304,3,8.0,8.4,True,20000,21230,3.6048202514648438,0.0005163547809370995,0.82,0.8367800000000001
3134,0.12276,1,10.0,10.0,True,20000,21231,3.6322476863861084,0.0005162005433768338,0.82,0.8368
3135,0.12248,1,10.0,10.0,True,20000,21232,4.288331985473633,0.000516046292482422,0.82,0.83682
3136,0.1222,1,10.0,10.0,True,20000,21233,3.628474235534668,0.0005158920282849333,0.82,0.83684
3137,0.12192,1,10.0,10.0,True,20000,21234,3.502990245819092,0.0005157377508154396,0.82,0.8368599999999999
3138,0.12164,2,-11.0,-10.8,False,20000,21236,3.065969228744507,0.0005155834601050157,0.81,0.8369
3139,0.12136,2,9.0,9.2,True,20000,21238,4.093696594238281,0.0005154291561847388,0.81,0.83694
3140,0.12108,3,8.0,8.4,True,20000,21241,3.8953566551208496,0.000515274839085689,0.81,0.837
3141,0.1208,3,-12.0,-11.6,False,20000,21244,3.5058646202087402,0.0005151205088389487,0.8,0.83706
3142,0.12052,41,-30.0,-29.2,True,20000,21285,4.217993259429932,0.0005149661654756033,0.8,0.83788
3143,0.12024,6,5.0,5.6,True,20000,21291,3.993931293487549,0.0005148118090267408,0.81,0.8380000000000001
3144,0.11996,5,6.0,6.4,True,20000,21296,4.7607879638671875,0.0005146574395234517,0.81,0.8381000000000001
3145,0.11968,35,-24.0,-23.6,True,20000,21331,4.88565731048584,0.000514503056996829,0.81,0.8388
3146,0.1194,1,10.0,10.0,True,20000,21332,4.215131759643555,0.0005143486614779687,0.81,0.8388200000000001
3147,0.11912,5,6.0,6.4,True,20000,21337,4.134406089782715,0.0005141942529979692,0.81,0.8389200000000001
3148,0.11884,5,6.0,6.4,True,20000,21342,3.676339864730835,0.0005140398315879315,0.81,0.8390200000000001
3149,0.11856,5,6.0,6.8,True,20000,21347,4.265903472900391,0.0005138853972789594,0.81,0.8391200000000001
3150,0.11828,1,10.0,10.0,True,20000,21348,3.4765594005584717,0.0005137309501021588,0.81,0.83914
3151,0.118,6,5.0,5.6,True,20000,21354,3.7556066513061523,0.0005135764900886388,0.81,0.83926
3152,0.11772,1,10.0,10.0,True,20000,21355,3.538421392440796,0.0005134220172695106,0.81,0.83928
3153,0.11744,4,7.0,7.2,True,20000,21359,5.388312339782715,0.0005132675316758884,0.82,0.83936
3154,0.11716,6,5.0,5.6,True,20000,21365,4.136641979217529,0.0005131130333388887,0.82,0.83948
3155,0.11688,3,8.0,8.4,True,20000,21368,3.4818615913391113,0.0005129585222896306,0.82,0.83954
3156,0.1166,2,9.0,9.2,True,20000,21370,3.6861047744750977,0.0005128039985592358,0.82,0.83958
3157,0.11632,1,10.0,10.0,True,20000,21371,4.537137985229492,0.0005126494621788285,0.82,0.8396
3158,0.11604,1,10.0,10.0,True,20000,21372,3.6638832092285156,0.0005124949131795355,0.82,0.83962
3159,0.11576,1,10.0,10.0,True,20000,21373,3.923185110092163,0.0005123403515924863,0.82,0.8396399999999999
3160,0.11548,1,10.0,10.0,True,20000,21374,4.184500217437744,0.0005121857774488125,0.82,0.8396600000000001
3161,0.1152,3,8.0,8.4,True,20000,21377,3.7599077224731445,0.0005120311907796488,0.82,0.83972
3162,0.11492,3,8.0,8.4,True,20000,21380,4.905072212219238,0.0005118765916161319,0.82,0.83978
3163,0.11464,7,4.0,4.4,True,20000,21387,3.550077438354492,0.0005117219799894013,0.82,0.83992
3164,0.11436,4,7.0,7.2,True,20000,21391,3.5165958404541016,0.000511567355930599,0.83,0.84
3165,0.11408,5,6.0,6.8,True,20000,21396,3.27327299118042,0.0005114127194708694,0.83,0.8401000000000001
3166,0.1138,4,-13.0,-13.2,False,20000,21400,3.242595911026001,0.0005112580706413595,0.82,0.84018
3167,0.11352,1,10.0,10.0,True,20000,21401,3.480109691619873,0.0005111034094732187,0.83,0.8402000000000001
3168,0.11324,1,10.0,10.0,True,20000,21402,4.423929214477539,0.000510948735997599,0.83,0.84022
3169,0.11296,1,10.0,10.0,True,20000,21403,4.153566360473633,0.0005107940502456546,0.84,0.8402400000000001
3170,0.11268,4,7.0,7.2,True,20000,21407,3.294064998626709,0.0005106393522485426,0.84,0.84032
3171,0.1124,1,10.0,10.0,True,20000,21408,3.717055559158325,0.0005104846420374223,0.84,0.8403400000000001
3172,0.11212,1,-10.0,-10.0,False,20000,21409,3.4787814617156982,0.0005103299196434556,0.83,0.84036
3173,0.11184,5,6.0,6.8,True,20000,21414,3.3206698894500732,0.0005101751850978064,0.84,0.84046
3174,0.11156,3,8.0,8.4,True,20000,21417,3.6142196655273438,0.0005100204384316418,0.84,0.8405199999999999
3175,0.11128,4,7.0,7.6,True,20000,21421,4.159819602966309,0.0005098656796761308,0.84,0.8406
3176,0.111,2,9.0,9.2,True,20000,21423,3.3481740951538086,0.0005097109088624449,0.85,0.84064
3177,0.11072,2,-11.0,-11.2,False,20000,21425,3.451869010925293,0.0005095561260217583,0.84,0.8406800000000001
3178,0.11044,1,-10.0,-10.0,False,20000,21426,3.4420130252838135,0.0005094013311852473,0.83,0.8407
3179,0.11016,2,-11.0,-10.8,False,20000,21428,4.072596549987793,0.0005092465243840907,0.82,0.84074
3180,0.10988,3,8.0,8.4,True,20000,21431,3.9086055755615234,0.00050909170564947,0.82,0.8408
3181,0.1096,4,7.0,7.6,True,20000,21435,4.8402605056762695,0.0005089368750125687,0.82,0.8408800000000001
3182,0.10932,1,10.0,10.0,True,20000,21436,4.413031101226807,0.0005087820325045729,0.82,0.8409
3183,0.10904,2,9.0,9.2,True,20000,21438,3.6831703186035156,0.000508627178156671,0.82,0.84094
3184,0.10876,1,10.0,10.0,True,20000,21439,5.364378929138184,0.0005084723120000539,0.82,0.8409599999999999
3185,0.10848,1,10.0,10.0,True,20000,21440,4.051100254058838,0.0005083174340659148,0.82,0.8409800000000001
3186,0.1082,6,5.0,5.6,True,20000,21446,4.263036727905273,0.0005081625443854493,0.83,0.8411
3187,0.10792,1,10.0,10.0,True,20000,21447,4.558938503265381,0.0005080076429898553,0.84,0.84112
3188,0.10764,6,5.0,5.6,True,20000,21453,4.484307289123535,0.0005078527299103332,0.84,0.84124
3189,0.10736,2,9.0,9.2,True,20000,21455,5.065319061279297,0.0005076978051780855,0.84,0.84128
3190,0.10708,1,10.0,10.0,True,20000,21456,3.5046803951263428,0.0005075428688243175,0.84,0.8413
3191,0.1068,3,8.0,8.4,True,20000,21459,5.150070667266846,0.0005073879208802363,0.84,0.8413600000000001
3192,0.10652,45,-45.0,-45.2,False,20000,21504,3.772858142852783,0.0005072329613770518,0.83,0.84226
3193,0.10624,3,8.0,8.4,True,20000,21507,4.9586100578308105,0.0005070779903459758,0.83,0.84232
3194,0.10596,4,7.0,7.6,True,20000,21511,3.048218250274658,0.0005069230078182228,0.83,0.8424
3195,0.10568,1,10.0,10.0,True,20000,21512,3.727694034576416,0.0005067680138250094,0.83,0.84242
3196,0.1054,4,7.0,7.6,True,20000,21516,3.3115344047546387,0.0005066130083975546,0.83,0.8425
3197,0.10512,2,9.0,9.2,True,20000,21518,3.9444587230682373,0.0005064579915670796,0.83,0.8425400000000001
3198,0.10484,4,7.0,7.2,True,20000,21522,3.880197048187256,0.0005063029633648081,0.83,0.84262
3199,0.10456,2,9.0,9.2,True,20000,21524,3.7909772396087646,0.0005061479238219658,0.83,0.84266
3200,0.10428,1,10.0,10.0,True,20000,21525,3.925123929977417,0.000505992872969781,0.83,0.8426800000000001
3201,0.104,2,9.0,9.2,True,20000,21527,3.5349369049072266,0.0005058378108394839,0.83,0.84272
3202,0.10372,3,8.0,8.4,True,20000,21530,4.696664333343506,0.0005056827374623074,0.84,0.8427800000000001
3203,0.10344,1,-10.0,-10.0,False,20000,21531,3.5389060974121094,0.0005055276528694863,0.83,0.8428
3204,0.10316,2,9.0,9.2,True,20000,21533,3.9741196632385254,0.000505372557092258,0.84,0.84284
3205,0.10288,1,-10.0,-10.0,False,20000,21534,4.100442886352539,0.0005052174501618619,0.83,0.8428599999999999
3206,0.1026,3,8.0,8.4,True,20000,21537,3.5269954204559326,0.0005050623321095395,0.83,0.84292
3207,0.10232,33,-22.0,-21.2,True,20000,21570,3.907805919647217,0.000504907202966535,0.83,0.84358
3208,0.10204,4,7.0,7.6,True,20000,21574,3.5297176837921143,0.0005047520627640945,0.83,0.8436600000000001
3209,0.10176,30,-19.0,-18.4,True,20000,21604,4.13865852355957,0.0005045969115334665,0.83,0.84426
3210,0.10148,4,7.0,7.6,True,20000,21608,3.0938637256622314,0.0005044417493059017,0.84,0.8443400000000001
3211,0.1012,4,7.0,7.6,True,20000,21612,4.578489303588867,0.0005042865761126526,0.84,0.84442
3212,0.10092,21,-10.0,-9.2,True,20000,21633,2.589602470397949,0.0005041313919849746,0.84,0.84484
3213,0.10064,3,8.0,8.4,True,20000,21636,3.7443974018096924,0.0005039761969541248,0.85,0.8449
3214,0.10036,1,10.0,10.0,True,20000,21637,5.42092752456665,0.0005038209910513628,0.86,0.8449200000000001
3215,0.10008,3,8.0,8.4,True,20000,21640,4.107398509979248,0.00050366577430795,0.86,0.8449800000000001
3216,0.0998,3,8.0,8.0,True,20000,21643,3.258492946624756,0.0005035105467551507,0.87,0.84504
3217,0.09952,8,3.0,3.6,True,20000,21651,3.0652852058410645,0.0005033553084242304,0.87,0.8452
3218,0.09924,4,7.0,7.6,True,20000,21655,3.7300164699554443,0.0005032000593464575,0.87,0.84528
3219,0.09896,3,8.0,8.4,True,20000,21658,3.306671619415283,0.0005030447995531023,0.87,0.84534
3220,0.09868,8,-17.0,-17.2,False,20000,21666,3.5688860416412354,0.0005028895290754374,0.86,0.8455
3221,0.0984,10,1.0,1.6,True,20000,21676,3.9257853031158447,0.0005027342479447375,0.86,0.8457
3222,0.09812,2,9.0,9.2,True,20000,21678,2.913832664489746,0.0005025789561922792,0.87,0.8457399999999999
3223,0.09784,10,-19.0,-18.8,False,20000,21688,3.9329209327697754,0.0005024236538493414,0.87,0.8459399999999999
3224,0.09756,3,8.0,8.4,True,20000,21691,2.97632098197937,0.0005022683409472054,0.87,0.846
3225,0.09728,2,9.0,9.2,True,20000,21693,3.720742702484131,0.0005021130175171543,0.88,0.8460399999999999
3226,0.097,5,6.0,6.8,True,20000,21698,3.3270657062530518,0.0005019576835904734,0.88,0.8461400000000001
3227,0.09672,3,8.0,8.4,True,20000,21701,3.822535753250122,0.0005018023391984503,0.88,0.8462000000000001
3228,0.09644,2,9.0,9.2,True,20000,21703,3.5529556274414062,0.0005016469843723744,0.88,0.8462400000000001
3229,0.09616,2,9.0,9.2,True,20000,21705,4.101578235626221,0.0005014916191435373,0.88,0.84628
3230,0.09588,28,-17.0,-16.8,True,20000,21733,4.0646891593933105,0.0005013362435432328,0.88,0.84684
3231,0.0956,2,9.0,9.2,True,20000,21735,3.1939525604248047,0.0005011808576027568,0.88,0.8468800000000001
3232,0.09532,4,7.0,7.6,True,20000,21739,3.4581387042999268,0.0005010254613534071,0.88,0.8469599999999999
3233,0.09504,1,10.0,10.0,True,20000,21740,2.3466038703918457,0.0005008700548264837,0.88,0.8469800000000001
3234,0.09476,1,10.0,10.0,True,20000,21741,3.751547336578369,0.0005007146380532887,0.88,0.847
3235,0.09448,5,6.0,6.8,True,20000,21746,3.7564005851745605,0.0005005592110651262,0.88,0.8471
3236,0.0942,2,9.0,9.2,True,20000,21748,3.8956682682037354,0.0005004037738933025,0.88,0.84714
3237,0.09392,18,-27.0,-27.2,False,20000,21766,3.699866771697998,0.0005002483265691257,0.87,0.8475
3238,0.09364,1,-10.0,-10.0,False,20000,21767,3.996276378631592,0.0005000928691239061,0.87,0.84752
3239,0.09336,1,10.0,10.0,True,20000,21768,4.0637922286987305,0.0004999374015889561,0.87,0.84754
3240,0.09308,1,10.0,10.0,True,20000,21769,3.099186658859253,0.0004997819239955899,0.87,0.8475600000000001
3241,0.0928,5,6.0,6.8,True,20000,21774,3.6780197620391846,0.000499626436375124,0.88,0.8476600000000001
3242,0.09252,3,8.0,8.0,True,20000,21777,3.4954357147216797,0.0004994709387588766,0.88,0.84772
3243,0.09224,3,8.0,8.4,True,20000,21780,3.343502998352051,0.0004993154311781685,0.88,0.84778
3244,0.09196,3,8.0,8.4,True,20000,21783,3.817473888397217,0.0004991599136643217,0.88,0.8478399999999999
3245,0.09168,1,10.0,10.0,True,20000,21784,3.9027152061462402,0.0004990043862486608,0.88,0.8478600000000001
3246,0.0914,3,-12.0,-11.6,False,20000,21787,3.883401393890381,0.0004988488489625121,0.87,0.84792
3247,0.09112,1,10.0,10.0,True,20000,21788,3.8383471965789795,0.0004986933018372041,0.87,0.84794
3248,0.09084,1,10.0,10.0,True,20000,21789,3.0867581367492676,0.0004985377449040672,0.87,0.84796
3249,0.09056,2,9.0,9.2,True,20000,21791,4.344864368438721,0.0004983821781944337,0.87,0.8480000000000001
3250,0.09028,29,-18.0,-17.6,True,20000,21820,3.421689510345459,0.000498226601739638,0.87,0.8485800000000001
3251,0.09,2,9.0,9.2,True,20000,21822,4.692046642303467,0.0004980710155710163,0.87,0.84862
3252,0.08972,3,8.0,8.4,True,20000,21825,4.010235786437988,0.0004979154197199068,0.87,0.8486800000000001
3253,0.08944,1,10.0,10.0,True,20000,21826,4.432169437408447,0.0004977598142176498,0.87,0.8487
3254,0.08916,1,10.0,10.0,True,20000,21827,3.5839476585388184,0.0004976041990955875,0.87,0.84872
3255,0.08888,4,-13.0,-13.6,False,20000,21831,3.9049296379089355,0.0004974485743850638,0.86,0.8488
3256,0.0886,24,-13.0,-12.4,True,20000,21855,3.3615756034851074,0.0004972929401174246,0.86,0.84928
3257,0.08832,2,9.0,9.2,True,20000,21857,3.36466908454895,0.0004971372963240182,0.86,0.8493200000000001
3258,0.08804,3,8.0,8.4,True,20000,21860,4.023489952087402,0.0004969816430361942,0.86,0.84938
3259,0.08776,4,7.0,7.6,True,20000,21864,3.0572550296783447,0.0004968259802853045,0.86,0.84946
3260,0.08748,37,-26.0,-25.6,True,20000,21901,3.948225975036621,0.0004966703081027027,0.86,0.8502
3261,0.0872,3,8.0,8.4,True,20000,21904,3.7059311866760254,0.0004965146265197443,0.86,0.85026
3262,0.08692,1,10.0,10.0,True,20000,21905,3.9031178951263428,0.0004963589355677868,0.86,0.8502799999999999
3263,0.08664,14,-3.0,-2.8,True,20000,21919,3.968122720718384,0.0004962032352781896,0.86,0.85056
3264,0.08636,1,10.0,10.0,True,20000,21920,2.967149257659912,0.0004960475256823139,0.86,0.85058
3265,0.08608,4,7.0,7.6,True,20000,21924,4.328661918640137,0.0004958918068115228,0.86,0.85066
3266,0.0858,2,9.0,9.2,True,20000,21926,3.2616186141967773,0.0004957360786971812,0.87,0.8507
3267,0.08552,2,9.0,9.2,True,20000,21928,4.048618793487549,0.0004955803413706562,0.87,0.85074
3268,0.08524,1,-10.0,-10.0,False,20000,21929,3.630279541015625,0.000495424594863316,0.86,0.85076
3269,0.08496,45,-45.0,-45.2,False,20000,21974,4.3127007484436035,0.0004952688392065315,0.85,0.8516600000000001
3270,0.08468,3,8.0,8.4,True,20000,21977,3.8420047760009766,0.0004951130744316752,0.85,0.85172
3271,0.0844,2,9.0,9.2,True,20000,21979,3.2324962615966797,0.0004949573005701212,0.85,0.8517600000000001
3272,0.08412,1,10.0,10.0,True,20000,21980,3.4714386463165283,0.0004948015176532451,0.86,0.85178
3273,0.08384,2,9.0,9.2,True,20000,21982,3.95513916015625,0.0004946457257124254,0.86,0.85182
3274,0.08356,1,-10.0,-10.0,False,20000,21983,4.86653470993042,0.0004944899247790415,0.85,0.8518399999999999
3275,0.08328,2,9.0,9.2,True,20000,21985,5.068020343780518,0.000494334114884475,0.85,0.85188
3276,0.083,5,6.0,6.8,True,20000,21990,3.6067471504211426,0.0004941782960601092,0.85,0.85198
3277,0.08272,2,9.0,9.2,True,20000,21992,3.668055534362793,0.0004940224683373291,0.86,0.85202
3278,0.08244,3,8.0,8.4,True,20000,21995,3.5120656490325928,0.0004938666317475216,0.87,0.85208
3279,0.08216,1,10.0,10.0,True,20000,21996,3.4933485984802246,0.0004937107863220756,0.88,0.8521
3280,0.08188,4,7.0,7.6,True,20000,22000,4.540424346923828,0.0004935549320923812,0.88,0.85218
3281,0.0816,3,8.0,8.4,True,20000,22003,3.3013956546783447,0.0004933990690898309,0.88,0.85224
3282,0.08132,2,9.0,9.2,True,20000,22005,3.8911399841308594,0.0004932431973458187,0.88,0.85228
3283,0.08104,1,-10.0,-10.0,False,20000,22006,3.506031036376953,0.0004930873168917403,0.87,0.8523000000000001
3284,0.08076,2,-11.0,-10.8,False,20000,22008,4.253357887268066,0.0004929314277589931,0.86,0.85234
3285,0.08048,1,-10.0,-10.0,False,20000,22009,4.152225494384766,0.0004927755299789766,0.85,0.85236
3286,0.0802,2,9.0,9.2,True,20000,22011,4.234593391418457,0.0004926196235830917,0.85,0.8524
3287,0.07992,4,7.0,7.2,True,20000,22015,3.092588424682617,0.0004924637086027411,0.85,0.85248
3288,0.07964,3,8.0,8.4,True,20000,22018,3.238267421722412,0.0004923077850693294,0.85,0.85254
3289,0.07936,2,9.0,9.2,True,20000,22020,4.046139240264893,0.0004921518530142627,0.85,0.85258
3290,0.07908,4,7.0,7.2,True,20000,22024,3.549795389175415,0.0004919959124689488,0.85,0.85266
3291,0.0788,2,9.0,9.2,True,20000,22026,3.2443809509277344,0.0004918399634647974,0.85,0.8527
3292,0.07852,5,6.0,6.8,True,20000,22031,3.4288454055786133,0.00049168400603322,0.86,0.8528
3293,0.07824,2,9.0,9.2,True,20000,22033,3.4208476543426514,0.0004915280402056294,0.86,0.85284
3294,0.07796,2,9.0,9.2,True,20000,22035,3.992877721786499,0.0004913720660134405,0.86,0.8528800000000001
3295,0.07768,4,7.0,7.6,True,20000,22039,3.4716649055480957,0.0004912160834880695,0.86,0.8529599999999999
3296,0.0774,6,5.0,5.6,True,20000,22045,4.270524501800537,0.0004910600926609346,0.86,0.8530800000000001
3297,0.07712,4,7.0,7.6,True,20000,22049,4.1343607902526855,0.0004909040935634555,0.86,0.8531599999999999
3298,0.07684,1,-10.0,-10.0,False,20000,22050,4.461057662963867,0.0004907480862270538,0.85,0.85318
3299,0.07656,1,10.0,10.0,True,20000,22051,3.2914066314697266,0.0004905920706831523,0.85,0.8532
3300,0.07628,4,7.0,7.6,True,20000,22055,3.6409528255462646,0.0004904360469631758,0.85,0.85328
3301,0.076,6,5.0,5.6,True,20000,22061,3.8930368423461914,0.0004902800150985507,0.85,0.8534
3302,0.07572,2,9.0,9.2,True,20000,22063,3.9596688747406006,0.0004901239751207051,0.85,0.85344
3303,0.07544,1,10.0,10.0,True,20000,22064,3.281067371368408,0.0004899679270610685,0.86,0.85346
3304,0.07516,4,7.0,7.6,True,20000,22068,3.219006061553955,0.0004898118709510725,0.86,0.85354
3305,0.07488,1,10.0,10.0,True,20000,22069,2.849522113800049,0.0004896558068221495,0.87,0.85356
3306,0.0746,17,-6.0,-5.6,True,20000,22086,3.903937339782715,0.0004894997347057344,0.87,0.8539
3307,0.07432,6,5.0,5.6,True,20000,22092,3.5494284629821777,0.0004893436546332631,0.87,0.85402
3308,0.07404,2,9.0,9.2,True,20000,22094,3.8323159217834473,0.0004891875666361735,0.87,0.85406
3309,0.07376,1,10.0,10.0,True,20000,22095,3.4097132682800293,0.0004890314707459049,0.87,0.85408
3310,0.07348,5,6.0,6.4,True,20000,22100,4.171769142150879,0.0004888753669938981,0.87,0.8541799999999999
3311,0.0732,2,9.0,9.2,True,20000,22102,3.939603567123413,0.0004887192554115956,0.87,0.85422
3312,0.07292,2,9.0,9.2,True,20000,22104,3.0978119373321533,0.0004885631360304417,0.87,0.85426
3313,0.07264,6,5.0,5.2,True,20000,22110,2.810183525085449,0.0004884070088818817,0.87,0.8543799999999999
3314,0.07236,41,-30.0,-29.6,True,20000,22151,4.018811225891113,0.0004882508739973629,0.87,0.8552
3315,0.07208,1,10.0,10.0,True,20000,22152,4.203345775604248,0.0004880947314083344,0.87,0.8552200000000001
3316,0.0718,1,10.0,10.0,True,20000,22153,2.911282777786255,0.0004879385811462461,0.87,0.85524
3317,0.07152,2,9.0,9.2,True,20000,22155,3.8113598823547363,0.00048778242324255003,0.87,0.85528
3318,0.07124,3,8.0,8.4,True,20000,22158,3.9470601081848145,0.00048762625772869956,0.87,0.85534
3319,0.07096,1,10.0,10.0,True,20000,22159,3.702394485473633,0.0004874700846361497,0.87,0.85536
3320,0.07068,1,-10.0,-10.0,False,20000,22160,4.422457218170166,0.00048731390399635684,0.87,0.85538
3321,0.0704,3,8.0,8.4,True,20000,22163,3.200961112976074,0.00048715771584077896,0.87,0.85544
3322,0.07012,2,9.0,9.2,True,20000,22165,3.811082124710083,0.00048700152020087563,0.87,0.85548
3323,0.06984,1,10.0,10.0,True,20000,22166,4.083273887634277,0.0004868453171081077,0.88,0.8554999999999999
3324,0.06956,4,7.0,7.6,True,20000,22170,4.020824909210205,0.00048668910659393783,0.88,0.85558
3325,0.06928,3,8.0,8.4,True,20000,22173,3.05104923248291,0.0004865328886898299,0.88,0.85564
3326,0.069,2,9.0,9.2,True,20000,22175,3.2398862838745117,0.0004863766634272496,0.88,0.85568
3327,0.06872,2,9.0,9.2,True,20000,22177,2.7815351486206055,0.0004862204308376637,0.88,0.85572
3328,0.06844,2,9.0,9.2,True,20000,22179,3.679342746734619,0.00048606419095254065,0.88,0.8557600000000001
3329,0.06816,5,6.0,6.4,True,20000,22184,3.5364341735839844,0.0004859079438033504,0.88,0.8558600000000001
3330,0.06788,3,8.0,8.4,True,20000,22187,4.123046398162842,0.00048575168942156447,0.88,0.85592
3331,0.0676,2,9.0,9.2,True,20000,22189,3.377307415008545,0.0004855954278386556,0.88,0.85596
3332,0.06732,5,6.0,6.8,True,20000,22194,3.503408432006836,0.0004854391590860979,0.88,0.85606
3333,0.06704,1,10.0,10.0,True,20000,22195,3.6803839206695557,0.00048528288319536723,0.88,0.85608
3334,0.06676,2,9.0,9.2,True,20000,22197,2.5055992603302,0.00048512660019794083,0.88,0.85612
3335,0.06648,2,9.0,9.2,True,20000,22199,4.175530433654785,0.0004849703101252973,0.88,0.85616
3336,0.0662,2,-11.0,-10.8,False,20000,22201,3.1038498878479004,0.00048481401300891656,0.87,0.8562
3337,0.06592,4,7.0,7.6,True,20000,22205,4.3068647384643555,0.0004846577088802802,0.88,0.8562799999999999
3338,0.06564,3,8.0,8.4,True,20000,22208,3.9412131309509277,0.00048450139777087085,0.89,0.85634
3339,0.06536,1,10.0,10.0,True,20000,22209,3.506909132003784,0.000484345079712173,0.89,0.85636
3340,0.06508,11,0.0,0.4,True,20000,22220,4.087706089019775,0.00048418875473567216,0.89,0.85658
3341,0.0648,1,-10.0,-10.0,False,20000,22221,4.319135665893555,0.0004840324228728554,0.88,0.8566
3342,0.06452,1,10.0,10.0,True,20000,22222,4.067619800567627,0.00048387608415521123,0.88,0.8566199999999999
3343,0.06424,1,-10.0,-10.0,False,20000,22223,4.528444290161133,0.0004837197386142294,0.87,0.8566400000000001
3344,0.06396,2,9.0,9.2,True,20000,22225,2.941441535949707,0.00048356338628140113,0.87,0.85668
3345,0.06368,1,10.0,10.0,True,20000,22226,3.4172544479370117,0.00048340702718821906,0.87,0.8567
3346,0.0634,1,10.0,10.0,True,20000,22227,3.7569916248321533,0.000483250661366177,0.88,0.8567199999999999
3347,0.06312,1,10.0,10.0,True,20000,22228,4.349347114562988,0.00048309428884677033,0.88,0.8567400000000001
3348,0.06284,8,3.0,3.2,True,20000,22236,3.6656503677368164,0.00048293790966149567,0.88,0.8569
3349,0.06256,2,9.0,9.2,True,20000,22238,4.948847770690918,0.00048278152384185086,0.88,0.85694
3350,0.06228,4,7.0,7.2,True,20000,22242,3.6612977981567383,0.00048262513141933536,0.88,0.85702
3351,0.062,3,-12.0,-11.6,False,20000,22245,3.836678981781006,0.00048246873242544967,0.87,0.8570800000000001
3352,0.06172,1,10.0,10.0,True,20000,22246,4.304383754730225,0.0004823123268916959,0.87,0.8571
3353,0.06144,5,6.0,6.4,True,20000,22251,3.9612245559692383,0.0004821559148495773,0.87,0.8572
3354,0.06116,1,10.0,10.0,True,20000,22252,3.8305630683898926,0.00048199949633059836,0.87,0.85722
3355,0.06088,4,7.0,7.6,True,20000,22256,3.226428508758545,0.0004818430713662651,0.88,0.8573
3356,0.0606,2,9.0,9.2,True,20000,22258,4.0955281257629395,0.0004816866399880846,0.88,0.85734
3357,0.06032,4,7.0,7.6,True,20000,22262,3.4303274154663086,0.00048153020222756546,0.88,0.85742
3358,0.06004,4,7.0,7.6,True,20000,22266,4.071252346038818,0.0004813737581162173,0.88,0.8574999999999999
3359,0.05976,2,9.0,9.2,True,20000,22268,3.102856159210205,0.0004812173076855514,0.88,0.85754
3360,0.05948,2,9.0,9.2,True,20000,22270,3.6377806663513184,0.00048106085096707985,0.88,0.85758
3361,0.0592,1,10.0,10.0,True,20000,22271,3.71325421333313,0.0004809043879923164,0.88,0.8576
3362,0.05892,4,7.0,7.6,True,20000,22275,3.212265968322754,0.00048074791879277565,0.88,0.85768
3363,0.05864,1,10.0,10.0,True,20000,22276,3.268481731414795,0.000480591443399974,0.88,0.8577
3364,0.05836,1,10.0,10.0,True,20000,22277,3.715883731842041,0.00048043496184542884,0.88,0.85772
3365,0.05808,1,10.0,10.0,True,20000,22278,3.9132466316223145,0.00048027847416065843,0.88,0.85774
3366,0.0578,4,7.0,7.6,True,20000,22282,3.8223891258239746,0.00048012198037718283,0.88,0.85782
3367,0.05752,1,10.0,10.0,True,20000,22283,4.5693559646606445,0.00047996548052652304,0.88,0.8578399999999999
3368,0.05724,2,9.0,9.2,True,20000,22285,3.806091785430908,0.00047980897464020136,0.89,0.85788
3369,0.05696,1,-10.0,-10.0,False,20000,22286,3.625821590423584,0.0004796524627497412,0.89,0.8579
3370,0.05668,2,9.0,9.2,True,20000,22288,3.8944010734558105,0.0004794959448866675,0.89,0.8579399999999999
3371,0.0564,5,6.0,6.4,True,20000,22293,3.8099660873413086,0.00047933942108250584,0.89,0.8580399999999999
3372,0.05612,2,9.0,9.2,True,20000,22295,3.3344593048095703,0.0004791828913687834,0.89,0.85808
3373,0.05584,5,6.0,6.8,True,20000,22300,3.150573492050171,0.0004790263557770286,0.89,0.85818
3374,0.05556,6,5.0,5.6,True,20000,22306,3.9543168544769287,0.000478869814338771,0.9,0.8583000000000001
3375,0.05528,6,5.0,5.6,True,20000,22312,3.2672793865203857,0.0004787132670855411,0.9,0.85842
3376,0.055,4,7.0,7.6,True,20000,22316,3.2345786094665527,0.00047855671404887064,0.9,0.8585
3377,0.05472,3,8.0,8.4,True,20000,22319,3.438694953918457,0.0004784001552602927,0.9,0.85856
3378,0.05444,2,9.0,9.2,True,20000,22321,4.805529594421387,0.0004782435907513415,0.9,0.8586
3379,0.05416,3,-12.0,-11.6,False,20000,22324,3.848660945892334,0.0004780870205535523,0.89,0.85866
3380,0.05388,6,5.0,5.6,True,20000,22330,3.8123109340667725,0.0004779304446984615,0.89,0.8587800000000001
3381,0.0536,1,10.0,10.0,True,20000,22331,3.0660784244537354,0.0004777738632176068,0.89,0.8588
3382,0.05332,1,10.0,10.0,True,20000,22332,3.3338027000427246,0.00047761727614252666,0.89,0.85882
3383,0.05304,2,9.0,9.2,True,20000,22334,3.0014431476593018,0.0004774606835047612,0.9,0.85886
3384,0.05276,2,9.0,9.2,True,20000,22336,4.167720794677734,0.0004773040853358513,0.91,0.8589
3385,0.05248,1,-10.0,-10.0,False,20000,22337,2.8428099155426025,0.00047714748166733897,0.91,0.85892
3386,0.0522,3,8.0,8.4,True,20000,22340,3.897916078567505,0.00047699087253076747,0.91,0.8589800000000001
3387,0.05192,3,8.0,8.4,True,20000,22343,3.7548210620880127,0.0004768342579576812,0.91,0.85904
3388,0.05164,3,8.0,8.4,True,20000,22346,3.4162333011627197,0.00047667763797962524,0.91,0.8591
3389,0.05136,2,9.0,9.2,True,20000,22348,3.673046827316284,0.0004765210126281463,0.91,0.85914
3390,0.05108,2,9.0,9.2,True,20000,22350,3.441267251968384,0.0004763643819347919,0.91,0.85918
3391,0.0508,3,8.0,8.4,True,20000,22353,3.318657875061035,0.0004762077459311106,0.91,0.85924
3392,0.05052,7,4.0,4.8,True,20000,22360,3.0104916095733643,0.0004760511046486523,0.91,0.85938
3393,0.05024,4,7.0,7.6,True,20000,22364,3.123243570327759,0.00047589445811896744,0.91,0.85946
3394,0.04996,2,9.0,9.2,True,20000,22366,3.8353235721588135,0.0004757378063736081,0.91,0.8595
3395,0.04968,3,8.0,8.4,True,20000,22369,3.2529256343841553,0.00047558114944412703,0.91,0.85956
3396,0.0494,1,-10.0,-10.0,False,20000,22370,3.1368966102600098,0.0004754244873620782,0.9,0.85958
3397,0.04912,3,8.0,8.4,True,20000,22373,3.6589581966400146,0.0004752678201590166,0.9,0.85964
3398,0.04884,11,0.0,0.4,True,20000,22384,4.637002944946289,0.00047511114786649814,0.91,0.85986
3399,0.04856,1,10.0,10.0,True,20000,22385,3.6692216396331787,0.0004749544705160799,0.91,0.85988
3400,0.04828,3,8.0,8.4,True,20000,22388,3.6507530212402344,0.00047479778813931976,0.91,0.8599399999999999
3401,0.048,2,9.0,9.2,True,20000,22390,3.4635844230651855,0.0004746411007677769,0.91,0.85998
3402,0.04772,6,5.0,5.6,True,20000,22396,3.3202407360076904,0.0004744844084330114,0.91,0.8601000000000001
3403,0.04744,1,10.0,10.0,True,20000,22397,3.4794366359710693,0.00047432771116658425,0.91,0.86012
3404,0.04716,3,8.0,8.4,True,20000,22400,3.3959109783172607,0.00047417100900005744,0.91,0.86018
3405,0.04688,1,10.0,10.0,True,20000,22401,3.2804243564605713,0.000474014301964994,0.91,0.8602000000000001
3406,0.0466,2,-11.0,-11.2,False,20000,22403,3.342351198196411,0.00047385759009295795,0.9,0.86024
3407,0.04632,2,9.0,9.2,True,20000,22405,3.748716354370117,0.0004737008734155143,0.9,0.8602799999999999
3408,0.04604,3,8.0,8.4,True,20000,22408,3.3966636657714844,0.0004735441519642291,0.9,0.86034
3409,0.04576,1,-10.0,-10.0,False,20000,22409,2.8344907760620117,0.0004733874257706693,0.89,0.86036
3410,0.04548,2,9.0,9.2,True,20000,22411,3.4568395614624023,0.0004732306948664023,0.89,0.8604
3411,0.0452,1,10.0,10.0,True,20000,22412,3.059948682785034,0.0004730739592829974,0.89,0.86042
3412,0.04492,3,8.0,8.4,True,20000,22415,4.230978965759277,0.00047291721905202424,0.89,0.8604799999999999
3413,0.04464,2,9.0,9.2,True,20000,22417,3.897658109664917,0.0004727604742050535,0.89,0.86052
3414,0.04436,1,10.0,10.0,True,20000,22418,2.7719318866729736,0.0004726037247736568,0.89,0.86054
3415,0.04408,2,9.0,9.2,True,20000,22420,2.8795082569122314,0.0004724469707894066,0.89,0.8605799999999999
3416,0.0438,2,9.0,9.2,True,20000,22422,4.095401287078857,0.00047229021228387656,0.89,0.86062
3417,0.04352,3,8.0,8.4,True,20000,22425,4.1092305183410645,0.00047213344928864087,0.89,0.86068
3418,0.04324,4,7.0,7.6,True,20000,22429,4.305240154266357,0.0004719766818352748,0.89,0.86076
3419,0.04296,2,9.0,9.2,True,20000,22431,3.6949362754821777,0.00047181990995535467,0.89,0.8608
3420,0.04268,12,-21.0,-20.4,False,20000,22443,3.692504644393921,0.0004716631336804576,0.89,0.86104
3421,0.0424,2,9.0,9.2,True,20000,22445,3.4906320571899414,0.0004715063530421613,0.89,0.86108
3422,0.04212,3,8.0,8.4,True,20000,22448,3.29299259185791,0.0004713495680720448,0.89,0.86114
3423,0.04184,3,8.0,8.4,True,20000,22451,3.4372901916503906,0.0004711927788016877,0.89,0.8612
3424,0.04156,2,9.0,9.2,True,20000,22453,3.344499111175537,0.00047103598526267057,0.89,0.86124
3425,0.04128,2,-11.0,-10.8,False,20000,22455,3.7245588302612305,0.000470879187486575,0.88,0.86128
3426,0.041,45,-45.0,-45.2,False,20000,22500,3.5844016075134277,0.000470722385504983,0.87,0.86218
3427,0.04072,3,8.0,8.4,True,20000,22503,3.167051315307617,0.00047056557934947794,0.87,0.86224
3428,0.04044,1,10.0,10.0,True,20000,22504,2.910430431365967,0.0004704087690516437,0.87,0.86226
3429,0.04016,3,8.0,8.4,True,20000,22507,3.768756151199341,0.0004702519546430651,0.87,0.86232
3430,0.03988,3,8.0,8.4,True,20000,22510,3.2607245445251465,0.00047009513615532786,0.87,0.8623799999999999
3431,0.0396,2,9.0,9.2,True,20000,22512,3.459756374359131,0.0004699383136200184,0.87,0.86242
3432,0.03932,4,7.0,7.2,True,20000,22516,3.355849504470825,0.00046978148706872385,0.87,0.8625
3433,0.03904,3,8.0,8.4,True,20000,22519,3.464167594909668,0.00046962465653303234,0.87,0.86256
3434,0.03876,4,7.0,7.6,True,20000,22523,3.2768375873565674,0.00046946782204453286,0.87,0.8626400000000001
3435,0.03848,2,9.0,9.2,True,20000,22525,3.1311392784118652,0.000469310983634815,0.87,0.86268
3436,0.0382,4,7.0,7.6,True,20000,22529,3.606196403503418,0.00046915414133546937,0.88,0.86276
3437,0.03792,3,8.0,8.4,True,20000,22532,4.454195022583008,0.000468997295178087,0.88,0.8628199999999999
3438,0.03764,1,10.0,10.0,True,20000,22533,3.602579355239868,0.0004688404451942601,0.88,0.86284
3439,0.03736,6,5.0,5.6,True,20000,22539,3.613464117050171,0.00046868359141558134,0.88,0.86296
3440,0.03708,3,8.0,8.0,True,20000,22542,3.6476595401763916,0.0004685267338736444,0.88,0.86302
3441,0.0368,4,7.0,7.2,True,20000,22546,3.920276641845703,0.00046836987260004355,0.89,0.8631
3442,0.03652,2,9.0,9.2,True,20000,22548,3.0307631492614746,0.00046821300762637396,0.89,0.86314
3443,0.03624,3,8.0,8.4,True,20000,22551,4.084570407867432,0.0004680561389842313,0.9,0.8632
3444,0.03596,2,9.0,9.2,True,20000,22553,4.709270000457764,0.00046789926670521225,0.9,0.86324
3445,0.03568,1,10.0,10.0,True,20000,22554,3.019537925720215,0.000467742390820914,0.9,0.86326
3446,0.0354,2,9.0,9.2,True,20000,22556,3.5102882385253906,0.00046758551136293454,0.9,0.8633
3447,0.03512,2,9.0,9.2,True,20000,22558,3.831420660018921,0.00046742862836287284,0.9,0.86334
3448,0.03484,4,7.0,7.6,True,20000,22562,3.608163595199585,0.00046727174185232805,0.9,0.86342
3449,0.03456,5,6.0,6.4,True,20000,22567,5.4427642822265625,0.0004671148518629005,0.9,0.86352
3450,0.03428,1,10.0,10.0,True,20000,22568,2.474398374557495,0.000466957958426191,0.9,0.86354
3451,0.034,3,8.0,8.4,True,20000,22571,3.352720022201538,0.00046680106157380116,0.91,0.8635999999999999
3452,0.03372,1,10.0,10.0,True,20000,22572,4.363858222961426,0.0004666441613373331,0.91,0.86362
3453,0.03344,4,7.0,7.6,True,20000,22576,3.5835375785827637,0.00046648725774839004,0.91,0.8637
3454,0.03316,2,9.0,9.2,True,20000,22578,3.0792388916015625,0.0004663303508385753,0.91,0.86374
3455,0.03288,1,10.0,10.0,True,20000,22579,3.7658326625823975,0.00046617344063949306,0.91,0.8637600000000001
3456,0.0326,4,7.0,7.6,True,20000,22583,3.5458385944366455,0.00046601652718274855,0.91,0.8638399999999999
3457,0.03232,1,10.0,10.0,True,20000,22584,3.356707811355591,0.00046585961049994714,0.91,0.8638600000000001
3458,0.03204,1,10.0,10.0,True,20000,22585,3.052605628967285,0.0004657026906226953,0.91,0.86388
3459,0.03176,2,9.0,9.2,True,20000,22587,5.563028812408447,0.0004655457675825995,0.91,0.86392
3460,0.03148,2,9.0,9.2,True,20000,22589,3.7558937072753906,0.00046538884141126766,0.91,0.8639600000000001
3461,0.0312,1,10.0,10.0,True,20000,22590,3.8636324405670166,0.00046523191214030776,0.91,0.86398
3462,0.03092,2,9.0,9.2,True,20000,22592,3.4923198223114014,0.00046507497980132856,0.91,0.86402
3463,0.03064,2,9.0,9.2,True,20000,22594,3.4908862113952637,0.00046491804442593947,0.91,0.86406
3464,0.03036,1,10.0,10.0,True,20000,22595,4.091721534729004,0.00046476110604575053,0.91,0.86408
3465,0.03008,3,8.0,8.4,True,20000,22598,3.5666773319244385,0.00046460416469237223,0.91,0.8641399999999999
3466,0.0298,1,10.0,10.0,True,20000,22599,3.24141526222229,0.0004644472203974159,0.91,0.86416
3467,0.02952,1,10.0,10.0,True,20000,22600,3.2888753414154053,0.00046429027319249333,0.91,0.86418
3468,0.02924,2,9.0,9.2,True,20000,22602,4.185981750488281,0.00046413332310921683,0.91,0.86422
3469,0.02896,1,-10.0,-10.0,False,20000,22603,3.3648154735565186,0.00046397637017919947,0.91,0.86424
3470,0.02868,1,10.0,10.0,True,20000,22604,3.1801583766937256,0.0004638194144340547,0.91,0.86426
3471,0.0284,1,10.0,10.0,True,20000,22605,3.7064220905303955,0.00046366245590539654,0.91,0.86428
3472,0.02812,3,8.0,8.4,True,20000,22608,2.7142581939697266,0.0004635054946248398,0.91,0.86434
3473,0.02784,1,10.0,10.0,True,20000,22609,3.6933860778808594,0.0004633485306239996,0.91,0.86436
3474,0.02756,11,0.0,0.0,True,20000,22620,3.158770799636841,0.00046319156393449183,0.91,0.86458
3475,0.02728,1,10.0,10.0,True,20000,22621,3.3987388610839844,0.00046303459458793273,0.91,0.8646
3476,0.027,2,-11.0,-10.8,False,20000,22623,3.581252098083496,0.0004628776226159391,0.9,0.86464
3477,0.02672,1,10.0,10.0,True,20000,22624,5.269637584686279,0.00046272064805012844,0.9,0.86466
3478,0.02644,2,9.0,9.2,True,20000,22626,3.0476832389831543,0.00046256367092211846,0.9,0.8647
3479,0.02616,1,10.0,10.0,True,20000,22627,4.006158828735352,0.00046240669126352776,0.91,0.8647199999999999
3480,0.02588,10,1.0,1.6,True,20000,22637,2.8799891471862793,0.00046224970910597514,0.91,0.86492
3481,0.0256,1,10.0,10.0,True,20000,22638,3.9556190967559814,0.00046209272448108005,0.91,0.86494
3482,0.02532,2,9.0,9.2,True,20000,22640,4.195950031280518,0.00046193573742046233,0.91,0.8649800000000001
3483,0.02504,6,5.0,6.0,True,20000,22646,4.066779136657715,0.0004617787479557426,0.91,0.8651
3484,0.02476,1,10.0,10.0,True,20000,22647,3.1620635986328125,0.00046162175611854153,0.91,0.86512
3485,0.02448,3,8.0,8.4,True,20000,22650,3.2974421977996826,0.0004614647619404806,0.92,0.8651800000000001
3486,0.0242,5,6.0,6.8,True,20000,22655,3.211695671081543,0.0004613077654531818,0.92,0.86528
3487,0.02392,4,7.0,7.6,True,20000,22659,2.923696994781494,0.0004611507666882672,0.92,0.8653599999999999
3488,0.02364,18,-7.0,-6.4,True,20000,22677,3.2663474082946777,0.00046099376567735955,0.92,0.86572
3489,0.02336,35,-44.0,-43.6,False,20000,22712,3.996352195739746,0.00046083676245208227,0.91,0.86642
3490,0.02308,1,-10.0,-10.0,False,20000,22713,2.4795682430267334,0.000460679757044059,0.9,0.86644
3491,0.0228,4,7.0,7.6,True,20000,22717,3.6183416843414307,0.00046052274948491374,0.9,0.86652
3492,0.02252,1,10.0,10.0,True,20000,22718,2.7673211097717285,0.0004603657398062711,0.9,0.86654
3493,0.02224,3,8.0,8.4,True,20000,22721,3.1151034832000732,0.00046020872803975596,0.9,0.8666
3494,0.02196,3,8.0,8.4,True,20000,22724,3.4516124725341797,0.0004600517142169938,0.9,0.86666
3495,0.02168,2,9.0,9.2,True,20000,22726,3.2148728370666504,0.0004598946983696104,0.9,0.8667
3496,0.0214,5,6.0,6.8,True,20000,22731,3.468869686126709,0.00045973768052923186,0.91,0.8668
3497,0.02112,2,9.0,9.2,True,20000,22733,3.110851526260376,0.00045958066072748505,0.91,0.86684
3498,0.02084,5,6.0,6.8,True,20000,22738,3.9307069778442383,0.0004594236389959967,0.91,0.86694
3499,0.02056,2,9.0,9.2,True,20000,22740,3.5922019481658936,0.00045926661536639435,0.91,0.86698
3500,0.02028,45,-45.0,-45.6,False,20000,22785,3.916977882385254,0.0004591095898703057,0.9,0.86788
3501,0.02,4,-13.0,-12.8,False,20000,22789,3.7996206283569336,0.00045895256253935895,0.89,0.8679600000000001
3502,0.02,3,8.0,8.4,True,20000,22792,4.107531547546387,0.00045879553340518283,0.89,0.86802
3503,0.02,3,8.0,8.4,True,20000,22795,4.0099592208862305,0.0004586385024994058,0.89,0.86808
3504,0.02,4,7.0,7.6,True,20000,22799,3.414142608642578,0.0004584814698536574,0.89,0.86816
3505,0.02,2,9.0,9.2,True,20000,22801,2.7544052600860596,0.00045832443549956704,0.89,0.8682
3506,0.02,8,3.0,3.6,True,20000,22809,3.1537275314331055,0.0004581673994687649,0.9,0.86836
3507,0.02,2,9.0,9.2,True,20000,22811,3.5097384452819824,0.0004580103617928811,0.9,0.8684
3508,0.02,8,3.0,3.6,True,20000,22819,3.695305109024048,0.0004578533225035463,0.9,0.86856
3509,0.02,1,10.0,10.0,True,20000,22820,3.040506601333618,0.00045769628163239135,0.91,0.86858
3510,0.02,13,-2.0,-1.2,True,20000,22833,2.5211052894592285,0.00045753923921104753,0.91,0.8688400000000001
3511,0.02,3,8.0,8.4,True,20000,22836,3.986825466156006,0.00045738219527114647,0.91,0.8689
3512,0.02,3,8.0,8.0,True,20000,22839,3.4577219486236572,0.00045722514984431996,0.91,0.86896
3513,0.02,5,6.0,6.4,True,20000,22844,3.244685173034668,0.00045706810296220027,0.91,0.86906
3514,0.02,1,10.0,10.0,True,20000,22845,3.5329208374023438,0.0004569110546564197,0.91,0.8690800000000001
3515,0.02,1,-10.0,-10.0,False,20000,22846,3.0388567447662354,0.000456754004958611,0.9,0.8691
3516,0.02,35,-24.0,-23.6,True,20000,22881,3.3050663471221924,0.00045659695390040737,0.9,0.8698
3517,0.02,2,-11.0,-10.8,False,20000,22883,2.8757166862487793,0.00045643990151344197,0.89,0.86984
3518,0.02,2,9.0,9.2,True,20000,22885,3.599224090576172,0.0004562828478293484,0.89,0.86988
3519,0.02,5,6.0,6.4,True,20000,22890,3.158223867416382,0.0004561257928797607,0.89,0.86998
3520,0.02,2,9.0,9.2,True,20000,22892,2.9229612350463867,0.0004559687366963127,0.9,0.87002
3521,0.02,3,8.0,8.0,True,20000,22895,2.9170970916748047,0.0004558116793106387,0.9,0.87008
3522,0.02,5,6.0,6.8,True,20000,22900,3.4012691974639893,0.00045565462075437347,0.9,0.87018
3523,0.02,45,-45.0,-45.2,False,20000,22945,3.4450199604034424,0.0004554975610591517,0.89,0.8710800000000001
3524,0.02,5,6.0,6.8,True,20000,22950,3.836686611175537,0.00045534050025660853,0.89,0.8711800000000001
3525,0.02,1,10.0,10.0,True,20000,22951,3.1473870277404785,0.00045518343837837907,0.9,0.8712
3526,0.02,2,9.0,9.2,True,20000,22953,3.1113152503967285,0.0004550263754560989,0.91,0.87124
3527,0.02,2,9.0,9.2,True,20000,22955,3.3094425201416016,0.0004548693115214037,0.91,0.87128
3528,0.02,3,-12.0,-12.0,False,20000,22958,2.9411730766296387,0.00045471224660592933,0.9,0.87134
3529,0.02,45,-45.0,-45.2,False,20000,23003,3.8712711334228516,0.000454555180741312,0.89,0.87224
3530,0.02,3,-12.0,-11.6,False,20000,23006,3.282052755355835,0.00045439811395918785,0.88,0.8723000000000001
3531,0.02,2,9.0,9.2,True,20000,23008,3.665626049041748,0.00045424104629119346,0.88,0.87234
3532,0.02,3,-12.0,-11.6,False,20000,23011,3.7343976497650146,0.0004540839777689654,0.87,0.8724000000000001
3533,0.02,2,9.0,9.2,True,20000,23013,3.6358790397644043,0.00045392690842414044,0.87,0.87244
3534,0.02,2,9.0,9.2,True,20000,23015,3.201932668685913,0.0004537698382883557,0.87,0.8724799999999999
3535,0.02,5,6.0,6.4,True,20000,23020,3.193563938140869,0.0004536127673932484,0.87,0.8725799999999999
3536,0.02,3,8.0,8.4,True,20000,23023,4.113929748535156,0.00045345569577045553,0.87,0.87264
3537,0.02,3,8.0,8.4,True,20000,23026,3.5809903144836426,0.00045329862345161475,0.87,0.8727
3538,0.02,2,9.0,9.2,True,20000,23028,3.831343412399292,0.00045314155046836355,0.87,0.8727400000000001
3539,0.02,3,8.0,8.4,True,20000,23031,3.593217134475708,0.00045298447685233976,0.87,0.8728
3540,0.02,3,8.0,8.4,True,20000,23034,2.989624500274658,0.00045282740263518116,0.87,0.87286
3541,0.02,1,10.0,10.0,True,20000,23035,2.6903257369995117,0.00045267032784852585,0.87,0.87288
3542,0.02,3,8.0,8.4,True,20000,23038,4.245026588439941,0.00045251325252401167,0.87,0.87294
3543,0.02,1,10.0,10.0,True,20000,23039,5.323100566864014,0.0004523561766932769,0.87,0.87296
3544,0.02,1,10.0,10.0,True,20000,23040,3.0153677463531494,0.0004521991003879599,0.87,0.87298
3545,0.02,19,-8.0,-7.6,True,20000,23059,3.0705580711364746,0.0004520420236396989,0.87,0.87336
3546,0.02,5,6.0,6.4,True,20000,23064,3.3790555000305176,0.00045188494648013277,0.87,0.87346
3547,0.02,1,-10.0,-10.0,False,20000,23065,2.791445016860962,0.00045172786894089956,0.86,0.87348
3548,0.02,2,-11.0,-10.8,False,20000,23067,3.3939085006713867,0.00045157079105363805,0.85,0.8735200000000001
3549,0.02,3,8.0,8.4,True,20000,23070,3.510620594024658,0.00045141371284998716,0.85,0.87358
3550,0.02,4,7.0,7.6,True,20000,23074,3.9868037700653076,0.0004512566343615855,0.85,0.87366
3551,0.02,4,7.0,7.6,True,20000,23078,2.812943458557129,0.00045109955562007187,0.85,0.87374
3552,0.02,45,-45.0,-44.8,False,20000,23123,3.0169436931610107,0.00045094247665708535,0.84,0.8746400000000001
3553,0.02,1,-10.0,-10.0,False,20000,23124,3.6081581115722656,0.0004507853975042647,0.83,0.87466
3554,0.02,2,9.0,9.2,True,20000,23126,3.2839455604553223,0.0004506283181932488,0.83,0.8747
3555,0.02,6,5.0,5.6,True,20000,23132,2.762200355529785,0.0004504712387556768,0.83,0.8748199999999999
3556,0.02,2,9.0,9.2,True,20000,23134,2.655020236968994,0.00045031415922318764,0.83,0.87486
3557,0.02,2,9.0,9.2,True,20000,23136,3.0115721225738525,0.0004501570796274204,0.83,0.8749
3558,0.02,2,9.0,9.2,True,20000,23138,2.726609230041504,0.00045000000000001403,0.83,0.87494
3559,0.02,3,8.0,8.4,True,20000,23141,3.2749276161193848,0.0004498429203726077,0.83,0.875
3560,0.02,3,8.0,8.4,True,20000,23144,2.8724217414855957,0.0004496858407768404,0.83,0.87506
3561,0.02,3,8.0,8.4,True,20000,23147,2.6044139862060547,0.0004495287612443513,0.83,0.87512
3562,0.02,2,9.0,9.2,True,20000,23149,3.676429510116577,0.0004493716818067793,0.83,0.87516
3563,0.02,3,8.0,8.4,True,20000,23152,4.667908191680908,0.0004492146024957635,0.83,0.87522
3564,0.02,2,9.0,9.2,True,20000,23154,2.3883771896362305,0.0004490575233429427,0.83,0.87526
3565,0.02,4,7.0,7.2,True,20000,23158,3.6176059246063232,0.00044890044437995613,0.83,0.87534
3566,0.02,2,9.0,9.2,True,20000,23160,2.412308931350708,0.0004487433656384426,0.83,0.87538
3567,0.02,2,9.0,9.2,True,20000,23162,3.1594834327697754,0.00044858628715004095,0.83,0.87542
3568,0.02,1,10.0,10.0,True,20000,23163,3.742769479751587,0.0004484292089463901,0.83,0.87544
3569,0.02,2,9.0,9.2,True,20000,23165,3.3998360633850098,0.0004482721310591287,0.84,0.87548
3570,0.02,5,6.0,6.8,True,20000,23170,2.4022276401519775,0.00044811505351989556,0.84,0.87558
3571,0.02,4,7.0,7.6,True,20000,23174,3.118079662322998,0.00044795797636032925,0.84,0.87566
3572,0.02,1,10.0,10.0,True,20000,23175,3.0502185821533203,0.0004478008996120683,0.84,0.87568
3573,0.02,30,-19.0,-18.4,True,20000,23205,2.979837417602539,0.0004476438233067513,0.84,0.87628
3574,0.02,1,-10.0,-10.0,False,20000,23206,3.612032413482666,0.0004474867474760166,0.83,0.8763
3575,0.02,4,7.0,7.6,True,20000,23210,3.838341474533081,0.0004473296721515024,0.83,0.87638
3576,0.02,4,7.0,7.6,True,20000,23214,3.5783956050872803,0.00044717259736484695,0.84,0.87646
3577,0.02,2,9.0,9.2,True,20000,23216,3.7718324661254883,0.00044701552314768835,0.84,0.8765000000000001
3578,0.02,1,-10.0,-10.0,False,20000,23217,4.851528167724609,0.00044685844953166456,0.83,0.87652
3579,0.02,3,8.0,8.4,True,20000,23220,3.3119938373565674,0.00044670137654841347,0.83,0.87658
3580,0.02,2,9.0,9.2,True,20000,23222,4.0268964767456055,0.0004465443042295727,0.83,0.87662
3581,0.02,4,7.0,7.6,True,20000,23226,4.108504772186279,0.0004463872326067799,0.83,0.8767
3582,0.02,25,-14.0,-13.6,True,20000,23251,3.398556709289551,0.00044623016171167247,0.83,0.8772
3583,0.02,2,9.0,9.2,True,20000,23253,3.3399813175201416,0.0004460730915758877,0.83,0.87724
3584,0.02,1,10.0,10.0,True,20000,23254,4.205902099609375,0.00044591602223106283,0.83,0.8772599999999999
3585,0.02,3,8.0,8.4,True,20000,23257,3.0042190551757812,0.0004457589537088348,0.83,0.87732
3586,0.02,1,10.0,10.0,True,20000,23258,4.220388889312744,0.00044560188604084037,0.83,0.87734
3587,0.02,4,7.0,7.6,True,20000,23262,3.635099411010742,0.00044544481925871623,0.83,0.87742
3588,0.02,1,10.0,10.0,True,20000,23263,3.0549957752227783,0.00044528775339409884,0.83,0.87744
3589,0.02,2,-11.0,-10.8,False,20000,23265,3.7869575023651123,0.0004451306884786245,0.83,0.87748
3590,0.02,4,7.0,7.6,True,20000,23269,3.3475606441497803,0.00044497362454392936,0.84,0.87756
3591,0.02,2,9.0,9.2,True,20000,23271,2.8067097663879395,0.0004448165616216492,0.84,0.8776
3592,0.02,3,8.0,8.4,True,20000,23274,4.841137886047363,0.00044465949974341974,0.84,0.87766
3593,0.02,1,10.0,10.0,True,20000,23275,3.3373937606811523,0.0004445024389408764,0.84,0.87768
3594,0.02,6,5.0,5.6,True,20000,23281,3.5045440196990967,0.00044434537924565464,0.84,0.8778
3595,0.02,4,7.0,7.6,True,20000,23285,3.1908628940582275,0.00044418832068938936,0.84,0.87788
3596,0.02,1,10.0,10.0,True,20000,23286,3.177917242050171,0.00044403126330371553,0.84,0.8779
3597,0.02,5,6.0,6.8,True,20000,23291,3.6448111534118652,0.00044387420712026747,0.84,0.878
3598,0.02,2,9.0,9.2,True,20000,23293,3.4263224601745605,0.00044371715217067964,0.84,0.8780399999999999
3599,0.02,5,6.0,6.8,True,20000,23298,3.8041787147521973,0.00044356009848658614,0.84,0.87814
3600,0.02,1,10.0,10.0,True,20000,23299,3.0517687797546387,0.0004434030460996208,0.85,0.87816
3601,0.02,2,9.0,9.2,True,20000,23301,3.3245692253112793,0.00044324599504141725,0.86,0.8782000000000001
3602,0.02,5,6.0,6.8,True,20000,23306,3.5958399772644043,0.00044308894534360863,0.86,0.8783000000000001
3603,0.02,2,9.0,9.2,True,20000,23308,2.9489104747772217,0.00044293189703782806,0.86,0.87834
3604,0.02,4,7.0,7.6,True,20000,23312,3.357403516769409,0.0004427748501557083,0.86,0.87842
3605,0.02,3,8.0,8.4,True,20000,23315,2.9882030487060547,0.00044261780472888175,0.86,0.8784799999999999
3606,0.02,4,7.0,7.6,True,20000,23319,4.442544460296631,0.00044246076078898063,0.86,0.87856
3607,0.02,45,-45.0,-45.2,False,20000,23364,4.340376377105713,0.00044230371836763687,0.85,0.87946
3608,0.02,45,-45.0,-45.2,False,20000,23409,3.026278018951416,0.00044214667749648196,0.84,0.88036
3609,0.02,28,-17.0,-16.4,True,20000,23437,3.6461172103881836,0.0004419896382071471,0.84,0.8809199999999999
3610,0.02,1,10.0,10.0,True,20000,23438,3.650786876678467,0.0004418326005312633,0.84,0.8809400000000001
3611,0.02,2,9.0,9.2,True,20000,23440,2.978351593017578,0.0004416755645004611,0.84,0.88098
3612,0.02,3,8.0,8.4,True,20000,23443,2.951294422149658,0.00044151853014637093,0.84,0.88104
3613,0.02,2,9.0,9.2,True,20000,23445,3.6342244148254395,0.00044136149750062254,0.84,0.88108
3614,0.02,1,10.0,10.0,True,20000,23446,3.0754528045654297,0.00044120446659484555,0.84,0.8811
3615,0.02,6,5.0,5.6,True,20000,23452,3.3813986778259277,0.00044104743746066927,0.85,0.88122
3616,0.02,45,-45.0,-44.8,False,20000,23497,3.0968756675720215,0.0004408904101297226,0.84,0.88212
3617,0.02,4,7.0,7.6,True,20000,23501,3.112736225128174,0.000440733384633634,0.85,0.8822
3618,0.02,1,10.0,10.0,True,20000,23502,3.6896865367889404,0.0004405763610040317,0.85,0.88222
3619,0.02,3,8.0,8.4,True,20000,23505,3.0218613147735596,0.0004404193392725434,0.85,0.88228
3620,0.02,3,8.0,8.4,True,20000,23508,2.8832669258117676,0.00044026231947079646,0.85,0.8823399999999999
3621,0.02,2,9.0,9.2,True,20000,23510,3.0834667682647705,0.000440105301630418,0.85,0.88238
3622,0.02,22,-11.0,-10.4,True,20000,23532,2.72629451751709,0.00043994828578303456,0.85,0.8828199999999999
3623,0.02,2,9.0,9.2,True,20000,23534,3.924001455307007,0.0004397912719602725,0.86,0.88286
3624,0.02,3,8.0,8.4,True,20000,23537,3.122849702835083,0.0004396342601937573,0.86,0.8829199999999999
3625,0.02,3,8.0,8.4,True,20000,23540,2.5718772411346436,0.00043947725051511464,0.86,0.8829800000000001
3626,0.02,3,8.0,8.4,True,20000,23543,3.81658935546875,0.00043932024295596935,0.86,0.88304
3627,0.02,3,8.0,8.4,True,20000,23546,3.193859577178955,0.00043916323754794606,0.86,0.8831
3628,0.02,2,9.0,9.2,True,20000,23548,2.957592248916626,0.0004390062343226688,0.87,0.88314
3629,0.02,1,10.0,10.0,True,20000,23549,3.411445140838623,0.0004388492333117613,0.88,0.88316
3630,0.02,2,9.0,9.2,True,20000,23551,3.3729052543640137,0.00043869223454684665,0.89,0.8832
3631,0.02,4,7.0,7.6,True,20000,23555,2.6161768436431885,0.00043853523805954776,0.89,0.8832800000000001
3632,0.02,5,6.0,6.4,True,20000,23560,4.003956317901611,0.00043837824388148685,0.9,0.88338
3633,0.02,2,-11.0,-10.8,False,20000,23562,2.9712038040161133,0.0004382212520442858,0.89,0.88342
3634,0.02,4,7.0,7.6,True,20000,23566,3.1064913272857666,0.00043806426257956605,0.89,0.8835
3635,0.02,34,-23.0,-22.4,True,20000,23600,3.331423759460449,0.0004379072755189484,0.89,0.88418
3636,0.02,1,10.0,10.0,True,20000,23601,3.696221113204956,0.00043775029089405325,0.89,0.8842000000000001
3637,0.02,1,10.0,10.0,True,20000,23602,2.667367935180664,0.0004375933087365006,0.89,0.88422
3638,0.02,2,9.0,9.2,True,20000,23604,3.149812698364258,0.0004374363290779098,0.89,0.88426
3639,0.02,5,6.0,6.8,True,20000,23609,3.466226100921631,0.00043727935194989983,0.89,0.88436
3640,0.02,5,6.0,6.8,True,20000,23614,2.9919097423553467,0.0004371223773840893,0.89,0.88446
3641,0.02,1,10.0,10.0,True,20000,23615,4.123490333557129,0.0004369654054120956,0.89,0.8844799999999999
3642,0.02,3,8.0,8.4,True,20000,23618,3.139857530593872,0.0004368084360655365,0.89,0.88454
3643,0.02,4,7.0,7.2,True,20000,23622,3.62015962600708,0.00043665146937602874,0.89,0.88462
3644,0.02,2,9.0,9.2,True,20000,23624,2.7924280166625977,0.0004364945053751886,0.89,0.88466
3645,0.02,6,5.0,5.6,True,20000,23630,3.123744010925293,0.0004363375440946319,0.89,0.88478
3646,0.02,2,9.0,9.2,True,20000,23632,3.2409143447875977,0.0004361805855659738,0.89,0.88482
3647,0.02,3,8.0,8.4,True,20000,23635,3.0739364624023438,0.00043602362982082896,0.9,0.88488
3648,0.02,2,9.0,9.2,True,20000,23637,3.805982828140259,0.0004358666768908115,0.91,0.88492
3649,0.02,5,6.0,6.8,True,20000,23642,3.211412191390991,0.000435709726807535,0.91,0.88502
3650,0.02,4,7.0,7.2,True,20000,23646,3.748340606689453,0.00043555277960261236,0.91,0.8851
3651,0.02,2,9.0,9.2,True,20000,23648,3.771538734436035,0.0004353958353076561,0.91,0.88514
3652,0.02,1,10.0,10.0,True,20000,23649,4.404428958892822,0.00043523889395427785,0.92,0.88516
3653,0.02,3,8.0,8.4,True,20000,23652,3.680497646331787,0.0004350819555740889,0.93,0.88522
3654,0.02,3,8.0,8.4,True,20000,23655,2.84568190574646,0.0004349250201986998,0.93,0.88528
3655,0.02,2,9.0,9.2,True,20000,23657,3.8625097274780273,0.0004347680878597206,0.93,0.88532
3656,0.02,1,10.0,10.0,True,20000,23658,3.1210825443267822,0.0004346111585887608,0.93,0.88534
3657,0.02,4,7.0,7.2,True,20000,23662,3.077871084213257,0.00043445423241742886,0.93,0.8854200000000001
3658,0.02,1,-10.0,-10.0,False,20000,23663,3.34364914894104,0.0004342973093773332,0.92,0.88544
3659,0.02,3,8.0,8.4,True,20000,23666,3.155547857284546,0.00043414038950008124,0.92,0.8855
3660,0.02,3,8.0,8.4,True,20000,23669,3.384868860244751,0.00043398347281727983,0.92,0.88556
3661,0.02,4,7.0,7.6,True,20000,23673,2.7466819286346436,0.00043382655936053527,0.92,0.88564
3662,0.02,3,8.0,8.4,True,20000,23676,3.754023551940918,0.0004336696491614532,0.92,0.8856999999999999
3663,0.02,3,8.0,8.4,True,20000,23679,2.5695276260375977,0.0004335127422516384,0.92,0.88576
3664,0.02,5,6.0,6.8,True,20000,23684,4.155501842498779,0.00043335583866269524,0.92,0.88586
3665,0.02,4,7.0,7.6,True,20000,23688,3.0898308753967285,0.0004331989384262273,0.92,0.88594
3666,0.02,4,7.0,7.6,True,20000,23692,3.2645695209503174,0.00043304204157383744,0.92,0.88602
3667,0.02,2,-11.0,-10.8,False,20000,23694,2.969259738922119,0.00043288514813712804,0.91,0.8860600000000001
3668,0.02,42,-31.0,-30.8,True,20000,23736,2.385495662689209,0.00043272825814770054,0.91,0.8869
3669,0.02,1,10.0,10.0,True,20000,23737,3.590592861175537,0.0004325713716371558,0.91,0.8869199999999999
3670,0.02,3,8.0,8.4,True,20000,23740,2.788062334060669,0.00043241448863709395,0.91,0.88698
3671,0.02,14,-3.0,-2.4,True,20000,23754,3.483715057373047,0.00043225760917911456,0.91,0.88726
3672,0.02,6,5.0,5.6,True,20000,23760,2.802203416824341,0.0004321007332948163,0.91,0.8873800000000001
3673,0.02,4,7.0,7.6,True,20000,23764,3.8308613300323486,0.00043194386101579724,0.91,0.88746
3674,0.02,2,9.0,9.2,True,20000,23766,2.9671521186828613,0.0004317869923736546,0.92,0.8875
3675,0.02,45,-34.0,-33.2,True,20000,23811,3.2437479496002197,0.0004316301273999849,0.92,0.8884
3676,0.02,17,-6.0,-5.6,True,20000,23828,3.124951124191284,0.0004314732661263841,0.92,0.88874
3677,0.02,4,7.0,7.6,True,20000,23832,3.8317551612854004,0.00043131640858444715,0.92,0.8888199999999999
3678,0.02,8,3.0,3.6,True,20000,23840,3.084580659866333,0.0004311595548057685,0.93,0.88898
3679,0.02,1,10.0,10.0,True,20000,23841,3.6243090629577637,0.0004310027048219416,0.93,0.889
3680,0.02,1,10.0,10.0,True,20000,23842,4.228255271911621,0.00043084585866455923,0.93,0.88902
3681,0.02,1,-10.0,-10.0,False,20000,23843,2.9796836376190186,0.0004306890163652135,0.92,0.88904
3682,0.02,45,-45.0,-44.8,False,20000,23888,3.2970128059387207,0.0004305321779554957,0.91,0.88994
3683,0.02,2,9.0,9.2,True,20000,23890,3.2910547256469727,0.0004303753434669961,0.91,0.88998
3684,0.02,3,8.0,8.4,True,20000,23893,3.6303088665008545,0.00043021851293130475,0.91,0.8900399999999999
3685,0.02,4,7.0,7.6,True,20000,23897,3.5181281566619873,0.0004300616863800102,0.91,0.89012
3686,0.02,6,5.0,5.6,True,20000,23903,4.278757572174072,0.0004299048638447006,0.91,0.89024
3687,0.02,2,9.0,9.2,True,20000,23905,3.9065663814544678,0.00042974804535696323,0.91,0.89028
3688,0.02,1,10.0,10.0,True,20000,23906,3.6354575157165527,0.00042959123094838466,0.91,0.8903000000000001
3689,0.02,3,8.0,8.4,True,20000,23909,3.1594443321228027,0.0004294344206505506,0.92,0.89036
3690,0.02,1,10.0,10.0,True,20000,23910,3.1098949909210205,0.00042927761449504544,0.92,0.89038
3691,0.02,5,6.0,6.4,True,20000,23915,2.8192343711853027,0.00042912081251345356,0.92,0.8904799999999999
3692,0.02,2,9.0,9.2,True,20000,23917,2.6504976749420166,0.00042896401473735787,0.92,0.89052
3693,0.02,2,9.0,9.2,True,20000,23919,2.7047626972198486,0.0004288072211983408,0.92,0.89056
3694,0.02,4,7.0,7.6,True,20000,23923,2.79120135307312,0.0004286504319279837,0.92,0.89064
3695,0.02,4,7.0,7.6,True,20000,23927,2.8852810859680176,0.0004284936469578672,0.92,0.89072
3696,0.02,5,6.0,6.8,True,20000,23932,2.5734567642211914,0.0004283368663195709,0.92,0.89082
3697,0.02,2,9.0,9.2,True,20000,23934,3.364210367202759,0.0004281800900446737,0.92,0.89086
3698,0.02,1,10.0,10.0,True,20000,23935,3.2632861137390137,0.0004280233181647536,0.92,0.89088
3699,0.02,2,9.0,9.2,True,20000,23937,3.4672296047210693,0.00042786655071138757,0.92,0.89092
3700,0.02,4,-13.0,-12.8,False,20000,23941,3.2177369594573975,0.00042770978771615193,0.91,0.891
3701,0.02,1,-10.0,-10.0,False,20000,23942,2.5798513889312744,0.00042755302921062177,0.9,0.89102
3702,0.02,2,9.0,9.2,True,20000,23944,3.044328451156616,0.0004273962752263716,0.9,0.89106
3703,0.02,2,9.0,9.2,True,20000,23946,3.444976806640625,0.0004272395257949749,0.9,0.8911
3704,0.02,1,10.0,10.0,True,20000,23947,3.8530917167663574,0.00042708278094800414,0.9,0.89112
3705,0.02,3,8.0,8.4,True,20000,23950,2.9845786094665527,0.000426926040717031,0.9,0.89118
3706,0.02,45,-45.0,-44.8,False,20000,23995,3.2655677795410156,0.0004267693051336262,0.89,0.89208
3707,0.02,3,8.0,8.4,True,20000,23998,2.7575385570526123,0.0004266125742293593,0.9,0.89214
3708,0.02,1,10.0,10.0,True,20000,23999,3.544832468032837,0.0004264558480357993,0.91,0.8921600000000001
3709,0.02,31,-20.0,-19.2,True,20000,24030,3.228767156600952,0.0004262991265845141,0.91,0.89278
3710,0.02,2,9.0,9.2,True,20000,24032,3.0339739322662354,0.0004261424099070705,0.91,0.89282
3711,0.02,1,-10.0,-10.0,False,20000,24033,3.3863630294799805,0.0004259856980350346,0.9,0.8928400000000001
3712,0.02,2,-11.0,-11.2,False,20000,24035,3.9447989463806152,0.0004258289909999712,0.89,0.89288
3713,0.02,1,10.0,10.0,True,20000,24036,3.120326519012451,0.0004256722888334444,0.89,0.8929
3714,0.02,4,7.0,7.6,True,20000,24040,2.5041420459747314,0.00042551559156701717,0.89,0.89298
3715,0.02,7,4.0,4.8,True,20000,24047,3.4772067070007324,0.0004253588992322516,0.89,0.8931199999999999
3716,0.02,45,-45.0,-45.2,False,20000,24092,3.129514217376709,0.0004252022118607088,0.89,0.89402
3717,0.02,4,7.0,7.6,True,20000,24096,3.5829391479492188,0.00042504552948394874,0.89,0.8941
3718,0.02,1,10.0,10.0,True,20000,24097,3.24515962600708,0.00042488885213353046,0.89,0.89412
3719,0.02,2,-11.0,-10.8,False,20000,24099,3.559710741043091,0.00042473217984101197,0.88,0.8941600000000001
3720,0.02,3,8.0,8.4,True,20000,24102,3.563032388687134,0.0004245755126379503,0.88,0.89422
3721,0.02,1,10.0,10.0,True,20000,24103,2.975593090057373,0.0004244188505559015,0.88,0.8942399999999999
3722,0.02,3,8.0,8.4,True,20000,24106,4.152249336242676,0.0004242621936264205,0.88,0.8943
3723,0.02,4,7.0,7.6,True,20000,24110,2.9149463176727295,0.00042410554188106116,0.88,0.89438
3724,0.02,3,8.0,8.4,True,20000,24113,2.571608781814575,0.0004239488953513764,0.88,0.8944399999999999
3725,0.02,3,8.0,8.4,True,20000,24116,3.9762072563171387,0.00042379225406891796,0.88,0.8945000000000001
3726,0.02,2,9.0,9.2,True,20000,24118,3.182990550994873,0.0004236356180652367,0.88,0.89454
3727,0.02,1,10.0,10.0,True,20000,24119,2.683452844619751,0.00042347898737188225,0.88,0.89456
3728,0.02,4,-13.0,-13.2,False,20000,24123,3.759460926055908,0.00042332236202040336,0.87,0.89464
3729,0.02,2,9.0,9.2,True,20000,24125,4.228918075561523,0.0004231657420423474,0.87,0.89468
3730,0.02,1,-10.0,-10.0,False,20000,24126,3.395785093307495,0.0004230091274692611,0.86,0.8947
3731,0.02,2,9.0,9.2,True,20000,24128,3.147963523864746,0.00042285251833268947,0.86,0.89474
3732,0.02,1,-10.0,-10.0,False,20000,24129,3.6441519260406494,0.00042269591466417714,0.85,0.89476
3733,0.02,5,6.0,6.8,True,20000,24134,3.1491212844848633,0.0004225393164952674,0.86,0.89486
3734,0.02,1,-10.0,-10.0,False,20000,24135,3.4279816150665283,0.0004223827238575018,0.85,0.89488
3735,0.02,7,4.0,4.8,True,20000,24142,3.2406487464904785,0.0004222261367824217,0.85,0.8950199999999999
3736,0.02,1,10.0,10.0,True,20000,24143,3.135352611541748,0.0004220695553015669,0.85,0.89504
3737,0.02,5,6.0,6.8,True,20000,24148,3.5083084106445312,0.00042191297944647605,0.85,0.89514
3738,0.02,2,9.0,9.2,True,20000,24150,3.0602757930755615,0.0004217564092486868,0.85,0.8951800000000001
3739,0.02,6,5.0,5.6,True,20000,24156,3.054154872894287,0.00042159984473973567,0.85,0.8953
3740,0.02,3,8.0,8.4,True,20000,24159,3.302126407623291,0.0004214432859511578,0.85,0.8953599999999999
3741,0.02,2,-11.0,-10.8,False,20000,24161,3.136446952819824,0.00042128673291448734,0.84,0.8954
3742,0.02,2,9.0,9.2,True,20000,24163,2.8105528354644775,0.0004211301856612574,0.84,0.89544
3743,0.02,5,6.0,6.4,True,20000,24168,2.373978614807129,0.0004209736442229997,0.84,0.89554
3744,0.02,1,10.0,10.0,True,20000,24169,4.233797550201416,0.00042081710863124504,0.84,0.8955599999999999
3745,0.02,1,10.0,10.0,True,20000,24170,3.367957592010498,0.0004206605789175227,0.84,0.89558
3746,0.02,3,-12.0,-11.6,False,20000,24173,2.9834723472595215,0.00042050405511336107,0.83,0.89564
3747,0.02,37,-26.0,-25.6,True,20000,24210,3.5205843448638916,0.00042034753725028723,0.83,0.89638
3748,0.02,3,8.0,8.4,True,20000,24213,2.6855857372283936,0.00042019102535982713,0.83,0.89644
3749,0.02,1,10.0,10.0,True,20000,24214,3.111952066421509,0.0004200345194735054,0.83,0.89646
3750,0.02,1,10.0,10.0,True,20000,24215,2.7905476093292236,0.0004198780196228457,0.83,0.8964799999999999
3751,0.02,5,6.0,6.8,True,20000,24220,3.4537549018859863,0.0004197215258393701,0.83,0.8965799999999999
3752,0.02,2,9.0,9.2,True,20000,24222,3.056241273880005,0.00041956503815459976,0.83,0.89662
3753,0.02,2,-11.0,-11.2,False,20000,24224,3.775541067123413,0.0004194085566000545,0.82,0.89666
3754,0.02,4,-13.0,-12.4,False,20000,24228,3.564215660095215,0.00041925208120725284,0.81,0.89674
3755,0.02,3,8.0,8.4,True,20000,24231,2.5672852993011475,0.0004190956120077123,0.81,0.8968
3756,0.02,4,7.0,7.6,True,20000,24235,3.516186237335205,0.00041893914903294875,0.81,0.89688
3757,0.02,3,8.0,8.4,True,20000,24238,3.788349151611328,0.0004187826923144772,0.81,0.8969400000000001
3758,0.02,6,5.0,5.6,True,20000,24244,2.877612590789795,0.0004186262418838112,0.82,0.89706
3759,0.02,3,8.0,8.4,True,20000,24247,3.5650100708007812,0.0004184697977724631,0.82,0.89712
3760,0.02,2,9.0,9.2,True,20000,24249,3.6253912448883057,0.0004183133600119439,0.82,0.89716
3761,0.02,3,8.0,8.4,True,20000,24252,2.903611183166504,0.00041815692863376346,0.82,0.89722
3762,0.02,4,7.0,7.6,True,20000,24256,3.246440887451172,0.0004180005036694302,0.82,0.8973
3763,0.02,4,7.0,7.6,True,20000,24260,2.9008629322052,0.0004178440851504512,0.82,0.89738
3764,0.02,4,7.0,7.6,True,20000,24264,2.471144914627075,0.00041768767310833255,0.82,0.8974599999999999
3765,0.02,2,-11.0,-10.8,False,20000,24266,2.8348734378814697,0.00041753126757457877,0.81,0.8975
3766,0.02,4,7.0,7.6,True,20000,24270,3.200463056564331,0.0004173748685806932,0.81,0.89758
3767,0.02,2,9.0,9.2,True,20000,24272,3.776034116744995,0.00041721847615817763,0.82,0.8976200000000001
3768,0.02,4,7.0,7.6,True,20000,24276,3.1337742805480957,0.0004170620903385328,0.82,0.8976999999999999
3769,0.02,1,10.0,10.0,True,20000,24277,2.8555688858032227,0.00041690571115325805,0.82,0.8977200000000001
3770,0.02,45,-45.0,-45.2,False,20000,24322,3.5251059532165527,0.0004167493386338513,0.81,0.89862
3771,0.02,1,10.0,10.0,True,20000,24323,3.4109153747558594,0.00041659297281180927,0.81,0.89864
3772,0.02,3,8.0,8.4,True,20000,24326,3.6396405696868896,0.00041643661371862725,0.81,0.8987
3773,0.02,3,8.0,8.4,True,20000,24329,3.467381715774536,0.000416280261385799,0.81,0.89876
3774,0.02,6,5.0,5.6,True,20000,24335,3.3968069553375244,0.00041612391584481715,0.81,0.89888
3775,0.02,2,9.0,9.2,True,20000,24337,2.8886289596557617,0.000415967577127173,0.81,0.8989199999999999
3776,0.02,2,9.0,9.2,True,20000,24339,3.22587251663208,0.0004158112452643561,0.81,0.89896
3777,0.02,2,9.0,9.2,True,20000,24341,3.1995768547058105,0.0004156549202878554,0.81,0.899
3778,0.02,1,10.0,10.0,True,20000,24342,3.299711227416992,0.0004154986022291575,0.81,0.8990199999999999
3779,0.02,1,10.0,10.0,True,20000,24343,2.3062257766723633,0.00041534229111974807,0.81,0.8990400000000001
3780,0.02,3,8.0,8.4,True,20000,24346,3.2896580696105957,0.00041518598699111166,0.81,0.8991
3781,0.02,3,8.0,8.4,True,20000,24349,3.3413078784942627,0.00041502968987473094,0.82,0.89916
3782,0.02,2,9.0,9.2,True,20000,24351,2.9255170822143555,0.00041487339980208733,0.83,0.8992
3783,0.02,2,9.0,9.2,True,20000,24353,2.5146636962890625,0.00041471711680466104,0.83,0.89924
3784,0.02,2,9.0,9.2,True,20000,24355,2.7022993564605713,0.00041456084091393046,0.83,0.89928
3785,0.02,3,8.0,8.4,True,20000,24358,2.997260570526123,0.0004144045721613728,0.83,0.89934
3786,0.02,1,10.0,10.0,True,20000,24359,3.0360963344573975,0.00041424831057846386,0.83,0.89936
3787,0.02,1,-10.0,-10.0,False,20000,24360,2.3458938598632812,0.00041409205619667786,0.82,0.8993800000000001
3788,0.02,1,10.0,10.0,True,20000,24361,3.7582130432128906,0.0004139358090474878,0.82,0.8994
3789,0.02,1,-10.0,-10.0,False,20000,24362,2.868170976638794,0.0004137795691623648,0.81,0.89942
3790,0.02,6,5.0,6.0,True,20000,24368,3.217184066772461,0.0004136233365727789,0.81,0.89954
3791,0.02,2,9.0,9.2,True,20000,24370,2.8861782550811768,0.0004134671113101985,0.81,0.89958
3792,0.02,4,7.0,7.6,True,20000,24374,3.500458002090454,0.00041331089340609066,0.81,0.89966
3793,0.02,1,10.0,10.0,True,20000,24375,2.774864912033081,0.00041315468289192074,0.81,0.89968
3794,0.02,3,8.0,8.4,True,20000,24378,3.5549979209899902,0.00041299847979915297,0.81,0.89974
3795,0.02,2,9.0,9.2,True,20000,24380,3.3807897567749023,0.0004128422841592496,0.81,0.89978
3796,0.02,1,10.0,10.0,True,20000,24381,3.20800518989563,0.0004126860960036717,0.81,0.8997999999999999
3797,0.02,3,8.0,8.4,True,20000,24384,3.009220600128174,0.00041252991536387885,0.81,0.89986
3798,0.02,2,9.0,9.2,True,20000,24386,2.4699668884277344,0.00041237374227132893,0.81,0.8999
3799,0.02,8,3.0,3.6,True,20000,24394,3.156038522720337,0.00041221757675747857,0.81,0.90006
3800,0.02,2,9.0,9.2,True,20000,24396,3.321420431137085,0.00041206141885378247,0.82,0.9001
3801,0.02,1,10.0,10.0,True,20000,24397,4.14614725112915,0.0004119052685916942,0.83,0.90012
3802,0.02,1,10.0,10.0,True,20000,24398,3.4939911365509033,0.0004117491260026655,0.83,0.90014
3803,0.02,4,7.0,7.6,True,20000,24402,3.553384304046631,0.00041159299111814677,0.83,0.90022
3804,0.02,3,8.0,8.4,True,20000,24405,3.593055009841919,0.0004114368639695868,0.83,0.90028
3805,0.02,2,9.0,9.2,True,20000,24407,3.6024346351623535,0.0004112807445884328,0.83,0.90032
3806,0.02,3,8.0,8.4,True,20000,24410,3.151151418685913,0.0004111246330061303,0.84,0.90038
3807,0.02,3,8.0,8.4,True,20000,24413,2.9147417545318604,0.00041096852925412344,0.84,0.90044
3808,0.02,1,10.0,10.0,True,20000,24414,3.0277955532073975,0.00041081243336385477,0.84,0.9004599999999999
3809,0.02,6,5.0,5.6,True,20000,24420,3.405489683151245,0.00041065634536676515,0.84,0.90058
3810,0.02,15,-4.0,-3.6,True,20000,24435,2.8833255767822266,0.00041050026529429397,0.84,0.90088
3811,0.02,2,9.0,9.2,True,20000,24437,3.4661054611206055,0.0004103441931778788,0.85,0.9009199999999999
3812,0.02,1,10.0,10.0,True,20000,24438,2.7753846645355225,0.0004101881290489559,0.86,0.90094
3813,0.02,4,7.0,7.2,True,20000,24442,3.3333325386047363,0.0004100320729389597,0.86,0.9010199999999999
3814,0.02,3,8.0,8.4,True,20000,24445,3.8515982627868652,0.0004098760248793231,0.86,0.90108
3815,0.02,5,-14.0,-14.0,False,20000,24450,3.2795450687408447,0.00040971998490147744,0.85,0.90118
3816,0.02,1,10.0,10.0,True,20000,24451,3.470867872238159,0.00040956395303685245,0.86,0.9012
3817,0.02,3,8.0,8.4,True,20000,24454,3.151888847351074,0.000409407929316876,0.86,0.9012600000000001
3818,0.02,2,9.0,9.2,True,20000,24456,2.1808085441589355,0.00040925191377297446,0.86,0.9013
3819,0.02,2,9.0,9.2,True,20000,24458,2.9266974925994873,0.0004090959064365726,0.87,0.90134
3820,0.02,2,9.0,9.2,True,20000,24460,3.328800916671753,0.00040893990733909354,0.87,0.90138
3821,0.02,3,8.0,8.4,True,20000,24463,3.096271514892578,0.0004087839165119587,0.87,0.90144
3822,0.02,2,9.0,9.2,True,20000,24465,2.653935432434082,0.00040862793398658767,0.87,0.90148
3823,0.02,3,8.0,8.4,True,20000,24468,3.5335302352905273,0.0004084719597943987,0.87,0.90154
3824,0.02,2,9.0,9.2,True,20000,24470,3.5777528285980225,0.00040831599396680797,0.87,0.9015799999999999
3825,0.02,3,8.0,8.4,True,20000,24473,3.0567402839660645,0.0004081600365352305,0.87,0.90164
3826,0.02,1,10.0,10.0,True,20000,24474,3.1685678958892822,0.0004080040875310791,0.87,0.90166
3827,0.02,3,8.0,8.4,True,20000,24477,2.964641809463501,0.0004078481469857654,0.87,0.9017200000000001
3828,0.02,2,9.0,9.2,True,20000,24479,2.8738889694213867,0.0004076922149306985,0.88,0.90176
3829,0.02,21,-10.0,-9.6,True,20000,24500,2.3139610290527344,0.0004075362913972867,0.88,0.90218
3830,0.02,1,10.0,10.0,True,20000,24501,3.0984556674957275,0.0004073803764169361,0.89,0.9022
3831,0.02,2,9.0,9.2,True,20000,24503,3.0090274810791016,0.00040722447002105114,0.89,0.9022399999999999
3832,0.02,7,4.0,4.4,True,20000,24510,2.7413156032562256,0.00040706857224103463,0.9,0.9023800000000001
3833,0.02,1,-10.0,-10.0,False,20000,24511,3.7749271392822266,0.0004069126831082875,0.89,0.9024
3834,0.02,1,10.0,10.0,True,20000,24512,4.885474681854248,0.000406756802654209,0.9,0.90242
3835,0.02,30,-39.0,-38.8,False,20000,24542,3.3233470916748047,0.0004066009309101967,0.89,0.90302
3836,0.02,2,9.0,9.2,True,20000,24544,3.035240650177002,0.0004064450679076464,0.89,0.90306
3837,0.02,5,6.0,6.4,True,20000,24549,3.6623997688293457,0.000406289213677952,0.89,0.90316
3838,0.02,2,9.0,9.2,True,20000,24551,3.510767936706543,0.00040613336825250595,0.89,0.9032
3839,0.02,7,4.0,4.4,True,20000,24558,3.2121407985687256,0.0004059775316626985,0.89,0.90334
3840,0.02,2,9.0,9.2,True,20000,24560,2.9150314331054688,0.00040582170393991835,0.89,0.90338
3841,0.02,1,10.0,10.0,True,20000,24561,2.8913817405700684,0.00040566588511555245,0.9,0.9034
3842,0.02,3,8.0,8.4,True,20000,24564,3.4312868118286133,0.0004055100752209859,0.9,0.9034599999999999
3843,0.02,1,10.0,10.0,True,20000,24565,3.1627449989318848,0.00040535427428760204,0.9,0.90348
3844,0.02,3,8.0,8.4,True,20000,24568,3.289297342300415,0.0004051984823467823,0.9,0.90354
3845,0.02,25,-14.0,-13.6,True,20000,24593,2.6447577476501465,0.0004050426994299064,0.9,0.90404
3846,0.02,4,7.0,7.2,True,20000,24597,3.414900064468384,0.00040488692556835224,0.91,0.9041199999999999
3847,0.02,2,9.0,9.2,True,20000,24599,3.804999351501465,0.00040473116079349584,0.91,0.9041600000000001
3848,0.02,45,-45.0,-44.8,False,20000,24644,2.8894100189208984,0.0004045754051367114,0.9,0.90506
3849,0.02,3,8.0,8.4,True,20000,24647,3.2154102325439453,0.0004044196586293714,0.9,0.90512
3850,0.02,1,10.0,10.0,True,20000,24648,3.0098159313201904,0.00040426392130284627,0.9,0.90514
3851,0.02,1,10.0,10.0,True,20000,24649,3.3914954662323,0.00040410819318850466,0.9,0.90516
3852,0.02,7,4.0,4.4,True,20000,24656,2.750065565109253,0.00040395247431771353,0.9,0.9053
3853,0.02,4,7.0,7.6,True,20000,24660,3.479212522506714,0.00040379676472183777,0.91,0.9053800000000001
3854,0.02,2,-11.0,-10.8,False,20000,24662,2.6514902114868164,0.0004036410644322406,0.91,0.90542
3855,0.02,4,7.0,7.2,True,20000,24666,3.1956968307495117,0.00040348537348028313,0.91,0.9055
3856,0.02,14,-23.0,-22.8,False,20000,24680,3.8438756465911865,0.00040332969189732466,0.9,0.90578
3857,0.02,2,9.0,9.2,True,20000,24682,3.1233346462249756,0.00040317401971472276,0.9,0.90582
3858,0.02,4,7.0,7.6,True,20000,24686,3.191847801208496,0.00040301835696383295,0.9,0.9058999999999999
3859,0.02,3,8.0,8.4,True,20000,24689,2.674753427505493,0.00040286270367600893,0.9,0.90596
3860,0.02,3,8.0,8.4,True,20000,24692,4.550329685211182,0.00040270705988260254,0.9,0.90602
3861,0.02,4,-13.0,-12.8,False,20000,24696,2.2175815105438232,0.0004025514256149635,0.89,0.9061
3862,0.02,41,-30.0,-29.6,True,20000,24737,3.130734920501709,0.0004023958009044397,0.89,0.90692
3863,0.02,4,7.0,7.2,True,20000,24741,2.6188364028930664,0.00040224018578237727,0.89,0.907
3864,0.02,1,10.0,10.0,True,20000,24742,2.9829137325286865,0.0004020845802801202,0.89,0.9070199999999999
3865,0.02,4,7.0,7.6,True,20000,24746,3.68025803565979,0.0004019289844290108,0.9,0.9071
3866,0.02,1,-10.0,-10.0,False,20000,24747,2.8558225631713867,0.0004017733982603891,0.89,0.9071199999999999
3867,0.02,2,9.0,9.2,True,20000,24749,2.883699417114258,0.00040161782180559325,0.89,0.9071600000000001
3868,0.02,5,6.0,6.8,True,20000,24754,4.585695743560791,0.00040146225509595976,0.89,0.9072600000000001
3869,0.02,1,10.0,10.0,True,20000,24755,3.1543936729431152,0.00040130669816282273,0.89,0.90728
3870,0.02,4,7.0,7.6,True,20000,24759,2.737260103225708,0.0004011511510375147,0.9,0.90736
3871,0.02,1,10.0,10.0,True,20000,24760,2.85815167427063,0.0004009956137513662,0.9,0.90738
3872,0.02,1,-10.0,-10.0,False,20000,24761,3.4241819381713867,0.00040084008633570526,0.89,0.9074
3873,0.02,3,8.0,8.4,True,20000,24764,3.173630952835083,0.0004006845688218583,0.89,0.90746
3874,0.02,2,9.0,9.2,True,20000,24766,3.134986162185669,0.00040052906124115,0.89,0.9075
3875,0.02,2,9.0,9.2,True,20000,24768,2.961254596710205,0.0004003735636249027,0.89,0.90754
3876,0.02,4,7.0,7.2,True,20000,24772,2.8470165729522705,0.0004002180760044368,0.89,0.90762
3877,0.02,4,7.0,7.6,True,20000,24776,3.0125324726104736,0.00040006259841107055,0.89,0.9077
3878,0.02,1,10.0,10.0,True,20000,24777,3.489140272140503,0.00039990713087612045,0.89,0.90772
3879,0.02,3,8.0,8.4,True,20000,24780,3.063211441040039,0.00039975167343090084,0.89,0.90778
3880,0.02,2,9.0,9.2,True,20000,24782,2.5446865558624268,0.000399596226106724,0.89,0.9078200000000001
3881,0.02,1,10.0,10.0,True,20000,24783,3.6686673164367676,0.0003994407889349002,0.89,0.90784
3882,0.02,2,9.0,9.2,True,20000,24785,3.193239688873291,0.0003992853619467378,0.89,0.90788
3883,0.02,4,7.0,7.6,True,20000,24789,3.578896999359131,0.00039912994517354286,0.89,0.90796
3884,0.02,1,10.0,10.0,True,20000,24790,2.8888437747955322,0.00039897453864661946,0.89,0.90798
3885,0.02,4,7.0,7.6,True,20000,24794,3.0657544136047363,0.0003988191423972697,0.89,0.90806
3886,0.02,1,10.0,10.0,True,20000,24795,2.371270179748535,0.00039866375645679364,0.89,0.90808
3887,0.02,4,7.0,7.6,True,20000,24799,3.3440427780151367,0.0003985083808564892,0.9,0.90816
3888,0.02,3,8.0,8.4,True,20000,24802,3.4454874992370605,0.0003983530156276521,0.9,0.90822
3889,0.02,4,7.0,7.6,True,20000,24806,3.4221079349517822,0.00039819766080157615,0.91,0.9083
3890,0.02,2,9.0,9.2,True,20000,24808,3.183070182800293,0.00039804231640955295,0.91,0.9083399999999999
3891,0.02,7,4.0,4.4,True,20000,24815,3.129073143005371,0.0003978869824828721,0.91,0.9084800000000001
3892,0.02,1,-10.0,-10.0,False,20000,24816,3.126087188720703,0.00039773165905282096,0.9,0.9085
3893,0.02,5,6.0,6.8,True,20000,24821,3.3225059509277344,0.00039757634615068506,0.9,0.9086
3894,0.02,2,9.0,9.2,True,20000,24823,3.455942153930664,0.0003974210438077473,0.9,0.90864
3895,0.02,2,9.0,9.2,True,20000,24825,2.6699371337890625,0.0003972657520552889,0.9,0.90868
3896,0.02,4,7.0,7.6,True,20000,24829,3.105756998062134,0.0003971104709245889,0.9,0.90876
3897,0.02,38,-27.0,-26.4,True,20000,24867,3.1425375938415527,0.00039695520044692387,0.9,0.90952
3898,0.02,4,7.0,7.2,True,20000,24871,3.3242557048797607,0.00039679994065356874,0.9,0.9096000000000001
3899,0.02,2,9.0,9.2,True,20000,24873,4.112743377685547,0.00039664469157579585,0.9,0.90964
3900,0.02,5,6.0,6.4,True,20000,24878,3.0009207725524902,0.00039648945324487553,0.9,0.90974
3901,0.02,2,9.0,9.2,True,20000,24880,3.0933756828308105,0.000396334225692076,0.9,0.90978
3902,0.02,1,10.0,10.0,True,20000,24881,3.1075146198272705,0.0003961790089486633,0.9,0.9098
3903,0.02,4,7.0,7.6,True,20000,24885,3.010563611984253,0.00039602380304590117,0.9,0.90988
3904,0.02,10,1.0,1.2,True,20000,24895,2.5211105346679688,0.00039586860801505146,0.9,0.91008
3905,0.02,2,9.0,9.2,True,20000,24897,2.98374605178833,0.0003957134238873734,0.9,0.9101199999999999
3906,0.02,3,8.0,8.4,True,20000,24900,3.7007834911346436,0.0003955582506941243,0.9,0.91018
3907,0.02,2,9.0,9.2,True,20000,24902,3.6416804790496826,0.00039540308846655934,0.9,0.91022
3908,0.02,3,8.0,8.4,True,20000,24905,3.4438579082489014,0.00039524793723593127,0.9,0.91028
3909,0.02,18,-7.0,-6.4,True,20000,24923,4.296074867248535,0.0003950927970334908,0.9,0.91064
3910,0.02,3,8.0,8.4,True,20000,24926,3.8035171031951904,0.00039493766789048634,0.9,0.9107
3911,0.02,45,-45.0,-44.8,False,20000,24971,2.3404176235198975,0.000394782549838164,0.89,0.9116
3912,0.02,3,8.0,8.4,True,20000,24974,3.661741256713867,0.0003946274429077678,0.89,0.91166
3913,0.02,1,-10.0,-10.0,False,20000,24975,3.71824049949646,0.0003944723471305394,0.88,0.91168
3914,0.02,4,7.0,7.2,True,20000,24979,2.575216054916382,0.0003943172625377183,0.88,0.91176
3915,0.02,2,9.0,9.2,True,20000,24981,3.2059926986694336,0.00039416218916054187,0.89,0.9117999999999999
3916,0.02,2,-11.0,-10.8,False,20000,24983,2.418382167816162,0.0003940071270302448,0.88,0.91184
3917,0.02,3,8.0,8.4,True,20000,24986,3.1203222274780273,0.00039385207617805983,0.88,0.9118999999999999
3918,0.02,1,10.0,10.0,True,20000,24987,2.806445837020874,0.0003936970366352175,0.88,0.91192
3919,0.02,4,7.0,7.6,True,20000,24991,3.1279444694519043,0.00039354200843294595,0.88,0.912
3920,0.02,1,10.0,10.0,True,20000,24992,3.9478487968444824,0.0003933869916024709,0.88,0.91202
3921,0.02,2,9.0,9.2,True,20000,24994,3.5501720905303955,0.0003932319861750161,0.88,0.91206
3922,0.02,2,9.0,9.2,True,20000,24996,4.160552024841309,0.00039307699218180266,0.88,0.9121
3923,0.02,1,-10.0,-10.0,False,20000,24997,3.3378632068634033,0.0003929220096540496,0.87,0.91212
3924,0.02,6,5.0,5.6,True,20000,25003,3.3479785919189453,0.00039276703862297366,0.87,0.91224
3925,0.02,3,8.0,8.4,True,20000,25006,2.5081965923309326,0.00039261207911978904,0.87,0.9123
3926,0.02,2,9.0,9.2,True,20000,25008,2.668288230895996,0.0003924571311757079,0.87,0.91234
3927,0.02,1,10.0,10.0,True,20000,25009,3.6745035648345947,0.0003923021948219398,0.87,0.91236
3928,0.02,3,8.0,8.4,True,20000,25012,2.3400542736053467,0.0003921472700896922,0.87,0.91242
3929,0.02,1,-10.0,-10.0,False,20000,25013,2.652395248413086,0.00039199235701017,0.86,0.91244
3930,0.02,4,7.0,7.6,True,20000,25017,2.623542070388794,0.00039183745561457593,0.86,0.91252
3931,0.02,1,10.0,10.0,True,20000,25018,3.0177080631256104,0.00039168256593411036,0.86,0.91254
3932,0.02,41,-30.0,-29.6,True,20000,25059,3.098621368408203,0.00039152768799997125,0.86,0.9133600000000001
3933,0.02,1,-10.0,-10.0,False,20000,25060,2.6976919174194336,0.00039137282184335413,0.86,0.91338
3934,0.02,3,8.0,8.4,True,20000,25063,2.7661070823669434,0.0003912179674954522,0.86,0.91344
3935,0.02,1,-10.0,-10.0,False,20000,25064,2.8421289920806885,0.00039106312498745634,0.86,0.91346
3936,0.02,3,8.0,8.4,True,20000,25067,2.5432591438293457,0.000390908294350555,0.86,0.91352
3937,0.02,3,8.0,8.4,True,20000,25070,2.6153130531311035,0.00039075347561593425,0.86,0.91358
3938,0.02,3,8.0,8.4,True,20000,25073,2.518080472946167,0.00039059866881477773,0.86,0.91364
3939,0.02,3,8.0,8.4,True,20000,25076,3.4207422733306885,0.00039044387397826674,0.86,0.9137
3940,0.02,2,9.0,9.2,True,20000,25078,3.4012351036071777,0.00039028909113758006,0.86,0.91374
3941,0.02,5,6.0,6.8,True,20000,25083,2.9116015434265137,0.0003901343203238942,0.86,0.91384
3942,0.02,1,10.0,10.0,True,20000,25084,2.933992624282837,0.00038997956156838315,0.86,0.91386
3943,0.02,2,9.0,9.2,True,20000,25086,3.364837884902954,0.00038982481490221855,0.86,0.9139
3944,0.02,2,9.0,9.2,True,20000,25088,2.0516467094421387,0.0003896700803565695,0.86,0.91394
3945,0.02,1,-10.0,-10.0,False,20000,25089,3.762988805770874,0.00038951535796260265,0.85,0.91396
3946,0.02,1,10.0,10.0,True,20000,25090,2.811599016189575,0.0003893606477514823,0.85,0.91398
3947,0.02,4,7.0,7.6,True,20000,25094,2.66446590423584,0.00038920594975437025,0.85,0.91406
3948,0.02,2,9.0,9.2,True,20000,25096,2.9865915775299072,0.000389051264002426,0.86,0.9141
3949,0.02,1,10.0,10.0,True,20000,25097,2.684323787689209,0.0003888965905268062,0.86,0.91412
3950,0.02,3,8.0,8.4,True,20000,25100,3.182159423828125,0.00038874192935866534,0.86,0.91418
3951,0.02,2,9.0,9.2,True,20000,25102,2.707179069519043,0.0003885872805291554,0.86,0.91422
3952,0.02,4,7.0,7.6,True,20000,25106,3.268432855606079,0.0003884326440694257,0.86,0.9143
3953,0.02,1,10.0,10.0,True,20000,25107,3.1237239837646484,0.00038827802001062335,0.86,0.91432
3954,0.02,3,8.0,8.4,True,20000,25110,3.2920238971710205,0.0003881234083838929,0.87,0.91438
3955,0.02,2,9.0,9.2,True,20000,25112,3.0238935947418213,0.0003879688092203759,0.87,0.91442
3956,0.02,2,9.0,9.2,True,20000,25114,2.9739813804626465,0.00038781422255121216,0.88,0.91446
3957,0.02,3,8.0,8.4,True,20000,25117,3.4400551319122314,0.0003876596484075384,0.88,0.91452
3958,0.02,2,9.0,9.2,True,20000,25119,2.895443916320801,0.00038750508682048907,0.88,0.91456
3959,0.02,6,5.0,5.6,True,20000,25125,3.5377233028411865,0.00038735053782119617,0.88,0.91468
3960,0.02,2,-11.0,-10.8,False,20000,25127,3.0751543045043945,0.0003871960014407888,0.87,0.91472
3961,0.02,2,9.0,9.2,True,20000,25129,2.3501195907592773,0.000387041477710394,0.88,0.91476
3962,0.02,1,10.0,10.0,True,20000,25130,3.2553086280822754,0.00038688696666113576,0.88,0.91478
3963,0.02,4,7.0,7.6,True,20000,25134,3.170353651046753,0.00038673246832413596,0.88,0.91486
3964,0.02,9,-18.0,-18.4,False,20000,25143,2.85131573677063,0.0003865779827305137,0.87,0.9150400000000001
3965,0.02,3,-12.0,-11.6,False,20000,25146,3.090517997741699,0.0003864235099113857,0.86,0.9151
3966,0.02,45,-45.0,-45.2,False,20000,25191,3.167797565460205,0.0003862690498978655,0.86,0.916
3967,0.02,2,9.0,9.2,True,20000,25193,2.868117094039917,0.0003861146027210649,0.86,0.91604
3968,0.02,3,8.0,8.4,True,20000,25196,2.7852022647857666,0.0003859601684120926,0.86,0.9161
3969,0.02,2,9.0,9.2,True,20000,25198,2.8384716510772705,0.0003858057470020549,0.86,0.91614
3970,0.02,2,-11.0,-10.8,False,20000,25200,2.896843671798706,0.0003856513385220554,0.85,0.91618
3971,0.02,2,9.0,9.2,True,20000,25202,3.223266124725342,0.0003854969430031951,0.85,0.9162199999999999
3972,0.02,3,8.0,8.4,True,20000,25205,3.17242693901062,0.00038534256047657243,0.86,0.91628
3973,0.02,1,10.0,10.0,True,20000,25206,2.8208065032958984,0.00038518819097328326,0.86,0.9163
3974,0.02,4,7.0,7.6,True,20000,25210,2.6665942668914795,0.00038503383452442066,0.86,0.91638
3975,0.02,2,9.0,9.2,True,20000,25212,3.3388161659240723,0.00038487949116107527,0.86,0.91642
3976,0.02,1,10.0,10.0,True,20000,25213,3.3860669136047363,0.00038472516091433507,0.86,0.91644
3977,0.02,1,-10.0,-10.0,False,20000,25214,2.5909712314605713,0.0003845708438152851,0.85,0.91646
3978,0.02,3,8.0,8.4,True,20000,25217,3.0064096450805664,0.0003844165398950082,0.85,0.91652
3979,0.02,1,10.0,10.0,True,20000,25218,4.002671718597412,0.0003842622491845842,0.85,0.91654
3980,0.02,1,10.0,10.0,True,20000,25219,3.3663220405578613,0.00038410797171509057,0.85,0.91656
3981,0.02,2,9.0,9.2,True,20000,25221,2.6867213249206543,0.0003839537075176019,0.85,0.9166
3982,0.02,5,6.0,6.4,True,20000,25226,3.045336961746216,0.00038379945662319004,0.85,0.9167
3983,0.02,2,9.0,9.2,True,20000,25228,2.799727439880371,0.0003836452190629244,0.85,0.91674
3984,0.02,2,9.0,9.2,True,20000,25230,2.1178011894226074,0.0003834909948678715,0.85,0.9167799999999999
3985,0.02,3,8.0,8.4,True,20000,25233,3.016420364379883,0.00038333678406909537,0.85,0.91684
3986,0.02,1,10.0,10.0,True,20000,25234,3.06075119972229,0.0003831825866976571,0.85,0.91686
3987,0.02,2,9.0,9.2,True,20000,25236,2.977843999862671,0.0003830284027846154,0.85,0.9169
3988,0.02,1,-10.0,-10.0,False,20000,25237,2.7706191539764404,0.0003828742323610258,0.84,0.9169200000000001
3989,0.02,3,8.0,8.4,True,20000,25240,2.8605237007141113,0.00038272007545794157,0.84,0.91698
3990,0.02,4,7.0,7.6,True,20000,25244,2.8085947036743164,0.000382565932106413,0.84,0.91706
3991,0.02,2,9.0,9.2,True,20000,25246,2.9643983840942383,0.00038241180233748777,0.84,0.9171
3992,0.02,2,-11.0,-11.2,False,20000,25248,2.8549551963806152,0.00038225768618221077,0.84,0.91714
3993,0.02,3,8.0,8.4,True,20000,25251,2.9250175952911377,0.00038210358367162406,0.84,0.9172
3994,0.02,2,9.0,9.2,True,20000,25253,2.882833480834961,0.00038194949483676713,0.84,0.9172399999999999
3995,0.02,2,9.0,9.2,True,20000,25255,2.607313394546509,0.00038179541970867654,0.84,0.91728
3996,0.02,1,10.0,10.0,True,20000,25256,2.684826374053955,0.0003816413583183863,0.84,0.9173
3997,0.02,7,4.0,4.8,True,20000,25263,2.444904088973999,0.00038148731069692746,0.84,0.91744
3998,0.02,13,-2.0,-1.2,True,20000,25276,3.2906014919281006,0.00038133327687532847,0.84,0.9177
3999,0.02,3,8.0,8.4,True,20000,25279,2.825453042984009,0.0003811792568846147,0.84,0.91776
4000,0.02,2,9.0,9.2,True,20000,25281,3.67277193069458,0.00038102525075580913,0.84,0.9178
4001,0.02,2,9.0,9.2,True,20000,25283,3.385674238204956,0.0003808712585199316,0.84,0.91784
4002,0.02,3,8.0,8.4,True,20000,25286,2.735718011856079,0.0003807172802079994,0.84,0.9178999999999999
4003,0.02,3,8.0,8.4,True,20000,25289,3.7259323596954346,0.00038056331585102697,0.84,0.91796
4004,0.02,5,6.0,6.0,True,20000,25294,3.7066450119018555,0.0003804093654800257,0.84,0.91806
4005,0.02,1,10.0,10.0,True,20000,25295,5.217883110046387,0.0003802554291260045,0.84,0.91808
4006,0.02,4,7.0,7.2,True,20000,25299,2.9978220462799072,0.0003801015068199692,0.84,0.91816
4007,0.02,2,9.0,9.2,True,20000,25301,2.4558892250061035,0.00037994759859292295,0.84,0.9182
4008,0.02,1,-10.0,-10.0,False,20000,25302,2.6926462650299072,0.0003797937044758661,0.83,0.91822
4009,0.02,4,7.0,7.6,True,20000,25306,2.8544490337371826,0.0003796398244997962,0.83,0.9183
4010,0.02,3,8.0,8.4,True,20000,25309,2.534531593322754,0.0003794859586957075,0.83,0.91836
4011,0.02,3,8.0,8.4,True,20000,25312,3.569913625717163,0.00037933210709459173,0.84,0.91842
4012,0.02,2,9.0,9.2,True,20000,25314,2.491319179534912,0.000379178269727438,0.84,0.9184599999999999
4013,0.02,3,8.0,8.4,True,20000,25317,2.9968771934509277,0.0003790244466252322,0.85,0.91852
4014,0.02,3,8.0,8.4,True,20000,25320,3.941007375717163,0.00037887063781895754,0.85,0.91858
4015,0.02,5,6.0,6.8,True,20000,25325,3.0111050605773926,0.0003787168433395941,0.85,0.91868
4016,0.02,17,-6.0,-5.6,True,20000,25342,2.741495370864868,0.0003785630632181194,0.86,0.91902
4017,0.02,6,5.0,6.0,True,20000,25348,2.854832410812378,0.00037840929748550776,0.86,0.91914
4018,0.02,45,-45.0,-45.6,False,20000,25393,2.6361889839172363,0.0003782555461727309,0.85,0.92004
4019,0.02,2,9.0,9.2,True,20000,25395,3.1583988666534424,0.00037810180931075734,0.85,0.92008
4020,0.02,45,-45.0,-45.2,False,20000,25440,2.9473302364349365,0.000377948086930553,0.84,0.92098
4021,0.02,2,9.0,9.2,True,20000,25442,3.4163944721221924,0.0003777943790630806,0.84,0.92102
4022,0.02,4,7.0,7.6,True,20000,25446,3.6862833499908447,0.00037764068573930003,0.84,0.9211
4023,0.02,4,7.0,7.6,True,20000,25450,2.6107852458953857,0.0003774870069901684,0.85,0.92118
4024,0.02,2,9.0,9.2,True,20000,25452,2.9653921127319336,0.00037733334284663963,0.85,0.92122
4025,0.02,2,-11.0,-11.2,False,20000,25454,3.6137216091156006,0.000377179693339665,0.84,0.92126
4026,0.02,22,-11.0,-10.4,True,20000,25476,2.846386432647705,0.00037702605850019246,0.84,0.9217000000000001
4027,0.02,4,7.0,7.6,True,20000,25480,2.8201072216033936,0.0003768724383591673,0.84,0.92178
4028,0.02,1,10.0,10.0,True,20000,25481,2.3770089149475098,0.0003767188329475318,0.84,0.9218000000000001
4029,0.02,2,9.0,9.2,True,20000,25483,3.3212780952453613,0.0003765652422962252,0.85,0.92184
4030,0.02,4,7.0,7.2,True,20000,25487,3.047858238220215,0.00037641166643618385,0.85,0.92192
4031,0.02,2,9.0,9.2,True,20000,25489,2.911756992340088,0.00037625810539834107,0.85,0.92196
4032,0.02,1,10.0,10.0,True,20000,25490,2.823880910873413,0.0003761045592136271,0.85,0.92198
4033,0.02,2,9.0,9.2,True,20000,25492,3.106818914413452,0.0003759510279129694,0.86,0.92202
4034,0.02,3,8.0,8.4,True,20000,25495,2.437896251678467,0.00037579751152729224,0.86,0.92208
4035,0.02,1,10.0,10.0,True,20000,25496,3.21089506149292,0.00037564401008751704,0.87,0.9221
4036,0.02,3,8.0,8.4,True,20000,25499,3.4011764526367188,0.00037549052362456214,0.87,0.92216
4037,0.02,3,8.0,8.4,True,20000,25502,3.462839126586914,0.0003753370521693428,0.87,0.9222199999999999
4038,0.02,1,-10.0,-10.0,False,20000,25503,2.6047935485839844,0.0003751835957527713,0.86,0.92224
4039,0.02,3,8.0,8.4,True,20000,25506,3.14263916015625,0.00037503015440575694,0.86,0.9223
4040,0.02,5,6.0,6.4,True,20000,25511,3.208709716796875,0.000374876728159206,0.86,0.9224
4041,0.02,2,9.0,9.2,True,20000,25513,3.2467854022979736,0.0003747233170440216,0.86,0.92244
4042,0.02,3,8.0,8.4,True,20000,25516,3.126044750213623,0.00037456992109110394,0.86,0.9225
4043,0.02,1,10.0,10.0,True,20000,25517,3.406310796737671,0.00037441654033135006,0.86,0.92252
4044,0.02,1,10.0,10.0,True,20000,25518,3.392484664916992,0.00037426317479565403,0.86,0.92254
4045,0.02,3,8.0,8.4,True,20000,25521,3.18943452835083,0.0003741098245149068,0.87,0.9226
4046,0.02,1,10.0,10.0,True,20000,25522,2.9718809127807617,0.0003739564895199962,0.87,0.92262
4047,0.02,45,-45.0,-44.8,False,20000,25567,2.727595090866089,0.0003738031698418072,0.86,0.92352
4048,0.02,2,9.0,9.2,True,20000,25569,2.6504955291748047,0.0003736498655112214,0.86,0.92356
4049,0.02,1,10.0,10.0,True,20000,25570,3.255434989929199,0.00037349657655911736,0.86,0.9235800000000001
4050,0.02,3,8.0,8.4,True,20000,25573,2.6877520084381104,0.0003733433030163708,0.86,0.92364
4051,0.02,1,10.0,10.0,True,20000,25574,3.0093064308166504,0.00037319004491385396,0.86,0.92366
4052,0.02,3,-12.0,-11.6,False,20000,25577,2.1228532791137695,0.00037303680228243627,0.85,0.92372
4053,0.02,1,-10.0,-10.0,False,20000,25578,3.3490891456604004,0.0003728835751529841,0.84,0.92374
4054,0.02,2,9.0,9.2,True,20000,25580,2.8725500106811523,0.00037273036355636025,0.84,0.92378
4055,0.02,2,9.0,9.2,True,20000,25582,2.8608059883117676,0.00037257716752342473,0.84,0.92382
4056,0.02,5,-14.0,-13.6,False,20000,25587,3.271204948425293,0.00037242398708503446,0.83,0.92392
4057,0.02,4,7.0,7.6,True,20000,25591,2.914348602294922,0.00037227082227204306,0.83,0.9239999999999999
4058,0.02,2,9.0,9.2,True,20000,25593,2.792307138442993,0.0003721176731153012,0.83,0.92404
4059,0.02,1,10.0,10.0,True,20000,25594,3.4490737915039062,0.000371964539645656,0.83,0.92406
4060,0.02,1,10.0,10.0,True,20000,25595,2.2116775512695312,0.00037181142189395184,0.84,0.92408
4061,0.02,1,10.0,10.0,True,20000,25596,2.5326170921325684,0.0003716583198910298,0.84,0.9241
4062,0.02,1,10.0,10.0,True,20000,25597,2.6775317192077637,0.0003715052336677277,0.84,0.92412
4063,0.02,2,9.0,9.2,True,20000,25599,2.930222511291504,0.00037135216325488024,0.84,0.92416
4064,0.02,4,7.0,7.6,True,20000,25603,3.316013813018799,0.000371199108683319,0.85,0.9242400000000001
4065,0.02,2,9.0,9.2,True,20000,25605,2.5984675884246826,0.00037104606998387225,0.86,0.92428
4066,0.02,1,10.0,10.0,True,20000,25606,2.5095815658569336,0.00037089304718736514,0.87,0.9243
4067,0.02,2,9.0,9.2,True,20000,25608,3.2167258262634277,0.0003707400403246196,0.87,0.92434
4068,0.02,3,8.0,8.4,True,20000,25611,2.999199151992798,0.0003705870494264543,0.87,0.9244
4069,0.02,2,9.0,9.2,True,20000,25613,2.514382839202881,0.0003704340745236849,0.87,0.92444
4070,0.02,2,9.0,9.2,True,20000,25615,3.4291696548461914,0.0003702811156471234,0.88,0.92448
4071,0.02,3,8.0,8.4,True,20000,25618,2.8644397258758545,0.0003701281728275791,0.88,0.92454
4072,0.02,3,8.0,8.4,True,20000,25621,3.1648716926574707,0.0003699752460958577,0.88,0.9246
4073,0.02,4,7.0,7.6,True,20000,25625,2.945106029510498,0.0003698223354827618,0.88,0.92468
4074,0.02,1,-10.0,-10.0,False,20000,25626,2.326289176940918,0.00036966944101909075,0.87,0.9247000000000001
4075,0.02,1,10.0,10.0,True,20000,25627,2.8128345012664795,0.0003695165627356407,0.87,0.92472
4076,0.02,3,8.0,8.4,True,20000,25630,2.139319896697998,0.00036936370066320437,0.87,0.92478
4077,0.02,1,10.0,10.0,True,20000,25631,2.317197561264038,0.00036921085483257124,0.88,0.9248000000000001
4078,0.02,3,8.0,8.4,True,20000,25634,2.787870407104492,0.00036905802527452777,0.88,0.92486
4079,0.02,1,10.0,10.0,True,20000,25635,2.764634370803833,0.00036890521201985685,0.88,0.92488
4080,0.02,1,10.0,10.0,True,20000,25636,3.3605868816375732,0.0003687524150993383,0.88,0.9249
4081,0.02,45,-45.0,-44.8,False,20000,25681,2.983011484146118,0.0003685996345437484,0.87,0.9258
4082,0.02,2,9.0,9.2,True,20000,25683,2.7429707050323486,0.00036844687038386034,0.87,0.92584
4083,0.02,3,8.0,8.4,True,20000,25686,2.469775676727295,0.000368294122650444,0.87,0.9259
4084,0.02,45,-45.0,-45.2,False,20000,25731,3.682102680206299,0.00036814139137426595,0.86,0.9268
4085,0.02,2,9.0,9.2,True,20000,25733,2.6600520610809326,0.0003679886765860893,0.86,0.92684
4086,0.02,2,9.0,9.2,True,20000,25735,3.4185051918029785,0.0003678359783166741,0.86,0.92688
4087,0.02,4,7.0,7.6,True,20000,25739,2.971148729324341,0.0003676832965967767,0.86,0.92696
4088,0.02,2,9.0,9.2,True,20000,25741,2.487949848175049,0.0003675306314571504,0.87,0.9269999999999999
4089,0.02,1,10.0,10.0,True,20000,25742,2.3861255645751953,0.00036737798292854504,0.87,0.92702
4090,0.02,2,9.0,9.2,True,20000,25744,2.8630948066711426,0.00036722535104170725,0.87,0.92706
4091,0.02,1,10.0,10.0,True,20000,25745,2.89467191696167,0.0003670727358273803,0.87,0.92708
4092,0.02,4,7.0,7.6,True,20000,25749,2.9900383949279785,0.0003669201373163038,0.88,0.92716
4093,0.02,3,8.0,8.4,True,20000,25752,2.6424808502197266,0.00036676755553921434,0.88,0.92722
4094,0.02,1,10.0,10.0,True,20000,25753,2.8010711669921875,0.00036661499052684503,0.88,0.9272400000000001
4095,0.02,2,9.0,9.2,True,20000,25755,2.7915546894073486,0.0003664624423099256,0.88,0.92728
4096,0.02,6,5.0,5.6,True,20000,25761,2.71669340133667,0.0003663099109191823,0.88,0.9274
4097,0.02,2,9.0,9.2,True,20000,25763,2.4522082805633545,0.0003661573963853383,0.88,0.92744
4098,0.02,3,8.0,8.4,True,20000,25766,3.1494483947753906,0.0003660048987391128,0.88,0.9275
4099,0.02,2,9.0,9.2,True,20000,25768,2.5174295902252197,0.00036585241801122216,0.88,0.92754
4100,0.02,1,10.0,10.0,True,20000,25769,3.037945508956909,0.0003656999542323791,0.88,0.9275599999999999
4101,0.02,2,9.0,9.2,True,20000,25771,2.8171987533569336,0.000365547507433293,0.88,0.9276
4102,0.02,2,9.0,9.2,True,20000,25773,2.6406755447387695,0.00036539507764466985,0.88,0.92764
4103,0.02,4,7.0,7.6,True,20000,25777,2.2586114406585693,0.0003652426648972119,0.88,0.92772
4104,0.02,1,10.0,10.0,True,20000,25778,2.778035879135132,0.0003650902692216182,0.88,0.92774
4105,0.02,2,9.0,9.2,True,20000,25780,2.5531980991363525,0.0003649378906485845,0.88,0.92778
4106,0.02,1,10.0,10.0,True,20000,25781,2.645289897918701,0.00036478552920880304,0.88,0.9278000000000001
4107,0.02,45,-45.0,-44.8,False,20000,25826,2.675384283065796,0.00036463318493296234,0.87,0.9287
4108,0.02,1,10.0,10.0,True,20000,25827,2.4955668449401855,0.00036448085785174784,0.88,0.92872
4109,0.02,5,6.0,6.8,True,20000,25832,2.799699544906616,0.0003643285479958412,0.88,0.92882
4110,0.02,3,8.0,8.4,True,20000,25835,2.423365354537964,0.00036417625539592085,0.88,0.9288799999999999
4111,0.02,7,4.0,4.4,True,20000,25842,3.2774577140808105,0.0003640239800826615,0.88,0.9290200000000001
4112,0.02,2,9.0,9.2,True,20000,25844,3.1797995567321777,0.00036387172208673463,0.88,0.92906
4113,0.02,3,8.0,8.4,True,20000,25847,2.538238525390625,0.0003637194814388082,0.88,0.9291200000000001
4114,0.02,2,9.0,9.2,True,20000,25849,2.9178552627563477,0.00036356725816954637,0.88,0.92916
4115,0.02,1,10.0,10.0,True,20000,25850,2.361724853515625,0.00036341505230961016,0.88,0.92918
4116,0.02,8,3.0,4.0,True,20000,25858,2.1956052780151367,0.00036326286388965696,0.88,0.9293399999999999
4117,0.02,1,10.0,10.0,True,20000,25859,2.395923376083374,0.0003631106929403406,0.88,0.92936
4118,0.02,1,10.0,10.0,True,20000,25860,2.9444119930267334,0.0003629585394923115,0.89,0.92938
4119,0.02,2,9.0,9.2,True,20000,25862,3.5258851051330566,0.0003628064035762164,0.89,0.92942
4120,0.02,2,9.0,9.2,True,20000,25864,2.6790759563446045,0.00036265428522269866,0.9,0.92946
4121,0.02,3,8.0,8.4,True,20000,25867,2.8523988723754883,0.0003625021844623979,0.9,0.92952
4122,0.02,4,7.0,7.6,True,20000,25871,2.4348819255828857,0.00036235010132595045,0.9,0.9296
4123,0.02,7,4.0,4.4,True,20000,25878,2.463287591934204,0.00036219803584398895,0.9,0.92974
4124,0.02,7,4.0,4.4,True,20000,25885,2.69048810005188,0.0003620459880471426,0.9,0.92988
4125,0.02,2,9.0,9.2,True,20000,25887,2.6540660858154297,0.0003618939579660367,0.91,0.92992
4126,0.02,5,6.0,6.4,True,20000,25892,2.472606658935547,0.00036174194563129344,0.91,0.93002
4127,0.02,1,10.0,10.0,True,20000,25893,2.5532546043395996,0.0003615899510735311,0.91,0.93004
4128,0.02,2,9.0,9.2,True,20000,25895,2.8177268505096436,0.00036143797432336454,0.91,0.93008
4129,0.02,4,7.0,7.6,True,20000,25899,2.706501007080078,0.000361286015411405,0.91,0.93016
4130,0.02,2,9.0,9.2,True,20000,25901,2.8717973232269287,0.0003611340743682602,0.91,0.9302
4131,0.02,2,9.0,9.2,True,20000,25903,2.69614315032959,0.00036098215122453396,0.91,0.9302400000000001
4132,0.02,1,-10.0,-10.0,False,20000,25904,2.661691665649414,0.0003608302460108269,0.9,0.93026
4133,0.02,2,9.0,9.2,True,20000,25906,2.714660882949829,0.0003606783587577358,0.9,0.9303
4134,0.02,3,8.0,8.4,True,20000,25909,3.354602813720703,0.00036052648949585385,0.9,0.93036
4135,0.02,45,-45.0,-44.8,False,20000,25954,2.7841038703918457,0.0003603746382557707,0.89,0.93126
4136,0.02,5,6.0,6.4,True,20000,25959,3.2135276794433594,0.0003602228050680722,0.89,0.9313600000000001
4137,0.02,4,7.0,7.6,True,20000,25963,2.946582794189453,0.0003600709899633407,0.89,0.93144
4138,0.02,2,-11.0,-10.8,False,20000,25965,2.721947193145752,0.00035991919297215485,0.89,0.93148
4139,0.02,3,8.0,8.4,True,20000,25968,3.411548614501953,0.0003597674141250897,0.89,0.93154
4140,0.02,2,-11.0,-10.8,False,20000,25970,2.707756519317627,0.0003596156534527166,0.88,0.93158
4141,0.02,2,-11.0,-10.8,False,20000,25972,2.8502631187438965,0.00035946391098560344,0.87,0.93162
4142,0.02,2,9.0,9.2,True,20000,25974,2.8902008533477783,0.00035931218675431403,0.87,0.93166
4143,0.02,3,8.0,8.4,True,20000,25977,2.1669704914093018,0.00035916048078940874,0.87,0.93172
4144,0.02,5,6.0,6.8,True,20000,25982,2.919637680053711,0.0003590087931214444,0.87,0.93182
4145,0.02,12,-1.0,-0.8,True,20000,25994,3.0100741386413574,0.00035885712378097383,0.87,0.93206
4146,0.02,45,-45.0,-45.6,False,20000,26039,3.0570015907287598,0.0003587054727985467,0.86,0.93296
4147,0.02,2,9.0,9.2,True,20000,26041,3.1670870780944824,0.0003585538402047083,0.87,0.9329999999999999
4148,0.02,3,8.0,8.4,True,20000,26044,2.756110429763794,0.00035840222603000056,0.87,0.93306
4149,0.02,1,10.0,10.0,True,20000,26045,3.184767484664917,0.0003582506303049617,0.87,0.93308
4150,0.02,45,-45.0,-44.8,False,20000,26090,3.187488079071045,0.0003580990530601264,0.86,0.93398
4151,0.02,3,8.0,8.4,True,20000,26093,2.1411759853363037,0.00035794749432602527,0.86,0.93404
4152,0.02,2,9.0,9.2,True,20000,26095,2.5220956802368164,0.0003577959541331854,0.87,0.93408
4153,0.02,1,-10.0,-10.0,False,20000,26096,2.980414867401123,0.00035764443251212996,0.87,0.9341
4154,0.02,45,-45.0,-44.8,False,20000,26141,2.992764472961426,0.0003574929294933787,0.86,0.935
4155,0.02,2,9.0,9.2,True,20000,26143,2.8825294971466064,0.0003573414451074472,0.86,0.93504
4156,0.02,3,8.0,8.4,True,20000,26146,2.641831874847412,0.00035718997938484774,0.87,0.9351
4157,0.02,4,7.0,7.6,True,20000,26150,3.252027988433838,0.0003570385323560886,0.87,0.93518
4158,0.02,2,9.0,9.2,True,20000,26152,2.3432466983795166,0.0003568871040516742,0.87,0.93522
4159,0.02,2,9.0,9.2,True,20000,26154,3.081073045730591,0.00035673569450210535,0.87,0.93526
4160,0.02,2,9.0,9.2,True,20000,26156,2.87947940826416,0.000356584303737879,0.87,0.9353
4161,0.02,6,5.0,5.6,True,20000,26162,2.291069269180298,0.0003564329317894884,0.87,0.93542
4162,0.02,5,6.0,6.4,True,20000,26167,3.0472493171691895,0.00035628157868742297,0.87,0.93552
4163,0.02,1,10.0,10.0,True,20000,26168,2.983384609222412,0.0003561302444621684,0.87,0.9355399999999999
4164,0.02,1,10.0,10.0,True,20000,26169,2.706752300262451,0.00035597892914420636,0.87,0.93556
4165,0.02,4,7.0,7.6,True,20000,26173,2.390303134918213,0.00035582763276401487,0.87,0.93564
4166,0.02,4,7.0,7.6,True,20000,26177,2.5141682624816895,0.0003556763553520682,0.87,0.93572
4167,0.02,1,-10.0,-10.0,False,20000,26178,2.4090142250061035,0.0003555250969388367,0.86,0.93574
4168,0.02,2,9.0,9.2,True,20000,26180,2.4133031368255615,0.000355373857554787,0.86,0.9357800000000001
4169,0.02,3,8.0,8.4,True,20000,26183,2.5797600746154785,0.00035522263723038156,0.86,0.93584
4170,0.02,1,10.0,10.0,True,20000,26184,2.5467705726623535,0.00035507143599607945,0.86,0.93586
4171,0.02,3,8.0,8.4,True,20000,26187,2.583359479904175,0.00035492025388233567,0.86,0.93592
4172,0.02,1,10.0,10.0,True,20000,26188,3.626917839050293,0.00035476909091960133,0.86,0.93594
4173,0.02,45,-45.0,-44.8,False,20000,26233,2.6873133182525635,0.0003546179471383238,0.85,0.93684
4174,0.02,6,5.0,5.6,True,20000,26239,3.089430093765259,0.00035446682256894666,0.86,0.93696
4175,0.02,1,10.0,10.0,True,20000,26240,3.0917458534240723,0.00035431571724190927,0.86,0.93698
4176,0.02,2,9.0,9.2,True,20000,26242,2.55074143409729,0.00035416463118764747,0.86,0.93702
4177,0.02,3,-12.0,-11.6,False,20000,26245,2.6448161602020264,0.00035401356443659303,0.85,0.93708
4178,0.02,45,-45.0,-44.8,False,20000,26290,2.355536460876465,0.00035386251701917393,0.84,0.9379799999999999
4179,0.02,2,9.0,9.2,True,20000,26292,2.2330005168914795,0.0003537114889658143,0.84,0.9380200000000001
4180,0.02,4,7.0,7.6,True,20000,26296,2.6158220767974854,0.00035356048030693403,0.84,0.9381
4181,0.02,2,9.0,9.2,True,20000,26298,2.515501022338867,0.00035340949107294956,0.85,0.93814
4182,0.02,3,8.0,8.4,True,20000,26301,2.6342105865478516,0.00035325852129427317,0.85,0.9382
4183,0.02,4,7.0,7.6,True,20000,26305,2.8860714435577393,0.00035310757100131325,0.85,0.93828
4184,0.02,4,7.0,7.6,True,20000,26309,3.1578187942504883,0.0003529566402244743,0.86,0.93836
4185,0.02,1,10.0,10.0,True,20000,26310,2.9928834438323975,0.000352805728994157,0.86,0.93838
4186,0.02,2,9.0,9.2,True,20000,26312,3.0094330310821533,0.0003526548373407577,0.86,0.93842
4187,0.02,3,8.0,8.4,True,20000,26315,2.8370232582092285,0.0003525039652946693,0.86,0.93848
4188,0.02,2,9.0,9.2,True,20000,26317,2.0961358547210693,0.0003523531128862803,0.86,0.93852
4189,0.02,2,9.0,9.2,True,20000,26319,2.9585490226745605,0.00035220228014597567,0.86,0.93856
4190,0.02,2,9.0,9.2,True,20000,26321,2.7741079330444336,0.0003520514671041362,0.86,0.9386
4191,0.02,3,8.0,8.4,True,20000,26324,2.534863233566284,0.00035190067379113865,0.86,0.93866
4192,0.02,2,9.0,9.2,True,20000,26326,2.4268686771392822,0.0003517499002373558,0.86,0.9387
4193,0.02,18,-7.0,-6.4,True,20000,26344,2.4169485569000244,0.0003515991464731567,0.86,0.93906
4194,0.02,1,10.0,10.0,True,20000,26345,2.9950497150421143,0.00035144841252890614,0.86,0.93908
4195,0.02,2,9.0,9.2,True,20000,26347,2.2787275314331055,0.0003512976984349651,0.86,0.93912
4196,0.02,3,-12.0,-12.0,False,20000,26350,3.2419686317443848,0.00035114700422169066,0.85,0.93918
4197,0.02,8,3.0,3.6,True,20000,26358,2.6443886756896973,0.00035099632991943526,0.85,0.9393400000000001
4198,0.02,1,10.0,10.0,True,20000,26359,2.943655014038086,0.00035084567555854814,0.85,0.93936
4199,0.02,3,8.0,8.4,True,20000,26362,3.223904848098755,0.0003506950411693741,0.85,0.93942
4200,0.02,6,5.0,5.6,True,20000,26368,2.4297618865966797,0.00035054442678225396,0.85,0.93954
4201,0.02,1,10.0,10.0,True,20000,26369,2.662935972213745,0.00035039383242752465,0.85,0.93956
4202,0.02,4,7.0,7.6,True,20000,26373,3.0532281398773193,0.0003502432581355188,0.85,0.93964
4203,0.02,2,9.0,9.2,True,20000,26375,2.514573097229004,0.00035009270393656527,0.85,0.93968
4204,0.02,7,4.0,4.4,True,20000,26382,2.901313543319702,0.0003499421698609887,0.85,0.93982
4205,0.02,3,8.0,8.4,True,20000,26385,2.2019495964050293,0.0003497916559391098,0.85,0.93988
4206,0.02,2,9.0,9.2,True,20000,26387,2.8061912059783936,0.00034964116220124504,0.85,0.93992
4207,0.02,2,9.0,9.2,True,20000,26389,2.5148282051086426,0.0003494906886777072,0.86,0.93996
4208,0.02,1,10.0,10.0,True,20000,26390,2.721346855163574,0.0003493402353988044,0.86,0.93998
4209,0.02,2,9.0,9.2,True,20000,26392,3.1091573238372803,0.00034918980239484124,0.86,0.94002
4210,0.02,2,9.0,9.2,True,20000,26394,2.6874184608459473,0.00034903938969611787,0.86,0.94006
4211,0.02,2,9.0,9.2,True,20000,26396,2.199187755584717,0.00034888899733293065,0.86,0.9401
4212,0.02,5,6.0,6.8,True,20000,26401,2.173128843307495,0.0003487386253355716,0.86,0.9402
4213,0.02,1,10.0,10.0,True,20000,26402,2.608279228210449,0.00034858827373432865,0.86,0.94022
4214,0.02,5,6.0,6.8,True,20000,26407,2.8323724269866943,0.0003484379425594858,0.86,0.9403199999999999
4215,0.02,2,9.0,9.2,True,20000,26409,2.9436914920806885,0.0003482876318413228,0.86,0.94036
4216,0.02,1,-10.0,-10.0,False,20000,26410,2.8063485622406006,0.0003481373416101153,0.85,0.94038
4217,0.02,5,6.0,6.8,True,20000,26415,2.330979108810425,0.0003479870718961348,0.85,0.94048
4218,0.02,2,9.0,9.2,True,20000,26417,2.4635872840881348,0.00034783682272964886,0.85,0.94052
4219,0.02,1,10.0,10.0,True,20000,26418,2.702613115310669,0.0003476865941409205,0.85,0.94054
4220,0.02,2,9.0,9.2,True,20000,26420,2.995330810546875,0.0003475363861602089,0.85,0.94058
4221,0.02,4,7.0,7.6,True,20000,26424,2.7083332538604736,0.0003473861988177692,0.85,0.94066
4222,0.02,45,-45.0,-44.8,False,20000,26469,3.0992066860198975,0.000347236032143852,0.84,0.94156
4223,0.02,1,10.0,10.0,True,20000,26470,2.515953540802002,0.0003470858861687041,0.84,0.94158
4224,0.02,3,8.0,8.4,True,20000,26473,3.467343330383301,0.00034693576092256783,0.84,0.94164
4225,0.02,45,-45.0,-45.2,False,20000,26518,3.6828184127807617,0.0003467856564356816,0.83,0.94254
4226,0.02,2,9.0,9.2,True,20000,26520,3.404958486557007,0.00034663557273827947,0.83,0.94258
4227,0.02,2,9.0,9.2,True,20000,26522,2.576207160949707,0.00034648550986059146,0.83,0.94262
4228,0.02,3,-12.0,-11.6,False,20000,26525,2.81034517288208,0.0003463354678328432,0.82,0.94268
4229,0.02,1,10.0,10.0,True,20000,26526,2.2593741416931152,0.0003461854466852564,0.82,0.9427
4230,0.02,2,9.0,9.2,True,20000,26528,2.9372358322143555,0.00034603544644804814,0.82,0.94274
4231,0.02,1,10.0,10.0,True,20000,26529,2.6475963592529297,0.00034588546715143173,0.82,0.9427599999999999
4232,0.02,3,8.0,8.4,True,20000,26532,2.617445707321167,0.000345735508825616,0.83,0.94282
4233,0.02,5,6.0,6.8,True,20000,26537,3.0158376693725586,0.00034558557150080564,0.83,0.94292
4234,0.02,1,10.0,10.0,True,20000,26538,2.4637527465820312,0.0003454356552072012,0.83,0.94294
4235,0.02,1,10.0,10.0,True,20000,26539,2.750991106033325,0.00034528575997499876,0.84,0.94296
4236,0.02,1,10.0,10.0,True,20000,26540,3.1861557960510254,0.0003451358858343903,0.84,0.94298
4237,0.02,2,9.0,9.2,True,20000,26542,2.049685001373291,0.0003449860328155636,0.84,0.94302
4238,0.02,1,10.0,10.0,True,20000,26543,2.692992687225342,0.00034483620094870207,0.85,0.94304
4239,0.02,2,9.0,9.2,True,20000,26545,2.706310272216797,0.000344686390263985,0.85,0.94308
4240,0.02,5,6.0,6.8,True,20000,26550,2.693129062652588,0.0003445366007915875,0.86,0.94318
4241,0.02,1,10.0,10.0,True,20000,26551,2.513124465942383,0.0003443868325616798,0.87,0.9432
4242,0.02,5,6.0,6.8,True,20000,26556,2.631124973297119,0.00034423708560442844,0.87,0.9433
4243,0.02,2,-11.0,-10.8,False,20000,26558,3.5930376052856445,0.00034408735994999573,0.86,0.94334
4244,0.02,1,-10.0,-10.0,False,20000,26559,2.4031002521514893,0.00034393765562853936,0.85,0.94336
4245,0.02,2,9.0,9.2,True,20000,26561,2.974125623703003,0.0003437879726702129,0.85,0.9434
4246,0.02,1,10.0,10.0,True,20000,26562,2.7728025913238525,0.00034363831110516545,0.86,0.9434199999999999
4247,0.02,3,8.0,8.4,True,20000,26565,2.5289716720581055,0.000343488670963542,0.86,0.94348
4248,0.02,4,7.0,7.6,True,20000,26569,3.2641711235046387,0.00034333905227548316,0.86,0.9435600000000001
4249,0.02,2,9.0,9.2,True,20000,26571,2.960805892944336,0.00034318945507112513,0.86,0.9436
4250,0.02,4,7.0,7.6,True,20000,26575,2.646857261657715,0.0003430398793805999,0.87,0.94368
4251,0.02,2,9.0,9.2,True,20000,26577,2.862642765045166,0.0003428903252340351,0.87,0.94372
4252,0.02,5,6.0,6.4,True,20000,26582,2.1992764472961426,0.0003427407926615539,0.87,0.94382
4253,0.02,4,7.0,7.2,True,20000,26586,2.4015824794769287,0.0003425912816932753,0.88,0.9439
4254,0.02,3,8.0,8.4,True,20000,26589,3.114838123321533,0.0003424417923593139,0.89,0.94396
4255,0.02,3,8.0,8.4,True,20000,26592,3.1616158485412598,0.00034229232468977985,0.89,0.94402
4256,0.02,3,8.0,8.4,True,20000,26595,2.746967315673828,0.0003421428787147791,0.89,0.94408
4257,0.02,2,9.0,9.2,True,20000,26597,2.822155237197876,0.000341993454464413,0.89,0.9441200000000001
4258,0.02,2,9.0,9.2,True,20000,26599,2.414125442504883,0.00034184405196877873,0.89,0.94416
4259,0.02,3,8.0,8.4,True,20000,26602,2.473078727722168,0.000341694671257969,0.89,0.9442200000000001
4260,0.02,5,6.0,6.8,True,20000,26607,2.343287467956543,0.00034154531236207215,0.89,0.94432
4261,0.02,1,10.0,10.0,True,20000,26608,2.4061808586120605,0.00034139597531117214,0.89,0.94434
4262,0.02,1,10.0,10.0,True,20000,26609,2.3937201499938965,0.0003412466601353486,0.89,0.94436
4263,0.02,2,-11.0,-11.2,False,20000,26611,2.569817066192627,0.00034109736686467645,0.88,0.9444
4264,0.02,3,8.0,8.4,True,20000,26614,2.9082181453704834,0.00034094809552922655,0.88,0.94446
4265,0.02,5,6.0,6.4,True,20000,26619,2.2307071685791016,0.0003407988461590652,0.88,0.94456
4266,0.02,2,9.0,9.2,True,20000,26621,3.541694164276123,0.00034064961878425425,0.88,0.9446
4267,0.02,3,8.0,8.4,True,20000,26624,2.3900961875915527,0.0003405004134348512,0.89,0.94466
4268,0.02,3,-12.0,-11.6,False,20000,26627,2.526817798614502,0.00034035123014090906,0.88,0.94472
4269,0.02,3,8.0,8.4,True,20000,26630,2.5547502040863037,0.00034020206893247627,0.88,0.9447800000000001
4270,0.02,1,10.0,10.0,True,20000,26631,4.0711350440979,0.0003400529298395971,0.88,0.9448
4271,0.02,1,10.0,10.0,True,20000,26632,3.0175328254699707,0.0003399038128923112,0.88,0.94482
4272,0.02,45,-45.0,-45.2,False,20000,26677,2.4439315795898438,0.00033975471812065376,0.87,0.94572
4273,0.02,4,7.0,7.6,True,20000,26681,2.9199979305267334,0.0003396056455546556,0.88,0.9458
4274,0.02,1,10.0,10.0,True,20000,26682,2.0968384742736816,0.0003394565952243428,0.88,0.94582
4275,0.02,45,-45.0,-44.8,False,20000,26727,2.6020193099975586,0.0003393075671597373,0.87,0.94672
4276,0.02,5,6.0,6.8,True,20000,26732,2.8488171100616455,0.0003391585613908564,0.87,0.94682
4277,0.02,2,9.0,9.2,True,20000,26734,2.9379782676696777,0.00033900957794771283,0.88,0.94686
4278,0.02,2,9.0,9.2,True,20000,26736,2.3778703212738037,0.00033886061686031507,0.89,0.9469
4279,0.02,3,8.0,8.4,True,20000,26739,2.521139621734619,0.0003387116781586667,0.89,0.94696
4280,0.02,2,9.0,9.2,True,20000,26741,3.092978000640869,0.0003385627618727672,0.89,0.947
4281,0.02,4,7.0,7.2,True,20000,26745,2.3605856895446777,0.0003384138680326113,0.89,0.94708
4282,0.02,5,6.0,6.8,True,20000,26750,2.431722402572632,0.0003382649966681893,0.89,0.94718
4283,0.02,3,8.0,8.4,True,20000,26753,2.5449976921081543,0.0003381161478094869,0.89,0.94724
4284,0.02,2,9.0,9.2,True,20000,26755,3.597867965698242,0.0003379673214864855,0.89,0.94728
4285,0.02,3,8.0,8.4,True,20000,26758,3.0497210025787354,0.00033781851772916155,0.89,0.94734
4286,0.02,4,7.0,7.2,True,20000,26762,2.493257522583008,0.0003376697365674872,0.89,0.94742
4287,0.02,3,8.0,8.0,True,20000,26765,2.847505807876587,0.00033752097803143005,0.89,0.94748
4288,0.02,2,9.0,9.2,True,20000,26767,2.599839925765991,0.00033737224215095316,0.89,0.94752
4289,0.02,1,10.0,10.0,True,20000,26768,2.938577890396118,0.0003372235289560151,0.89,0.9475399999999999
4290,0.02,2,9.0,9.2,True,20000,26770,3.0201847553253174,0.00033707483847656946,0.89,0.94758
4291,0.02,4,7.0,7.2,True,20000,26774,2.6640684604644775,0.00033692617074256574,0.89,0.94766
4292,0.02,2,9.0,9.2,True,20000,26776,2.7002737522125244,0.0003367775257839486,0.89,0.9477
4293,0.02,32,-21.0,-20.4,True,20000,26808,2.6520156860351562,0.0003366289036306583,0.89,0.9483400000000001
4294,0.02,1,10.0,10.0,True,20000,26809,3.502279043197632,0.0003364803043126303,0.89,0.94836
4295,0.02,3,8.0,8.4,True,20000,26812,2.794064521789551,0.00033633172785979554,0.89,0.94842
4296,0.02,1,10.0,10.0,True,20000,26813,2.593356132507324,0.00033618317430208035,0.9,0.9484400000000001
4297,0.02,1,10.0,10.0,True,20000,26814,2.902162790298462,0.0003360346436694065,0.9,0.94846
4298,0.02,6,5.0,6.0,True,20000,26820,2.3272452354431152,0.0003358861359916911,0.9,0.94858
4299,0.02,5,6.0,6.8,True,20000,26825,2.3441009521484375,0.0003357376512988466,0.9,0.94868
4300,0.02,1,-10.0,-10.0,False,20000,26826,2.7292113304138184,0.0003355891896207809,0.89,0.9487
4301,0.02,2,9.0,9.2,True,20000,26828,2.896113634109497,0.0003354407509873972,0.89,0.94874
4302,0.02,1,10.0,10.0,True,20000,26829,2.282421827316284,0.000335292335428594,0.89,0.9487599999999999
4303,0.02,1,10.0,10.0,True,20000,26830,2.3449745178222656,0.00033514394297426544,0.89,0.94878
4304,0.02,1,10.0,10.0,True,20000,26831,2.5861496925354004,0.00033499557365430064,0.89,0.9488
4305,0.02,1,10.0,10.0,True,20000,26832,2.8914551734924316,0.00033484722749858436,0.89,0.94882
4306,0.02,2,9.0,9.2,True,20000,26834,2.002699136734009,0.0003346989045369965,0.89,0.9488599999999999
4307,0.02,2,9.0,9.2,True,20000,26836,2.9035847187042236,0.00033455060479941224,0.89,0.9489000000000001
4308,0.02,2,9.0,9.2,True,20000,26838,2.1206014156341553,0.0003344023283157023,0.89,0.94894
4309,0.02,1,10.0,10.0,True,20000,26839,2.7226929664611816,0.0003342540751157325,0.89,0.94896
4310,0.02,4,7.0,7.6,True,20000,26843,2.156653881072998,0.00033410584522936416,0.89,0.94904
4311,0.02,4,7.0,7.6,True,20000,26847,2.492349147796631,0.00033395763868645384,0.89,0.94912
4312,0.02,4,7.0,7.6,True,20000,26851,2.5028810501098633,0.0003338094555168533,0.89,0.9492
4313,0.02,3,8.0,8.4,True,20000,26854,2.9667975902557373,0.00033366129575040975,0.89,0.94926
4314,0.02,23,-12.0,-11.6,True,20000,26877,2.6871533393859863,0.0003335131594169655,0.89,0.94972
4315,0.02,2,9.0,9.2,True,20000,26879,2.496657371520996,0.00033336504654635826,0.89,0.94976
4316,0.02,3,8.0,8.4,True,20000,26882,3.1044206619262695,0.0003332169571684211,0.9,0.94982
4317,0.02,2,9.0,9.2,True,20000,26884,2.6864500045776367,0.0003330688913129822,0.9,0.94986
4318,0.02,2,9.0,9.2,True,20000,26886,2.9757487773895264,0.00033292084900986497,0.9,0.9499
4319,0.02,2,9.0,9.2,True,20000,26888,2.8634414672851562,0.00033277283028888827,0.9,0.94994
4320,0.02,14,-3.0,-2.4,True,20000,26902,3.0335533618927,0.0003326248351798661,0.9,0.9502200000000001
4321,0.02,1,10.0,10.0,True,20000,26903,3.375664472579956,0.0003324768637126076,0.9,0.95024
4322,0.02,2,9.0,9.2,True,20000,26905,2.8813626766204834,0.00033232891591691746,0.91,0.95028
4323,0.02,2,9.0,9.2,True,20000,26907,2.8477468490600586,0.00033218099182259525,0.91,0.95032
4324,0.02,4,7.0,7.6,True,20000,26911,3.1910972595214844,0.0003320330914594359,0.91,0.9504
4325,0.02,1,10.0,10.0,True,20000,26912,2.6838719844818115,0.00033188521485722963,0.92,0.95042
4326,0.02,3,8.0,8.4,True,20000,26915,2.0569145679473877,0.0003317373620457618,0.92,0.95048
4327,0.02,3,8.0,8.4,True,20000,26918,2.277177333831787,0.000331589533054813,0.92,0.9505399999999999
4328,0.02,2,9.0,9.2,True,20000,26920,2.1363229751586914,0.00033144172791415904,0.93,0.95058
4329,0.02,4,7.0,7.6,True,20000,26924,2.4711999893188477,0.0003312939466535709,0.93,0.95066
4330,0.02,1,10.0,10.0,True,20000,26925,2.745138168334961,0.0003311461893028146,0.93,0.95068
4331,0.02,3,8.0,8.4,True,20000,26928,2.634624481201172,0.0003309984558916518,0.93,0.95074
4332,0.02,4,7.0,7.6,True,20000,26932,1.6201001405715942,0.0003308507464498387,0.93,0.95082
4333,0.02,2,9.0,9.2,True,20000,26934,3.392183780670166,0.0003307030610071274,0.93,0.95086
4334,0.02,4,7.0,7.2,True,20000,26938,2.25886869430542,0.00033055539959326447,0.93,0.95094
4335,0.02,1,10.0,10.0,True,20000,26939,2.613083839416504,0.0003304077622379919,0.93,0.95096
4336,0.02,2,-11.0,-10.8,False,20000,26941,2.255779266357422,0.00033026014897104706,0.92,0.951
4337,0.02,2,9.0,9.2,True,20000,26943,3.097729206085205,0.0003301125598221623,0.92,0.95104
4338,0.02,2,9.0,9.2,True,20000,26945,3.244023323059082,0.00032996499482106496,0.92,0.95108
4339,0.02,45,-45.0,-45.2,False,20000,26990,2.2720181941986084,0.0003298174539974779,0.91,0.95198
4340,0.02,1,10.0,10.0,True,20000,26991,2.407921314239502,0.00032966993738111857,0.91,0.9520000000000001
4341,0.02,2,9.0,9.2,True,20000,26993,2.845752239227295,0.00032952244500169994,0.91,0.95204
4342,0.02,5,6.0,6.4,True,20000,26998,2.066119432449341,0.00032937497688893005,0.91,0.95214
4343,0.02,2,9.0,9.2,True,20000,27000,2.893230676651001,0.000329227533072512,0.92,0.95218
4344,0.02,2,9.0,9.2,True,20000,27002,2.8040788173675537,0.00032908011358214406,0.93,0.95222
4345,0.02,4,7.0,7.6,True,20000,27006,2.806309223175049,0.0003289327184475193,0.93,0.9523
4346,0.02,21,-10.0,-9.6,True,20000,27027,2.6736948490142822,0.00032878534769832635,0.93,0.95272
4347,0.02,3,8.0,8.4,True,20000,27030,2.046011447906494,0.0003286380013642486,0.93,0.95278
4348,0.02,1,-10.0,-10.0,False,20000,27031,2.6224725246429443,0.0003284906794749646,0.92,0.9528
4349,0.02,17,-6.0,-5.2,True,20000,27048,2.403444290161133,0.00032834338206014804,0.92,0.95314
4350,0.02,4,7.0,7.2,True,20000,27052,2.5590062141418457,0.0003281961091494678,0.92,0.9532200000000001
4351,0.02,3,8.0,8.4,True,20000,27055,2.7691845893859863,0.0003280488607725874,0.92,0.95328
4352,0.02,1,10.0,10.0,True,20000,27056,2.291574478149414,0.0003279016369591657,0.92,0.9533
4353,0.02,1,10.0,10.0,True,20000,27057,2.089792013168335,0.00032775443773885675,0.92,0.9533200000000001
4354,0.02,3,8.0,8.4,True,20000,27060,2.589478015899658,0.00032760726314130936,0.92,0.95338
4355,0.02,2,9.0,9.2,True,20000,27062,2.203127861022949,0.0003274601131961677,0.92,0.95342
4356,0.02,4,7.0,7.6,True,20000,27066,2.1480345726013184,0.00032731298793307054,0.92,0.9535
4357,0.02,3,8.0,8.4,True,20000,27069,2.778618812561035,0.000327165887381652,0.92,0.95356
4358,0.02,2,9.0,9.2,True,20000,27071,2.197932243347168,0.0003270188115715413,0.92,0.9536
4359,0.02,2,9.0,9.2,True,20000,27073,2.4605507850646973,0.00032687176053236225,0.92,0.9536399999999999
4360,0.02,3,8.0,8.4,True,20000,27076,3.003173828125,0.0003267247342937342,0.92,0.9537
4361,0.02,5,6.0,6.4,True,20000,27081,3.0921976566314697,0.0003265777328852711,0.92,0.9538
4362,0.02,1,10.0,10.0,True,20000,27082,3.1840009689331055,0.00032643075633658207,0.92,0.95382
4363,0.02,45,-45.0,-44.8,False,20000,27127,2.6730570793151855,0.00032628380467727123,0.92,0.95472
4364,0.02,2,9.0,9.2,True,20000,27129,2.1268019676208496,0.00032613687793693765,0.92,0.9547599999999999
4365,0.02,1,10.0,10.0,True,20000,27130,3.276123046875,0.0003259899761451753,0.92,0.95478
4366,0.02,3,8.0,8.4,True,20000,27133,3.112452507019043,0.00032584309933157343,0.92,0.95484
4367,0.02,2,9.0,9.2,True,20000,27135,2.271470785140991,0.00032569624752571585,0.92,0.95488
4368,0.02,1,10.0,10.0,True,20000,27136,2.6468145847320557,0.00032554942075718155,0.93,0.9549
4369,0.02,4,7.0,7.6,True,20000,27140,2.2478272914886475,0.0003254026190555445,0.93,0.95498
4370,0.02,4,7.0,7.6,True,20000,27144,2.613293170928955,0.0003252558424503735,0.93,0.95506
4371,0.02,1,10.0,10.0,True,20000,27145,2.5906929969787598,0.00032510909097123247,0.93,0.95508
4372,0.02,1,10.0,10.0,True,20000,27146,2.351254940032959,0.00032496236464768014,0.94,0.9551000000000001
4373,0.02,3,8.0,8.4,True,20000,27149,2.2594709396362305,0.00032481566350927004,0.94,0.95516
4374,0.02,2,9.0,9.2,True,20000,27151,2.634141683578491,0.000324668987585551,0.94,0.9552
4375,0.02,5,6.0,6.4,True,20000,27156,2.864631414413452,0.00032452233690606646,0.95,0.9553
4376,0.02,1,-10.0,-10.0,False,20000,27157,2.3128855228424072,0.00032437571150035485,0.94,0.95532
4377,0.02,3,8.0,8.4,True,20000,27160,3.184072971343994,0.00032422911139794966,0.94,0.95538
4378,0.02,18,-7.0,-6.8,True,20000,27178,2.99405574798584,0.000324082536628379,0.94,0.95574
4379,0.02,3,8.0,8.4,True,20000,27181,2.2859420776367188,0.00032393598722116606,0.94,0.9558
4380,0.02,45,-45.0,-45.2,False,20000,27226,2.9377522468566895,0.00032378946320582884,0.93,0.9567
4381,0.02,3,8.0,8.4,True,20000,27229,2.739311695098877,0.00032364296461188046,0.93,0.95676
4382,0.02,5,6.0,6.8,True,20000,27234,2.161407232284546,0.00032349649146882863,0.93,0.95686
4383,0.02,6,5.0,5.6,True,20000,27240,2.622612476348877,0.00032335004380617616,0.93,0.95698
4384,0.02,2,9.0,9.2,True,20000,27242,2.688136577606201,0.0003232036216534204,0.93,0.95702
4385,0.02,3,8.0,8.4,True,20000,27245,2.605872631072998,0.0003230572250400539,0.93,0.95708
4386,0.02,2,9.0,9.2,True,20000,27247,2.790795087814331,0.00032291085399556386,0.93,0.95712
4387,0.02,3,8.0,8.4,True,20000,27250,2.475648880004883,0.0003227645085494325,0.93,0.95718
4388,0.02,2,9.0,9.2,True,20000,27252,3.517333984375,0.00032261818873113683,0.93,0.95722
4389,0.02,3,8.0,8.4,True,20000,27255,2.58488130569458,0.00032247189457014854,0.93,0.95728
4390,0.02,4,7.0,7.6,True,20000,27259,2.9782989025115967,0.0003223256260959343,0.93,0.95736
4391,0.02,2,9.0,9.2,True,20000,27261,2.63474178314209,0.00032217938333795564,0.93,0.9574
4392,0.02,2,9.0,9.2,True,20000,27263,2.7361702919006348,0.00032203316632566873,0.93,0.9574400000000001
4393,0.02,4,7.0,7.6,True,20000,27267,2.7527525424957275,0.0003218869750885248,0.93,0.95752
4394,0.02,2,9.0,9.2,True,20000,27269,3.089404344558716,0.0003217408096559698,0.93,0.95756
4395,0.02,1,10.0,10.0,True,20000,27270,2.212298631668091,0.00032159467005744423,0.93,0.95758
4396,0.02,35,-24.0,-23.6,True,20000,27305,2.3648576736450195,0.0003214485563223838,0.93,0.95828
4397,0.02,1,10.0,10.0,True,20000,27306,3.0118165016174316,0.00032130246848021874,0.93,0.9583
4398,0.02,3,8.0,8.4,True,20000,27309,2.6657752990722656,0.0003211564065603741,0.93,0.95836
4399,0.02,2,9.0,9.2,True,20000,27311,2.6776440143585205,0.0003210103705922698,0.93,0.9584
4400,0.02,4,7.0,7.6,True,20000,27315,2.780216693878174,0.0003208643606053204,0.94,0.95848
4401,0.02,2,9.0,9.2,True,20000,27317,2.4999794960021973,0.0003207183766289354,0.94,0.9585199999999999
4402,0.02,1,10.0,10.0,True,20000,27318,2.978153944015503,0.00032057241869251895,0.94,0.95854
4403,0.02,2,9.0,9.2,True,20000,27320,2.384033679962158,0.00032042648682546987,0.94,0.95858
4404,0.02,1,10.0,10.0,True,20000,27321,2.8633203506469727,0.00032028058105718196,0.94,0.9586
4405,0.02,2,9.0,9.2,True,20000,27323,2.7090554237365723,0.0003201347014170436,0.94,0.95864
4406,0.02,2,9.0,9.2,True,20000,27325,2.6317572593688965,0.0003199888479344379,0.94,0.95868
4407,0.02,3,8.0,8.4,True,20000,27328,2.915822982788086,0.00031984302063874266,0.94,0.95874
4408,0.02,2,9.0,9.2,True,20000,27330,2.288126230239868,0.0003196972195593306,0.94,0.95878
4409,0.02,5,6.0,6.4,True,20000,27335,2.1705610752105713,0.0003195514447255691,0.94,0.95888
4410,0.02,2,9.0,9.2,True,20000,27337,2.4811484813690186,0.00031940569616682003,0.94,0.95892
4411,0.02,5,6.0,6.4,True,20000,27342,2.598383903503418,0.00031925997391244035,0.94,0.95902
4412,0.02,2,9.0,9.2,True,20000,27344,2.486173391342163,0.0003191142779917813,0.94,0.95906
4413,0.02,2,9.0,9.2,True,20000,27346,2.3196792602539062,0.00031896860843418914,0.94,0.9591
4414,0.02,6,5.0,6.0,True,20000,27352,2.2603659629821777,0.00031882296526900466,0.94,0.9592200000000001
4415,0.02,1,-10.0,-10.0,False,20000,27353,2.850966453552246,0.0003186773485255634,0.93,0.95924
4416,0.02,5,6.0,6.8,True,20000,27358,2.4161388874053955,0.0003185317582331956,0.93,0.95934
4417,0.02,5,6.0,6.8,True,20000,27363,2.2864482402801514,0.00031838619442122606,0.93,0.95944
4418,0.02,2,9.0,9.2,True,20000,27365,2.274284839630127,0.0003182406571189743,0.93,0.95948
4419,0.02,3,8.0,8.4,True,20000,27368,2.2039084434509277,0.00031809514635575457,0.93,0.95954
4420,0.02,20,-9.0,-8.8,True,20000,27388,2.567324638366699,0.00031794966216087565,0.93,0.95994
4421,0.02,3,8.0,8.4,True,20000,27391,3.1911544799804688,0.00031780420456364113,0.93,0.96
4422,0.02,2,9.0,9.2,True,20000,27393,2.525815010070801,0.0003176587735933492,0.93,0.96004
4423,0.02,2,9.0,9.2,True,20000,27395,2.658041000366211,0.0003175133692792925,0.93,0.96008
4424,0.02,3,-12.0,-12.0,False,20000,27398,2.647536277770996,0.0003173679916507584,0.92,0.96014
4425,0.02,4,7.0,7.6,True,20000,27402,2.4160966873168945,0.000317222640737029,0.92,0.96022
4426,0.02,4,7.0,7.6,True,20000,27406,2.843963861465454,0.00031707731656738106,0.92,0.9602999999999999
4427,0.02,3,8.0,8.4,True,20000,27409,3.57851505279541,0.0003169320191710859,0.92,0.96036
4428,0.02,3,8.0,8.4,True,20000,27412,2.3680930137634277,0.00031678674857740904,0.92,0.96042
4429,0.02,4,7.0,7.6,True,20000,27416,2.457956552505493,0.00031664150481561124,0.92,0.9605
4430,0.02,4,7.0,7.6,True,20000,27420,3.029029130935669,0.00031649628791494746,0.92,0.96058
4431,0.02,4,7.0,7.6,True,20000,27424,2.0014398097991943,0.0003163510979046674,0.92,0.96066
4432,0.02,45,-45.0,-45.2,False,20000,27469,2.672006607055664,0.00031620593481401543,0.91,0.96156
4433,0.02,4,7.0,7.2,True,20000,27473,2.2715742588043213,0.0003160607986722302,0.91,0.96164
4434,0.02,1,10.0,10.0,True,20000,27474,2.385310173034668,0.0003159156895085451,0.91,0.9616600000000001
4435,0.02,2,9.0,9.2,True,20000,27476,2.641831398010254,0.0003157706073521881,0.91,0.9617
4436,0.02,5,6.0,6.8,True,20000,27481,2.6203505992889404,0.0003156255522323818,0.92,0.9618
4437,0.02,3,8.0,8.4,True,20000,27484,2.986274003982544,0.00031548052417834324,0.92,0.96186
4438,0.02,2,9.0,9.2,True,20000,27486,2.5499796867370605,0.0003153355232192841,0.92,0.9619
4439,0.02,4,7.0,7.6,True,20000,27490,3.148226737976074,0.0003151905493844104,0.93,0.96198
4440,0.02,2,9.0,9.2,True,20000,27492,2.468600273132324,0.0003150456027029229,0.93,0.96202
4441,0.02,5,6.0,6.8,True,20000,27497,2.4485716819763184,0.00031490068320401686,0.93,0.96212
4442,0.02,4,7.0,7.6,True,20000,27501,3.1488211154937744,0.000314755790916882,0.93,0.9622
4443,0.02,2,9.0,9.2,True,20000,27503,2.296455144882202,0.0003146109258707027,0.93,0.96224
4444,0.02,3,8.0,8.4,True,20000,27506,2.4205639362335205,0.0003144660880946577,0.93,0.9623
4445,0.02,1,-10.0,-10.0,False,20000,27507,2.6393020153045654,0.0003143212776179202,0.92,0.9623200000000001
4446,0.02,2,9.0,9.2,True,20000,27509,3.008089065551758,0.0003141764944696581,0.92,0.96236
4447,0.02,7,4.0,4.8,True,20000,27516,2.9282569885253906,0.0003140317386790336,0.92,0.9625
4448,0.02,2,9.0,9.2,True,20000,27518,3.0702922344207764,0.0003138870102752036,0.93,0.96254
4449,0.02,2,9.0,9.2,True,20000,27520,2.024285316467285,0.0003137423092873193,0.93,0.96258
4450,0.02,1,10.0,10.0,True,20000,27521,1.812619686126709,0.00031359763574452645,0.93,0.9626
4451,0.02,3,8.0,8.4,True,20000,27524,2.47574782371521,0.00031345298967596524,0.93,0.96266
4452,0.02,1,10.0,10.0,True,20000,27525,2.940483808517456,0.0003133083711107704,0.93,0.96268
4453,0.02,2,9.0,9.2,True,20000,27527,2.52390718460083,0.0003131637800780711,0.93,0.96272
4454,0.02,2,9.0,9.2,True,20000,27529,2.706328868865967,0.00031301921660699085,0.93,0.96276
4455,0.02,1,10.0,10.0,True,20000,27530,3.0857105255126953,0.00031287468072664783,0.93,0.96278
4456,0.02,3,8.0,8.4,True,20000,27533,3.2001841068267822,0.00031273017246615436,0.93,0.96284
4457,0.02,2,9.0,9.2,True,20000,27535,2.7485952377319336,0.0003125856918546174,0.93,0.9628800000000001
4458,0.02,1,10.0,10.0,True,20000,27536,2.899637222290039,0.00031244123892113846,0.93,0.9629
4459,0.02,2,9.0,9.2,True,20000,27538,2.6851608753204346,0.0003122968136948132,0.93,0.96294
4460,0.02,4,7.0,7.6,True,20000,27542,2.726381301879883,0.00031215241620473187,0.93,0.96302
4461,0.02,7,4.0,4.4,True,20000,27549,2.258845806121826,0.00031200804647997895,0.93,0.96316
4462,0.02,3,8.0,8.4,True,20000,27552,3.404470920562744,0.00031186370454963354,0.93,0.96322
4463,0.02,6,5.0,5.2,True,20000,27558,2.2388696670532227,0.00031171939044276917,0.94,0.96334
4464,0.02,45,-45.0,-44.8,False,20000,27603,2.498234748840332,0.00031157510418845346,0.93,0.96424
4465,0.02,1,10.0,10.0,True,20000,27604,2.0619139671325684,0.00031143084581574884,0.93,0.96426
4466,0.02,1,10.0,10.0,True,20000,27605,2.5074687004089355,0.0003112866153537118,0.93,0.96428
4467,0.02,3,8.0,8.4,True,20000,27608,2.293842315673828,0.00031114241283139324,0.93,0.96434
4468,0.02,5,6.0,6.8,True,20000,27613,2.825045108795166,0.0003109982382778386,0.93,0.96444
4469,0.02,1,10.0,10.0,True,20000,27614,3.096506118774414,0.0003108540917220875,0.93,0.96446
4470,0.02,45,-45.0,-44.8,False,20000,27659,2.608509063720703,0.00031070997319317405,0.92,0.96536
4471,0.02,1,10.0,10.0,True,20000,27660,2.5594091415405273,0.00031056588272012687,0.92,0.96538
4472,0.02,2,9.0,9.2,True,20000,27662,2.4430689811706543,0.0003104218203319685,0.92,0.9654200000000001
4473,0.02,5,6.0,6.8,True,20000,27667,2.602553129196167,0.00031027778605771596,0.92,0.96552
4474,0.02,6,5.0,6.0,True,20000,27673,3.3073112964630127,0.0003101337799263809,0.92,0.9656399999999999
4475,0.02,3,8.0,8.0,True,20000,27676,2.529353141784668,0.0003099898019669691,0.92,0.9657
4476,0.02,3,8.0,8.4,True,20000,27679,2.2124481201171875,0.00030984585220848065,0.93,0.96576
4477,0.02,2,9.0,9.2,True,20000,27681,2.5956132411956787,0.00030970193067991005,0.93,0.9658
4478,0.02,2,-11.0,-10.8,False,20000,27683,2.890723943710327,0.0003095580374102459,0.92,0.96584
4479,0.02,4,7.0,7.6,True,20000,27687,2.3268165588378906,0.0003094141724284713,0.92,0.96592
4480,0.02,4,7.0,7.6,True,20000,27691,2.193361759185791,0.0003092703357635636,0.93,0.966
4481,0.02,1,10.0,10.0,True,20000,27692,2.9403507709503174,0.00030912652744449445,0.93,0.96602
4482,0.02,4,7.0,7.6,True,20000,27696,2.5788397789001465,0.0003089827475002299,0.93,0.9661
4483,0.02,2,9.0,9.2,True,20000,27698,3.0945873260498047,0.0003088389959597301,0.93,0.96614
4484,0.02,2,9.0,9.2,True,20000,27700,2.455289840698242,0.0003086952728519495,0.93,0.96618
4485,0.02,1,10.0,10.0,True,20000,27701,2.613466262817383,0.0003085515782058369,0.93,0.9662
4486,0.02,3,8.0,8.4,True,20000,27704,2.361157178878784,0.00030840791205033545,0.93,0.96626
4487,0.02,14,-3.0,-2.0,True,20000,27718,1.7598366737365723,0.0003082642744143823,0.93,0.9665400000000001
4488,0.02,45,-45.0,-45.2,False,20000,27763,2.4833147525787354,0.00030812066532690923,0.92,0.96744
4489,0.02,44,-53.0,-53.2,False,20000,27807,2.302614688873291,0.0003079770848168419,0.91,0.9683200000000001
4490,0.02,4,-13.0,-12.8,False,20000,27811,2.6709728240966797,0.0003078335329131003,0.9,0.9684
4491,0.02,2,9.0,9.2,True,20000,27813,2.52712345123291,0.0003076900096445988,0.9,0.96844
4492,0.02,2,9.0,9.2,True,20000,27815,3.0325253009796143,0.00030754651504024603,0.9,0.96848
4493,0.02,3,8.0,8.0,True,20000,27818,1.8924596309661865,0.0003074030491289447,0.9,0.96854
4494,0.02,5,6.0,6.8,True,20000,27823,2.8695449829101562,0.00030725961193959166,0.9,0.96864
4495,0.02,1,-10.0,-10.0,False,20000,27824,2.4865307807922363,0.00030711620350107826,0.89,0.96866
4496,0.02,14,-3.0,-2.4,True,20000,27838,2.1843206882476807,0.00030697282384228977,0.89,0.96894
4497,0.02,1,10.0,10.0,True,20000,27839,1.921382188796997,0.0003068294729921058,0.89,0.96896
4498,0.02,1,10.0,10.0,True,20000,27840,2.551273822784424,0.00030668615097940023,0.89,0.9689800000000001
4499,0.02,2,9.0,9.2,True,20000,27842,2.2207725048065186,0.0003065428578330411,0.89,0.96902
4500,0.02,5,6.0,6.8,True,20000,27847,2.670158624649048,0.0003063995935818904,0.89,0.96912
4501,0.02,5,6.0,6.8,True,20000,27852,3.6139626502990723,0.00030625635825480454,0.89,0.96922
4502,0.02,7,4.0,4.4,True,20000,27859,2.6379358768463135,0.00030611315188063416,0.89,0.96936
4503,0.02,45,-45.0,-44.8,False,20000,27904,2.6931915283203125,0.00030596997448822385,0.88,0.97026
4504,0.02,2,9.0,9.2,True,20000,27906,2.446495532989502,0.0003058268261064126,0.88,0.9703
4505,0.02,3,8.0,8.4,True,20000,27909,2.365190029144287,0.0003056837067640333,0.88,0.97036
4506,0.02,2,9.0,9.2,True,20000,27911,2.3478739261627197,0.00030554061648991313,0.88,0.9704
4507,0.02,2,9.0,9.2,True,20000,27913,2.356950283050537,0.0003053975553128735,0.88,0.97044
4508,0.02,45,-45.0,-44.8,False,20000,27958,2.882091522216797,0.0003052545232617297,0.87,0.97134
4509,0.02,1,10.0,10.0,True,20000,27959,2.219179391860962,0.0003051115203652915,0.87,0.97136
4510,0.02,1,10.0,10.0,True,20000,27960,2.6369128227233887,0.00030496854665236256,0.87,0.97138
4511,0.02,1,10.0,10.0,True,20000,27961,2.2533631324768066,0.0003048256021517406,0.87,0.9714
4512,0.02,3,8.0,8.4,True,20000,27964,2.6769936084747314,0.00030468268689221766,0.87,0.97146
4513,0.02,5,6.0,6.8,True,20000,27969,2.5786232948303223,0.00030453980090257987,0.87,0.97156
4514,0.02,4,7.0,7.6,True,20000,27973,2.4374828338623047,0.00030439694421160725,0.87,0.97164
4515,0.02,31,-20.0,-19.6,True,20000,28004,2.7708237171173096,0.00030425411684807424,0.88,0.97226
4516,0.02,4,7.0,7.6,True,20000,28008,2.0047216415405273,0.000304111318840749,0.88,0.97234
4517,0.02,3,8.0,8.4,True,20000,28011,2.368741989135742,0.0003039685502183942,0.88,0.9723999999999999
4518,0.02,2,9.0,9.2,True,20000,28013,1.9721022844314575,0.0003038258110097661,0.88,0.97244
4519,0.02,4,7.0,7.6,True,20000,28017,2.6290929317474365,0.0003036831012436155,0.88,0.97252
4520,0.02,2,9.0,9.2,True,20000,28019,1.9209312200546265,0.00030354042094868697,0.88,0.97256
4521,0.02,2,9.0,9.2,True,20000,28021,1.782966136932373,0.00030339777015371934,0.88,0.9726
4522,0.02,3,8.0,8.4,True,20000,28024,2.876605987548828,0.00030325514888744534,0.88,0.97266
4523,0.02,2,9.0,9.2,True,20000,28026,2.7116589546203613,0.00030311255717859186,0.88,0.9727
4524,0.02,1,10.0,10.0,True,20000,28027,2.5519585609436035,0.0003029699950558797,0.89,0.97272
4525,0.02,5,6.0,6.8,True,20000,28032,2.643458127975464,0.0003028274625480239,0.89,0.97282
4526,0.02,1,10.0,10.0,True,20000,28033,2.5679545402526855,0.00030268495968373353,0.89,0.97284
4527,0.02,3,8.0,8.4,True,20000,28036,2.463791847229004,0.0003025424864917113,0.89,0.9729
4528,0.02,3,8.0,8.4,True,20000,28039,2.357318878173828,0.0003024000430006544,0.89,0.9729599999999999
4529,0.02,3,8.0,8.4,True,20000,28042,2.9563169479370117,0.0003022576292392538,0.89,0.97302
4530,0.02,1,10.0,10.0,True,20000,28043,2.4535036087036133,0.0003021152452361946,0.89,0.97304
4531,0.02,4,7.0,7.2,True,20000,28047,1.9968246221542358,0.0003019728910201559,0.89,0.97312
4532,0.02,1,10.0,10.0,True,20000,28048,2.6629090309143066,0.00030183056661981064,0.9,0.97314
4533,0.02,1,10.0,10.0,True,20000,28049,2.758784055709839,0.00030168827206382594,0.9,0.97316
4534,0.02,2,9.0,9.2,True,20000,28051,3.109872579574585,0.0003015460073808629,0.9,0.9732000000000001
4535,0.02,4,7.0,7.6,True,20000,28055,2.7419395446777344,0.0003014037725995764,0.9,0.97328
4536,0.02,1,10.0,10.0,True,20000,28056,2.286172866821289,0.0003012615677486156,0.9,0.9733
4537,0.02,3,8.0,8.4,True,20000,28059,2.172389507293701,0.00030111939285662345,0.9,0.97336
4538,0.02,1,10.0,10.0,True,20000,28060,2.965933084487915,0.0003009772479522367,0.9,0.97338
4539,0.02,5,6.0,6.8,True,20000,28065,1.9659315347671509,0.0003008351330640864,0.9,0.97348
4540,0.02,2,9.0,9.2,True,20000,28067,2.325047492980957,0.00030069304822079724,0.9,0.9735199999999999
4541,0.02,37,-26.0,-25.2,True,20000,28104,2.468174695968628,0.00030055099345098826,0.9,0.97426
4542,0.02,1,10.0,10.0,True,20000,28105,2.226102828979492,0.00030040896878327214,0.9,0.9742799999999999
4543,0.02,1,10.0,10.0,True,20000,28106,2.274285078048706,0.00030026697424625565,0.9,0.9743
4544,0.02,4,7.0,7.6,True,20000,28110,2.01224422454834,0.00030012500986853914,0.9,0.97438
4545,0.02,1,10.0,10.0,True,20000,28111,2.542121171951294,0.00029998307567871723,0.91,0.9744
4546,0.02,45,-45.0,-45.2,False,20000,28156,2.4687435626983643,0.00029984117170537845,0.9,0.9753
4547,0.02,3,8.0,8.4,True,20000,28159,2.777096748352051,0.0002996992979771051,0.9,0.97536
4548,0.02,4,7.0,7.2,True,20000,28163,2.583341360092163,0.00029955745452247347,0.9,0.97544
4549,0.02,6,5.0,5.6,True,20000,28169,2.55808687210083,0.00029941564137005383,0.9,0.97556
4550,0.02,3,8.0,8.4,True,20000,28172,2.830872058868408,0.0002992738585484102,0.9,0.97562
4551,0.02,5,6.0,6.4,True,20000,28177,2.5009474754333496,0.00029913210608610043,0.9,0.97572
4552,0.02,2,9.0,9.2,True,20000,28179,2.594649314880371,0.0002989903840116765,0.9,0.97576
4553,0.02,4,7.0,7.6,True,20000,28183,2.5104966163635254,0.00029884869235368415,0.9,0.97584
4554,0.02,4,7.0,7.6,True,20000,28187,2.434185266494751,0.00029870703114066307,0.9,0.97592
4555,0.02,3,8.0,8.4,True,20000,28190,2.478447675704956,0.0002985654004011464,0.9,0.97598
4556,0.02,30,-19.0,-18.0,True,20000,28220,2.746939182281494,0.00029842380016366176,0.9,0.97658
4557,0.02,5,6.0,6.8,True,20000,28225,2.4451870918273926,0.0002982822304567302,0.9,0.97668
4558,0.02,3,8.0,8.4,True,20000,28228,2.296463966369629,0.0002981406913088669,0.9,0.97674
4559,0.02,4,7.0,7.6,True,20000,28232,2.2493066787719727,0.0002979991827485806,0.9,0.97682
4560,0.02,3,8.0,8.4,True,20000,28235,2.1683287620544434,0.0002978577048043741,0.9,0.97688
4561,0.02,2,9.0,9.2,True,20000,28237,2.7788186073303223,0.000297716257504744,0.9,0.97692
4562,0.02,2,9.0,9.2,True,20000,28239,2.7411298751831055,0.0002975748408781806,0.9,0.97696
4563,0.02,1,10.0,10.0,True,20000,28240,3.071894645690918,0.0002974334549531681,0.9,0.97698
4564,0.02,1,10.0,10.0,True,20000,28241,2.6736714839935303,0.0002972920997581846,0.91,0.977
4565,0.02,4,7.0,7.6,True,20000,28245,2.7974307537078857,0.00029715077532170206,0.91,0.97708
4566,0.02,3,-12.0,-12.0,False,20000,28248,2.174858808517456,0.0002970094816721858,0.9,0.97714
4567,0.02,1,10.0,10.0,True,20000,28249,2.8431267738342285,0.00029686821883809537,0.9,0.97716
4568,0.02,5,6.0,6.8,True,20000,28254,2.3707633018493652,0.0002967269868478841,0.9,0.97726
4569,0.02,1,10.0,10.0,True,20000,28255,2.734269142150879,0.0002965857857299989,0.9,0.9772799999999999
4570,0.02,1,10.0,10.0,True,20000,28256,2.4743144512176514,0.00029644461551288066,0.91,0.9773
4571,0.02,3,8.0,8.4,True,20000,28259,2.066955327987671,0.0002963034762249639,0.91,0.97736
4572,0.02,3,8.0,8.4,True,20000,28262,2.5005650520324707,0.000296162367894677,0.91,0.9774200000000001
4573,0.02,5,6.0,6.4,True,20000,28267,2.4173991680145264,0.000296021290550442,0.91,0.9775200000000001
4574,0.02,2,9.0,9.2,True,20000,28269,2.05029296875,0.00029588024422067487,0.91,0.97756
4575,0.02,1,10.0,10.0,True,20000,28270,3.0483412742614746,0.0002957392289337851,0.91,0.97758
4576,0.02,3,8.0,8.4,True,20000,28273,2.788788080215454,0.0002955982447181764,0.91,0.97764
4577,0.02,3,8.0,8.4,True,20000,28276,2.769965171813965,0.0002954572916022454,0.91,0.9777
4578,0.02,2,9.0,9.2,True,20000,28278,2.54264760017395,0.00029531636961438316,0.92,0.9777399999999999
4579,0.02,1,-10.0,-10.0,False,20000,28279,2.2749714851379395,0.0002951754787829742,0.91,0.97776
4580,0.02,2,9.0,9.2,True,20000,28281,2.3155407905578613,0.00029503461913639694,0.91,0.9778
4581,0.02,2,9.0,9.2,True,20000,28283,2.7974934577941895,0.0002948937907030233,0.91,0.9778399999999999
4582,0.02,2,9.0,9.2,True,20000,28285,2.6014840602874756,0.0002947529935112191,0.91,0.97788
4583,0.02,1,10.0,10.0,True,20000,28286,2.8454794883728027,0.0002946122275893437,0.91,0.9779
4584,0.02,2,9.0,9.2,True,20000,28288,2.4887759685516357,0.0002944714929657503,0.91,0.97794
4585,0.02,4,7.0,7.6,True,20000,28292,2.5116419792175293,0.0002943307896687857,0.91,0.97802
4586,0.02,2,9.0,9.2,True,20000,28294,2.7319555282592773,0.00029419011772679045,0.91,0.97806
4587,0.02,45,-45.0,-44.8,False,20000,28339,2.850956916809082,0.0002940494771680989,0.9,0.9789599999999999
4588,0.02,1,10.0,10.0,True,20000,28340,2.409949779510498,0.00029390886802103846,0.91,0.97898
4589,0.02,3,8.0,8.4,True,20000,28343,1.9942458868026733,0.0002937682903139312,0.92,0.97904
4590,0.02,3,8.0,8.4,True,20000,28346,3.069455623626709,0.00029362774407509215,0.93,0.9791
4591,0.02,2,9.0,9.2,True,20000,28348,1.8723881244659424,0.0002934872293328302,0.93,0.97914
4592,0.02,4,7.0,7.6,True,20000,28352,2.5795562267303467,0.00029334674611544817,0.93,0.97922
4593,0.02,2,9.0,9.2,True,20000,28354,2.925844192504883,0.0002932062944512419,0.93,0.97926
4594,0.02,1,10.0,10.0,True,20000,28355,2.4087343215942383,0.0002930658743685013,0.93,0.97928
4595,0.02,3,-12.0,-11.6,False,20000,28358,2.485412120819092,0.00029292548589550984,0.93,0.97934
4596,0.02,3,8.0,8.4,True,20000,28361,2.3161165714263916,0.00029278512906054475,0.93,0.9794
4597,0.02,45,-45.0,-45.2,False,20000,28406,2.427565574645996,0.00029264480389187673,0.92,0.9803
4598,0.02,1,10.0,10.0,True,20000,28407,2.5993027687072754,0.00029250451041777013,0.92,0.98032
4599,0.02,2,9.0,9.2,True,20000,28409,2.0623698234558105,0.00029236424866648295,0.92,0.98036
4600,0.02,6,5.0,5.6,True,20000,28415,2.745863676071167,0.0002922240186662667,0.92,0.98048
4601,0.02,2,9.0,9.2,True,20000,28417,1.8474117517471313,0.00029208382044536676,0.92,0.9805200000000001
4602,0.02,1,10.0,10.0,True,20000,28418,2.672616481781006,0.00029194365403202176,0.92,0.98054
4603,0.02,1,10.0,10.0,True,20000,28419,2.720661163330078,0.00029180351945446424,0.93,0.98056
4604,0.02,1,10.0,10.0,True,20000,28420,2.464928388595581,0.00029166341674091993,0.93,0.98058
4605,0.02,1,10.0,10.0,True,20000,28421,2.3411498069763184,0.00029152334591960857,0.93,0.9806
4606,0.02,1,10.0,10.0,True,20000,28422,2.484860420227051,0.0002913833070187433,0.93,0.98062
4607,0.02,2,9.0,9.2,True,20000,28424,1.9124113321304321,0.0002912433000665307,0.93,0.98066
4608,0.02,2,9.0,9.2,True,20000,28426,2.1030752658843994,0.0002911033250911712,0.94,0.9807
4609,0.02,3,8.0,8.4,True,20000,28429,2.5060858726501465,0.0002909633821208585,0.94,0.98076
4610,0.02,1,10.0,10.0,True,20000,28430,2.4702727794647217,0.00029082347118378004,0.94,0.98078
4611,0.02,1,10.0,10.0,True,20000,28431,2.4599454402923584,0.00029068359230811675,0.94,0.9808
4612,0.02,3,8.0,8.4,True,20000,28434,2.286296844482422,0.0002905437455220431,0.94,0.98086
4613,0.02,3,8.0,8.4,True,20000,28437,2.524710178375244,0.0002904039308537271,0.94,0.98092
4614,0.02,1,10.0,10.0,True,20000,28438,2.1658689975738525,0.00029026414833133044,0.94,0.9809399999999999
4615,0.02,4,7.0,7.2,True,20000,28442,2.6022653579711914,0.0002901243979830079,0.94,0.98102
4616,0.02,3,8.0,8.4,True,20000,28445,2.8836593627929688,0.00028998467983690814,0.94,0.9810800000000001
4617,0.02,1,10.0,10.0,True,20000,28446,2.740013837814331,0.0002898449939211733,0.94,0.9811
4618,0.02,1,10.0,10.0,True,20000,28447,2.47861647605896,0.000289705340263939,0.94,0.98112
4619,0.02,3,8.0,8.4,True,20000,28450,2.530421018600464,0.00028956571889333444,0.94,0.98118
4620,0.02,2,9.0,9.2,True,20000,28452,2.210946798324585,0.00028942612983748204,0.94,0.98122
4621,0.02,1,10.0,10.0,True,20000,28453,2.7156755924224854,0.00028928657312449804,0.94,0.98124
4622,0.02,45,-45.0,-44.8,False,20000,28498,2.2173311710357666,0.0002891470487824919,0.93,0.98214
4623,0.02,1,10.0,10.0,True,20000,28499,2.578709125518799,0.0002890075568395668,0.93,0.98216
4624,0.02,13,-2.0,-1.6,True,20000,28512,2.6315958499908447,0.0002888680973238192,0.93,0.98242
4625,0.02,3,8.0,8.4,True,20000,28515,2.1060478687286377,0.00028872867026333933,0.93,0.98248
4626,0.02,5,6.0,6.4,True,20000,28520,2.636570930480957,0.00028858927568621025,0.93,0.98258
4627,0.02,5,6.0,6.4,True,20000,28525,2.5470433235168457,0.00028844991362050914,0.93,0.98268
4628,0.02,2,9.0,9.2,True,20000,28527,2.132870674133301,0.0002883105840943063,0.93,0.9827199999999999
4629,0.02,3,8.0,8.4,True,20000,28530,2.611060619354248,0.0002881712871356656,0.93,0.98278
4630,0.02,1,10.0,10.0,True,20000,28531,2.2197015285491943,0.00028803202277264415,0.93,0.9828
4631,0.02,1,10.0,10.0,True,20000,28532,2.706925392150879,0.00028789279103329305,0.93,0.98282
4632,0.02,3,8.0,8.4,True,20000,28535,2.4106736183166504,0.00028775359194565603,0.93,0.98288
4633,0.02,6,5.0,5.6,True,20000,28541,1.9521650075912476,0.00028761442553777077,0.93,0.983
4634,0.02,4,7.0,7.6,True,20000,28545,2.7516751289367676,0.0002874752918376682,0.93,0.98308
4635,0.02,5,6.0,6.8,True,20000,28550,2.4827237129211426,0.0002873361908733728,0.93,0.9831799999999999
4636,0.02,1,-10.0,-10.0,False,20000,28551,2.3986778259277344,0.0002871971226729024,0.92,0.9832
4637,0.02,2,9.0,9.2,True,20000,28553,3.1120049953460693,0.0002870580872642677,0.92,0.98324
4638,0.02,1,10.0,10.0,True,20000,28554,2.7515711784362793,0.00028691908467547394,0.92,0.98326
4639,0.02,1,10.0,10.0,True,20000,28555,2.1511261463165283,0.00028678011493451876,0.92,0.9832799999999999
4640,0.02,1,10.0,10.0,True,20000,28556,2.082106113433838,0.00028664117806939356,0.92,0.9833
4641,0.02,2,9.0,9.2,True,20000,28558,2.1917474269866943,0.000286502274108083,0.92,0.98334
4642,0.02,3,8.0,8.4,True,20000,28561,2.1598143577575684,0.00028636340307856546,0.92,0.9834
4643,0.02,2,9.0,9.2,True,20000,28563,2.3431429862976074,0.0002862245650088121,0.92,0.98344
4644,0.02,3,8.0,8.4,True,20000,28566,2.128373861312866,0.00028608575992678783,0.92,0.9835
4645,0.02,3,8.0,8.4,True,20000,28569,1.978884220123291,0.00028594698786045086,0.92,0.98356
4646,0.02,3,8.0,8.4,True,20000,28572,2.4395158290863037,0.00028580824883775273,0.93,0.98362
4647,0.02,2,9.0,9.2,True,20000,28574,2.6789228916168213,0.0002856695428866383,0.93,0.98366
4648,0.02,37,-26.0,-25.6,True,20000,28611,1.9024641513824463,0.0002855308700350459,0.93,0.9843999999999999
4649,0.02,2,-11.0,-10.8,False,20000,28613,2.50053334236145,0.00028539223031090694,0.92,0.98444
4650,0.02,1,10.0,10.0,True,20000,28614,1.9948986768722534,0.0002852536237421464,0.92,0.98446
4651,0.02,3,8.0,8.4,True,20000,28617,2.023284912109375,0.0002851150503566824,0.92,0.98452
4652,0.02,3,8.0,8.4,True,20000,28620,1.9224003553390503,0.0002849765101824265,0.92,0.98458
4653,0.02,1,10.0,10.0,True,20000,28621,2.327439308166504,0.0002848380032472837,0.92,0.9846
4654,0.02,5,-14.0,-13.6,False,20000,28626,2.3421192169189453,0.0002846995295791518,0.91,0.9847
4655,0.02,3,8.0,8.4,True,20000,28629,2.634739875793457,0.0002845610892059225,0.91,0.98476
4656,0.02,23,-12.0,-11.6,True,20000,28652,1.7872151136398315,0.00028442268215548037,0.91,0.98522
4657,0.02,3,8.0,8.4,True,20000,28655,2.1928374767303467,0.0002842843084557035,0.91,0.98528
4658,0.02,1,10.0,10.0,True,20000,28656,2.152714729309082,0.00028414596813446325,0.91,0.9853000000000001
4659,0.02,1,10.0,10.0,True,20000,28657,2.3541259765625,0.0002840076612196241,0.91,0.98532
4660,0.02,2,9.0,9.2,True,20000,28659,2.117518901824951,0.0002838693877390439,0.91,0.98536
4661,0.02,1,10.0,10.0,True,20000,28660,2.6889214515686035,0.0002837311477205738,0.91,0.98538
4662,0.02,3,8.0,8.4,True,20000,28663,2.056116819381714,0.0002835929411920582,0.91,0.98544
4663,0.02,1,-10.0,-10.0,False,20000,28664,2.2899818420410156,0.0002834547681813346,0.9,0.98546
4664,0.02,3,8.0,8.4,True,20000,28667,2.5251383781433105,0.00028331662871623417,0.9,0.98552
4665,0.02,2,9.0,9.2,True,20000,28669,2.7651443481445312,0.0002831785228245807,0.9,0.98556
4666,0.02,1,-10.0,-10.0,False,20000,28670,2.6527843475341797,0.00028304045053419163,0.9,0.98558
4667,0.02,5,6.0,6.4,True,20000,28675,2.864579200744629,0.0002829024118728776,0.9,0.98568
4668,0.02,2,9.0,9.2,True,20000,28677,2.655851364135742,0.0002827644068684425,0.9,0.9857199999999999
4669,0.02,45,-45.0,-44.8,False,20000,28722,3.8802266120910645,0.0002826264355486832,0.89,0.98662
4670,0.02,2,9.0,9.2,True,20000,28724,1.9801595211029053,0.00028248849794139,0.89,0.98666
4671,0.02,5,6.0,6.8,True,20000,28729,2.4523708820343018,0.00028235059407434647,0.89,0.98676
4672,0.02,2,9.0,9.2,True,20000,28731,2.5883219242095947,0.0002822127239753292,0.89,0.9868
4673,0.02,3,8.0,8.4,True,20000,28734,2.6306800842285156,0.000282074887672108,0.89,0.98686
4674,0.02,5,6.0,6.8,True,20000,28739,1.9690707921981812,0.000281937085192446,0.89,0.98696
4675,0.02,1,10.0,10.0,True,20000,28740,1.930476188659668,0.00028179931656409954,0.89,0.98698
4676,0.02,2,9.0,9.2,True,20000,28742,2.4376132488250732,0.00028166158181481784,0.89,0.98702
4677,0.02,6,5.0,5.6,True,20000,28748,1.8888970613479614,0.00028152388097234357,0.89,0.98714
4678,0.02,4,7.0,7.6,True,20000,28752,2.9560649394989014,0.0002813862140644124,0.89,0.98722
4679,0.02,6,5.0,5.6,True,20000,28758,2.530118465423584,0.00028124858111875354,0.9,0.98734
4680,0.02,1,10.0,10.0,True,20000,28759,2.8921353816986084,0.00028111098216308903,0.9,0.98736
4681,0.02,5,6.0,6.8,True,20000,28764,2.4471092224121094,0.0002809734172251339,0.9,0.98746
4682,0.02,2,9.0,9.2,True,20000,28766,1.9760665893554688,0.0002808358863325967,0.9,0.9874999999999999
4683,0.02,1,10.0,10.0,True,20000,28767,2.234135866165161,0.00028069838951317894,0.9,0.98752
4684,0.02,4,7.0,7.6,True,20000,28771,2.88358211517334,0.0002805609267945753,0.9,0.9875999999999999
4685,0.02,1,10.0,10.0,True,20000,28772,2.2712316513061523,0.0002804234982044736,0.9,0.98762
4686,0.02,5,6.0,6.8,True,20000,28777,2.4259839057922363,0.00028028610377055474,0.9,0.98772
4687,0.02,1,10.0,10.0,True,20000,28778,3.1789722442626953,0.0002801487435204928,0.91,0.9877400000000001
4688,0.02,6,5.0,5.6,True,20000,28784,2.224128484725952,0.0002800114174819549,0.91,0.98786
4689,0.02,2,9.0,9.2,True,20000,28786,1.908538818359375,0.0002798741256826014,0.91,0.9879
4690,0.02,45,-54.0,-54.0,False,20000,28831,2.474886417388916,0.0002797368681500857,0.9,0.9888
4691,0.02,3,8.0,8.4,True,20000,28834,2.571068525314331,0.0002795996449120543,0.9,0.9888600000000001
4692,0.02,45,-45.0,-44.8,False,20000,28879,2.5127580165863037,0.0002794624559961466,0.89,0.98976
4693,0.02,5,6.0,6.8,True,20000,28884,2.436739444732666,0.00027932530142999536,0.89,0.98986
4694,0.02,4,7.0,7.6,True,20000,28888,2.6009576320648193,0.0002791881812412263,0.89,0.9899399999999999
4695,0.02,2,9.0,9.2,True,20000,28890,2.2079057693481445,0.0002790510954574583,0.9,0.98998
4696,0.02,1,10.0,10.0,True,20000,28891,2.2600467205047607,0.00027891404410630314,0.9,0.99
4697,0.02,1,10.0,10.0,True,20000,28892,2.2759792804718018,0.0002787770272153659,0.91,0.99002
4698,0.02,45,-45.0,-45.2,False,20000,28937,2.6786651611328125,0.0002786400448122445,0.9,0.99092
4699,0.02,4,7.0,7.6,True,20000,28941,2.187631845474243,0.00027850309692453,0.9,0.991
4700,0.02,4,7.0,7.6,True,20000,28945,2.3406765460968018,0.0002783661835798066,0.9,0.99108
4701,0.02,3,8.0,8.4,True,20000,28948,2.6668708324432373,0.0002782293048056514,0.9,0.99114
4702,0.02,2,9.0,9.2,True,20000,28950,2.6433911323547363,0.0002780924606296346,0.9,0.99118
4703,0.02,2,9.0,9.2,True,20000,28952,2.5036354064941406,0.0002779556510793194,0.9,0.99122
4704,0.02,2,9.0,9.2,True,20000,28954,2.003647565841675,0.000277818876182262,0.9,0.99126
4705,0.02,1,10.0,10.0,True,20000,28955,2.3851046562194824,0.0002776821359660117,0.9,0.99128
4706,0.02,6,-15.0,-15.2,False,20000,28961,2.9489035606384277,0.0002775454304581108,0.89,0.9914000000000001
4707,0.02,1,10.0,10.0,True,20000,28962,2.6467669010162354,0.00027740875968609467,0.89,0.99142
4708,0.02,12,-1.0,-0.4,True,20000,28974,2.139394760131836,0.00027727212367749144,0.89,0.99166
4709,0.02,3,8.0,8.4,True,20000,28977,2.3559014797210693,0.0002771355224598226,0.89,0.9917199999999999
4710,0.02,2,9.0,9.2,True,20000,28979,2.4072940349578857,0.00027699895606060225,0.89,0.99176
4711,0.02,1,10.0,10.0,True,20000,28980,2.379441976547241,0.00027686242450733776,0.89,0.99178
4712,0.02,3,8.0,8.4,True,20000,28983,2.507033586502075,0.00027672592782752934,0.89,0.99184
4713,0.02,2,9.0,9.2,True,20000,28985,2.5259382724761963,0.00027658946604867035,0.89,0.99188
4714,0.02,2,9.0,9.2,True,20000,28987,1.8235925436019897,0.00027645303919824677,0.89,0.99192
4715,0.02,1,-10.0,-10.0,False,20000,28988,2.044950485229492,0.0002763166473037378,0.88,0.99194
4716,0.02,2,9.0,9.2,True,20000,28990,2.2025351524353027,0.0002761802903926157,0.88,0.99198
4717,0.02,3,8.0,8.4,True,20000,28993,2.7350592613220215,0.00027604396849234547,0.88,0.99204
4718,0.02,5,6.0,6.8,True,20000,28998,2.5855305194854736,0.00027590768163038515,0.88,0.99214
4719,0.02,3,8.0,8.4,True,20000,29001,2.215094804763794,0.00027577142983418573,0.88,0.9922
4720,0.02,2,9.0,9.2,True,20000,29003,2.872230052947998,0.00027563521313119107,0.88,0.99224
4721,0.02,1,10.0,10.0,True,20000,29004,2.3689472675323486,0.00027549903154883805,0.88,0.99226
4722,0.02,2,9.0,9.2,True,20000,29006,2.1540842056274414,0.0002753628851145563,0.89,0.9923
4723,0.02,2,9.0,9.2,True,20000,29008,2.2727973461151123,0.0002752267738557687,0.89,0.99234
4724,0.02,3,8.0,8.4,True,20000,29011,2.573333740234375,0.00027509069779989086,0.89,0.9924
4725,0.02,1,10.0,10.0,True,20000,29012,2.5870020389556885,0.00027495465697433105,0.89,0.99242
4726,0.02,5,6.0,6.4,True,20000,29017,2.9176230430603027,0.0002748186514064907,0.89,0.9925200000000001
4727,0.02,45,-45.0,-45.2,False,20000,29062,2.626692295074463,0.0002746826811237643,0.88,0.99342
4728,0.02,10,1.0,1.2,True,20000,29072,2.294429063796997,0.00027454674615353904,0.88,0.99362
4729,0.02,2,-11.0,-10.8,False,20000,29074,2.3709239959716797,0.00027441084652319496,0.87,0.99366
4730,0.02,2,9.0,9.2,True,20000,29076,2.724578619003296,0.00027427498226010515,0.87,0.9937
4731,0.02,2,9.0,9.2,True,20000,29078,2.2325587272644043,0.0002741391533916351,0.87,0.9937400000000001
4732,0.02,1,10.0,10.0,True,20000,29079,2.6305313110351562,0.0002740033599451439,0.87,0.99376
4733,0.02,5,6.0,6.8,True,20000,29084,2.140251398086548,0.0002738676019479829,0.87,0.99386
4734,0.02,1,10.0,10.0,True,20000,29085,2.4163622856140137,0.00027373187942749663,0.87,0.99388
4735,0.02,3,8.0,8.4,True,20000,29088,2.258363723754883,0.00027359619241102236,0.87,0.99394
4736,0.02,2,9.0,9.2,True,20000,29090,2.96159291267395,0.0002734605409258903,0.88,0.99398
4737,0.02,2,9.0,9.2,True,20000,29092,2.3807883262634277,0.0002733249249994234,0.88,0.99402
4738,0.02,2,9.0,9.2,True,20000,29094,1.510324478149414,0.0002731893446589375,0.88,0.9940599999999999
4739,0.02,2,9.0,9.2,True,20000,29096,2.363389730453491,0.0002730537999317412,0.88,0.9941
4740,0.02,2,9.0,9.2,True,20000,29098,2.8852169513702393,0.0002729182908451361,0.88,0.99414
4741,0.02,3,8.0,8.4,True,20000,29101,2.9397735595703125,0.00027278281742641654,0.88,0.9942
4742,0.02,2,9.0,9.2,True,20000,29103,2.0958337783813477,0.00027264737970286945,0.88,0.99424
4743,0.02,2,9.0,9.2,True,20000,29105,2.5245168209075928,0.00027251197770177487,0.88,0.99428
4744,0.02,14,-3.0,-2.4,True,20000,29119,2.967956066131592,0.0002723766114504055,0.88,0.99456
4745,0.02,4,-13.0,-12.8,False,20000,29123,1.6700211763381958,0.0002722412809760269,0.87,0.99464
4746,0.02,4,7.0,7.6,True,20000,29127,2.227128028869629,0.0002721059863058974,0.87,0.9947199999999999
4747,0.02,5,6.0,6.8,True,20000,29132,2.7732126712799072,0.00027197072746726813,0.87,0.9948199999999999
4748,0.02,1,10.0,10.0,True,20000,29133,2.5627501010894775,0.00027183550448738297,0.87,0.99484
4749,0.02,4,7.0,7.6,True,20000,29137,2.228555202484131,0.0002717003173934786,0.88,0.99492
4750,0.02,4,7.0,7.6,True,20000,29141,2.734802484512329,0.00027156516621278456,0.88,0.995
4751,0.02,3,8.0,8.4,True,20000,29144,2.025594711303711,0.00027143005097252294,0.88,0.9950600000000001
4752,0.02,3,8.0,8.4,True,20000,29147,1.9989169836044312,0.0002712949716999089,0.88,0.99512
4753,0.02,3,8.0,8.4,True,20000,29150,2.0258047580718994,0.0002711599284221499,0.88,0.99518
4754,0.02,2,9.0,9.2,True,20000,29152,1.9671844244003296,0.0002710249211664466,0.89,0.99522
4755,0.02,2,9.0,9.2,True,20000,29154,2.441466808319092,0.00027088994995999214,0.89,0.99526
4756,0.02,5,-14.0,-14.0,False,20000,29159,2.1721978187561035,0.00027075501482997266,0.88,0.99536
4757,0.02,3,8.0,8.4,True,20000,29162,2.676574945449829,0.0002706201158035667,0.88,0.99542
4758,0.02,3,8.0,8.4,True,20000,29165,2.5959575176239014,0.0002704852529079458,0.88,0.99548
4759,0.02,3,8.0,8.4,True,20000,29168,2.0387985706329346,0.00027035042617027397,0.88,0.99554
4760,0.02,5,6.0,6.4,True,20000,29173,2.1796164512634277,0.0002702156356177082,0.88,0.99564
4761,0.02,2,9.0,9.2,True,20000,29175,1.9629652500152588,0.00027008088127739797,0.88,0.99568
4762,0.02,1,10.0,10.0,True,20000,29176,2.6603076457977295,0.00026994616317648564,0.88,0.9957
4763,0.02,3,8.0,8.4,True,20000,29179,2.1035923957824707,0.0002698114813421063,0.89,0.99576
4764,0.02,45,-45.0,-45.2,False,20000,29224,2.613741636276245,0.0002696768358013874,0.88,0.99666
4765,0.02,2,9.0,9.2,True,20000,29226,1.9491641521453857,0.00026954222658144946,0.88,0.9967
4766,0.02,2,9.0,9.2,True,20000,29228,1.8728854656219482,0.00026940765370940545,0.89,0.9967400000000001
4767,0.02,5,6.0,6.8,True,20000,29233,2.2700881958007812,0.0002692731172123611,0.89,0.9968400000000001
4768,0.02,2,9.0,9.2,True,20000,29235,3.0811219215393066,0.00026913861711741493,0.89,0.99688
4769,0.02,1,10.0,10.0,True,20000,29236,2.2878103256225586,0.00026900415345165794,0.9,0.9969
4770,0.02,2,9.0,9.2,True,20000,29238,2.16412615776062,0.0002688697262421739,0.9,0.99694
4771,0.02,3,8.0,8.4,True,20000,29241,1.5719268321990967,0.00026873533551603914,0.9,0.997
4772,0.02,27,-16.0,-15.2,True,20000,29268,2.2588794231414795,0.0002686009813003228,0.9,0.99754
4773,0.02,4,7.0,7.2,True,20000,29272,1.7934322357177734,0.0002684666636220865,0.9,0.99762
4774,0.02,1,10.0,10.0,True,20000,29273,2.3713903427124023,0.00026833238250838475,0.9,0.99764
4775,0.02,2,9.0,9.2,True,20000,29275,2.2243492603302,0.0002681981379862641,0.9,0.99768
4776,0.02,1,10.0,10.0,True,20000,29276,2.4404478073120117,0.0002680639300827646,0.9,0.9977
4777,0.02,4,7.0,7.6,True,20000,29280,2.594552993774414,0.00026792975882491824,0.9,0.99778
4778,0.02,2,9.0,9.2,True,20000,29282,1.8674391508102417,0.0002677956242397499,0.9,0.9978199999999999
4779,0.02,2,9.0,9.2,True,20000,29284,2.8099660873413086,0.0002676615263542772,0.9,0.99786
4780,0.02,3,8.0,8.4,True,20000,29287,2.2430996894836426,0.00026752746519550987,0.9,0.99792
4781,0.02,1,-10.0,-10.0,False,20000,29288,2.221571445465088,0.0002673934407904508,0.89,0.99794
4782,0.02,9,2.0,2.4,True,20000,29297,2.3611412048339844,0.0002672594531660952,0.89,0.99812
4783,0.02,15,-4.0,-3.2,True,20000,29312,2.630190849304199,0.0002671255023494309,0.89,0.99842
4784,0.02,6,5.0,5.6,True,20000,29318,2.456411600112915,0.0002669915883674384,0.89,0.99854
4785,0.02,2,9.0,9.2,True,20000,29320,2.475107431411743,0.00026685771124709064,0.89,0.99858
4786,0.02,4,7.0,7.6,True,20000,29324,2.616206407546997,0.0002667238710153533,0.89,0.99866
4787,0.02,1,10.0,10.0,True,20000,29325,2.504445791244507,0.00026659006769918445,0.89,0.99868
4788,0.02,1,-10.0,-10.0,False,20000,29326,2.4508113861083984,0.00026645630132553493,0.88,0.9987
4789,0.02,2,9.0,9.2,True,20000,29328,2.2535898685455322,0.000266322571921348,0.88,0.99874
4790,0.02,3,8.0,8.4,True,20000,29331,2.0470705032348633,0.0002661888795135596,0.89,0.9988
4791,0.02,2,9.0,9.2,True,20000,29333,1.9009746313095093,0.00026605522412909784,0.89,0.99884
4792,0.02,3,8.0,8.4,True,20000,29336,1.8207488059997559,0.00026592160579488384,0.9,0.9989
4793,0.02,3,8.0,8.4,True,20000,29339,2.083259105682373,0.00026578802453783106,0.9,0.99896
4794,0.02,1,10.0,10.0,True,20000,29340,2.0642364025115967,0.00026565448038484544,0.9,0.99898
4795,0.02,7,4.0,4.8,True,20000,29347,2.119755983352661,0.0002655209733628256,0.9,0.99912
4796,0.02,2,9.0,9.2,True,20000,29349,2.1594057083129883,0.00026538750349866253,0.9,0.99916
4797,0.02,4,7.0,7.6,True,20000,29353,2.00272798538208,0.00026525407081923983,0.9,0.99924
4798,0.02,3,8.0,8.4,True,20000,29356,2.473940372467041,0.00026512067535143356,0.91,0.9993
4799,0.02,2,9.0,9.2,True,20000,29358,2.209247589111328,0.0002649873171221123,0.91,0.99934
4800,0.02,1,10.0,10.0,True,20000,29359,2.1832163333892822,0.0002648539961581371,0.91,0.99936
4801,0.02,1,10.0,10.0,True,20000,29360,2.184731960296631,0.00026472071248636177,0.91,0.99938
4802,0.02,40,-29.0,-28.4,True,20000,29400,2.5479531288146973,0.00026458746613363196,0.91,1.0
4803,0.02,4,7.0,7.6,True,20000,29404,2.29229474067688,0.00026445425712678646,0.91,1.0
4804,0.02,3,8.0,8.4,True,20000,29407,2.289477825164795,0.00026432108549265623,0.91,1.0
4805,0.02,1,10.0,10.0,True,20000,29408,2.5591442584991455,0.00026418795125806476,0.91,1.0
4806,0.02,14,-3.0,-2.4,True,20000,29422,2.7577662467956543,0.00026405485444982817,0.92,1.0
4807,0.02,1,10.0,10.0,True,20000,29423,1.6623353958129883,0.0002639217950947547,0.92,1.0
4808,0.02,4,7.0,7.6,True,20000,29427,2.495152473449707,0.0002637887732196453,0.92,1.0
4809,0.02,1,10.0,10.0,True,20000,29428,2.102562189102173,0.00026365578885129327,0.92,1.0
4810,0.02,3,8.0,8.0,True,20000,29431,1.9672620296478271,0.00026352284201648445,0.92,1.0
4811,0.02,2,9.0,9.2,True,20000,29433,2.6605777740478516,0.000263389932741997,0.92,1.0
4812,0.02,4,7.0,7.2,True,20000,29437,2.1520419120788574,0.0002632570610546018,0.92,1.0
4813,0.02,2,9.0,9.2,True,20000,29439,2.167874813079834,0.0002631242269810615,0.92,1.0
4814,0.02,45,-45.0,-44.8,False,20000,29484,2.134550094604492,0.0002629914305481319,0.91,1.0
4815,0.02,1,10.0,10.0,True,20000,29485,2.0320215225219727,0.0002628586717825608,0.92,1.0
4816,0.02,3,8.0,8.4,True,20000,29488,2.6412248611450195,0.0002627259507110885,0.92,1.0
4817,0.02,3,8.0,8.4,True,20000,29491,2.6164584159851074,0.00026259326736044795,0.92,1.0
4818,0.02,45,-45.0,-45.2,False,20000,29536,2.637151002883911,0.0002624606217573643,0.91,1.0
4819,0.02,2,9.0,9.2,True,20000,29538,1.7372775077819824,0.0002623280139285548,0.91,1.0
4820,0.02,3,-12.0,-11.6,False,20000,29541,2.464388847351074,0.0002621954439007296,0.9,1.0
4821,0.02,45,-45.0,-45.2,False,20000,29586,2.6739866733551025,0.000262062911700591,0.89,1.0
4822,0.02,2,9.0,9.2,True,20000,29588,2.1834208965301514,0.0002619304173548337,0.89,1.0
4823,0.02,2,9.0,9.2,True,20000,29590,2.109621047973633,0.0002617979608901447,0.89,1.0
4824,0.02,2,9.0,9.2,True,20000,29592,2.8989384174346924,0.00026166554233320353,0.89,1.0
4825,0.02,2,-11.0,-11.2,False,20000,29594,2.1489813327789307,0.000261533161710682,0.88,1.0
4826,0.02,24,-13.0,-12.4,True,20000,29618,2.4313013553619385,0.00026140081904924424,0.88,1.0
4827,0.02,3,8.0,8.4,True,20000,29621,2.67209792137146,0.00026126851437554676,0.89,1.0
4828,0.02,5,6.0,6.4,True,20000,29626,1.7640070915222168,0.00026113624771623845,0.89,1.0
4829,0.02,3,8.0,8.4,True,20000,29629,2.001462936401367,0.0002610040190979607,0.9,1.0
4830,0.02,1,10.0,10.0,True,20000,29630,2.1865100860595703,0.00026087182854734676,0.9,1.0
4831,0.02,2,9.0,9.2,True,20000,29632,3.399406909942627,0.0002607396760910227,0.9,1.0
4832,0.02,1,10.0,10.0,True,20000,29633,2.5737595558166504,0.0002606075617556066,0.9,1.0
4833,0.02,7,4.0,4.8,True,20000,29640,1.6763949394226074,0.0002604754855677091,0.9,1.0
4834,0.02,2,9.0,9.2,True,20000,29642,2.2729408740997314,0.0002603434475539331,0.9,1.0
4835,0.02,3,8.0,8.4,True,20000,29645,2.2259039878845215,0.0002602114477408737,0.9,1.0
4836,0.02,1,10.0,10.0,True,20000,29646,2.165482997894287,0.0002600794861551183,0.9,1.0
4837,0.02,3,8.0,8.4,True,20000,29649,2.2464778423309326,0.0002599475628232468,0.9,1.0
4838,0.02,3,8.0,8.4,True,20000,29652,2.5815720558166504,0.00025981567777183116,0.9,1.0
4839,0.02,2,9.0,9.2,True,20000,29654,1.6735026836395264,0.00025968383102743575,0.9,1.0
4840,0.02,2,9.0,9.2,True,20000,29656,2.5676815509796143,0.0002595520226166174,0.9,1.0
4841,0.02,3,8.0,8.4,True,20000,29659,2.8090784549713135,0.00025942025256592467,0.9,1.0
4842,0.02,1,10.0,10.0,True,20000,29660,2.330634117126465,0.00025928852090189897,0.9,1.0
4843,0.02,4,7.0,7.2,True,20000,29664,1.9857102632522583,0.0002591568276510737,0.9,1.0
4844,0.02,4,7.0,7.6,True,20000,29668,2.618375778198242,0.00025902517283997456,0.9,1.0
4845,0.02,3,8.0,8.4,True,20000,29671,2.4360790252685547,0.0002588935564951196,0.91,1.0
4846,0.02,1,10.0,10.0,True,20000,29672,1.8665283918380737,0.000258761978643019,0.91,1.0
4847,0.02,3,8.0,8.4,True,20000,29675,2.015488862991333,0.00025863043931017524,0.91,1.0
4848,0.02,5,6.0,6.4,True,20000,29680,2.4209506511688232,0.00025849893852308305,0.91,1.0
4849,0.02,16,-5.0,-4.4,True,20000,29696,1.7320843935012817,0.0002583674763082294,0.91,1.0
4850,0.02,3,8.0,8.4,True,20000,29699,2.392637252807617,0.00025823605269209343,0.91,1.0
4851,0.02,1,10.0,10.0,True,20000,29700,2.0850000381469727,0.0002581046677011467,0.91,1.0
4852,0.02,3,8.0,8.4,True,20000,29703,2.381438970565796,0.0002579733213618526,0.91,1.0
4853,0.02,1,10.0,10.0,True,20000,29704,2.5844740867614746,0.00025784201370066705,0.91,1.0
4854,0.02,1,10.0,10.0,True,20000,29705,1.8517380952835083,0.0002577107447440382,0.91,1.0
4855,0.02,1,10.0,10.0,True,20000,29706,2.366896629333496,0.00025757951451840626,0.91,1.0
4856,0.02,5,6.0,6.8,True,20000,29711,2.739234447479248,0.0002574483230502037,0.92,1.0
4857,0.02,4,7.0,7.6,True,20000,29715,2.4376659393310547,0.00025731717036585507,0.92,1.0
4858,0.02,45,-45.0,-44.8,False,20000,29760,2.0975451469421387,0.0002571860564917773,0.91,1.0
4859,0.02,1,10.0,10.0,True,20000,29761,2.0878098011016846,0.0002570549814543794,0.91,1.0
4860,0.02,43,-32.0,-31.6,True,20000,29804,2.1610019207000732,0.0002569239452800626,0.91,1.0
4861,0.02,1,10.0,10.0,True,20000,29805,2.0751383304595947,0.00025679294799522024,0.91,1.0
4862,0.02,1,10.0,10.0,True,20000,29806,1.7555537223815918,0.00025666198962623793,0.91,1.0
4863,0.02,5,6.0,6.4,True,20000,29811,2.641056537628174,0.0002565310701994932,0.91,1.0
4864,0.02,2,9.0,9.2,True,20000,29813,2.8820295333862305,0.000256400189741356,0.92,1.0
4865,0.02,3,8.0,8.4,True,20000,29816,2.2776808738708496,0.0002562693482781882,0.92,1.0
4866,0.02,2,9.0,9.2,True,20000,29818,2.5275626182556152,0.0002561385458363442,0.92,1.0
4867,0.02,2,-11.0,-10.8,False,20000,29820,2.2295734882354736,0.00025600778244217034,0.91,1.0
4868,0.02,5,6.0,6.8,True,20000,29825,2.5524744987487793,0.00025587705812200477,0.91,1.0
4869,0.02,5,6.0,6.8,True,20000,29830,2.4779703617095947,0.00025574637290217816,0.91,1.0
4870,0.02,3,8.0,8.4,True,20000,29833,2.1501615047454834,0.0002556157268090132,0.91,1.0
4871,0.02,7,4.0,4.8,True,20000,29840,2.3464505672454834,0.0002554851198688247,0.91,1.0
4872,0.02,45,-45.0,-44.8,False,20000,29885,2.284235715866089,0.0002553545521079195,0.9,1.0
4873,0.02,2,9.0,9.2,True,20000,29887,2.112504005432129,0.00025522402355259674,0.9,1.0
4874,0.02,1,10.0,10.0,True,20000,29888,2.4039812088012695,0.0002550935342291475,0.9,1.0
4875,0.02,3,8.0,8.4,True,20000,29891,2.006077289581299,0.00025496308416385495,0.9,1.0
4876,0.02,1,10.0,10.0,True,20000,29892,2.3540821075439453,0.0002548326733829945,0.9,1.0
4877,0.02,1,10.0,10.0,True,20000,29893,2.4724605083465576,0.0002547023019128335,0.9,1.0
4878,0.02,3,8.0,8.4,True,20000,29896,2.2851006984710693,0.00025457196977963153,0.9,1.0
4879,0.02,3,8.0,8.4,True,20000,29899,2.3500752449035645,0.0002544416770096399,0.9,1.0
4880,0.02,5,-14.0,-13.6,False,20000,29904,2.149573802947998,0.00025431142362910246,0.89,1.0
4881,0.02,2,9.0,9.2,True,20000,29906,2.957784414291382,0.0002541812096642549,0.9,1.0
4882,0.02,2,9.0,9.2,True,20000,29908,2.268544912338257,0.0002540510351413249,0.9,1.0
4883,0.02,4,7.0,7.6,True,20000,29912,2.3282549381256104,0.0002539209000865323,0.9,1.0
4884,0.02,30,-19.0,-18.4,True,20000,29942,2.1001687049865723,0.000253790804526089,0.9,1.0
4885,0.02,8,3.0,3.6,True,20000,29950,2.396622896194458,0.00025366074848619897,0.9,1.0
4886,0.02,2,9.0,9.2,True,20000,29952,2.584923267364502,0.00025353073199305804,0.9,1.0
4887,0.02,2,9.0,9.2,True,20000,29954,2.18523907661438,0.0002534007550728542,0.9,1.0
4888,0.02,3,8.0,8.4,True,20000,29957,2.143951416015625,0.00025327081775176755,0.91,1.0
4889,0.02,1,10.0,10.0,True,20000,29958,2.074038028717041,0.0002531409200559702,0.91,1.0
4890,0.02,3,8.0,8.4,True,20000,29961,1.832512378692627,0.000253011062011626,0.91,1.0
4891,0.02,1,10.0,10.0,True,20000,29962,2.7432844638824463,0.0002528812436448911,0.91,1.0
4892,0.02,6,5.0,5.6,True,20000,29968,2.2904000282287598,0.00025275146498191366,0.91,1.0
4893,0.02,2,9.0,9.2,True,20000,29970,1.8402681350708008,0.00025262172604883365,0.91,1.0
4894,0.02,5,6.0,6.8,True,20000,29975,2.4468085765838623,0.00025249202687178317,0.91,1.0
4895,0.02,1,10.0,10.0,True,20000,29976,2.263826847076416,0.0002523623674768864,0.91,1.0
4896,0.02,3,8.0,8.4,True,20000,29979,2.8599822521209717,0.00025223274789025924,0.91,1.0
4897,0.02,3,8.0,8.4,True,20000,29982,2.388444662094116,0.00025210316813800986,0.91,1.0
4898,0.02,1,-10.0,-10.0,False,20000,29983,2.1871821880340576,0.00025197362824623824,0.9,1.0
4899,0.02,12,-1.0,-0.0,True,20000,29995,2.2409780025482178,0.00025184412824103637,0.9,1.0
4900,0.02,4,7.0,7.6,True,20000,29999,2.28340482711792,0.0002517146681484883,0.9,1.0
4901,0.02,2,9.0,9.2,True,20000,30001,2.599475145339966,0.00025158524799466975,0.9,1.0
4902,0.02,1,10.0,10.0,True,20000,30002,2.9046666622161865,0.00025145586780564867,0.9,1.0
4903,0.02,2,-11.0,-10.8,False,20000,30004,2.369823932647705,0.0002513265276074849,0.89,1.0
4904,0.02,2,9.0,9.2,True,20000,30006,2.55346941947937,0.0002511972274262302,0.89,1.0
4905,0.02,1,10.0,10.0,True,20000,30007,2.1456515789031982,0.00025106796728792825,0.89,1.0
4906,0.02,2,9.0,9.2,True,20000,30009,2.6415202617645264,0.00025093874721861476,0.89,1.0
4907,0.02,1,-10.0,-10.0,False,20000,30010,2.9714787006378174,0.0002508095672443172,0.88,1.0
4908,0.02,3,8.0,8.4,True,20000,30013,2.404280662536621,0.0002506804273910552,0.88,1.0
4909,0.02,45,-45.0,-44.4,False,20000,30058,2.351940870285034,0.00025055132768484004,0.87,1.0
4910,0.02,1,10.0,10.0,True,20000,30059,2.3742611408233643,0.00025042226815167516,0.87,1.0
4911,0.02,2,9.0,9.2,True,20000,30061,2.5335023403167725,0.0002502932488175558,0.87,1.0
4912,0.02,45,-45.0,-45.2,False,20000,30106,2.5285825729370117,0.000250164269708469,0.86,1.0
4913,0.02,4,7.0,7.6,True,20000,30110,2.070983648300171,0.00025003533085039365,0.86,1.0
4914,0.02,3,8.0,8.4,True,20000,30113,2.4078030586242676,0.000249906432269301,0.87,1.0
4915,0.02,45,-45.0,-44.8,False,20000,30158,2.010392189025879,0.0002497775739911538,0.86,1.0
4916,0.02,3,8.0,8.4,True,20000,30161,1.8593988418579102,0.0002496487560419066,0.86,1.0
4917,0.02,1,10.0,10.0,True,20000,30162,2.364152431488037,0.00024951997844750614,0.86,1.0
4918,0.02,4,7.0,7.6,True,20000,30166,2.243077278137207,0.0002493912412338907,0.87,1.0
4919,0.02,2,9.0,9.2,True,20000,30168,2.0642735958099365,0.00024926254442699067,0.87,1.0
4920,0.02,1,10.0,10.0,True,20000,30169,2.355958938598633,0.0002491338880527282,0.88,1.0
4921,0.02,1,10.0,10.0,True,20000,30170,2.4697556495666504,0.00024900527213701735,0.89,1.0
4922,0.02,2,9.0,9.2,True,20000,30172,1.8748910427093506,0.000248876696705764,0.89,1.0
4923,0.02,2,-11.0,-10.8,False,20000,30174,2.536651134490967,0.0002487481617848659,0.88,1.0
4924,0.02,3,8.0,8.4,True,20000,30177,2.3276779651641846,0.00024861966740021257,0.88,1.0
4925,0.02,4,7.0,7.6,True,20000,30181,2.1815707683563232,0.0002484912135776855,0.89,1.0
4926,0.02,3,8.0,8.4,True,20000,30184,2.743007183074951,0.00024836280034315776,0.89,1.0
4927,0.02,2,9.0,9.2,True,20000,30186,2.1073548793792725,0.0002482344277224946,0.89,1.0
4928,0.02,1,10.0,10.0,True,20000,30187,2.825676202774048,0.0002481060957415528,0.89,1.0
4929,0.02,2,9.0,9.2,True,20000,30189,2.120389938354492,0.000247977804426181,0.89,1.0
4930,0.02,3,8.0,8.4,True,20000,30192,2.2502262592315674,0.0002478495538022198,0.89,1.0
4931,0.02,1,10.0,10.0,True,20000,30193,2.22379207611084,0.00024772134389550144,0.89,1.0
4932,0.02,3,8.0,8.4,True,20000,30196,1.7196398973464966,0.00024759317473185003,0.89,1.0
4933,0.02,2,9.0,9.2,True,20000,30198,1.9860203266143799,0.00024746504633708146,0.89,1.0
4934,0.02,6,5.0,5.6,True,20000,30204,2.1721255779266357,0.00024733695873700343,0.89,1.0
4935,0.02,2,9.0,9.2,True,20000,30206,2.4726624488830566,0.0002472089119574154,0.89,1.0
4936,0.02,45,-45.0,-44.4,False,20000,30251,2.1349940299987793,0.00024708090602410866,0.88,1.0
4937,0.02,5,6.0,6.4,True,20000,30256,2.273418664932251,0.00024695294096286615,0.88,1.0
4938,0.02,3,8.0,8.4,True,20000,30259,2.5563316345214844,0.0002468250167994627,0.88,1.0
4939,0.02,3,8.0,8.4,True,20000,30262,2.890752077102661,0.000246697133559665,0.88,1.0
4940,0.02,1,10.0,10.0,True,20000,30263,2.362215518951416,0.00024656929126923104,0.88,1.0
4941,0.02,3,-12.0,-12.4,False,20000,30266,2.321901321411133,0.0002464414899539111,0.87,1.0
4942,0.02,3,8.0,8.4,True,20000,30269,2.330038070678711,0.00024631372963944696,0.87,1.0
4943,0.02,1,-10.0,-10.0,False,20000,30270,1.646013855934143,0.0002461860103515721,0.86,1.0
4944,0.02,3,8.0,8.4,True,20000,30273,1.9657270908355713,0.0002460583321160119,0.86,1.0
4945,0.02,45,-45.0,-44.8,False,20000,30318,2.7703821659088135,0.00024593069495848323,0.85,1.0
4946,0.02,1,10.0,10.0,True,20000,30319,2.3988921642303467,0.00024580309890469493,0.85,1.0
4947,0.02,4,7.0,7.6,True,20000,30323,2.2540926933288574,0.00024567554398034747,0.85,1.0
4948,0.02,7,4.0,4.8,True,20000,30330,1.970574975013733,0.000245548030211133,0.85,1.0
4949,0.02,1,10.0,10.0,True,20000,30331,2.5280985832214355,0.0002454205576227354,0.85,1.0
4950,0.02,3,8.0,8.4,True,20000,30334,2.3860137462615967,0.0002452931262408304,0.85,1.0
4951,0.02,5,6.0,6.4,True,20000,30339,2.5349843502044678,0.00024516573609108505,0.85,1.0
4952,0.02,1,10.0,10.0,True,20000,30340,2.0596535205841064,0.0002450383871991584,0.85,1.0
4953,0.02,45,-45.0,-44.8,False,20000,30385,1.6776330471038818,0.0002449110795907012,0.84,1.0
4954,0.02,1,10.0,10.0,True,20000,30386,2.285475015640259,0.0002447838132913557,0.84,1.0
4955,0.02,5,6.0,6.4,True,20000,30391,2.148113250732422,0.0002446565883267561,0.84,1.0
4956,0.02,2,9.0,9.2,True,20000,30393,2.3570117950439453,0.0002445294047225282,0.84,1.0
4957,0.02,45,-45.0,-44.8,False,20000,30438,2.308603048324585,0.0002444022625042891,0.83,1.0
4958,0.02,4,7.0,7.6,True,20000,30442,2.530202865600586,0.00024427516169764796,0.84,1.0
4959,0.02,1,-10.0,-10.0,False,20000,30443,2.393024206161499,0.00024414810232820545,0.83,1.0
4960,0.02,1,10.0,10.0,True,20000,30444,2.404224395751953,0.00024402108442155403,0.83,1.0
4961,0.02,2,9.0,9.2,True,20000,30446,2.5390186309814453,0.0002438941080032777,0.83,1.0
4962,0.02,3,8.0,8.4,True,20000,30449,2.395740509033203,0.000243767173098952,0.83,1.0
4963,0.02,3,8.0,8.4,True,20000,30452,1.9364595413208008,0.00024364027973414431,0.83,1.0
4964,0.02,1,10.0,10.0,True,20000,30453,2.316117286682129,0.0002435134279344136,0.83,1.0
4965,0.02,4,7.0,7.6,True,20000,30457,2.1651108264923096,0.00024338661772531036,0.83,1.0
4966,0.02,30,-19.0,-18.4,True,20000,30487,2.690281629562378,0.00024325984913237673,0.83,1.0
4967,0.02,11,0.0,0.4,True,20000,30498,2.1463518142700195,0.0002431331221811467,0.84,1.0
4968,0.02,2,9.0,9.2,True,20000,30500,2.2384326457977295,0.00024300643689714534,0.84,1.0
4969,0.02,1,-10.0,-10.0,False,20000,30501,2.6287894248962402,0.00024287979330588983,0.83,1.0
4970,0.02,1,-10.0,-10.0,False,20000,30502,2.3045759201049805,0.0002427531914328888,0.82,1.0
4971,0.02,45,-45.0,-44.4,False,20000,30547,1.7947405576705933,0.00024262663130364252,0.81,1.0
4972,0.02,1,10.0,10.0,True,20000,30548,2.2692151069641113,0.0002425001129436427,0.82,1.0
4973,0.02,1,-10.0,-10.0,False,20000,30549,2.6553738117218018,0.0002423736363783728,0.81,1.0
4974,0.02,2,9.0,9.2,True,20000,30551,2.142638921737671,0.00024224720163330767,0.81,1.0
4975,0.02,3,8.0,8.4,True,20000,30554,2.0642313957214355,0.000242120808733914,0.81,1.0
4976,0.02,1,10.0,10.0,True,20000,30555,2.2986087799072266,0.00024199445770564984,0.81,1.0
4977,0.02,2,9.0,9.2,True,20000,30557,2.534121513366699,0.00024186814857396488,0.81,1.0
4978,0.02,3,8.0,8.4,True,20000,30560,1.6931545734405518,0.00024174188136430051,0.81,1.0
4979,0.02,2,9.0,9.2,True,20000,30562,1.8566503524780273,0.00024161565610208925,0.81,1.0
4980,0.02,2,9.0,9.2,True,20000,30564,2.076775074005127,0.00024148947281275564,0.82,1.0
4981,0.02,2,-11.0,-11.2,False,20000,30566,2.074063301086426,0.00024136333152171554,0.81,1.0
4982,0.02,1,10.0,10.0,True,20000,30567,2.7032036781311035,0.00024123723225437642,0.81,1.0
4983,0.02,1,10.0,10.0,True,20000,30568,3.591299533843994,0.00024111117503613724,0.81,1.0
4984,0.02,4,7.0,7.6,True,20000,30572,2.3153672218322754,0.00024098515989238848,0.81,1.0
4985,0.02,1,10.0,10.0,True,20000,30573,2.178199052810669,0.0002408591868485122,0.81,1.0
4986,0.02,4,7.0,7.6,True,20000,30577,2.236459732055664,0.00024073325592988192,0.81,1.0
4987,0.02,5,6.0,6.4,True,20000,30582,2.155794620513916,0.00024060736716186276,0.81,1.0
4988,0.02,3,8.0,8.4,True,20000,30585,2.424412250518799,0.00024048152056981123,0.81,1.0
4989,0.02,5,6.0,6.4,True,20000,30590,2.0233187675476074,0.00024035571617907566,0.81,1.0
4990,0.02,1,10.0,10.0,True,20000,30591,1.6324951648712158,0.0002402299540149952,0.81,1.0
4991,0.02,45,-45.0,-44.8,False,20000,30636,2.0831098556518555,0.00024010423410290123,0.8,1.0
4992,0.02,5,6.0,6.4,True,20000,30641,2.6570534706115723,0.00023997855646811617,0.8,1.0
4993,0.02,1,10.0,10.0,True,20000,30642,1.9653925895690918,0.00023985292113595422,0.8,1.0
4994,0.02,1,-10.0,-10.0,False,20000,30643,2.5180869102478027,0.00023972732813172081,0.79,1.0
4995,0.02,3,8.0,8.4,True,20000,30646,2.3092281818389893,0.000239601777480713,0.79,1.0
4996,0.02,3,8.0,8.4,True,20000,30649,2.033790111541748,0.00023947626920821916,0.79,1.0
4997,0.02,2,9.0,9.2,True,20000,30651,2.0853071212768555,0.0002393508033395193,0.79,1.0
4998,0.02,3,8.0,8.4,True,20000,30654,2.7308225631713867,0.00023922537989988485,0.8,1.0
4999,0.02,45,-45.0,-45.2,False,20000,30699,1.9594883918762207,0.00023909999891457865,0.79,1.0
5000,0.02,2,9.0,9.2,True,20000,30701,1.9409000873565674,0.00023897466040885508,0.79,1.0
5001,0.02,2,-11.0,-10.8,False,20000,30703,2.716095447540283,0.00023884936440795966,0.78,1.0
5002,0.02,5,6.0,6.8,True,20000,30708,2.1546449661254883,0.00023872411093712965,0.78,1.0
5003,0.02,45,-45.0,-44.8,False,20000,30753,2.4473376274108887,0.00023859890002159368,0.78,1.0
5004,0.02,5,6.0,6.8,True,20000,30758,2.4021849632263184,0.0002384737316865719,0.78,1.0
5005,0.02,1,-10.0,-10.0,False,20000,30759,2.5403788089752197,0.00023834860595727588,0.77,1.0
5006,0.02,3,8.0,8.4,True,20000,30762,2.804499626159668,0.00023822352285890816,0.77,1.0
5007,0.02,2,9.0,9.2,True,20000,30764,2.217054843902588,0.0002380984824166632,0.78,1.0
5008,0.02,2,9.0,9.2,True,20000,30766,2.0363810062408447,0.00023797348465572673,0.78,1.0
5009,0.02,1,10.0,10.0,True,20000,30767,2.104837656021118,0.00023784852960127584,0.79,1.0
5010,0.02,1,10.0,10.0,True,20000,30768,2.1023097038269043,0.00023772361727847905,0.79,1.0
5011,0.02,1,10.0,10.0,True,20000,30769,2.269376754760742,0.00023759874771249625,0.79,1.0
5012,0.02,1,10.0,10.0,True,20000,30770,2.943094253540039,0.00023747392092847875,0.8,1.0
5013,0.02,1,10.0,10.0,True,20000,30771,2.122969388961792,0.0002373491369515692,0.8,1.0
5014,0.02,4,-13.0,-12.4,False,20000,30775,2.698042869567871,0.0002372243958069017,0.79,1.0
5015,0.02,2,9.0,9.2,True,20000,30777,2.3155672550201416,0.00023709969751960165,0.8,1.0
5016,0.02,5,6.0,6.8,True,20000,30782,2.165208339691162,0.0002369750421147859,0.8,1.0
5017,0.02,2,9.0,9.2,True,20000,30784,2.0849125385284424,0.00023685042961756243,0.8,1.0
5018,0.02,5,6.0,6.4,True,20000,30789,2.1562821865081787,0.00023672586005303082,0.8,1.0
5019,0.02,2,9.0,9.2,True,20000,30791,2.333493232727051,0.000236601333446282,0.8,1.0
5020,0.02,1,10.0,10.0,True,20000,30792,2.1296586990356445,0.0002364768498223981,0.8,1.0
5021,0.02,45,-45.0,-45.2,False,20000,30837,2.3490657806396484,0.00023635240920645274,0.79,1.0
5022,0.02,1,10.0,10.0,True,20000,30838,2.1617283821105957,0.0002362280116235108,0.79,1.0
5023,0.02,39,-48.0,-48.0,False,20000,30877,2.444983959197998,0.00023610365709862853,0.79,1.0
5024,0.02,2,9.0,9.2,True,20000,30879,2.3869075775146484,0.00023597934565685339,0.79,1.0
5025,0.02,1,10.0,10.0,True,20000,30880,1.9014415740966797,0.0002358550773232243,0.79,1.0
5026,0.02,1,10.0,10.0,True,20000,30881,2.8152637481689453,0.0002357308521227715,0.79,1.0
5027,0.02,5,6.0,6.8,True,20000,30886,2.2414956092834473,0.00023560667008051654,0.79,1.0
5028,0.02,6,5.0,5.6,True,20000,30892,1.916630506515503,0.000235482531221472,0.79,1.0
5029,0.02,2,9.0,9.2,True,20000,30894,2.667381525039673,0.00023535843557064213,0.79,1.0
5030,0.02,2,9.0,9.2,True,20000,30896,2.1104586124420166,0.0002352343831530223,0.79,1.0
5031,0.02,4,7.0,7.6,True,20000,30900,2.5911948680877686,0.0002351103739935993,0.79,1.0
5032,0.02,2,9.0,9.2,True,20000,30902,2.047487497329712,0.00023498640811735102,0.79,1.0
5033,0.02,2,9.0,9.2,True,20000,30904,1.9145127534866333,0.0002348624855492467,0.79,1.0
5034,0.02,3,8.0,8.4,True,20000,30907,3.024062156677246,0.00023473860631424703,0.79,1.0
5035,0.02,4,7.0,7.6,True,20000,30911,1.8813432455062866,0.0002346147704373037,0.79,1.0
5036,0.02,2,9.0,9.2,True,20000,30913,2.545294761657715,0.00023449097794335988,0.8,1.0
5037,0.02,3,8.0,8.4,True,20000,30916,1.901757001876831,0.00023436722885734982,0.8,1.0
5038,0.02,4,7.0,7.6,True,20000,30920,2.0092952251434326,0.00023424352320419934,0.8,1.0
5039,0.02,45,-45.0,-44.8,False,20000,30965,1.7587826251983643,0.00023411986100882503,0.79,1.0
5040,0.02,2,9.0,9.2,True,20000,30967,2.1230716705322266,0.00023399624229613502,0.79,1.0
5041,0.02,1,10.0,10.0,True,20000,30968,2.5054214000701904,0.00023387266709102878,0.8,1.0
5042,0.02,1,10.0,10.0,True,20000,30969,2.2053937911987305,0.00023374913541839677,0.8,1.0
5043,0.02,3,8.0,8.4,True,20000,30972,1.7288826704025269,0.00023362564730312094,0.81,1.0
5044,0.02,3,8.0,8.4,True,20000,30975,1.9982316493988037,0.00023350220277007418,0.81,1.0
5045,0.02,1,10.0,10.0,True,20000,30976,1.8339582681655884,0.00023337880184412085,0.82,1.0
5046,0.02,4,7.0,7.6,True,20000,30980,2.46785831451416,0.00023325544455011637,0.82,1.0
5047,0.02,3,8.0,8.4,True,20000,30983,2.700406551361084,0.00023313213091290746,0.82,1.0
5048,0.02,45,-45.0,-44.8,False,20000,31028,2.4520695209503174,0.000233008860957332,0.81,1.0
5049,0.02,3,8.0,8.4,True,20000,31031,2.416513681411743,0.00023288563470821925,0.81,1.0
5050,0.02,3,8.0,8.4,True,20000,31034,2.049497604370117,0.0002327624521903892,0.81,1.0
5051,0.02,2,9.0,9.2,True,20000,31036,2.611757516860962,0.00023263931342865334,0.81,1.0
5052,0.02,2,9.0,9.2,True,20000,31038,1.6154934167861938,0.00023251621844781463,0.81,1.0
5053,0.02,1,10.0,10.0,True,20000,31039,2.067518711090088,0.00023239316727266676,0.82,1.0
5054,0.02,45,-45.0,-44.8,False,20000,31084,2.691248893737793,0.0002322701599279947,0.81,1.0
5055,0.02,3,8.0,8.4,True,20000,31087,1.8519816398620605,0.00023214719643857492,0.81,1.0
5056,0.02,1,-10.0,-10.0,False,20000,31088,2.205718994140625,0.00023202427682917444,0.8,1.0
5057,0.02,30,-19.0,-18.0,True,20000,31118,2.59490966796875,0.00023190140112455194,0.81,1.0
5058,0.02,2,9.0,9.2,True,20000,31120,2.1958060264587402,0.00023177856934945704,0.81,1.0
5059,0.02,1,10.0,10.0,True,20000,31121,1.9192376136779785,0.00023165578152863065,0.82,1.0
5060,0.02,2,9.0,9.2,True,20000,31123,2.3855645656585693,0.00023153303768680482,0.82,1.0
5061,0.02,5,6.0,6.4,True,20000,31128,2.3514244556427,0.0002314103378487025,0.82,1.0
5062,0.02,3,8.0,8.4,True,20000,31131,2.274101734161377,0.0002312876820390381,0.82,1.0
5063,0.02,3,8.0,8.4,True,20000,31134,1.7015831470489502,0.00023116507028251692,0.82,1.0
5064,0.02,5,6.0,6.4,True,20000,31139,2.402254819869995,0.0002310425026038355,0.82,1.0
5065,0.02,2,9.0,9.2,True,20000,31141,2.26363468170166,0.00023091997902768157,0.82,1.0
5066,0.02,1,-10.0,-10.0,False,20000,31142,2.2306063175201416,0.00023079749957873394,0.81,1.0
5067,0.02,3,8.0,8.4,True,20000,31145,1.710736870765686,0.00023067506428166225,0.81,1.0
5068,0.02,3,8.0,8.4,True,20000,31148,1.9503957033157349,0.00023055267316112756,0.81,1.0
5069,0.02,2,9.0,9.2,True,20000,31150,2.3266751766204834,0.00023043032624178196,0.82,1.0
5070,0.02,45,-45.0,-45.6,False,20000,31195,2.230973720550537,0.00023030802354826867,0.82,1.0
5071,0.02,3,8.0,8.4,True,20000,31198,2.5883631706237793,0.0002301857651052219,0.83,1.0
5072,0.02,3,8.0,8.4,True,20000,31201,1.6641827821731567,0.00023006355093726708,0.83,1.0
5073,0.02,1,10.0,10.0,True,20000,31202,2.112699031829834,0.00022994138106902058,0.84,1.0
5074,0.02,1,-10.0,-10.0,False,20000,31203,2.5159521102905273,0.00022981925552509,0.83,1.0
5075,0.02,1,-10.0,-10.0,False,20000,31204,2.034411907196045,0.00022969717433007382,0.82,1.0
5076,0.02,1,-10.0,-10.0,False,20000,31205,2.5135655403137207,0.0002295751375085618,0.81,1.0
5077,0.02,5,6.0,6.8,True,20000,31210,1.9940987825393677,0.00022945314508513468,0.81,1.0
5078,0.02,2,-11.0,-10.8,False,20000,31212,2.2028591632843018,0.00022933119708436406,0.8,1.0
5079,0.02,1,10.0,10.0,True,20000,31213,2.199496030807495,0.00022920929353081285,0.8,1.0
5080,0.02,1,10.0,10.0,True,20000,31214,2.679436206817627,0.00022908743444903496,0.8,1.0
5081,0.02,2,9.0,9.2,True,20000,31216,2.054762840270996,0.00022896561986357526,0.81,1.0
5082,0.02,2,9.0,9.2,True,20000,31218,2.1013100147247314,0.00022884384979896975,0.81,1.0
5083,0.02,9,2.0,2.4,True,20000,31227,2.5912928581237793,0.0002287221242797454,0.81,1.0
5084,0.02,1,10.0,10.0,True,20000,31228,2.8559823036193848,0.0002286004433304202,0.81,1.0
5085,0.02,1,10.0,10.0,True,20000,31229,2.320995807647705,0.00022847880697550324,0.81,1.0
5086,0.02,1,10.0,10.0,True,20000,31230,2.5239527225494385,0.00022835721523949452,0.81,1.0
5087,0.02,1,10.0,10.0,True,20000,31231,2.2938523292541504,0.00022823566814688518,0.81,1.0
5088,0.02,4,7.0,7.6,True,20000,31235,2.1657586097717285,0.00022811416572215732,0.81,1.0
5089,0.02,1,10.0,10.0,True,20000,31236,2.556286334991455,0.00022799270798978387,0.81,1.0
5090,0.02,2,9.0,9.2,True,20000,31238,2.3016538619995117,0.00022787129497422895,0.81,1.0
5091,0.02,3,8.0,8.4,True,20000,31241,2.4189035892486572,0.0002277499266999477,0.82,1.0
5092,0.02,2,9.0,9.2,True,20000,31243,2.6061363220214844,0.00022762860319138596,0.82,1.0
5093,0.02,5,6.0,6.8,True,20000,31248,2.005640745162964,0.00022750732447298125,0.82,1.0
5094,0.02,1,10.0,10.0,True,20000,31249,1.938766598701477,0.0002273860905691611,0.83,1.0
5095,0.02,1,10.0,10.0,True,20000,31250,2.0450985431671143,0.00022726490150434478,0.83,1.0
5096,0.02,1,10.0,10.0,True,20000,31251,2.2946527004241943,0.0002271437573029421,0.83,1.0
5097,0.02,41,-30.0,-29.6,True,20000,31292,2.299078941345215,0.0002270226579893541,0.83,1.0
5098,0.02,45,-45.0,-45.2,False,20000,31337,2.325552463531494,0.00022690160358797252,0.82,1.0
5099,0.02,6,5.0,6.0,True,20000,31343,2.237452507019043,0.0002267805941231804,0.83,1.0
5100,0.02,1,10.0,10.0,True,20000,31344,2.2251248359680176,0.00022665962961935132,0.83,1.0
5101,0.02,3,8.0,8.4,True,20000,31347,2.7489030361175537,0.00022653871010085012,0.84,1.0
5102,0.02,41,-30.0,-29.6,True,20000,31388,3.098407030105591,0.00022641783559203244,0.84,1.0
5103,0.02,45,-45.0,-44.8,False,20000,31433,2.1833345890045166,0.00022629700611724493,0.84,1.0
5104,0.02,4,7.0,7.6,True,20000,31437,2.150383710861206,0.00022617622170082515,0.84,1.0
5105,0.02,1,-10.0,-10.0,False,20000,31438,2.5693206787109375,0.00022605548236710147,0.84,1.0
5106,0.02,4,7.0,7.6,True,20000,31442,1.7950109243392944,0.00022593478814039324,0.84,1.0
5107,0.02,4,7.0,7.6,True,20000,31446,2.4753386974334717,0.00022581413904501082,0.84,1.0
5108,0.02,2,9.0,9.2,True,20000,31448,1.938550353050232,0.00022569353510525542,0.84,1.0
5109,0.02,3,8.0,8.4,True,20000,31451,2.6640067100524902,0.00022557297634541912,0.84,1.0
5110,0.02,2,9.0,9.2,True,20000,31453,2.1428442001342773,0.0002254524627897849,0.84,1.0
5111,0.02,3,8.0,8.4,True,20000,31456,3.344114065170288,0.00022533199446262672,0.84,1.0
5112,0.02,3,8.0,8.4,True,20000,31459,1.7636500597000122,0.00022521157138820933,0.84,1.0
5113,0.02,7,4.0,4.8,True,20000,31466,2.0879719257354736,0.00022509119359078838,0.84,1.0
5114,0.02,2,9.0,9.2,True,20000,31468,2.4596962928771973,0.0002249708610946105,0.85,1.0
5115,0.02,3,8.0,8.4,True,20000,31471,1.7175320386886597,0.00022485057392391319,0.85,1.0
5116,0.02,3,8.0,8.4,True,20000,31474,2.362602949142456,0.0002247303321029245,0.85,1.0
5117,0.02,2,9.0,9.2,True,20000,31476,1.6965469121932983,0.00022461013565586375,0.85,1.0
5118,0.02,4,7.0,7.6,True,20000,31480,1.5943198204040527,0.00022448998460694093,0.85,1.0
5119,0.02,3,8.0,8.4,True,20000,31483,2.182718515396118,0.00022436987898035696,0.85,1.0
5120,0.02,3,8.0,8.4,True,20000,31486,2.4141793251037598,0.00022424981880030353,0.85,1.0
5121,0.02,1,-10.0,-10.0,False,20000,31487,2.4726219177246094,0.0002241298040909633,0.85,1.0
5122,0.02,3,8.0,8.4,True,20000,31490,1.930788278579712,0.00022400983487650962,0.85,1.0
5123,0.02,1,10.0,10.0,True,20000,31491,2.4622557163238525,0.00022388991118110681,0.86,1.0
5124,0.02,6,5.0,5.6,True,20000,31497,2.3291730880737305,0.00022377003302890988,0.86,1.0
5125,0.02,2,9.0,9.2,True,20000,31499,2.296149969100952,0.00022365020044406482,0.86,1.0
5126,0.02,3,8.0,8.4,True,20000,31502,2.001176357269287,0.00022353041345070845,0.86,1.0
5127,0.02,1,-10.0,-10.0,False,20000,31503,2.202049732208252,0.00022341067207296808,0.85,1.0
5128,0.02,6,5.0,5.6,True,20000,31509,2.0330281257629395,0.00022329097633496222,0.85,1.0
5129,0.02,1,10.0,10.0,True,20000,31510,2.5979692935943604,0.00022317132626080004,0.85,1.0
5130,0.02,1,10.0,10.0,True,20000,31511,2.292631149291992,0.00022305172187458153,0.85,1.0
5131,0.02,2,9.0,9.2,True,20000,31513,2.5829741954803467,0.00022293216320039744,0.85,1.0
5132,0.02,1,10.0,10.0,True,20000,31514,2.9281747341156006,0.0002228126502623293,0.85,1.0
5133,0.02,1,10.0,10.0,True,20000,31515,2.0301878452301025,0.0002226931830844496,0.85,1.0
5134,0.02,1,10.0,10.0,True,20000,31516,2.640204906463623,0.00022257376169082136,0.85,1.0
5135,0.02,4,7.0,7.6,True,20000,31520,2.517944097518921,0.0002224543861054985,0.85,1.0
5136,0.02,2,9.0,9.2,True,20000,31522,2.0857815742492676,0.00022233505635252577,0.85,1.0
5137,0.02,3,8.0,8.4,True,20000,31525,2.288062334060669,0.00022221577245593873,0.85,1.0
5138,0.02,2,9.0,9.2,True,20000,31527,2.9969401359558105,0.0002220965344397633,0.85,1.0
5139,0.02,1,10.0,10.0,True,20000,31528,2.359780788421631,0.00022197734232801662,0.86,1.0
5140,0.02,1,10.0,10.0,True,20000,31529,2.5966742038726807,0.00022185819614470642,0.86,1.0
5141,0.02,2,9.0,9.2,True,20000,31531,2.3901405334472656,0.0002217390959138311,0.86,1.0
5142,0.02,1,10.0,10.0,True,20000,31532,1.9824751615524292,0.00022162004165938006,0.86,1.0
5143,0.02,1,10.0,10.0,True,20000,31533,1.7301011085510254,0.00022150103340533333,0.86,1.0
5144,0.02,2,9.0,9.2,True,20000,31535,2.2633614540100098,0.00022138207117566134,0.86,1.0
5145,0.02,1,10.0,10.0,True,20000,31536,1.852197289466858,0.00022126315499432561,0.86,1.0
5146,0.02,2,-11.0,-10.8,False,20000,31538,2.2178666591644287,0.0002211442848852784,0.85,1.0
5147,0.02,4,7.0,7.6,True,20000,31542,1.8896877765655518,0.00022102546087246247,0.85,1.0
5148,0.02,2,9.0,9.2,True,20000,31544,1.9991202354431152,0.00022090668297981145,0.86,1.0
5149,0.02,3,8.0,8.4,True,20000,31547,2.450847864151001,0.0002207879512312497,0.86,1.0
5150,0.02,3,8.0,8.4,True,20000,31550,2.198415756225586,0.0002206692656506922,0.86,1.0
5151,0.02,5,6.0,6.8,True,20000,31555,1.7441647052764893,0.00022055062626204458,0.86,1.0
5152,0.02,3,8.0,8.4,True,20000,31558,2.4260952472686768,0.00022043203308920337,0.86,1.0
5153,0.02,3,8.0,8.4,True,20000,31561,2.019951581954956,0.00022031348615605555,0.86,1.0
5154,0.02,2,9.0,9.2,True,20000,31563,2.256284475326538,0.00022019498548647904,0.87,1.0
5155,0.02,1,10.0,10.0,True,20000,31564,2.388922691345215,0.00022007653110434213,0.87,1.0
5156,0.02,1,-10.0,-10.0,False,20000,31565,1.6621235609054565,0.00021995812303350406,0.87,1.0
5157,0.02,3,8.0,8.4,True,20000,31568,2.1958165168762207,0.0002198397612978146,0.87,1.0
5158,0.02,1,10.0,10.0,True,20000,31569,2.1971778869628906,0.0002197214459211143,0.87,1.0
5159,0.02,3,8.0,8.4,True,20000,31572,2.1712188720703125,0.00021960317692723422,0.87,1.0
5160,0.02,4,7.0,7.6,True,20000,31576,1.8382861614227295,0.00021948495433999623,0.87,1.0
5161,0.02,2,9.0,9.2,True,20000,31578,2.1706442832946777,0.00021936677818321272,0.87,1.0
5162,0.02,14,-23.0,-23.2,False,20000,31592,2.399923324584961,0.0002192486484806868,0.86,1.0
5163,0.02,4,7.0,7.6,True,20000,31596,2.3818109035491943,0.0002191305652562123,0.86,1.0
5164,0.02,2,9.0,9.2,True,20000,31598,2.289494514465332,0.0002190125285335735,0.86,1.0
5165,0.02,3,-12.0,-11.6,False,20000,31601,1.9988999366760254,0.00021889453833654556,0.85,1.0
5166,0.02,2,9.0,9.2,True,20000,31603,1.8499419689178467,0.0002187765946888939,0.86,1.0
5167,0.02,44,-53.0,-52.8,False,20000,31647,2.6019225120544434,0.0002186586976143749,0.85,1.0
5168,0.02,1,10.0,10.0,True,20000,31648,1.9186968803405762,0.00021854084713673547,0.85,1.0
5169,0.02,1,-10.0,-10.0,False,20000,31649,1.9313600063323975,0.00021842304327971304,0.84,1.0
5170,0.02,4,7.0,7.6,True,20000,31653,2.6055853366851807,0.0002183052860670358,0.85,1.0
5171,0.02,1,10.0,10.0,True,20000,31654,2.3601884841918945,0.00021818757552242242,0.85,1.0
5172,0.02,3,8.0,8.4,True,20000,31657,2.2631218433380127,0.00021806991166958226,0.85,1.0
5173,0.02,2,9.0,9.2,True,20000,31659,2.1561155319213867,0.00021795229453221518,0.85,1.0
5174,0.02,45,-45.0,-44.8,False,20000,31704,2.5185866355895996,0.00021783472413401173,0.85,1.0
5175,0.02,1,10.0,10.0,True,20000,31705,1.802590250968933,0.00021771720049865295,0.86,1.0
5176,0.02,1,10.0,10.0,True,20000,31706,2.228529453277588,0.00021759972364981066,0.87,1.0
5177,0.02,2,9.0,9.2,True,20000,31708,2.0956006050109863,0.00021748229361114689,0.87,1.0
5178,0.02,1,-10.0,-10.0,False,20000,31709,2.0200634002685547,0.00021736491040631452,0.87,1.0
5179,0.02,2,9.0,9.2,True,20000,31711,2.4789159297943115,0.00021724757405895695,0.87,1.0
5180,0.02,1,10.0,10.0,True,20000,31712,1.7774171829223633,0.00021713028459270813,0.87,1.0
5181,0.02,1,10.0,10.0,True,20000,31713,2.3692562580108643,0.00021701304203119258,0.87,1.0
5182,0.02,4,7.0,7.6,True,20000,31717,1.8924816846847534,0.0002168958463980253,0.87,1.0
5183,0.02,40,-29.0,-28.4,True,20000,31757,2.0045173168182373,0.00021677869771681197,0.87,1.0
5184,0.02,2,9.0,9.2,True,20000,31759,2.4347360134124756,0.00021666159601114868,0.87,1.0
5185,0.02,1,10.0,10.0,True,20000,31760,2.3626856803894043,0.00021654454130462216,0.87,1.0
5186,0.02,4,7.0,7.2,True,20000,31764,2.5929336547851562,0.0002164275336208096,0.87,1.0
5187,0.02,1,-10.0,-10.0,False,20000,31765,2.246134042739868,0.00021631057298327882,0.86,1.0
5188,0.02,5,6.0,6.8,True,20000,31770,2.2142019271850586,0.00021619365941558794,0.86,1.0
5189,0.02,1,10.0,10.0,True,20000,31771,2.2294435501098633,0.00021607679294128565,0.86,1.0
5190,0.02,2,9.0,9.2,True,20000,31773,1.9111484289169312,0.00021595997358391157,0.86,1.0
5191,0.02,2,9.0,9.2,True,20000,31775,2.3883821964263916,0.00021584320136699538,0.86,1.0
5192,0.02,1,10.0,10.0,True,20000,31776,2.1321589946746826,0.0002157264763140575,0.86,1.0
5193,0.02,1,10.0,10.0,True,20000,31777,1.9600567817687988,0.00021560979844860846,0.86,1.0
5194,0.02,5,6.0,6.4,True,20000,31782,2.1929736137390137,0.0002154931677941498,0.86,1.0
5195,0.02,2,9.0,9.2,True,20000,31784,2.1848490238189697,0.00021537658437417327,0.86,1.0
5196,0.02,1,-10.0,-10.0,False,20000,31785,2.373307466506958,0.00021526004821216115,0.85,1.0
5197,0.02,3,8.0,8.4,True,20000,31788,2.0339066982269287,0.00021514355933158625,0.85,1.0
5198,0.02,1,-10.0,-10.0,False,20000,31789,2.2168798446655273,0.00021502711775591175,0.85,1.0
5199,0.02,4,7.0,7.2,True,20000,31793,2.1534924507141113,0.00021491072350859143,0.85,1.0
5200,0.02,4,7.0,7.6,True,20000,31797,1.7783291339874268,0.00021479437661306943,0.85,1.0
5201,0.02,3,8.0,8.4,True,20000,31800,2.2901923656463623,0.00021467807709278045,0.85,1.0
5202,0.02,4,7.0,7.6,True,20000,31804,2.5466506481170654,0.00021456182497114955,0.85,1.0
5203,0.02,4,7.0,7.6,True,20000,31808,2.439851999282837,0.00021444562027159245,0.86,1.0
5204,0.02,4,7.0,7.2,True,20000,31812,2.094686269760132,0.00021432946301751493,0.86,1.0
5205,0.02,3,8.0,8.4,True,20000,31815,2.29921293258667,0.00021421335323231345,0.87,1.0
5206,0.02,2,9.0,9.2,True,20000,31817,2.337770938873291,0.00021409729093937506,0.87,1.0
5207,0.02,3,8.0,8.4,True,20000,31820,2.2732369899749756,0.00021398127616207695,0.87,1.0
5208,0.02,4,7.0,7.6,True,20000,31824,1.868161916732788,0.00021386530892378696,0.87,1.0
5209,0.02,5,6.0,6.8,True,20000,31829,2.4343767166137695,0.00021374938924786327,0.87,1.0
5210,0.02,1,10.0,10.0,True,20000,31830,2.8490986824035645,0.00021363351715765442,0.87,1.0
5211,0.02,1,10.0,10.0,True,20000,31831,2.0100655555725098,0.00021351769267649945,0.87,1.0
5212,0.02,2,9.0,9.2,True,20000,31833,2.780123710632324,0.00021340191582772778,0.87,1.0
5213,0.02,2,9.0,9.2,True,20000,31835,2.0355772972106934,0.00021328618663465926,0.87,1.0
5214,0.02,7,4.0,4.4,True,20000,31842,2.378678798675537,0.0002131705051206042,0.87,1.0
5215,0.02,3,8.0,8.4,True,20000,31845,1.942344069480896,0.00021305487130886304,0.87,1.0
5216,0.02,1,10.0,10.0,True,20000,31846,2.3083300590515137,0.00021293928522272688,0.87,1.0
5217,0.02,2,9.0,9.2,True,20000,31848,2.10945463180542,0.00021282374688547714,0.87,1.0
5218,0.02,6,5.0,5.2,True,20000,31854,1.8833467960357666,0.00021270825632038564,0.87,1.0
5219,0.02,5,-14.0,-13.6,False,20000,31859,2.2606754302978516,0.00021259281355071448,0.86,1.0
5220,0.02,4,7.0,7.6,True,20000,31863,2.460702419281006,0.00021247741859971623,0.86,1.0
5221,0.02,1,10.0,10.0,True,20000,31864,2.4721879959106445,0.00021236207149063384,0.87,1.0
5222,0.02,1,10.0,10.0,True,20000,31865,1.8513991832733154,0.00021224677224670053,0.87,1.0
5223,0.02,1,10.0,10.0,True,20000,31866,2.056391954421997,0.00021213152089113996,0.87,1.0
5224,0.02,5,6.0,6.8,True,20000,31871,2.2407662868499756,0.00021201631744716609,0.87,1.0
5225,0.02,5,6.0,6.8,True,20000,31876,2.331805467605591,0.00021190116193798338,0.87,1.0
5226,0.02,4,7.0,7.6,True,20000,31880,2.4926135540008545,0.0002117860543867863,0.87,1.0
5227,0.02,6,5.0,6.0,True,20000,31886,3.3571081161499023,0.00021167099481675993,0.88,1.0
5228,0.02,3,8.0,8.4,True,20000,31889,2.100109815597534,0.00021155598325107967,0.88,1.0
5229,0.02,4,7.0,7.6,True,20000,31893,2.4515914916992188,0.0002114410197129112,0.88,1.0
5230,0.02,1,10.0,10.0,True,20000,31894,2.1414318084716797,0.00021132610422541044,0.88,1.0
5231,0.02,2,-11.0,-10.8,False,20000,31896,2.040144920349121,0.00021121123681172403,0.87,1.0
5232,0.02,1,-10.0,-10.0,False,20000,31897,1.9134111404418945,0.00021109641749498826,0.86,1.0
5233,0.02,5,6.0,6.8,True,20000,31902,2.35640811920166,0.0002109816462983303,0.86,1.0
5234,0.02,32,-21.0,-20.4,True,20000,31934,1.855530023574829,0.00021086692324486734,0.86,1.0
5235,0.02,2,-11.0,-10.8,False,20000,31936,2.792318344116211,0.00021075224835770694,0.85,1.0
5236,0.02,2,9.0,9.2,True,20000,31938,1.9583358764648438,0.0002106376216599471,0.85,1.0
5237,0.02,4,7.0,7.2,True,20000,31942,1.894108533859253,0.00021052304317467575,0.85,1.0
5238,0.02,2,9.0,9.2,True,20000,31944,1.9363702535629272,0.00021040851292497158,0.85,1.0
5239,0.02,1,10.0,10.0,True,20000,31945,1.5619282722473145,0.0002102940309339032,0.85,1.0
5240,0.02,3,8.0,8.4,True,20000,31948,1.8395917415618896,0.0002101795972245297,0.85,1.0
5241,0.02,1,10.0,10.0,True,20000,31949,2.052898406982422,0.00021006521181990035,0.85,1.0
5242,0.02,3,8.0,8.4,True,20000,31952,2.289155960083008,0.00020995087474305483,0.85,1.0
5243,0.02,5,6.0,6.8,True,20000,31957,2.318044662475586,0.0002098365860170227,0.85,1.0
5244,0.02,1,10.0,10.0,True,20000,31958,1.894012451171875,0.00020972234566482418,0.85,1.0
5245,0.02,8,-17.0,-16.8,False,20000,31966,2.776232957839966,0.00020960815370946968,0.84,1.0
5246,0.02,5,6.0,6.4,True,20000,31971,2.034048080444336,0.00020949401017395978,0.85,1.0
5247,0.02,1,10.0,10.0,True,20000,31972,2.4911680221557617,0.00020937991508128526,0.85,1.0
5248,0.02,27,-16.0,-15.6,True,20000,31999,3.0577995777130127,0.00020926586845442722,0.85,1.0
5249,0.02,3,8.0,8.4,True,20000,32002,1.797531008720398,0.00020915187031635707,0.85,1.0
5250,0.02,2,9.0,9.2,True,20000,32004,2.4749715328216553,0.00020903792069003633,0.85,1.0
5251,0.02,2,9.0,9.2,True,20000,32006,3.238173007965088,0.00020892401959841678,0.85,1.0
5252,0.02,1,10.0,10.0,True,20000,32007,1.9531316757202148,0.00020881016706444044,0.85,1.0
5253,0.02,2,-11.0,-11.2,False,20000,32009,2.0879456996917725,0.00020869636311103966,0.84,1.0
5254,0.02,2,9.0,9.2,True,20000,32011,2.401679039001465,0.00020858260776113663,0.84,1.0
5255,0.02,2,9.0,9.2,True,20000,32013,2.1932075023651123,0.0002084689010376442,0.84,1.0
5256,0.02,2,9.0,9.2,True,20000,32015,2.414128303527832,0.00020835524296346515,0.85,1.0
5257,0.02,10,1.0,1.6,True,20000,32025,2.2230427265167236,0.00020824163356149256,0.85,1.0
5258,0.02,4,7.0,7.6,True,20000,32029,2.0093600749969482,0.0002081280728546098,0.85,1.0
5259,0.02,7,4.0,4.4,True,20000,32036,2.4100992679595947,0.00020801456086569015,0.85,1.0
5260,0.02,5,6.0,6.8,True,20000,32041,2.037418842315674,0.00020790109761759733,0.85,1.0
5261,0.02,3,8.0,8.4,True,20000,32044,2.587050199508667,0.0002077876831331852,0.85,1.0
5262,0.02,4,7.0,7.6,True,20000,32048,2.283839702606201,0.00020767431743529772,0.86,1.0
5263,0.02,4,7.0,7.6,True,20000,32052,2.873232126235962,0.0002075610005467691,0.86,1.0
5264,0.02,9,2.0,2.4,True,20000,32061,2.5008060932159424,0.00020744773249042377,0.86,1.0
5265,0.02,3,8.0,8.4,True,20000,32064,1.8370552062988281,0.000207334513289076,0.87,1.0
5266,0.02,2,9.0,9.2,True,20000,32066,2.4006638526916504,0.00020722134296553062,0.87,1.0
5267,0.02,4,7.0,7.6,True,20000,32070,2.2878944873809814,0.00020710822154258236,0.88,1.0
5268,0.02,3,8.0,8.4,True,20000,32073,1.767263412475586,0.00020699514904301628,0.88,1.0
5269,0.02,5,6.0,6.8,True,20000,32078,2.03269100189209,0.00020688212548960748,0.89,1.0
5270,0.02,3,8.0,8.4,True,20000,32081,2.359753131866455,0.00020676915090512117,0.89,1.0
5271,0.02,2,9.0,9.2,True,20000,32083,2.336559534072876,0.00020665622531231286,0.89,1.0
5272,0.02,33,-22.0,-21.6,True,20000,32116,2.112170696258545,0.00020654334873392797,0.89,1.0
5273,0.02,1,10.0,10.0,True,20000,32117,2.4085512161254883,0.00020643052119270218,0.89,1.0
5274,0.02,4,7.0,7.6,True,20000,32121,1.798609733581543,0.0002063177427113614,0.9,1.0
5275,0.02,4,7.0,7.6,True,20000,32125,2.5314083099365234,0.00020620501331262118,0.9,1.0
5276,0.02,3,8.0,8.4,True,20000,32128,2.3721370697021484,0.00020609233301918797,0.9,1.0
5277,0.02,3,-12.0,-12.0,False,20000,32131,2.1110451221466064,0.00020597970185375747,0.89,1.0
5278,0.02,2,9.0,9.2,True,20000,32133,2.8543355464935303,0.00020586711983901635,0.9,1.0
5279,0.02,15,-24.0,-23.6,False,20000,32148,2.9096148014068604,0.00020575458699764057,0.89,1.0
5280,0.02,2,9.0,9.2,True,20000,32150,2.1158690452575684,0.00020564210335229658,0.89,1.0
5281,0.02,2,9.0,9.2,True,20000,32152,2.3134377002716064,0.0002055296689256412,0.89,1.0
5282,0.02,45,-45.0,-44.8,False,20000,32197,1.7944281101226807,0.00020541728374032063,0.88,1.0
5283,0.02,5,6.0,6.8,True,20000,32202,1.7723970413208008,0.00020530494781897195,0.88,1.0
5284,0.02,4,7.0,7.6,True,20000,32206,2.0108542442321777,0.00020519266118422172,0.88,1.0
5285,0.02,2,9.0,9.2,True,20000,32208,2.5110974311828613,0.0002050804238586865,0.88,1.0
5286,0.02,5,6.0,6.4,True,20000,32213,2.3892111778259277,0.00020496823586497358,0.88,1.0
5287,0.02,1,10.0,10.0,True,20000,32214,1.8480353355407715,0.00020485609722567977,0.89,1.0
5288,0.02,1,10.0,10.0,True,20000,32215,2.2113733291625977,0.0002047440079633921,0.89,1.0
5289,0.02,6,5.0,6.0,True,20000,32221,2.4201207160949707,0.00020463196810068776,0.89,1.0
5290,0.02,3,8.0,8.4,True,20000,32224,2.652825117111206,0.00020451997766013353,0.89,1.0
5291,0.02,6,5.0,5.2,True,20000,32230,1.877908706665039,0.00020440803666428706,0.89,1.0
5292,0.02,2,9.0,9.2,True,20000,32232,2.267401695251465,0.0002042961451356951,0.89,1.0
5293,0.02,3,8.0,8.4,True,20000,32235,2.2356808185577393,0.00020418430309689534,0.89,1.0
5294,0.02,6,5.0,5.6,True,20000,32241,1.9216712713241577,0.0002040725105704147,0.89,1.0
5295,0.02,3,8.0,8.4,True,20000,32244,1.9362704753875732,0.0002039607675787706,0.89,1.0
5296,0.02,1,10.0,10.0,True,20000,32245,2.061596155166626,0.00020384907414447044,0.9,1.0
5297,0.02,2,9.0,9.2,True,20000,32247,2.326406717300415,0.00020373743029001147,0.9,1.0
5298,0.02,4,7.0,7.6,True,20000,32251,2.9732508659362793,0.0002036258360378811,0.91,1.0
5299,0.02,2,9.0,9.2,True,20000,32253,2.8578639030456543,0.0002035142914105567,0.91,1.0
5300,0.02,3,8.0,8.4,True,20000,32256,2.280052900314331,0.00020340279643050563,0.91,1.0
5301,0.02,5,6.0,6.8,True,20000,32261,2.3924646377563477,0.00020329135112018537,0.91,1.0
5302,0.02,3,8.0,8.0,True,20000,32264,1.7189254760742188,0.00020317995550204294,0.91,1.0
5303,0.02,1,10.0,10.0,True,20000,32265,3.248203754425049,0.00020306860959851624,0.91,1.0
5304,0.02,45,-34.0,-33.6,True,20000,32310,1.7599371671676636,0.0002029573134320321,0.91,1.0
5305,0.02,2,9.0,9.2,True,20000,32312,2.3210620880126953,0.00020284606702500825,0.91,1.0
5306,0.02,1,10.0,10.0,True,20000,32313,2.3100013732910156,0.00020273487039985174,0.91,1.0
5307,0.02,2,9.0,9.2,True,20000,32315,2.552290439605713,0.0002026237235789599,0.91,1.0
5308,0.02,1,10.0,10.0,True,20000,32316,2.1789379119873047,0.00020251262658472005,0.91,1.0
5309,0.02,5,6.0,6.4,True,20000,32321,3.0766782760620117,0.00020240157943950934,0.91,1.0
5310,0.02,5,6.0,6.8,True,20000,32326,1.776222825050354,0.00020229058216569493,0.91,1.0
5311,0.02,5,6.0,6.8,True,20000,32331,1.7766356468200684,0.00020217963478563414,0.91,1.0
5312,0.02,2,9.0,9.2,True,20000,32333,1.851078987121582,0.00020206873732167368,0.91,1.0
5313,0.02,4,7.0,7.6,True,20000,32337,2.4100728034973145,0.00020195788979615094,0.91,1.0
5314,0.02,3,8.0,8.4,True,20000,32340,2.194920539855957,0.00020184709223139253,0.91,1.0
5315,0.02,45,-45.0,-44.8,False,20000,32385,2.5075697898864746,0.00020173634464971577,0.9,1.0
5316,0.02,1,10.0,10.0,True,20000,32386,2.4695756435394287,0.0002016256470734271,0.9,1.0
5317,0.02,3,8.0,8.4,True,20000,32389,2.9959158897399902,0.0002015149995248235,0.9,1.0
5318,0.02,4,7.0,7.6,True,20000,32393,2.351630210876465,0.00020140440202619158,0.9,1.0
5319,0.02,4,7.0,7.6,True,20000,32397,2.3701322078704834,0.00020129385459980795,0.91,1.0
5320,0.02,5,6.0,6.4,True,20000,32402,1.8368474245071411,0.00020118335726793915,0.91,1.0
5321,0.02,1,10.0,10.0,True,20000,32403,2.1552133560180664,0.0002010729100528415,0.91,1.0
5322,0.02,4,7.0,7.6,True,20000,32407,2.0338547229766846,0.0002009625129767616,0.91,1.0
5323,0.02,1,10.0,10.0,True,20000,32408,2.091113805770874,0.00020085216606193556,0.91,1.0
5324,0.02,2,9.0,9.2,True,20000,32410,1.8086744546890259,0.00020074186933058923,0.91,1.0
5325,0.02,4,7.0,7.6,True,20000,32414,2.155207395553589,0.00020063162280493905,0.91,1.0
5326,0.02,1,10.0,10.0,True,20000,32415,2.2119388580322266,0.00020052142650719054,0.91,1.0
5327,0.02,4,7.0,7.6,True,20000,32419,2.506002187728882,0.00020041128045953976,0.91,1.0
5328,0.02,3,8.0,8.4,True,20000,32422,2.085048198699951,0.00020030118468417253,0.91,1.0
5329,0.02,1,10.0,10.0,True,20000,32423,1.9951838254928589,0.00020019113920326386,0.91,1.0
5330,0.02,7,4.0,4.4,True,20000,32430,2.7278223037719727,0.00020008114403897976,0.91,1.0
5331,0.02,4,7.0,7.6,True,20000,32434,2.3095812797546387,0.000199971199213475,0.92,1.0
5332,0.02,2,9.0,9.2,True,20000,32436,1.8922767639160156,0.0001998613047488952,0.93,1.0
5333,0.02,3,8.0,8.4,True,20000,32439,2.091851234436035,0.00019975146066737495,0.93,1.0
5334,0.02,3,8.0,8.4,True,20000,32442,1.841943383216858,0.00019964166699103935,0.93,1.0
5335,0.02,2,9.0,9.2,True,20000,32444,2.085779905319214,0.00019953192374200294,0.94,1.0
5336,0.02,1,10.0,10.0,True,20000,32445,1.682345986366272,0.00019942223094237036,0.94,1.0
5337,0.02,4,7.0,7.6,True,20000,32449,1.672019362449646,0.00019931258861423596,0.94,1.0
5338,0.02,1,10.0,10.0,True,20000,32450,2.2921295166015625,0.00019920299677968407,0.94,1.0
5339,0.02,1,-10.0,-10.0,False,20000,32451,1.9693975448608398,0.0001990934554607884,0.93,1.0
5340,0.02,3,8.0,8.4,True,20000,32454,2.2364113330841064,0.00019898396467961323,0.93,1.0
5341,0.02,6,5.0,5.6,True,20000,32460,1.9435735940933228,0.0001988745244582118,0.93,1.0
5342,0.02,3,8.0,8.4,True,20000,32463,2.264099597930908,0.0001987651348186281,0.93,1.0
5343,0.02,3,8.0,8.4,True,20000,32466,2.0166478157043457,0.00019865579578289498,0.93,1.0
5344,0.02,3,8.0,8.4,True,20000,32469,2.190047264099121,0.00019854650737303607,0.93,1.0
5345,0.02,4,7.0,7.6,True,20000,32473,2.0720579624176025,0.00019843726961106382,0.94,1.0
5346,0.02,2,9.0,9.2,True,20000,32475,2.257192611694336,0.00019832808251898123,0.94,1.0
5347,0.02,3,8.0,8.4,True,20000,32478,2.5819127559661865,0.0001982189461187807,0.94,1.0
5348,0.02,1,10.0,10.0,True,20000,32479,1.9779090881347656,0.00019810986043244458,0.94,1.0
5349,0.02,4,7.0,7.6,True,20000,32483,2.086074113845825,0.00019800082548194494,0.94,1.0
5350,0.02,1,10.0,10.0,True,20000,32484,1.9039005041122437,0.0001978918412892438,0.94,1.0
5351,0.02,2,9.0,9.2,True,20000,32486,2.5970468521118164,0.0001977829078762924,0.94,1.0
5352,0.02,1,10.0,10.0,True,20000,32487,2.6402692794799805,0.00019767402526503272,0.94,1.0
5353,0.02,4,7.0,7.6,True,20000,32491,1.8500864505767822,0.00019756519347739542,0.95,1.0
5354,0.02,4,7.0,7.6,True,20000,32495,2.871107578277588,0.00019745641253530197,0.95,1.0
5355,0.02,3,8.0,8.4,True,20000,32498,2.226444959640503,0.0001973476824606627,0.95,1.0
5356,0.02,5,6.0,6.8,True,20000,32503,2.042961835861206,0.00019723900327537816,0.95,1.0
5357,0.02,4,7.0,7.6,True,20000,32507,2.160917282104492,0.00019713037500133858,0.95,1.0
5358,0.02,1,10.0,10.0,True,20000,32508,2.16774582862854,0.000197021797660424,0.95,1.0
5359,0.02,45,-45.0,-45.2,False,20000,32553,2.391944646835327,0.000196913271274504,0.94,1.0
5360,0.02,1,10.0,10.0,True,20000,32554,1.9711718559265137,0.00019680479586543824,0.94,1.0
5361,0.02,4,7.0,7.2,True,20000,32558,1.9218608140945435,0.00019669637145507547,0.94,1.0
5362,0.02,5,6.0,6.8,True,20000,32563,2.2506518363952637,0.00019658799806525503,0.94,1.0
5363,0.02,6,5.0,6.0,True,20000,32569,2.981454372406006,0.0001964796757178052,0.94,1.0
5364,0.02,1,10.0,10.0,True,20000,32570,2.194324016571045,0.00019637140443454465,0.94,1.0
5365,0.02,3,8.0,8.4,True,20000,32573,2.156679391860962,0.00019626318423728107,0.94,1.0
5366,0.02,5,-14.0,-13.6,False,20000,32578,2.3672122955322266,0.00019615501514781263,0.93,1.0
5367,0.02,5,6.0,6.4,True,20000,32583,2.2386441230773926,0.0001960468971879265,0.93,1.0
5368,0.02,4,7.0,7.6,True,20000,32587,2.518158197402954,0.00019593883037939995,0.93,1.0
5369,0.02,4,7.0,7.6,True,20000,32591,2.499084234237671,0.00019583081474399983,0.93,1.0
5370,0.02,3,8.0,8.4,True,20000,32594,2.277554512023926,0.0001957228503034826,0.93,1.0
5371,0.02,4,7.0,7.6,True,20000,32598,2.1095097064971924,0.00019561493707959487,0.93,1.0
5372,0.02,5,6.0,6.8,True,20000,32603,2.2686927318573,0.0001955070750940723,0.93,1.0
5373,0.02,3,8.0,8.4,True,20000,32606,2.0183122158050537,0.00019539926436864033,0.93,1.0
5374,0.02,2,9.0,9.2,True,20000,32608,1.989941954612732,0.0001952915049250147,0.93,1.0
5375,0.02,4,7.0,7.6,True,20000,32612,1.7900207042694092,0.00019518379678489986,0.93,1.0
5376,0.02,3,8.0,8.4,True,20000,32615,2.3083386421203613,0.00019507613996999087,0.93,1.0
5377,0.02,1,-10.0,-10.0,False,20000,32616,2.1253514289855957,0.00019496853450197193,0.93,1.0
5378,0.02,1,10.0,10.0,True,20000,32617,1.7887238264083862,0.0001948609804025167,0.93,1.0
5379,0.02,1,10.0,10.0,True,20000,32618,2.523883581161499,0.0001947534776932892,0.94,1.0
5380,0.02,3,8.0,8.4,True,20000,32621,2.1557059288024902,0.0001946460263959423,0.94,1.0
5381,0.02,1,10.0,10.0,True,20000,32622,1.5870825052261353,0.00019453862653211922,0.94,1.0
5382,0.02,2,9.0,9.2,True,20000,32624,1.9889211654663086,0.00019443127812345223,0.95,1.0
5383,0.02,3,8.0,8.4,True,20000,32627,2.5462026596069336,0.0001943239811915636,0.95,1.0
5384,0.02,8,3.0,3.6,True,20000,32635,1.971903681755066,0.00019421673575806514,0.95,1.0
5385,0.02,3,8.0,8.4,True,20000,32638,2.0589656829833984,0.0001941095418445583,0.95,1.0
5386,0.02,2,-11.0,-10.8,False,20000,32640,2.2785983085632324,0.00019400239947263407,0.94,1.0
5387,0.02,1,10.0,10.0,True,20000,32641,1.998076319694519,0.00019389530866387316,0.94,1.0
5388,0.02,45,-45.0,-44.8,False,20000,32686,2.3455657958984375,0.0001937882694398459,0.93,1.0
5389,0.02,3,8.0,8.4,True,20000,32689,1.8765324354171753,0.00019368128182211216,0.93,1.0
5390,0.02,8,3.0,3.6,True,20000,32697,2.054739475250244,0.00019357434583222127,0.93,1.0
5391,0.02,3,8.0,8.4,True,20000,32700,1.8122963905334473,0.00019346746149171264,0.93,1.0
5392,0.02,1,10.0,10.0,True,20000,32701,2.46293568611145,0.0001933606288221146,0.93,1.0
5393,0.02,1,10.0,10.0,True,20000,32702,2.6148693561553955,0.00019325384784494584,0.93,1.0
5394,0.02,3,8.0,8.4,True,20000,32705,1.8680403232574463,0.00019314711858171396,0.93,1.0
5395,0.02,1,10.0,10.0,True,20000,32706,1.8981530666351318,0.0001930404410539165,0.93,1.0
5396,0.02,3,8.0,8.4,True,20000,32709,2.1762022972106934,0.0001929338152830404,0.93,1.0
5397,0.02,2,9.0,9.2,True,20000,32711,2.1889848709106445,0.00019282724129056242,0.93,1.0
5398,0.02,1,-10.0,-10.0,False,20000,32712,1.994879961013794,0.00019272071909794873,0.92,1.0
5399,0.02,3,8.0,8.4,True,20000,32715,2.419921636581421,0.00019261424872665513,0.92,1.0
5400,0.02,2,9.0,9.2,True,20000,32717,2.8399782180786133,0.00019250783019812663,0.92,1.0
5401,0.02,4,7.0,7.6,True,20000,32721,2.713684320449829,0.00019240146353379856,0.92,1.0
5402,0.02,4,7.0,7.6,True,20000,32725,1.8496977090835571,0.00019229514875509487,0.92,1.0
5403,0.02,3,8.0,8.4,True,20000,32728,2.022017002105713,0.00019218888588343005,0.92,1.0
5404,0.02,2,9.0,9.2,True,20000,32730,2.5826783180236816,0.00019208267494020718,0.92,1.0
5405,0.02,2,-11.0,-10.8,False,20000,32732,2.6816935539245605,0.0001919765159468195,0.91,1.0
5406,0.02,5,-14.0,-14.0,False,20000,32737,2.157083511352539,0.0001918704089246496,0.9,1.0
5407,0.02,3,8.0,8.4,True,20000,32740,1.9254509210586548,0.00019176435389506966,0.9,1.0
5408,0.02,12,-1.0,-0.4,True,20000,32752,2.15419864654541,0.00019165835087944124,0.9,1.0
5409,0.02,5,6.0,6.4,True,20000,32757,2.079618453979492,0.00019155239989911556,0.9,1.0
5410,0.02,1,10.0,10.0,True,20000,32758,2.2095589637756348,0.0001914465009754333,0.9,1.0
5411,0.02,5,6.0,6.4,True,20000,32763,2.3295047283172607,0.00019134065412972483,0.9,1.0
5412,0.02,4,7.0,7.6,True,20000,32767,2.3880720138549805,0.00019123485938330956,0.9,1.0
5413,0.02,2,9.0,9.2,True,20000,32769,2.720447063446045,0.00019112911675749707,0.9,1.0
5414,0.02,4,7.0,7.6,True,20000,32773,2.4047508239746094,0.0001910234262735857,0.9,1.0
5415,0.02,3,8.0,8.4,True,20000,32776,2.080518960952759,0.00019091778795286412,0.91,1.0
5416,0.02,2,9.0,9.2,True,20000,32778,2.0369677543640137,0.00019081220181660973,0.91,1.0
5417,0.02,1,10.0,10.0,True,20000,32779,2.0399935245513916,0.00019070666788608976,0.91,1.0
5418,0.02,6,5.0,6.0,True,20000,32785,2.534336566925049,0.00019060118618256122,0.91,1.0
5419,0.02,2,9.0,9.2,True,20000,32787,2.1782515048980713,0.00019049575672726982,0.91,1.0
5420,0.02,3,8.0,8.4,True,20000,32790,2.3766751289367676,0.00019039037954145162,0.91,1.0
5421,0.02,3,8.0,8.4,True,20000,32793,2.133044958114624,0.00019028505464633162,0.91,1.0
5422,0.02,1,-10.0,-10.0,False,20000,32794,2.429464101791382,0.00019017978206312418,0.9,1.0
5423,0.02,4,7.0,7.6,True,20000,32798,2.035407066345215,0.00019007456181303363,0.9,1.0
5424,0.02,1,10.0,10.0,True,20000,32799,2.443690538406372,0.00018996939391725335,0.9,1.0
5425,0.02,2,9.0,9.2,True,20000,32801,2.2293460369110107,0.00018986427839696643,0.9,1.0
5426,0.02,2,9.0,9.2,True,20000,32803,1.8796422481536865,0.00018975921527334525,0.9,1.0
5427,0.02,3,8.0,8.4,True,20000,32806,2.691610336303711,0.0001896542045675515,0.9,1.0
5428,0.02,4,7.0,7.6,True,20000,32810,2.2869348526000977,0.0001895492463007368,0.9,1.0
5429,0.02,2,9.0,9.2,True,20000,32812,2.3701159954071045,0.0001894443404940415,0.9,1.0
5430,0.02,4,7.0,7.2,True,20000,32816,2.542288064956665,0.00018933948716859627,0.9,1.0
5431,0.02,4,7.0,7.6,True,20000,32820,2.6326684951782227,0.00018923468634552022,0.9,1.0
5432,0.02,3,8.0,8.4,True,20000,32823,2.6899993419647217,0.00018912993804592285,0.9,1.0
5433,0.02,4,7.0,7.2,True,20000,32827,2.232944965362549,0.00018902524229090227,0.9,1.0
5434,0.02,1,10.0,10.0,True,20000,32828,1.6966782808303833,0.00018892059910154648,0.9,1.0
5435,0.02,2,9.0,9.2,True,20000,32830,2.3727686405181885,0.00018881600849893272,0.9,1.0
5436,0.02,3,8.0,8.4,True,20000,32833,1.9854252338409424,0.00018871147050412773,0.9,1.0
5437,0.02,3,-12.0,-11.6,False,20000,32836,2.4265990257263184,0.00018860698513818757,0.89,1.0
5438,0.02,2,9.0,9.2,True,20000,32838,1.8342194557189941,0.00018850255242215786,0.89,1.0
5439,0.02,1,10.0,10.0,True,20000,32839,2.4801814556121826,0.00018839817237707317,0.9,1.0
5440,0.02,2,9.0,9.2,True,20000,32841,2.0744946002960205,0.00018829384502395816,0.9,1.0
5441,0.02,3,8.0,8.4,True,20000,32844,2.3275649547576904,0.00018818957038382617,0.9,1.0
5442,0.02,4,7.0,7.6,True,20000,32848,2.863818645477295,0.00018808534847768058,0.9,1.0
5443,0.02,2,9.0,9.2,True,20000,32850,2.277940273284912,0.00018798117932651356,0.9,1.0
5444,0.02,2,9.0,9.2,True,20000,32852,2.32840633392334,0.00018787706295130696,0.9,1.0
5445,0.02,2,-11.0,-10.8,False,20000,32854,2.018404960632324,0.00018777299937303206,0.89,1.0
5446,0.02,3,8.0,8.4,True,20000,32857,2.6141257286071777,0.00018766898861264926,0.89,1.0
5447,0.02,4,7.0,7.6,True,20000,32861,2.26973819732666,0.00018756503069110856,0.89,1.0
5448,0.02,1,10.0,10.0,True,20000,32862,2.238893508911133,0.00018746112562934925,0.89,1.0
5449,0.02,3,8.0,8.4,True,20000,32865,1.6461877822875977,0.00018735727344829968,0.89,1.0
5450,0.02,1,10.0,10.0,True,20000,32866,1.9596587419509888,0.0001872534741688782,0.89,1.0
5451,0.02,1,10.0,10.0,True,20000,32867,1.974709153175354,0.00018714972781199172,0.89,1.0
5452,0.02,2,9.0,9.2,True,20000,32869,1.80433189868927,0.00018704603439853725,0.89,1.0
5453,0.02,5,6.0,6.4,True,20000,32874,1.6420316696166992,0.0001869423939494004,0.89,1.0
5454,0.02,7,4.0,4.8,True,20000,32881,2.317345142364502,0.00018683880648545686,0.89,1.0
5455,0.02,4,7.0,7.6,True,20000,32885,2.1951944828033447,0.00018673527202757098,0.89,1.0
5456,0.02,1,10.0,10.0,True,20000,32886,1.8188939094543457,0.00018663179059659682,0.89,1.0
5457,0.02,4,7.0,7.2,True,20000,32890,2.6651499271392822,0.00018652836221337766,0.89,1.0
5458,0.02,3,8.0,8.4,True,20000,32893,1.920248031616211,0.00018642498689874597,0.89,1.0
5459,0.02,10,-19.0,-18.4,False,20000,32903,1.8809382915496826,0.00018632166467352405,0.89,1.0
5460,0.02,4,7.0,7.2,True,20000,32907,2.0675878524780273,0.0001862183955585228,0.89,1.0
5461,0.02,1,10.0,10.0,True,20000,32908,2.154651641845703,0.00018611517957454256,0.89,1.0
5462,0.02,4,7.0,7.6,True,20000,32912,2.0872206687927246,0.00018601201674237362,0.89,1.0
5463,0.02,4,7.0,7.6,True,20000,32916,2.011207103729248,0.0001859089070827946,0.89,1.0
5464,0.02,2,9.0,9.2,True,20000,32918,2.17922306060791,0.00018580585061657434,0.89,1.0
5465,0.02,2,9.0,9.2,True,20000,32920,2.5419960021972656,0.00018570284736447022,0.89,1.0
5466,0.02,45,-45.0,-44.8,False,20000,32965,2.322413206100464,0.00018559989734722923,0.89,1.0
5467,0.02,4,7.0,7.6,True,20000,32969,2.12245774269104,0.00018549700058558788,0.89,1.0
5468,0.02,7,4.0,4.8,True,20000,32976,1.791003704071045,0.0001853941571002713,0.89,1.0
5469,0.02,2,9.0,9.2,True,20000,32978,2.3446967601776123,0.00018529136691199463,0.89,1.0
5470,0.02,4,7.0,7.6,True,20000,32982,2.4385104179382324,0.0001851886300414618,0.89,1.0
5471,0.02,2,9.0,9.2,True,20000,32984,1.906287431716919,0.00018508594650936582,0.89,1.0
5472,0.02,4,-13.0,-12.4,False,20000,32988,1.838547945022583,0.00018498331633638967,0.88,1.0
5473,0.02,4,7.0,7.6,True,20000,32992,2.152158737182617,0.00018488073954320503,0.88,1.0
5474,0.02,2,9.0,9.2,True,20000,32994,2.224215507507324,0.00018477821615047298,0.88,1.0
5475,0.02,1,10.0,10.0,True,20000,32995,2.585129737854004,0.0001846757461788438,0.88,1.0
5476,0.02,3,8.0,8.4,True,20000,32998,2.6838912963867188,0.000184573329648957,0.88,1.0
5477,0.02,4,7.0,7.6,True,20000,33002,2.657630681991577,0.00018447096658144157,0.89,1.0
5478,0.02,3,8.0,8.4,True,20000,33005,2.1464333534240723,0.0001843686569969152,0.89,1.0
5479,0.02,3,8.0,8.4,True,20000,33008,2.4949095249176025,0.0001842664009159855,0.89,1.0
5480,0.02,6,5.0,5.6,True,20000,33014,2.389556646347046,0.00018416419835924855,0.89,1.0
5481,0.02,1,10.0,10.0,True,20000,33015,3.10858416557312,0.00018406204934729044,0.89,1.0
5482,0.02,1,10.0,10.0,True,20000,33016,2.0278191566467285,0.00018395995390068577,0.89,1.0
5483,0.02,3,8.0,8.4,True,20000,33019,2.2072572708129883,0.00018385791203999875,0.89,1.0
5484,0.02,45,-45.0,-45.2,False,20000,33064,2.4985761642456055,0.0001837559237857828,0.88,1.0
5485,0.02,4,7.0,7.6,True,20000,33068,2.2398743629455566,0.00018365398915858033,0.88,1.0
5486,0.02,3,8.0,8.4,True,20000,33071,2.106070041656494,0.0001835521081789231,0.89,1.0
5487,0.02,1,10.0,10.0,True,20000,33072,2.7391819953918457,0.0001834502808673321,0.89,1.0
5488,0.02,1,10.0,10.0,True,20000,33073,2.578011989593506,0.0001833485072443172,0.9,1.0
5489,0.02,4,7.0,7.6,True,20000,33077,2.3905203342437744,0.000183246787330378,0.9,1.0
5490,0.02,1,10.0,10.0,True,20000,33078,2.556244373321533,0.0001831451211460027,0.9,1.0
5491,0.02,5,6.0,6.4,True,20000,33083,2.5680623054504395,0.00018304350871166925,0.9,1.0
5492,0.02,1,10.0,10.0,True,20000,33084,1.6826255321502686,0.00018294195004784424,0.9,1.0
5493,0.02,3,8.0,8.4,True,20000,33087,2.177563190460205,0.00018284044517498371,0.9,1.0
5494,0.02,4,7.0,7.6,True,20000,33091,1.8214048147201538,0.0001827389941135329,0.9,1.0
5495,0.02,2,9.0,9.2,True,20000,33093,2.459728479385376,0.000182637596883926,0.9,1.0
5496,0.02,2,9.0,9.2,True,20000,33095,1.7971642017364502,0.00018253625350658664,0.9,1.0
5497,0.02,4,7.0,7.6,True,20000,33099,2.3959951400756836,0.00018243496400192736,0.9,1.0
5498,0.02,45,-45.0,-44.8,False,20000,33144,2.17681622505188,0.00018233372839034995,0.9,1.0
5499,0.02,1,10.0,10.0,True,20000,33145,2.898448944091797,0.0001822325466922455,0.9,1.0
5500,0.02,3,8.0,8.4,True,20000,33148,2.418478012084961,0.0001821314189279937,0.9,1.0
5501,0.02,3,8.0,8.4,True,20000,33151,2.2970104217529297,0.00018203034511796423,0.9,1.0
5502,0.02,3,8.0,8.4,True,20000,33154,1.8045291900634766,0.0001819293252825149,0.9,1.0
5503,0.02,3,8.0,8.4,True,20000,33157,2.2140884399414062,0.00018182835944199373,0.9,1.0
5504,0.02,1,-10.0,-10.0,False,20000,33158,2.348616123199463,0.00018172744761673693,0.89,1.0
5505,0.02,4,7.0,7.6,True,20000,33162,1.579697608947754,0.00018162658982707035,0.9,1.0
5506,0.02,7,-16.0,-15.2,False,20000,33169,2.2006995677948,0.00018152578609330873,0.9,1.0
5507,0.02,6,5.0,5.6,True,20000,33175,2.3899707794189453,0.00018142503643575597,0.9,1.0
5508,0.02,1,10.0,10.0,True,20000,33176,2.217409372329712,0.00018132434087470538,0.9,1.0
5509,0.02,1,10.0,10.0,True,20000,33177,1.838737964630127,0.000181223699430439,0.9,1.0
5510,0.02,3,8.0,8.4,True,20000,33180,2.039607524871826,0.0001811231121232278,0.9,1.0
5511,0.02,6,5.0,5.6,True,20000,33186,2.2807767391204834,0.00018102257897333252,0.9,1.0
5512,0.02,2,9.0,9.2,True,20000,33188,2.856196403503418,0.00018092210000100224,0.9,1.0
5513,0.02,1,10.0,10.0,True,20000,33189,2.4210593700408936,0.00018082167522647576,0.9,1.0
5514,0.02,3,8.0,8.4,True,20000,33192,1.9431368112564087,0.0001807213046699807,0.9,1.0
5515,0.02,2,-11.0,-10.8,False,20000,33194,2.167440414428711,0.00018062098835173345,0.89,1.0
5516,0.02,3,8.0,8.4,True,20000,33197,2.192518949508667,0.00018052072629194015,0.89,1.0
5517,0.02,4,7.0,7.6,True,20000,33201,1.9740899801254272,0.00018042051851079526,0.89,1.0
5518,0.02,4,7.0,7.6,True,20000,33205,2.2691144943237305,0.000180320365028483,0.89,1.0
5519,0.02,45,-45.0,-45.2,False,20000,33250,2.081361770629883,0.00018022026586517607,0.88,1.0
5520,0.02,34,-23.0,-22.4,True,20000,33284,2.069786787033081,0.0001801202210410368,0.88,1.0
5521,0.02,2,9.0,9.2,True,20000,33286,2.4345433712005615,0.000180020230576216,0.88,1.0
5522,0.02,2,9.0,9.2,True,20000,33288,2.323796510696411,0.00017992029449085385,0.89,1.0
5523,0.02,2,9.0,9.2,True,20000,33290,2.0818347930908203,0.00017982041280507958,0.89,1.0
5524,0.02,9,2.0,2.4,True,20000,33299,2.187619209289551,0.0001797205855390114,0.89,1.0
5525,0.02,2,9.0,9.2,True,20000,33301,1.7543957233428955,0.0001796208127127566,0.89,1.0
5526,0.02,3,8.0,8.4,True,20000,33304,1.9981505870819092,0.00017952109434641147,0.89,1.0
5527,0.02,4,7.0,7.6,True,20000,33308,2.12803053855896,0.00017942143046006113,0.89,1.0
5528,0.02,4,7.0,7.6,True,20000,33312,2.047926425933838,0.00017932182107378028,0.89,1.0
5529,0.02,3,8.0,8.0,True,20000,33315,2.1252951622009277,0.00017922226620763193,0.89,1.0
5530,0.02,3,8.0,8.4,True,20000,33318,2.0035786628723145,0.00017912276588166883,0.89,1.0
5531,0.02,19,-8.0,-7.6,True,20000,33337,2.408628463745117,0.00017902332011593213,0.89,1.0
5532,0.02,3,8.0,8.4,True,20000,33340,2.257838487625122,0.00017892392893045228,0.89,1.0
5533,0.02,3,8.0,8.4,True,20000,33343,1.6901952028274536,0.0001788245923452487,0.89,1.0
5534,0.02,1,10.0,10.0,True,20000,33344,2.009406089782715,0.00017872531038032997,0.89,1.0
5535,0.02,4,7.0,7.6,True,20000,33348,2.2110438346862793,0.00017862608305569333,0.89,1.0
5536,0.02,2,9.0,9.2,True,20000,33350,2.6209628582000732,0.00017852691039132537,0.89,1.0
5537,0.02,4,7.0,7.6,True,20000,33354,2.2720611095428467,0.00017842779240720115,0.9,1.0
5538,0.02,3,8.0,8.4,True,20000,33357,1.8807088136672974,0.00017832872912328552,0.9,1.0
5539,0.02,3,8.0,8.4,True,20000,33360,2.735954761505127,0.00017822972055953144,0.9,1.0
5540,0.02,3,8.0,8.4,True,20000,33363,2.0154049396514893,0.00017813076673588168,0.9,1.0
5541,0.02,4,7.0,7.6,True,20000,33367,1.708178997039795,0.00017803186767226714,0.9,1.0
5542,0.02,2,9.0,9.2,True,20000,33369,1.9692351818084717,0.00017793302338860853,0.9,1.0
5543,0.02,1,10.0,10.0,True,20000,33370,2.026097297668457,0.00017783423390481482,0.9,1.0
5544,0.02,4,7.0,7.6,True,20000,33374,2.184519052505493,0.00017773549924078434,0.9,1.0
5545,0.02,1,10.0,10.0,True,20000,33375,1.802324652671814,0.00017763681941640423,0.91,1.0
5546,0.02,2,9.0,9.2,True,20000,33377,1.8136543035507202,0.0001775381944515507,0.91,1.0
5547,0.02,2,9.0,9.2,True,20000,33379,1.8875348567962646,0.00017743962436608877,0.91,1.0
5548,0.02,4,7.0,7.6,True,20000,33383,2.139672040939331,0.00017734110917987263,0.91,1.0
5549,0.02,1,10.0,10.0,True,20000,33384,2.0382308959960938,0.00017724264891274497,0.91,1.0
5550,0.02,1,10.0,10.0,True,20000,33385,2.2970356941223145,0.00017714424358453802,0.91,1.0
5551,0.02,2,9.0,9.2,True,20000,33387,2.1343162059783936,0.00017704589321507232,0.91,1.0
5552,0.02,1,10.0,10.0,True,20000,33388,2.6123483180999756,0.000176947597824158,0.91,1.0
5553,0.02,2,9.0,9.2,True,20000,33390,2.755753755569458,0.00017684935743159344,0.91,1.0
5554,0.02,1,10.0,10.0,True,20000,33391,2.121504068374634,0.00017675117205716645,0.91,1.0
5555,0.02,3,-12.0,-11.6,False,20000,33394,2.2568376064300537,0.00017665304172065355,0.9,1.0
5556,0.02,3,8.0,8.4,True,20000,33397,2.2410006523132324,0.00017655496644182006,0.9,1.0
5557,0.02,45,-45.0,-45.2,False,20000,33442,1.9273574352264404,0.00017645694624042065,0.89,1.0
5558,0.02,2,9.0,9.2,True,20000,33444,2.6429765224456787,0.00017635898113619843,0.89,1.0
5559,0.02,6,5.0,5.2,True,20000,33450,1.9394853115081787,0.00017626107114888538,0.9,1.0
5560,0.02,4,7.0,7.6,True,20000,33454,2.232861042022705,0.000176163216298203,0.9,1.0
5561,0.02,4,7.0,7.6,True,20000,33458,1.9091813564300537,0.0001760654166038608,0.9,1.0
5562,0.02,2,9.0,9.2,True,20000,33460,1.8954589366912842,0.00017596767208555796,0.9,1.0
5563,0.02,2,9.0,9.2,True,20000,33462,2.1977908611297607,0.00017586998276298218,0.9,1.0
5564,0.02,2,-11.0,-10.8,False,20000,33464,2.3837127685546875,0.00017577234865581004,0.89,1.0
5565,0.02,4,7.0,7.6,True,20000,33468,2.6319923400878906,0.0001756747697837072,0.89,1.0
5566,0.02,3,8.0,8.4,True,20000,33471,2.5659265518188477,0.00017557724616632767,0.9,1.0
5567,0.02,1,10.0,10.0,True,20000,33472,2.0790088176727295,0.00017547977782331517,0.9,1.0
5568,0.02,1,10.0,10.0,True,20000,33473,2.0972084999084473,0.0001753823647743014,0.9,1.0
5569,0.02,3,8.0,8.4,True,20000,33476,2.136183261871338,0.00017528500703890772,0.9,1.0
5570,0.02,1,10.0,10.0,True,20000,33477,1.9766337871551514,0.00017518770463674372,0.9,1.0
5571,0.02,1,10.0,10.0,True,20000,33478,1.9738072156906128,0.00017509045758740818,0.9,1.0
5572,0.02,3,8.0,8.4,True,20000,33481,2.6777572631835938,0.00017499326591048864,0.91,1.0
5573,0.02,2,9.0,9.2,True,20000,33483,2.3338623046875,0.0001748961296255615,0.91,1.0
5574,0.02,1,10.0,10.0,True,20000,33484,2.23639178276062,0.00017479904875219196,0.91,1.0
5575,0.02,3,8.0,8.4,True,20000,33487,2.3785324096679688,0.00017470202330993425,0.91,1.0
5576,0.02,2,9.0,9.2,True,20000,33489,1.5827319622039795,0.000174605053318331,0.91,1.0
5577,0.02,45,-45.0,-45.2,False,20000,33534,2.0486221313476562,0.00017450813879691426,0.9,1.0
5578,0.02,2,9.0,9.2,True,20000,33536,1.7980103492736816,0.0001744112797652043,0.9,1.0
5579,0.02,1,10.0,10.0,True,20000,33537,1.6666351556777954,0.00017431447624271086,0.9,1.0
5580,0.02,3,8.0,8.4,True,20000,33540,2.3167922496795654,0.0001742177282489319,0.9,1.0
5581,0.02,4,7.0,7.6,True,20000,33544,2.5040395259857178,0.00017412103580335448,0.9,1.0
5582,0.02,2,9.0,9.2,True,20000,33546,1.80649733543396,0.00017402439892545452,0.9,1.0
5583,0.02,1,10.0,10.0,True,20000,33547,2.3507795333862305,0.0001739278176346966,0.9,1.0
5584,0.02,6,5.0,6.0,True,20000,33553,1.9352444410324097,0.00017383129195053422,0.91,1.0
5585,0.02,1,10.0,10.0,True,20000,33554,1.9357407093048096,0.00017373482189240959,0.91,1.0
5586,0.02,2,9.0,9.2,True,20000,33556,1.850603461265564,0.00017363840747975376,0.91,1.0
5587,0.02,1,-10.0,-10.0,False,20000,33557,2.410879373550415,0.0001735420487319867,0.9,1.0
5588,0.02,1,-10.0,-10.0,False,20000,33558,2.0760233402252197,0.00017344574566851672,0.89,1.0
5589,0.02,2,9.0,9.2,True,20000,33560,1.8319008350372314,0.00017334949830874165,0.89,1.0
5590,0.02,1,10.0,10.0,True,20000,33561,1.7964524030685425,0.00017325330667204724,0.89,1.0
5591,0.02,4,7.0,7.2,True,20000,33565,2.4215636253356934,0.0001731571707778089,0.89,1.0
5592,0.02,5,6.0,6.4,True,20000,33570,2.001323938369751,0.00017306109064539003,0.89,1.0
5593,0.02,6,5.0,5.2,True,20000,33576,2.1389710903167725,0.00017296506629414327,0.89,1.0
5594,0.02,3,8.0,8.4,True,20000,33579,2.11923885345459,0.00017286909774340986,0.89,1.0
5595,0.02,5,6.0,6.4,True,20000,33584,2.51887583732605,0.00017277318501251988,0.89,1.0
5596,0.02,1,10.0,10.0,True,20000,33585,1.9074862003326416,0.00017267732812079208,0.89,1.0
5597,0.02,1,-10.0,-10.0,False,20000,33586,2.0583877563476562,0.00017258152708753415,0.88,1.0
5598,0.02,2,9.0,9.2,True,20000,33588,2.2194957733154297,0.00017248578193204198,0.89,1.0
5599,0.02,3,8.0,8.4,True,20000,33591,2.345524787902832,0.00017239009267360113,0.89,1.0
5600,0.02,2,9.0,9.2,True,20000,33593,1.8641366958618164,0.00017229445933148488,0.89,1.0
5601,0.02,1,10.0,10.0,True,20000,33594,2.389356851577759,0.00017219888192495617,0.89,1.0
5602,0.02,1,10.0,10.0,True,20000,33595,2.065659284591675,0.00017210336047326598,0.89,1.0
5603,0.02,3,8.0,8.4,True,20000,33598,2.3191463947296143,0.00017200789499565428,0.89,1.0
5604,0.02,2,9.0,9.2,True,20000,33600,2.0193371772766113,0.00017191248551135007,0.9,1.0
5605,0.02,2,9.0,9.2,True,20000,33602,1.9667993783950806,0.00017181713203957038,0.9,1.0
5606,0.02,3,8.0,8.4,True,20000,33605,2.5985958576202393,0.0001717218345995217,0.91,1.0
5607,0.02,1,10.0,10.0,True,20000,33606,1.8438348770141602,0.00017162659321039855,0.91,1.0
5608,0.02,34,-23.0,-22.4,True,20000,33640,1.8341237306594849,0.00017153140789138492,0.91,1.0
5609,0.02,7,4.0,4.8,True,20000,33647,1.9471118450164795,0.0001714362786616527,0.91,1.0
5610,0.02,3,8.0,8.4,True,20000,33650,2.2588746547698975,0.000171341205540363,0.91,1.0
5611,0.02,3,8.0,8.4,True,20000,33653,1.8754746913909912,0.00017124618854666554,0.91,1.0
5612,0.02,5,-14.0,-13.6,False,20000,33658,2.170208692550659,0.00017115122769969862,0.9,1.0
5613,0.02,3,8.0,8.4,True,20000,33661,1.9697169065475464,0.00017105632301858936,0.9,1.0
5614,0.02,4,7.0,7.6,True,20000,33665,2.570934772491455,0.00017096147452245358,0.9,1.0
5615,0.02,1,10.0,10.0,True,20000,33666,2.3240833282470703,0.00017086668223039543,0.91,1.0
5616,0.02,4,7.0,7.6,True,20000,33670,2.0443899631500244,0.00017077194616150836,0.91,1.0
5617,0.02,1,10.0,10.0,True,20000,33671,2.0050673484802246,0.00017067726633487385,0.91,1.0
5618,0.02,2,-11.0,-10.8,False,20000,33673,2.2772233486175537,0.0001705826427695627,0.9,1.0
5619,0.02,2,-11.0,-10.8,False,20000,33675,2.2654242515563965,0.00017048807548463368,0.9,1.0
5620,0.02,2,-11.0,-10.8,False,20000,33677,2.3505966663360596,0.0001703935644991348,0.89,1.0
5621,0.02,2,9.0,9.2,True,20000,33679,2.459601879119873,0.00017029910983210246,0.89,1.0
5622,0.02,24,-33.0,-32.4,False,20000,33703,1.8774311542510986,0.00017020471150256175,0.88,1.0
5623,0.02,2,9.0,9.2,True,20000,33705,2.015657424926758,0.00017011036952952645,0.88,1.0
5624,0.02,2,9.0,9.2,True,20000,33707,2.2805728912353516,0.000170016083931999,0.88,1.0
5625,0.02,1,10.0,10.0,True,20000,33708,1.8379137516021729,0.00016992185472897023,0.88,1.0
5626,0.02,3,8.0,8.4,True,20000,33711,2.34502911567688,0.0001698276819394202,0.88,1.0
5627,0.02,2,9.0,9.2,True,20000,33713,1.897864580154419,0.00016973356558231686,0.88,1.0
5628,0.02,3,8.0,8.4,True,20000,33716,2.1125926971435547,0.00016963950567661757,0.88,1.0
5629,0.02,4,7.0,7.6,True,20000,33720,1.8870681524276733,0.0001695455022412675,0.88,1.0
5630,0.02,3,8.0,8.4,True,20000,33723,1.9859291315078735,0.0001694515552952013,0.88,1.0
5631,0.02,3,8.0,8.4,True,20000,33726,1.5022648572921753,0.00016935766485734146,0.88,1.0
5632,0.02,1,10.0,10.0,True,20000,33727,2.351682424545288,0.00016926383094659957,0.88,1.0
5633,0.02,3,8.0,8.4,True,20000,33730,1.5996651649475098,0.00016917005358187573,0.88,1.0
5634,0.02,1,10.0,10.0,True,20000,33731,2.324475049972534,0.00016907633278205857,0.88,1.0
5635,0.02,2,9.0,9.2,True,20000,33733,2.318270444869995,0.00016898266856602543,0.88,1.0
5636,0.02,1,10.0,10.0,True,20000,33734,1.8012300729751587,0.00016888906095264227,0.88,1.0
5637,0.02,1,-10.0,-10.0,False,20000,33735,2.082256555557251,0.0001687955099607633,0.87,1.0
5638,0.02,2,9.0,9.2,True,20000,33737,2.0842857360839844,0.00016870201560923196,0.87,1.0
5639,0.02,3,8.0,8.4,True,20000,33740,2.3467211723327637,0.0001686085779168796,0.87,1.0
5640,0.02,1,10.0,10.0,True,20000,33741,2.181603193283081,0.00016851519690252683,0.87,1.0
5641,0.02,4,7.0,7.6,True,20000,33745,1.8225173950195312,0.00016842187258498222,0.87,1.0
5642,0.02,2,9.0,9.2,True,20000,33747,1.9527441263198853,0.00016832860498304335,0.87,1.0
5643,0.02,3,8.0,8.4,True,20000,33750,2.4469170570373535,0.00016823539411549613,0.87,1.0
5644,0.02,2,9.0,9.2,True,20000,33752,1.8356025218963623,0.0001681422400011152,0.87,1.0
5645,0.02,3,8.0,8.4,True,20000,33755,1.942054033279419,0.00016804914265866372,0.87,1.0
5646,0.02,1,10.0,10.0,True,20000,33756,2.1248068809509277,0.00016795610210689345,0.87,1.0
5647,0.02,2,9.0,9.2,True,20000,33758,2.479137659072876,0.00016786311836454443,0.87,1.0
5648,0.02,3,8.0,8.4,True,20000,33761,2.2051618099212646,0.00016777019145034584,0.87,1.0
5649,0.02,6,5.0,6.0,True,20000,33767,1.9753286838531494,0.00016767732138301466,0.87,1.0
5650,0.02,2,9.0,9.2,True,20000,33769,2.4484360218048096,0.00016758450818125727,0.87,1.0
5651,0.02,3,8.0,8.4,True,20000,33772,2.0719470977783203,0.00016749175186376772,0.87,1.0
5652,0.02,7,4.0,4.8,True,20000,33779,2.013416290283203,0.00016739905244922933,0.87,1.0
5653,0.02,2,9.0,9.2,True,20000,33781,1.9244047403335571,0.00016730640995631367,0.87,1.0
5654,0.02,2,-11.0,-10.8,False,20000,33783,2.4964921474456787,0.00016721382440368056,0.86,1.0
5655,0.02,4,7.0,7.6,True,20000,33787,2.6837573051452637,0.00016712129580997894,0.87,1.0
5656,0.02,5,6.0,6.4,True,20000,33792,2.157618522644043,0.00016702882419384571,0.87,1.0
5657,0.02,1,10.0,10.0,True,20000,33793,2.2837812900543213,0.00016693640957390682,0.88,1.0
5658,0.02,3,8.0,8.4,True,20000,33796,1.9228358268737793,0.0001668440519687762,0.88,1.0
5659,0.02,6,5.0,5.6,True,20000,33802,2.1083905696868896,0.0001667517513970567,0.88,1.0
5660,0.02,4,7.0,7.6,True,20000,33806,2.2296032905578613,0.0001666595078773395,0.88,1.0
5661,0.02,1,10.0,10.0,True,20000,33807,1.521427035331726,0.00016656732142820443,0.88,1.0
5662,0.02,1,10.0,10.0,True,20000,33808,3.043618679046631,0.00016647519206821964,0.88,1.0
5663,0.02,5,6.0,6.4,True,20000,33813,2.135087728500366,0.00016638311981594198,0.88,1.0
5664,0.02,5,6.0,6.8,True,20000,33818,2.132162570953369,0.0001662911046899164,0.89,1.0
5665,0.02,4,7.0,7.6,True,20000,33822,2.083303928375244,0.00016619914670867704,0.89,1.0
5666,0.02,7,4.0,4.4,True,20000,33829,2.1855032444000244,0.00016610724589074573,0.89,1.0
5667,0.02,1,10.0,10.0,True,20000,33830,2.1705410480499268,0.0001660154022546335,0.89,1.0
5668,0.02,5,6.0,6.8,True,20000,33835,2.820722818374634,0.0001659236158188394,0.89,1.0
5669,0.02,1,10.0,10.0,True,20000,33836,2.4265007972717285,0.00016583188660185104,0.89,1.0
5670,0.02,3,8.0,8.4,True,20000,33839,2.0053176879882812,0.00016574021462214465,0.89,1.0
5671,0.02,4,7.0,7.6,True,20000,33843,2.0509531497955322,0.00016564859989818485,0.89,1.0
5672,0.02,1,10.0,10.0,True,20000,33844,2.31343674659729,0.00016555704244842467,0.89,1.0
5673,0.02,4,7.0,7.6,True,20000,33848,2.340938091278076,0.00016546554229130572,0.89,1.0
5674,0.02,9,2.0,2.8,True,20000,33857,2.12007737159729,0.00016537409944525794,0.89,1.0
5675,0.02,1,-10.0,-10.0,False,20000,33858,2.8155887126922607,0.00016528271392869995,0.88,1.0
5676,0.02,3,8.0,8.4,True,20000,33861,2.259094715118408,0.00016519138576003836,0.88,1.0
5677,0.02,3,8.0,8.4,True,20000,33864,1.6468918323516846,0.00016510011495766887,0.89,1.0
5678,0.02,1,10.0,10.0,True,20000,33865,2.1255931854248047,0.000165008901539975,0.89,1.0
5679,0.02,7,4.0,4.4,True,20000,33872,2.079868793487549,0.00016491774552532926,0.89,1.0
5680,0.02,5,6.0,6.4,True,20000,33877,2.16485857963562,0.00016482664693209212,0.89,1.0
5681,0.02,1,10.0,10.0,True,20000,33878,2.2599010467529297,0.00016473560577861287,0.89,1.0
5682,0.02,7,4.0,4.4,True,20000,33885,2.142580986022949,0.00016464462208322893,0.89,1.0
5683,0.02,2,9.0,9.2,True,20000,33887,2.111051082611084,0.0001645536958642664,0.89,1.0
5684,0.02,2,-11.0,-10.8,False,20000,33889,2.1237869262695312,0.00016446282714003966,0.88,1.0
5685,0.02,1,10.0,10.0,True,20000,33890,2.153808355331421,0.00016437201592885153,0.88,1.0
5686,0.02,3,8.0,8.4,True,20000,33893,1.6582980155944824,0.00016428126224899306,0.88,1.0
5687,0.02,6,5.0,5.6,True,20000,33899,1.4353771209716797,0.00016419056611874423,0.89,1.0
5688,0.02,2,9.0,9.2,True,20000,33901,1.942229986190796,0.0001640999275563728,0.9,1.0
5689,0.02,3,8.0,8.4,True,20000,33904,2.4340219497680664,0.00016400934658013548,0.9,1.0
5690,0.02,6,5.0,5.6,True,20000,33910,1.9719772338867188,0.00016391882320827695,0.9,1.0
5691,0.02,1,10.0,10.0,True,20000,33911,2.134962558746338,0.00016382835745903056,0.9,1.0
5692,0.02,3,8.0,8.4,True,20000,33914,2.2569220066070557,0.00016373794935061796,0.9,1.0
5693,0.02,45,-45.0,-44.4,False,20000,33959,1.7864643335342407,0.00016364759890124907,0.89,1.0
5694,0.02,2,9.0,9.2,True,20000,33961,2.1935789585113525,0.00016355730612912267,0.89,1.0
5695,0.02,2,9.0,9.2,True,20000,33963,2.3835952281951904,0.00016346707105242513,0.89,1.0
5696,0.02,1,10.0,10.0,True,20000,33964,2.058328628540039,0.00016337689368933205,0.89,1.0
5697,0.02,4,7.0,7.6,True,20000,33968,1.9888192415237427,0.00016328677405800683,0.9,1.0
5698,0.02,3,8.0,8.4,True,20000,33971,2.5827348232269287,0.00016319671217660114,0.9,1.0
5699,0.02,1,10.0,10.0,True,20000,33972,2.210794687271118,0.00016310670806325567,0.9,1.0
5700,0.02,4,7.0,7.6,True,20000,33976,2.303508758544922,0.00016301676173609893,0.9,1.0
5701,0.02,2,9.0,9.2,True,20000,33978,1.8964561223983765,0.000162926873213248,0.9,1.0
5702,0.02,3,8.0,8.0,True,20000,33981,2.222993850708008,0.00016283704251280836,0.9,1.0
5703,0.02,3,8.0,8.4,True,20000,33984,2.763793468475342,0.00016274726965287347,0.9,1.0
5704,0.02,3,8.0,8.4,True,20000,33987,2.143925189971924,0.00016265755465152574,0.9,1.0
5705,0.02,3,8.0,8.4,True,20000,33990,1.8990637063980103,0.00016256789752683531,0.9,1.0
5706,0.02,2,9.0,9.2,True,20000,33992,2.612555980682373,0.0001624782982968613,0.9,1.0
5707,0.02,3,8.0,8.4,True,20000,33995,2.1078999042510986,0.00016238875697965058,0.9,1.0
5708,0.02,5,6.0,6.8,True,20000,34000,2.1212003231048584,0.0001622992735932387,0.9,1.0
5709,0.02,1,10.0,10.0,True,20000,34001,2.44698166847229,0.0001622098481556494,0.9,1.0
5710,0.02,2,9.0,9.2,True,20000,34003,2.6449005603790283,0.00016212048068489483,0.9,1.0
5711,0.02,2,-11.0,-10.8,False,20000,34005,2.6248769760131836,0.00016203117119897544,0.89,1.0
5712,0.02,5,6.0,6.8,True,20000,34010,2.2632148265838623,0.00016194191971587995,0.9,1.0
5713,0.02,1,10.0,10.0,True,20000,34011,2.277765989303589,0.0001618527262535855,0.9,1.0
5714,0.02,4,7.0,7.6,True,20000,34015,2.4858524799346924,0.0001617635908300575,0.9,1.0
5715,0.02,4,7.0,7.6,True,20000,34019,2.581836462020874,0.00016167451346324943,0.9,1.0
5716,0.02,3,8.0,8.4,True,20000,34022,2.1461915969848633,0.00016158549417110367,0.9,1.0
5717,0.02,2,9.0,9.2,True,20000,34024,1.9275908470153809,0.0001614965329715501,0.9,1.0
5718,0.02,4,7.0,7.6,True,20000,34028,2.5596237182617188,0.00016140762988250777,0.91,1.0
5719,0.02,5,6.0,6.8,True,20000,34033,2.0409209728240967,0.00016131878492188324,0.92,1.0
5720,0.02,1,10.0,10.0,True,20000,34034,2.0762059688568115,0.00016122999810757184,0.93,1.0
5721,0.02,3,8.0,8.4,True,20000,34037,2.433056354522705,0.00016114126945745706,0.93,1.0
5722,0.02,2,9.0,9.2,True,20000,34039,1.5408685207366943,0.00016105259898941066,0.94,1.0
5723,0.02,3,8.0,8.4,True,20000,34042,2.1857235431671143,0.0001609639867212927,0.94,1.0
5724,0.02,2,9.0,9.2,True,20000,34044,2.4219741821289062,0.00016087543267095158,0.94,1.0
5725,0.02,2,9.0,9.2,True,20000,34046,2.6941518783569336,0.00016078693685622362,0.94,1.0
5726,0.02,3,8.0,8.4,True,20000,34049,1.8318498134613037,0.00016069849929493406,0.94,1.0
5727,0.02,2,9.0,9.2,True,20000,34051,2.5032153129577637,0.00016061012000489572,0.94,1.0
5728,0.02,5,6.0,6.8,True,20000,34056,2.1737008094787598,0.0001605217990039103,0.94,1.0
5729,0.02,1,-10.0,-10.0,False,20000,34057,1.722621202468872,0.00016043353630976719,0.93,1.0
5730,0.02,1,10.0,10.0,True,20000,34058,1.9244506359100342,0.00016034533194024444,0.93,1.0
5731,0.02,2,9.0,9.2,True,20000,34060,2.170816659927368,0.00016025718591310817,0.93,1.0
5732,0.02,2,9.0,9.2,True,20000,34062,2.4095163345336914,0.00016016909824611284,0.93,1.0
5733,0.02,3,8.0,8.4,True,20000,34065,2.52852201461792,0.0001600810689570011,0.93,1.0
5734,0.02,2,9.0,9.2,True,20000,34067,2.862239360809326,0.0001599930980635037,0.93,1.0
5735,0.02,1,-10.0,-10.0,False,20000,34068,2.069798707962036,0.00015990518558334015,0.92,1.0
5736,0.02,1,-10.0,-10.0,False,20000,34069,1.9515643119812012,0.0001598173315342176,0.91,1.0
5737,0.02,6,5.0,6.0,True,20000,34075,1.8151530027389526,0.00015972953593383147,0.92,1.0
5738,0.02,5,6.0,6.8,True,20000,34080,2.071744441986084,0.00015964179879986596,0.92,1.0
5739,0.02,2,9.0,9.2,True,20000,34082,1.811877965927124,0.00015955412014999278,0.92,1.0
5740,0.02,3,8.0,8.4,True,20000,34085,2.07205867767334,0.00015946650000187257,0.92,1.0
5741,0.02,1,10.0,10.0,True,20000,34086,2.240600347518921,0.0001593789383731535,0.92,1.0
5742,0.02,10,1.0,2.0,True,20000,34096,2.284420967102051,0.00015929143528147231,0.92,1.0
5743,0.02,2,9.0,9.2,True,20000,34098,2.3002736568450928,0.0001592039907444542,0.92,1.0
5744,0.02,4,7.0,7.6,True,20000,34102,2.123255729675293,0.00015911660477971193,0.92,1.0
5745,0.02,12,-1.0,-0.4,True,20000,34114,2.264399528503418,0.00015902927740484718,0.92,1.0
5746,0.02,2,9.0,9.2,True,20000,34116,2.3004677295684814,0.00015894200863744926,0.92,1.0
5747,0.02,2,9.0,9.2,True,20000,34118,1.6855182647705078,0.00015885479849509575,0.92,1.0
5748,0.02,18,-7.0,-6.0,True,20000,34136,1.5385016202926636,0.00015876764699535286,0.92,1.0
5749,0.02,4,7.0,7.6,True,20000,34140,1.8725242614746094,0.0001586805541557745,0.92,1.0
5750,0.02,1,-10.0,-10.0,False,20000,34141,2.1737961769104004,0.00015859351999390306,0.91,1.0
5751,0.02,1,10.0,10.0,True,20000,34142,1.8832000494003296,0.000158506544527269,0.91,1.0
5752,0.02,6,5.0,5.6,True,20000,34148,2.191587209701538,0.00015841962777339076,0.91,1.0
5753,0.02,3,8.0,8.4,True,20000,34151,1.9143345355987549,0.0001583327697497755,0.91,1.0
5754,0.02,3,8.0,8.4,True,20000,34154,1.8936654329299927,0.0001582459704739178,0.92,1.0
5755,0.02,1,10.0,10.0,True,20000,34155,1.9613351821899414,0.0001581592299633012,0.92,1.0
5756,0.02,1,10.0,10.0,True,20000,34156,1.6598761081695557,0.00015807254823539668,0.92,1.0
5757,0.02,3,8.0,8.4,True,20000,34159,2.5214381217956543,0.0001579859253076641,0.92,1.0
5758,0.02,2,9.0,9.2,True,20000,34161,2.2926135063171387,0.00015789936119755076,0.92,1.0
5759,0.02,4,7.0,7.6,True,20000,34165,2.166238784790039,0.00015781285592249254,0.92,1.0
5760,0.02,4,7.0,7.2,True,20000,34169,2.6649930477142334,0.00015772640949991343,0.92,1.0
5761,0.02,45,-45.0,-45.2,False,20000,34214,2.1255688667297363,0.00015764002194722544,0.91,1.0
5762,0.02,4,7.0,7.6,True,20000,34218,1.932924509048462,0.00015755369328182884,0.91,1.0
5763,0.02,1,10.0,10.0,True,20000,34219,1.9172272682189941,0.00015746742352111206,0.91,1.0
5764,0.02,1,10.0,10.0,True,20000,34220,2.787334680557251,0.00015738121268245135,0.91,1.0
5765,0.02,3,8.0,8.4,True,20000,34223,2.200565814971924,0.0001572950607832117,0.91,1.0
5766,0.02,4,7.0,7.6,True,20000,34227,2.4266574382781982,0.00015720896784074553,0.91,1.0
5767,0.02,1,10.0,10.0,True,20000,34228,2.3519864082336426,0.000157122933872394,0.91,1.0
5768,0.02,2,9.0,9.2,True,20000,34230,2.6804280281066895,0.00015703695889548593,0.91,1.0
5769,0.02,3,8.0,8.4,True,20000,34233,1.9796093702316284,0.00015695104292733848,0.91,1.0
5770,0.02,3,8.0,8.4,True,20000,34236,1.8349175453186035,0.00015686518598525694,0.91,1.0
5771,0.02,1,10.0,10.0,True,20000,34237,2.1692075729370117,0.0001567793880865346,0.91,1.0
5772,0.02,4,7.0,7.6,True,20000,34241,1.9914134740829468,0.00015669364924845295,0.91,1.0
5773,0.02,3,8.0,8.4,True,20000,34244,2.477174758911133,0.00015660796948828158,0.91,1.0
5774,0.02,3,8.0,8.4,True,20000,34247,1.8885844945907593,0.00015652234882327796,0.91,1.0
5775,0.02,45,-45.0,-45.2,False,20000,34292,2.1669771671295166,0.0001564367872706882,0.91,1.0
5776,0.02,3,8.0,8.4,True,20000,34295,2.4255871772766113,0.00015635128484774575,0.91,1.0
5777,0.02,4,7.0,7.6,True,20000,34299,2.337899923324585,0.0001562658415716729,0.91,1.0
5778,0.02,3,8.0,8.4,True,20000,34302,1.866359829902649,0.00015618045745967942,0.91,1.0
5779,0.02,3,8.0,8.4,True,20000,34305,1.8723005056381226,0.0001560951325289636,0.91,1.0
5780,0.02,45,-45.0,-44.8,False,20000,34350,1.8885748386383057,0.00015600986679671153,0.9,1.0
5781,0.02,3,8.0,8.4,True,20000,34353,1.997996211051941,0.00015592466028009746,0.9,1.0
5782,0.02,2,9.0,9.2,True,20000,34355,2.02554988861084,0.00015583951299628378,0.9,1.0
5783,0.02,2,9.0,9.2,True,20000,34357,2.4370226860046387,0.0001557544249624208,0.9,1.0
5784,0.02,3,8.0,8.4,True,20000,34360,1.536544919013977,0.00015566939619564724,0.91,1.0
5785,0.02,2,9.0,9.2,True,20000,34362,1.9818851947784424,0.00015558442671308946,0.91,1.0
5786,0.02,45,-45.0,-44.8,False,20000,34407,2.4786243438720703,0.00015549951653186193,0.9,1.0
5787,0.02,2,9.0,9.2,True,20000,34409,2.1099190711975098,0.0001554146656690676,0.9,1.0
5788,0.02,4,7.0,7.6,True,20000,34413,1.6207563877105713,0.00015532987414179682,0.9,1.0
5789,0.02,2,9.0,9.2,True,20000,34415,1.524857997894287,0.00015524514196712863,0.9,1.0
5790,0.02,4,7.0,7.6,True,20000,34419,2.6090009212493896,0.00015516046916212983,0.9,1.0
5791,0.02,2,9.0,9.2,True,20000,34421,2.034616708755493,0.000155075855743855,0.9,1.0
5792,0.02,3,8.0,8.4,True,20000,34424,2.3513031005859375,0.0001549913017293473,0.9,1.0
5793,0.02,4,7.0,7.6,True,20000,34428,2.4490933418273926,0.0001549068071356374,0.91,1.0
5794,0.02,4,7.0,7.6,True,20000,34432,1.9799880981445312,0.00015482237197974447,0.91,1.0
5795,0.02,1,10.0,10.0,True,20000,34433,1.9151136875152588,0.00015473799627867542,0.91,1.0
5796,0.02,3,8.0,8.4,True,20000,34436,2.09763240814209,0.00015465368004942501,0.91,1.0
5797,0.02,2,9.0,9.2,True,20000,34438,1.7727677822113037,0.00015456942330897654,0.91,1.0
5798,0.02,1,10.0,10.0,True,20000,34439,1.8381046056747437,0.00015448522607430093,0.91,1.0
5799,0.02,45,-45.0,-45.2,False,20000,34484,1.9736919403076172,0.00015440108836235723,0.9,1.0
5800,0.02,5,6.0,6.8,True,20000,34489,1.7649199962615967,0.00015431701019009254,0.9,1.0
5801,0.02,2,9.0,9.2,True,20000,34491,2.197049140930176,0.00015423299157444188,0.9,1.0
5802,0.02,2,9.0,9.2,True,20000,34493,1.9449166059494019,0.00015414903253232847,0.9,1.0
5803,0.02,2,9.0,9.2,True,20000,34495,2.480581760406494,0.0001540651330806631,0.9,1.0
5804,0.02,2,-11.0,-10.8,False,20000,34497,2.6390914916992188,0.00015398129323634512,0.89,1.0
5805,0.02,6,5.0,6.0,True,20000,34503,2.3118700981140137,0.0001538975130162613,0.89,1.0
5806,0.02,4,7.0,7.6,True,20000,34507,2.5047199726104736,0.00015381379243728705,0.89,1.0
5807,0.02,3,8.0,8.4,True,20000,34510,2.281773090362549,0.00015373013151628512,0.89,1.0
5808,0.02,1,10.0,10.0,True,20000,34511,2.2613532543182373,0.00015364653027010662,0.89,1.0
5809,0.02,2,9.0,9.2,True,20000,34513,3.141159772872925,0.0001535629887155906,0.89,1.0
5810,0.02,5,6.0,6.4,True,20000,34518,2.159449577331543,0.00015347950686956402,0.89,1.0
5811,0.02,2,9.0,9.2,True,20000,34520,1.758776307106018,0.00015339608474884177,0.9,1.0
5812,0.02,5,6.0,6.4,True,20000,34525,2.2937707901000977,0.00015331272237022696,0.9,1.0
5813,0.02,1,-10.0,-10.0,False,20000,34526,2.027836322784424,0.00015322941975051018,0.89,1.0
5814,0.02,1,10.0,10.0,True,20000,34527,2.428895950317383,0.00015314617690647062,0.89,1.0
5815,0.02,3,8.0,8.4,True,20000,34530,2.1173694133758545,0.0001530629938548748,0.89,1.0
5816,0.02,1,10.0,10.0,True,20000,34531,2.102583885192871,0.00015297987061247773,0.89,1.0
5817,0.02,1,10.0,10.0,True,20000,34532,2.0550198554992676,0.00015289680719602199,0.89,1.0
5818,0.02,45,-45.0,-45.2,False,20000,34577,1.9931912422180176,0.00015281380362223827,0.88,1.0
5819,0.02,6,5.0,5.6,True,20000,34583,2.390794038772583,0.00015273085990784522,0.88,1.0
5820,0.02,2,9.0,9.2,True,20000,34585,2.6023950576782227,0.0001526479760695494,0.88,1.0
5821,0.02,1,10.0,10.0,True,20000,34586,2.299464702606201,0.0001525651521240453,0.88,1.0
5822,0.02,1,-10.0,-10.0,False,20000,34587,2.254875898361206,0.0001524823880880154,0.87,1.0
5823,0.02,2,9.0,9.2,True,20000,34589,1.5184524059295654,0.00015239968397813,0.87,1.0
5824,0.02,2,9.0,9.2,True,20000,34591,1.9963841438293457,0.00015231703981104754,0.87,1.0
5825,0.02,1,10.0,10.0,True,20000,34592,2.1385045051574707,0.00015223445560341402,0.87,1.0
5826,0.02,1,10.0,10.0,True,20000,34593,2.445981979370117,0.00015215193137186386,0.87,1.0
5827,0.02,3,8.0,8.4,True,20000,34596,2.0695791244506836,0.00015206946713301885,0.87,1.0
5828,0.02,4,7.0,7.6,True,20000,34600,1.9682339429855347,0.0001519870629034893,0.87,1.0
5829,0.02,1,10.0,10.0,True,20000,34601,2.5094099044799805,0.0001519047186998728,0.88,1.0
5830,0.02,3,8.0,8.4,True,20000,34604,2.037226676940918,0.00015182243453875532,0.88,1.0
5831,0.02,1,10.0,10.0,True,20000,34605,1.7463996410369873,0.00015174021043671057,0.88,1.0
5832,0.02,3,8.0,8.4,True,20000,34608,1.6690361499786377,0.00015165804641030007,0.88,1.0
5833,0.02,5,6.0,6.8,True,20000,34613,2.501344919204712,0.0001515759424760736,0.88,1.0
5834,0.02,45,-45.0,-44.8,False,20000,34658,2.1525039672851562,0.0001514938986505684,0.87,1.0
5835,0.02,4,7.0,7.6,True,20000,34662,2.0297019481658936,0.00015141191495030959,0.88,1.0
5836,0.02,13,-2.0,-1.6,True,20000,34675,2.054250717163086,0.00015132999139181073,0.89,1.0
5837,0.02,6,5.0,5.2,True,20000,34681,2.0351812839508057,0.00015124812799157257,0.89,1.0
5838,0.02,2,9.0,9.2,True,20000,34683,2.01065993309021,0.0001511663247660843,0.89,1.0
5839,0.02,3,8.0,8.4,True,20000,34686,2.3693695068359375,0.0001510845817318228,0.89,1.0
5840,0.02,3,8.0,8.4,True,20000,34689,1.9702134132385254,0.0001510028989052525,0.89,1.0
5841,0.02,1,10.0,10.0,True,20000,34690,1.8927639722824097,0.00015092127630282634,0.89,1.0
5842,0.02,6,5.0,5.6,True,20000,34696,1.7778587341308594,0.0001508397139409845,0.89,1.0
5843,0.02,2,9.0,9.2,True,20000,34698,2.0741195678710938,0.00015075821183615563,0.89,1.0
5844,0.02,4,7.0,7.6,True,20000,34702,2.3204548358917236,0.00015067677000475552,0.89,1.0
5845,0.02,3,8.0,8.4,True,20000,34705,1.8228271007537842,0.0001505953884631886,0.89,1.0
5846,0.02,2,9.0,9.2,True,20000,34707,2.0754008293151855,0.00015051406722784658,0.89,1.0
5847,0.02,3,8.0,8.4,True,20000,34710,1.987226963043213,0.00015043280631510923,0.89,1.0
5848,0.02,3,8.0,8.4,True,20000,34713,2.279087543487549,0.00015035160574134422,0.89,1.0
5849,0.02,5,6.0,6.4,True,20000,34718,1.74882173538208,0.00015027046552290696,0.89,1.0
5850,0.02,2,9.0,9.2,True,20000,34720,2.230100393295288,0.00015018938567614083,0.9,1.0
5851,0.02,2,9.0,9.2,True,20000,34722,1.8175948858261108,0.000150108366217377,0.9,1.0
5852,0.02,3,8.0,8.4,True,20000,34725,2.2831077575683594,0.00015002740716293415,0.9,1.0
5853,0.02,4,-13.0,-12.4,False,20000,34729,2.6536104679107666,0.00014994650852911953,0.89,1.0
5854,0.02,1,-10.0,-10.0,False,20000,34730,2.118065595626831,0.00014986567033222742,0.88,1.0
5855,0.02,3,-12.0,-11.6,False,20000,34733,2.2959542274475098,0.00014978489258854054,0.87,1.0
5856,0.02,1,10.0,10.0,True,20000,34734,2.5784730911254883,0.00014970417531432904,0.87,1.0
5857,0.02,3,8.0,8.4,True,20000,34737,2.184131622314453,0.00014962351852585104,0.87,1.0
5858,0.02,3,8.0,8.4,True,20000,34740,2.2097408771514893,0.00014954292223935255,0.87,1.0
5859,0.02,1,10.0,10.0,True,20000,34741,2.2107832431793213,0.00014946238647106728,0.87,1.0
5860,0.02,2,9.0,9.2,True,20000,34743,1.7732301950454712,0.00014938191123721676,0.87,1.0
5861,0.02,2,9.0,9.2,True,20000,34745,2.421527862548828,0.00014930149655401038,0.88,1.0
5862,0.02,3,8.0,8.4,True,20000,34748,1.9584980010986328,0.0001492211424376452,0.88,1.0
5863,0.02,1,10.0,10.0,True,20000,34749,1.6606873273849487,0.0001491408489043064,0.88,1.0
5864,0.02,3,8.0,8.4,True,20000,34752,2.1325347423553467,0.0001490606159701665,0.88,1.0
5865,0.02,2,9.0,9.2,True,20000,34754,1.9819775819778442,0.0001489804436513863,0.88,1.0
5866,0.02,1,10.0,10.0,True,20000,34755,1.9667541980743408,0.00014890033196411387,0.88,1.0
5867,0.02,2,9.0,9.2,True,20000,34757,1.8043689727783203,0.0001488202809244857,0.88,1.0
5868,0.02,1,10.0,10.0,True,20000,34758,1.7902292013168335,0.00014874029054862538,0.88,1.0
5869,0.02,3,8.0,8.4,True,20000,34761,2.014435052871704,0.00014866036085264475,0.88,1.0
5870,0.02,4,-13.0,-12.8,False,20000,34765,1.978473424911499,0.0001485804918526433,0.87,1.0
5871,0.02,2,9.0,9.2,True,20000,34767,2.035444498062134,0.00014850068356470823,0.87,1.0
5872,0.02,4,7.0,7.6,True,20000,34771,2.343960762023926,0.00014842093600491463,0.87,1.0
5873,0.02,1,10.0,10.0,True,20000,34772,2.0897858142852783,0.0001483412491893253,0.87,1.0
5874,0.02,4,7.0,7.6,True,20000,34776,2.049757480621338,0.00014826162313399065,0.87,1.0
5875,0.02,4,7.0,7.6,True,20000,34780,2.6706743240356445,0.00014818205785494922,0.88,1.0
5876,0.02,2,9.0,9.2,True,20000,34782,2.713432550430298,0.00014810255336822684,0.88,1.0
5877,0.02,4,7.0,7.6,True,20000,34786,1.6125694513320923,0.00014802310968983767,0.88,1.0
5878,0.02,4,7.0,7.6,True,20000,34790,2.6459333896636963,0.00014794372683578296,0.88,1.0
5879,0.02,2,9.0,9.2,True,20000,34792,1.776854157447815,0.00014786440482205217,0.88,1.0
5880,0.02,3,8.0,8.4,True,20000,34795,2.6852569580078125,0.0001477851436646225,0.89,1.0
5881,0.02,7,4.0,4.8,True,20000,34802,2.043480396270752,0.00014770594337945855,0.89,1.0
5882,0.02,1,-10.0,-10.0,False,20000,34803,2.1763486862182617,0.00014762680398251315,0.88,1.0
5883,0.02,3,8.0,8.4,True,20000,34806,2.2472167015075684,0.00014754772548972644,0.88,1.0
5884,0.02,2,9.0,9.2,True,20000,34808,1.8588275909423828,0.00014746870791702631,0.88,1.0
5885,0.02,2,9.0,9.2,True,20000,34810,1.7034802436828613,0.00014738975128032871,0.88,1.0
5886,0.02,4,7.0,7.6,True,20000,34814,1.8952624797821045,0.00014731085559553712,0.89,1.0
5887,0.02,3,8.0,8.4,True,20000,34817,1.9962890148162842,0.0001472320208785427,0.89,1.0
5888,0.02,9,2.0,2.4,True,20000,34826,2.862415075302124,0.00014715324714522436,0.89,1.0
5889,0.02,2,9.0,9.2,True,20000,34828,2.331423759460449,0.0001470745344114488,0.89,1.0
5890,0.02,1,10.0,10.0,True,20000,34829,1.7491579055786133,0.0001469958826930704,0.89,1.0
5891,0.02,1,-10.0,-10.0,False,20000,34830,1.7905068397521973,0.000146917292005931,0.88,1.0
5892,0.02,4,7.0,7.6,True,20000,34834,2.57060170173645,0.00014683876236586075,0.88,1.0
5893,0.02,1,10.0,10.0,True,20000,34835,1.970354437828064,0.00014676029378867677,0.88,1.0
5894,0.02,33,-22.0,-21.6,True,20000,34868,2.137843608856201,0.0001466818862901845,0.88,1.0
5895,0.02,3,8.0,8.0,True,20000,34871,2.069122314453125,0.00014660353988617668,0.88,1.0
5896,0.02,2,9.0,9.2,True,20000,34873,1.9586387872695923,0.0001465252545924339,0.88,1.0
5897,0.02,2,9.0,9.2,True,20000,34875,1.7011096477508545,0.00014644703042472444,0.88,1.0
5898,0.02,1,10.0,10.0,True,20000,34876,1.9775025844573975,0.00014636886739880425,0.88,1.0
5899,0.02,45,-45.0,-44.8,False,20000,34921,2.343372106552124,0.00014629076553041698,0.88,1.0
5900,0.02,5,6.0,6.8,True,20000,34926,1.926172137260437,0.000146212724835294,0.88,1.0
5901,0.02,2,9.0,9.2,True,20000,34928,2.3165745735168457,0.00014613474532915405,0.88,1.0
5902,0.02,3,8.0,8.4,True,20000,34931,2.0176174640655518,0.00014605682702770417,0.88,1.0
5903,0.02,3,8.0,8.4,True,20000,34934,2.6334638595581055,0.00014597896994663837,0.88,1.0
5904,0.02,4,7.0,7.6,True,20000,34938,1.5213797092437744,0.00014590117410163896,0.89,1.0
5905,0.02,45,-45.0,-45.2,False,20000,34983,2.0055174827575684,0.00014582343950837542,0.88,1.0
5906,0.02,1,10.0,10.0,True,20000,34984,1.5662882328033447,0.00014574576618250508,0.88,1.0
5907,0.02,2,9.0,9.2,True,20000,34986,1.998277187347412,0.00014566815413967306,0.88,1.0
5908,0.02,2,9.0,9.2,True,20000,34988,2.206505537033081,0.00014559060339551193,0.88,1.0
5909,0.02,1,10.0,10.0,True,20000,34989,1.8955483436584473,0.00014551311396564205,0.88,1.0
5910,0.02,4,7.0,7.6,True,20000,34993,2.236729383468628,0.0001454356858656713,0.88,1.0
5911,0.02,4,7.0,7.6,True,20000,34997,2.029360294342041,0.00014535831911119537,0.88,1.0
5912,0.02,2,9.0,9.2,True,20000,34999,2.4305057525634766,0.00014528101371779755,0.88,1.0
5913,0.02,4,7.0,7.6,True,20000,35003,1.8977644443511963,0.0001452037697010485,0.89,1.0
5914,0.02,2,9.0,9.2,True,20000,35005,1.8917728662490845,0.00014512658707650707,0.89,1.0
5915,0.02,2,9.0,9.2,True,20000,35007,2.1957099437713623,0.00014504946585971911,0.89,1.0
5916,0.02,3,8.0,8.4,True,20000,35010,2.1828510761260986,0.00014497240606621873,0.89,1.0
5917,0.02,3,8.0,8.4,True,20000,35013,2.3350648880004883,0.0001448954077115271,0.89,1.0
5918,0.02,3,8.0,8.4,True,20000,35016,2.0784926414489746,0.00014481847081115336,0.9,1.0
5919,0.02,4,7.0,7.6,True,20000,35020,1.8504713773727417,0.00014474159538059418,0.9,1.0
5920,0.02,1,10.0,10.0,True,20000,35021,2.529395580291748,0.00014466478143533384,0.9,1.0
5921,0.02,4,7.0,7.6,True,20000,35025,1.6868412494659424,0.00014458802899084422,0.9,1.0
5922,0.02,6,5.0,5.6,True,20000,35031,1.9116265773773193,0.00014451133806258492,0.91,1.0
5923,0.02,2,9.0,9.2,True,20000,35033,1.8926887512207031,0.0001444347086660029,0.91,1.0
5924,0.02,3,8.0,8.4,True,20000,35036,1.9872369766235352,0.00014435814081653313,0.91,1.0
5925,0.02,2,9.0,9.2,True,20000,35038,2.349249839782715,0.00014428163452959766,0.91,1.0
5926,0.02,2,9.0,9.2,True,20000,35040,1.802409052848816,0.0001442051898206067,0.91,1.0
5927,0.02,1,10.0,10.0,True,20000,35041,1.646859049797058,0.0001441288067049576,0.91,1.0
5928,0.02,3,8.0,8.4,True,20000,35044,2.3468432426452637,0.00014405248519803543,0.91,1.0
5929,0.02,1,10.0,10.0,True,20000,35045,2.268747568130493,0.0001439762253152132,0.91,1.0
5930,0.02,2,9.0,9.2,True,20000,35047,2.480823516845703,0.0001439000270718508,0.91,1.0
5931,0.02,1,-10.0,-10.0,False,20000,35048,1.8064565658569336,0.0001438238904832966,0.9,1.0
5932,0.02,4,7.0,7.6,True,20000,35052,2.1391704082489014,0.0001437478155648856,0.9,1.0
5933,0.02,4,7.0,7.6,True,20000,35056,2.12672758102417,0.00014367180233194123,0.9,1.0
5934,0.02,1,10.0,10.0,True,20000,35057,2.2423322200775146,0.0001435958507997739,0.91,1.0
5935,0.02,7,4.0,4.8,True,20000,35064,2.045083999633789,0.0001435199609836818,0.91,1.0
5936,0.02,4,7.0,7.6,True,20000,35068,2.207362651824951,0.00014344413289895077,0.91,1.0
5937,0.02,2,9.0,9.2,True,20000,35070,2.086836576461792,0.0001433683665608541,0.91,1.0
5938,0.02,2,9.0,9.2,True,20000,35072,2.0250589847564697,0.00014329266198465272,0.91,1.0
5939,0.02,1,10.0,10.0,True,20000,35073,2.1222095489501953,0.00014321701918559512,0.91,1.0
5940,0.02,2,9.0,9.2,True,20000,35075,2.309690237045288,0.0001431414381789171,0.91,1.0
5941,0.02,1,10.0,10.0,True,20000,35076,1.9050886631011963,0.00014306591897984253,0.91,1.0
5942,0.02,4,7.0,7.6,True,20000,35080,1.588568091392517,0.00014299046160358225,0.91,1.0
5943,0.02,45,-45.0,-44.4,False,20000,35125,2.378127098083496,0.00014291506606533514,0.9,1.0
5944,0.02,3,8.0,8.4,True,20000,35128,1.9881707429885864,0.0001428397323802872,0.9,1.0
5945,0.02,2,9.0,9.2,True,20000,35130,1.8172115087509155,0.00014276446056361237,0.9,1.0
5946,0.02,1,10.0,10.0,True,20000,35131,2.234006881713867,0.0001426892506304718,0.9,1.0
5947,0.02,1,10.0,10.0,True,20000,35132,1.5466761589050293,0.0001426141025960144,0.9,1.0
5948,0.02,2,9.0,9.2,True,20000,35134,2.103529453277588,0.00014253901647537644,0.9,1.0
5949,0.02,2,-11.0,-10.8,False,20000,35136,1.8503901958465576,0.000142463992283682,0.89,1.0
5950,0.02,2,9.0,9.2,True,20000,35138,1.7304582595825195,0.00014238903003604213,0.89,1.0
5951,0.02,1,-10.0,-10.0,False,20000,35139,1.268455982208252,0.00014231412974755612,0.88,1.0
5952,0.02,3,8.0,8.4,True,20000,35142,1.8117201328277588,0.00014223929143331016,0.88,1.0
5953,0.02,2,9.0,9.2,True,20000,35144,1.4999202489852905,0.0001421645151083785,0.89,1.0
5954,0.02,2,9.0,9.2,True,20000,35146,1.9911189079284668,0.00014208980078782226,0.9,1.0
5955,0.02,7,4.0,4.8,True,20000,35153,2.022026777267456,0.00014201514848669083,0.91,1.0
5956,0.02,6,5.0,5.6,True,20000,35159,1.4919235706329346,0.00014194055822002043,0.91,1.0
5957,0.02,2,9.0,9.2,True,20000,35161,2.839503765106201,0.0001418660300028352,0.91,1.0
5958,0.02,3,8.0,8.4,True,20000,35164,1.7359896898269653,0.00014179156385014653,0.91,1.0
5959,0.02,5,6.0,6.8,True,20000,35169,2.439913034439087,0.00014171715977695357,0.91,1.0
5960,0.02,2,9.0,9.2,True,20000,35171,2.3958847522735596,0.00014164281779824274,0.91,1.0
5961,0.02,5,6.0,6.8,True,20000,35176,1.7606287002563477,0.00014156853792898815,0.91,1.0
5962,0.02,2,9.0,9.2,True,20000,35178,1.9388635158538818,0.00014149432018415104,0.91,1.0
5963,0.02,3,8.0,8.4,True,20000,35181,2.7318077087402344,0.00014142016457868072,0.91,1.0
5964,0.02,2,9.0,9.2,True,20000,35183,1.9312880039215088,0.00014134607112751331,0.91,1.0
5965,0.02,2,9.0,9.2,True,20000,35185,2.393846035003662,0.00014127203984557303,0.91,1.0
5966,0.02,5,6.0,6.8,True,20000,35190,1.8151450157165527,0.00014119807074777115,0.91,1.0
5967,0.02,2,9.0,9.2,True,20000,35192,2.1268086433410645,0.0001411241638490066,0.91,1.0
5968,0.02,4,7.0,7.6,True,20000,35196,1.4358880519866943,0.0001410503191641657,0.91,1.0
5969,0.02,2,9.0,9.2,True,20000,35198,1.9919077157974243,0.0001409765367081223,0.91,1.0
5970,0.02,2,9.0,9.2,True,20000,35200,2.053861618041992,0.00014090281649573782,0.92,1.0
5971,0.02,4,7.0,7.6,True,20000,35204,2.061636209487915,0.00014082915854186093,0.92,1.0
5972,0.02,4,7.0,7.6,True,20000,35208,2.0816586017608643,0.0001407555628613277,0.92,1.0
5973,0.02,3,8.0,8.4,True,20000,35211,1.863466739654541,0.0001406820294689621,0.92,1.0
5974,0.02,2,9.0,9.2,True,20000,35213,1.863760232925415,0.00014060855837957497,0.92,1.0
5975,0.02,2,9.0,9.2,True,20000,35215,1.7055429220199585,0.0001405351496079651,0.92,1.0
5976,0.02,7,4.0,4.8,True,20000,35222,1.8145499229431152,0.00014046180316891845,0.92,1.0
5977,0.02,3,8.0,8.4,True,20000,35225,1.5593833923339844,0.00014038851907720854,0.92,1.0
5978,0.02,1,10.0,10.0,True,20000,35226,2.275160074234009,0.0001403152973475963,0.92,1.0
5979,0.02,1,10.0,10.0,True,20000,35227,2.3896665573120117,0.0001402421379948299,0.92,1.0
5980,0.02,3,8.0,8.4,True,20000,35230,2.46038556098938,0.0001401690410336454,0.92,1.0
5981,0.02,1,10.0,10.0,True,20000,35231,2.3273372650146484,0.00014009600647876575,0.92,1.0
5982,0.02,3,8.0,8.4,True,20000,35234,1.8666279315948486,0.0001400230343449019,0.93,1.0
5983,0.02,45,-45.0,-45.2,False,20000,35279,1.9731348752975464,0.0001399501246467517,0.92,1.0
5984,0.02,5,6.0,6.4,True,20000,35284,2.501950263977051,0.00013987727739900077,0.92,1.0
5985,0.02,6,5.0,5.6,True,20000,35290,2.227585792541504,0.00013980449261632202,0.92,1.0
5986,0.02,1,10.0,10.0,True,20000,35291,1.8319154977798462,0.00013973177031337578,0.92,1.0
5987,0.02,3,8.0,8.4,True,20000,35294,2.2370080947875977,0.00013965911050480982,0.92,1.0
5988,0.02,2,9.0,9.2,True,20000,35296,1.916032314300537,0.0001395865132052594,0.92,1.0
5989,0.02,3,8.0,8.4,True,20000,35299,2.262272357940674,0.0001395139784293469,0.92,1.0
5990,0.02,1,10.0,10.0,True,20000,35300,2.37713360786438,0.0001394415061916825,0.92,1.0
5991,0.02,9,2.0,2.4,True,20000,35309,1.8141729831695557,0.00013936909650686345,0.93,1.0
5992,0.02,2,9.0,9.2,True,20000,35311,2.18259596824646,0.00013929674938947475,0.93,1.0
5993,0.02,3,8.0,8.4,True,20000,35314,1.7991516590118408,0.00013922446485408835,0.93,1.0
5994,0.02,3,8.0,8.4,True,20000,35317,1.8667504787445068,0.000139152242915264,0.93,1.0
5995,0.02,2,9.0,9.2,True,20000,35319,2.219817876815796,0.00013908008358754862,0.93,1.0
5996,0.02,4,7.0,7.6,True,20000,35323,1.52464759349823,0.00013900798688547657,0.93,1.0
5997,0.02,5,6.0,6.4,True,20000,35328,1.9229707717895508,0.0001389359528235696,0.93,1.0
5998,0.02,6,5.0,5.6,True,20000,35334,1.7905174493789673,0.0001388639814163369,0.93,1.0
5999,0.02,1,10.0,10.0,True,20000,35335,1.7749617099761963,0.0001387920726782749,0.94,1.0
6000,0.02,2,9.0,9.2,True,20000,35337,1.6841721534729004,0.00013872022662386765,0.94,1.0
6001,0.02,4,7.0,7.2,True,20000,35341,1.9356274604797363,0.0001386484432675862,0.94,1.0
6002,0.02,5,6.0,6.8,True,20000,35346,2.0401663780212402,0.0001385767226238894,0.94,1.0
6003,0.02,1,10.0,10.0,True,20000,35347,2.150239944458008,0.00013850506470722304,0.94,1.0
6004,0.02,2,9.0,9.2,True,20000,35349,1.949365258216858,0.00013843346953202075,0.94,1.0
6005,0.02,1,10.0,10.0,True,20000,35350,1.8245577812194824,0.00013836193711270304,0.95,1.0
6006,0.02,2,9.0,9.2,True,20000,35352,2.319202184677124,0.0001382904674636781,0.95,1.0
6007,0.02,1,-10.0,-10.0,False,20000,35353,1.8816331624984741,0.00013821906059934138,0.94,1.0
6008,0.02,3,8.0,8.4,True,20000,35356,1.7414904832839966,0.0001381477165340757,0.94,1.0
6009,0.02,3,8.0,8.4,True,20000,35359,2.15093731880188,0.00013807643528225116,0.94,1.0
6010,0.02,1,10.0,10.0,True,20000,35360,2.25348162651062,0.0001380052168582254,0.94,1.0
6011,0.02,4,7.0,7.2,True,20000,35364,2.0675902366638184,0.00013793406127634303,0.94,1.0
6012,0.02,2,9.0,9.2,True,20000,35366,2.4533567428588867,0.00013786296855093652,0.94,1.0
6013,0.02,2,9.0,9.2,True,20000,35368,2.3654472827911377,0.0001377919386963251,0.94,1.0
6014,0.02,1,10.0,10.0,True,20000,35369,1.6555225849151611,0.000137720971726816,0.94,1.0
6015,0.02,1,10.0,10.0,True,20000,35370,1.5784459114074707,0.00013765006765670314,0.94,1.0
6016,0.02,1,-10.0,-10.0,False,20000,35371,1.8752338886260986,0.00013757922650026817,0.93,1.0
6017,0.02,1,10.0,10.0,True,20000,35372,2.1759190559387207,0.00013750844827177986,0.93,1.0
6018,0.02,5,6.0,6.8,True,20000,35377,2.1192235946655273,0.00013743773298549442,0.93,1.0
6019,0.02,3,8.0,8.4,True,20000,35380,1.7728813886642456,0.00013736708065565552,0.93,1.0
6020,0.02,3,8.0,8.4,True,20000,35383,1.6902108192443848,0.00013729649129649374,0.93,1.0
6021,0.02,5,6.0,6.8,True,20000,35388,1.8222187757492065,0.00013722596492222748,0.93,1.0
6022,0.02,2,9.0,9.2,True,20000,35390,2.089519739151001,0.00013715550154706204,0.93,1.0
6023,0.02,1,10.0,10.0,True,20000,35391,2.146843671798706,0.0001370851011851901,0.93,1.0
6024,0.02,1,10.0,10.0,True,20000,35392,2.4225656986236572,0.00013701476385079192,0.93,1.0
6025,0.02,2,9.0,9.2,True,20000,35394,1.7769975662231445,0.0001369444895580348,0.93,1.0
6026,0.02,7,4.0,4.8,True,20000,35401,2.0821666717529297,0.00013687427832107343,0.93,1.0
6027,0.02,2,9.0,9.2,True,20000,35403,1.963468074798584,0.00013680413015404986,0.93,1.0
6028,0.02,4,7.0,7.6,True,20000,35407,1.9221018552780151,0.00013673404507109316,0.93,1.0
6029,0.02,2,9.0,9.2,True,20000,35409,2.217414379119873,0.00013666402308632017,0.93,1.0
6030,0.02,1,10.0,10.0,True,20000,35410,1.9378057718276978,0.00013659406421383453,0.93,1.0
6031,0.02,5,6.0,6.4,True,20000,35415,1.4427204132080078,0.00013652416846772757,0.94,1.0
6032,0.02,3,8.0,8.4,True,20000,35418,1.8878493309020996,0.00013645433586207764,0.94,1.0
6033,0.02,1,10.0,10.0,True,20000,35419,1.9353433847427368,0.0001363845664109504,0.94,1.0
6034,0.02,2,9.0,9.2,True,20000,35421,2.0894150733947754,0.00013631486012839893,0.94,1.0
6035,0.02,4,7.0,7.6,True,20000,35425,2.0796186923980713,0.0001362452170284635,0.94,1.0
6036,0.02,4,7.0,7.6,True,20000,35429,2.025390863418579,0.00013617563712517162,0.94,1.0
6037,0.02,2,9.0,9.2,True,20000,35431,1.9758446216583252,0.0001361061204325382,0.94,1.0
6038,0.02,3,8.0,8.4,True,20000,35434,2.0813210010528564,0.00013603666696456512,0.94,1.0
6039,0.02,2,9.0,9.2,True,20000,35436,2.414482593536377,0.000135967276735242,0.94,1.0
6040,0.02,4,7.0,7.6,True,20000,35440,2.3488047122955322,0.00013589794975854517,0.94,1.0
6041,0.02,1,10.0,10.0,True,20000,35441,2.137300968170166,0.00013582868604843882,0.94,1.0
6042,0.02,4,7.0,7.2,True,20000,35445,2.504502058029175,0.00013575948561887375,0.94,1.0
6043,0.02,3,8.0,8.4,True,20000,35448,1.8301082849502563,0.0001356903484837887,0.95,1.0
6044,0.02,3,8.0,8.4,True,20000,35451,1.8847010135650635,0.000135621274657109,0.95,1.0
6045,0.02,1,10.0,10.0,True,20000,35452,1.8702785968780518,0.00013555226415274766,0.95,1.0
6046,0.02,2,9.0,9.2,True,20000,35454,2.0220468044281006,0.0001354833169846048,0.95,1.0
6047,0.02,1,10.0,10.0,True,20000,35455,1.8966156244277954,0.00013541443316656782,0.95,1.0
6048,0.02,1,-10.0,-10.0,False,20000,35456,2.1244585514068604,0.00013534561271251125,0.94,1.0
6049,0.02,4,7.0,7.6,True,20000,35460,1.841333031654358,0.0001352768556362971,0.95,1.0
6050,0.02,2,-11.0,-10.8,False,20000,35462,1.7749099731445312,0.0001352081619517742,0.94,1.0
6051,0.02,3,8.0,8.4,True,20000,35465,1.8741929531097412,0.00013513953167277918,0.95,1.0
6052,0.02,1,10.0,10.0,True,20000,35466,1.9302549362182617,0.00013507096481313525,0.95,1.0
6053,0.02,4,7.0,7.6,True,20000,35470,1.8091681003570557,0.0001350024613866535,0.95,1.0
6054,0.02,4,7.0,7.6,True,20000,35474,2.376098871231079,0.0001349340214071317,0.95,1.0
6055,0.02,4,7.0,7.6,True,20000,35478,1.7162456512451172,0.00013486564488835514,0.95,1.0
6056,0.02,1,-10.0,-10.0,False,20000,35479,1.7085145711898804,0.0001347973318440963,0.94,1.0
6057,0.02,2,9.0,9.2,True,20000,35481,2.170516014099121,0.00013472908228811468,0.94,1.0
6058,0.02,22,-11.0,-10.4,True,20000,35503,2.603902816772461,0.00013466089623415732,0.94,1.0
6059,0.02,2,9.0,9.2,True,20000,35505,2.0637855529785156,0.00013459277369595824,0.94,1.0
6060,0.02,1,10.0,10.0,True,20000,35506,2.3398077487945557,0.00013452471468723858,0.94,1.0
6061,0.02,4,7.0,7.6,True,20000,35510,1.772454023361206,0.000134456719221707,0.94,1.0
6062,0.02,2,9.0,9.2,True,20000,35512,2.071726083755493,0.00013438878731305903,0.94,1.0
6063,0.02,3,8.0,8.4,True,20000,35515,2.084160804748535,0.00013432091897497774,0.94,1.0
6064,0.02,1,10.0,10.0,True,20000,35516,2.0601422786712646,0.00013425311422113294,0.94,1.0
6065,0.02,1,10.0,10.0,True,20000,35517,1.8465551137924194,0.0001341853730651821,0.94,1.0
6066,0.02,5,6.0,6.4,True,20000,35522,2.0494940280914307,0.00013411769552076972,0.94,1.0
6067,0.02,6,5.0,5.2,True,20000,35528,2.6320254802703857,0.0001340500816015272,0.94,1.0
6068,0.02,4,7.0,7.2,True,20000,35532,2.3652358055114746,0.0001339825313210736,0.94,1.0
6069,0.02,3,8.0,8.4,True,20000,35535,1.9590916633605957,0.00013391504469301475,0.94,1.0
6070,0.02,2,9.0,9.2,True,20000,35537,2.199131488800049,0.00013384762173094408,0.94,1.0
6071,0.02,1,10.0,10.0,True,20000,35538,1.805063247680664,0.0001337802624484418,0.94,1.0
6072,0.02,4,7.0,7.6,True,20000,35542,1.5941660404205322,0.0001337129668590753,0.94,1.0
6073,0.02,8,3.0,3.6,True,20000,35550,1.4450366497039795,0.0001336457349763995,0.94,1.0
6074,0.02,6,5.0,6.0,True,20000,35556,1.7580751180648804,0.0001335785668139563,0.94,1.0
6075,0.02,3,8.0,8.4,True,20000,35559,2.068594455718994,0.00013351146238527466,0.94,1.0
6076,0.02,3,8.0,8.4,True,20000,35562,2.198547840118408,0.0001334444217038708,0.94,1.0
6077,0.02,3,8.0,8.4,True,20000,35565,1.9316669702529907,0.000133377444783248,0.94,1.0
6078,0.02,2,9.0,9.2,True,20000,35567,2.060131549835205,0.00013331053163689703,0.94,1.0
6079,0.02,4,7.0,7.6,True,20000,35571,1.2989590167999268,0.00013324368227829526,0.94,1.0
6080,0.02,3,8.0,8.4,True,20000,35574,1.8481853008270264,0.0001331768967209078,0.94,1.0
6081,0.02,1,10.0,10.0,True,20000,35575,1.886340618133545,0.00013311017497818643,0.94,1.0
6082,0.02,1,10.0,10.0,True,20000,35576,1.9382102489471436,0.00013304351706357035,0.94,1.0
6083,0.02,2,9.0,9.2,True,20000,35578,2.420759677886963,0.00013297692299048583,0.95,1.0
6084,0.02,3,8.0,8.4,True,20000,35581,1.7604901790618896,0.0001329103927723463,0.95,1.0
6085,0.02,2,9.0,9.2,True,20000,35583,2.1643874645233154,0.0001328439264225523,0.95,1.0
6086,0.02,4,7.0,7.2,True,20000,35587,1.574942946434021,0.00013277752395449147,0.95,1.0
6087,0.02,4,7.0,7.6,True,20000,35591,1.879455804824829,0.0001327111853815387,0.95,1.0
6088,0.02,5,-14.0,-13.6,False,20000,35596,2.0568759441375732,0.00013264491071705593,0.94,1.0
6089,0.02,1,10.0,10.0,True,20000,35597,2.0956835746765137,0.00013257869997439212,0.94,1.0
6090,0.02,2,9.0,9.2,True,20000,35599,1.7442909479141235,0.00013251255316688366,0.94,1.0
6091,0.02,1,10.0,10.0,True,20000,35600,1.7643572092056274,0.00013244647030785363,0.94,1.0
6092,0.02,3,8.0,8.4,True,20000,35603,1.8190499544143677,0.00013238045141061275,0.94,1.0
6093,0.02,2,9.0,9.2,True,20000,35605,2.132338523864746,0.00013231449648845839,0.94,1.0
6094,0.02,4,7.0,7.6,True,20000,35609,2.1766955852508545,0.0001322486055546753,0.94,1.0
6095,0.02,14,-3.0,-2.4,True,20000,35623,1.8864660263061523,0.00013218277862253518,0.94,1.0
6096,0.02,2,9.0,9.2,True,20000,35625,1.8967150449752808,0.00013211701570529704,0.94,1.0
6097,0.02,1,-10.0,-10.0,False,20000,35626,1.518883466720581,0.0001320513168162068,0.93,1.0
6098,0.02,2,9.0,9.2,True,20000,35628,2.1050374507904053,0.00013198568196849764,0.93,1.0
6099,0.02,3,8.0,8.4,True,20000,35631,1.7491931915283203,0.00013192011117538958,0.93,1.0
6100,0.02,1,10.0,10.0,True,20000,35632,1.6094489097595215,0.00013185460445009017,0.93,1.0
6101,0.02,2,9.0,9.2,True,20000,35634,2.2679085731506348,0.00013178916180579358,0.93,1.0
6102,0.02,6,5.0,6.0,True,20000,35640,2.8038132190704346,0.00013172378325568154,0.93,1.0
6103,0.02,2,9.0,9.2,True,20000,35642,1.9170618057250977,0.00013165846881292245,0.93,1.0
6104,0.02,1,10.0,10.0,True,20000,35643,1.8251044750213623,0.00013159321849067198,0.93,1.0
6105,0.02,2,9.0,9.2,True,20000,35645,2.1417386531829834,0.00013152803230207291,0.93,1.0
6106,0.02,3,8.0,8.4,True,20000,35648,1.7479079961776733,0.0001314629102602551,0.93,1.0
6107,0.02,5,6.0,6.4,True,20000,35653,1.9995121955871582,0.0001313978523783355,0.94,1.0
6108,0.02,1,10.0,10.0,True,20000,35654,1.6437796354293823,0.00013133285866941794,0.94,1.0
6109,0.02,2,9.0,9.2,True,20000,35656,2.1762027740478516,0.00013126792914659375,0.94,1.0
6110,0.02,1,10.0,10.0,True,20000,35657,1.8338948488235474,0.00013120306382294092,0.94,1.0
6111,0.02,5,6.0,6.8,True,20000,35662,2.0274829864501953,0.0001311382627115245,0.94,1.0
6112,0.02,4,7.0,7.6,True,20000,35666,1.970435619354248,0.00013107352582539706,0.94,1.0
6113,0.02,2,9.0,9.2,True,20000,35668,1.7895796298980713,0.00013100885317759767,0.94,1.0
6114,0.02,8,3.0,3.6,True,20000,35676,1.7504440546035767,0.0001309442447811529,0.94,1.0
6115,0.02,4,7.0,7.6,True,20000,35680,2.2900924682617188,0.00013087970064907622,0.94,1.0
6116,0.02,3,8.0,8.4,True,20000,35683,2.46602463722229,0.00013081522079436792,0.95,1.0
6117,0.02,1,10.0,10.0,True,20000,35684,2.044623613357544,0.0001307508052300159,0.95,1.0
6118,0.02,2,9.0,9.2,True,20000,35686,2.049271821975708,0.00013068645396899442,0.95,1.0
6119,0.02,3,8.0,8.4,True,20000,35689,2.037473440170288,0.00013062216702426546,0.95,1.0
6120,0.02,4,7.0,7.6,True,20000,35693,1.911704182624817,0.0001305579444087775,0.95,1.0
6121,0.02,4,7.0,7.6,True,20000,35697,1.5756499767303467,0.00013049378613546637,0.95,1.0
6122,0.02,3,8.0,8.4,True,20000,35700,2.125016689300537,0.00013042969221725492,0.95,1.0
6123,0.02,3,8.0,8.4,True,20000,35703,1.872711420059204,0.00013036566266705287,0.95,1.0
6124,0.02,2,9.0,9.2,True,20000,35705,1.7400591373443604,0.00013030169749775715,0.95,1.0
6125,0.02,1,10.0,10.0,True,20000,35706,2.0372018814086914,0.00013023779672225168,0.95,1.0
6126,0.02,3,8.0,8.4,True,20000,35709,1.6238348484039307,0.0001301739603534073,0.95,1.0
6127,0.02,3,-12.0,-12.0,False,20000,35712,2.5461668968200684,0.00013011018840408206,0.94,1.0
6128,0.02,2,9.0,9.2,True,20000,35714,1.5355089902877808,0.0001300464808871208,0.94,1.0
6129,0.02,1,10.0,10.0,True,20000,35715,2.2045369148254395,0.00012998283781535572,0.94,1.0
6130,0.02,6,5.0,6.0,True,20000,35721,1.9094421863555908,0.00012991925920160561,0.94,1.0
6131,0.02,6,5.0,6.0,True,20000,35727,1.746152639389038,0.00012985574505867674,0.94,1.0
6132,0.02,2,9.0,9.2,True,20000,35729,1.644202709197998,0.00012979229539936197,0.94,1.0
6133,0.02,3,8.0,8.4,True,20000,35732,1.561099648475647,0.00012972891023644147,0.94,1.0
6134,0.02,2,9.0,9.2,True,20000,35734,1.5433919429779053,0.00012966558958268226,0.94,1.0
6135,0.02,2,9.0,9.2,True,20000,35736,2.4024691581726074,0.0001296023334508384,0.94,1.0
6136,0.02,4,7.0,7.6,True,20000,35740,1.7129790782928467,0.00012953914185365108,0.94,1.0
6137,0.02,1,10.0,10.0,True,20000,35741,2.4252426624298096,0.0001294760148038483,0.94,1.0
6138,0.02,1,10.0,10.0,True,20000,35742,1.6403229236602783,0.00012941295231414508,0.94,1.0
6139,0.02,3,8.0,8.4,True,20000,35745,1.9973362684249878,0.00012934995439724367,0.94,1.0
6140,0.02,45,-45.0,-45.2,False,20000,35790,1.8598920106887817,0.00012928702106583293,0.93,1.0
6141,0.02,2,9.0,9.2,True,20000,35792,2.5551915168762207,0.0001292241523325891,0.93,1.0
6142,0.02,2,9.0,9.2,True,20000,35794,1.993109941482544,0.00012916134821017514,0.93,1.0
6143,0.02,6,5.0,5.6,True,20000,35800,1.9830435514450073,0.00012909860871124112,0.93,1.0
6144,0.02,3,8.0,8.4,True,20000,35803,2.017610788345337,0.00012903593384842402,0.93,1.0
6145,0.02,45,-34.0,-33.6,True,20000,35848,2.1040143966674805,0.0001289733236343479,0.93,1.0
6146,0.02,4,7.0,7.6,True,20000,35852,2.150692939758301,0.0001289107780816237,0.93,1.0
6147,0.02,1,10.0,10.0,True,20000,35853,1.6520612239837646,0.00012884829720284945,0.93,1.0
6148,0.02,1,10.0,10.0,True,20000,35854,2.1190757751464844,0.00012878588101060992,0.94,1.0
6149,0.02,7,4.0,4.8,True,20000,35861,1.7711868286132812,0.00012872352951747722,0.94,1.0
6150,0.02,3,8.0,8.4,True,20000,35864,2.22357439994812,0.00012866124273600997,0.95,1.0
6151,0.02,1,10.0,10.0,True,20000,35865,1.5688223838806152,0.0001285990206787543,0.95,1.0
6152,0.02,3,8.0,8.4,True,20000,35868,1.97944176197052,0.00012853686335824268,0.95,1.0
6153,0.02,1,10.0,10.0,True,20000,35869,1.7996987104415894,0.0001284747707869952,0.95,1.0
6154,0.02,4,7.0,7.6,True,20000,35873,2.066195011138916,0.00012841274297751832,0.95,1.0
6155,0.02,4,7.0,7.2,True,20000,35877,2.351625442504883,0.00012835077994230578,0.95,1.0
6156,0.02,16,-5.0,-4.4,True,20000,35893,2.0702755451202393,0.00012828888169383833,0.96,1.0
6157,0.02,2,9.0,9.2,True,20000,35895,2.3398728370666504,0.00012822704824458337,0.96,1.0
6158,0.02,4,7.0,7.6,True,20000,35899,1.9509531259536743,0.00012816527960699556,0.96,1.0
6159,0.02,4,7.0,7.6,True,20000,35903,2.3546557426452637,0.00012810357579351632,0.96,1.0
6160,0.02,3,8.0,8.4,True,20000,35906,2.10764741897583,0.00012804193681657396,0.96,1.0
6161,0.02,1,10.0,10.0,True,20000,35907,1.9294651746749878,0.00012798036268858403,0.96,1.0
6162,0.02,15,-4.0,-3.2,True,20000,35922,1.9958139657974243,0.0001279188534219486,0.96,1.0
6163,0.02,4,7.0,7.6,True,20000,35926,2.2783637046813965,0.0001278574090290571,0.96,1.0
6164,0.02,2,9.0,9.2,True,20000,35928,2.4279487133026123,0.00012779602952228564,0.96,1.0
6165,0.02,3,8.0,8.4,True,20000,35931,1.7459142208099365,0.00012773471491399718,0.96,1.0
6166,0.02,3,8.0,8.4,True,20000,35934,2.137113094329834,0.00012767346521654193,0.96,1.0
6167,0.02,3,8.0,8.4,True,20000,35937,2.0657448768615723,0.0001276122804422566,0.96,1.0
6168,0.02,3,-12.0,-11.6,False,20000,35940,1.9645066261291504,0.00012755116060346537,0.95,1.0
6169,0.02,2,9.0,9.2,True,20000,35942,1.8608286380767822,0.00012749010571247877,0.95,1.0
6170,0.02,2,9.0,9.2,True,20000,35944,2.092316150665283,0.00012742911578159457,0.95,1.0
6171,0.02,3,8.0,8.4,True,20000,35947,1.8000335693359375,0.00012736819082309744,0.95,1.0
6172,0.02,2,9.0,9.2,True,20000,35949,1.6308561563491821,0.00012730733084925888,0.95,1.0
6173,0.02,1,10.0,10.0,True,20000,35950,2.294483184814453,0.00012724653587233736,0.95,1.0
6174,0.02,4,7.0,7.6,True,20000,35954,1.7764554023742676,0.00012718580590457816,0.95,1.0
6175,0.02,3,8.0,8.4,True,20000,35957,1.9522953033447266,0.00012712514095821365,0.95,1.0
6176,0.02,3,8.0,8.4,True,20000,35960,2.1648104190826416,0.00012706454104546302,0.95,1.0
6177,0.02,3,8.0,8.4,True,20000,35963,1.6485888957977295,0.0001270040061785321,0.95,1.0
6178,0.02,45,-45.0,-44.8,False,20000,36008,2.7329933643341064,0.0001269435363696141,0.94,1.0
6179,0.02,1,-10.0,-10.0,False,20000,36009,2.457528591156006,0.00012688313163088872,0.93,1.0
6180,0.02,1,10.0,10.0,True,20000,36010,2.339540481567383,0.00012682279197452292,0.93,1.0
6181,0.02,1,-10.0,-10.0,False,20000,36011,2.144196033477783,0.0001267625174126701,0.92,1.0
6182,0.02,1,10.0,10.0,True,20000,36012,1.9453613758087158,0.0001267023079574709,0.92,1.0
6183,0.02,34,-43.0,-42.8,False,20000,36046,1.9726368188858032,0.00012664216362105274,0.91,1.0
6184,0.02,4,7.0,7.6,True,20000,36050,1.6388089656829834,0.00012658208441552993,0.91,1.0
6185,0.02,2,9.0,9.2,True,20000,36052,1.7665284872055054,0.00012652207035300365,0.91,1.0
6186,0.02,2,9.0,9.2,True,20000,36054,2.07669997215271,0.00012646212144556198,0.91,1.0
6187,0.02,4,7.0,7.6,True,20000,36058,1.5681626796722412,0.00012640223770527974,0.91,1.0
6188,0.02,2,9.0,9.2,True,20000,36060,2.060088872909546,0.00012634241914421892,0.92,1.0
6189,0.02,4,7.0,7.6,True,20000,36064,2.3008155822753906,0.000126282665774428,0.92,1.0
6190,0.02,2,9.0,9.2,True,20000,36066,2.2476601600646973,0.00012622297760794278,0.92,1.0
6191,0.02,1,10.0,10.0,True,20000,36067,2.0663836002349854,0.0001261633546567855,0.92,1.0
6192,0.02,5,6.0,6.8,True,20000,36072,2.200467109680176,0.0001261037969329655,0.92,1.0
6193,0.02,5,6.0,6.4,True,20000,36077,1.883265733718872,0.0001260443044484789,0.92,1.0
6194,0.02,4,7.0,7.6,True,20000,36081,1.9691418409347534,0.00012598487721530874,0.92,1.0
6195,0.02,45,-45.0,-45.2,False,20000,36126,1.827449083328247,0.00012592551524542487,0.91,1.0
6196,0.02,1,10.0,10.0,True,20000,36127,1.5436614751815796,0.000125866218550784,0.91,1.0
6197,0.02,3,8.0,8.4,True,20000,36130,2.132551670074463,0.00012580698714332973,0.92,1.0
6198,0.02,2,9.0,9.2,True,20000,36132,2.0386104583740234,0.00012574782103499246,0.92,1.0
6199,0.02,2,9.0,9.2,True,20000,36134,2.324075937271118,0.00012568872023768936,0.92,1.0
6200,0.02,3,8.0,8.4,True,20000,36137,1.9008549451828003,0.00012562968476332478,0.92,1.0
6201,0.02,5,6.0,6.8,True,20000,36142,1.5088715553283691,0.00012557071462378938,0.92,1.0
6202,0.02,3,8.0,8.4,True,20000,36145,1.770544409751892,0.00012551180983096124,0.92,1.0
6203,0.02,2,9.0,9.2,True,20000,36147,2.074553966522217,0.00012545297039670477,0.92,1.0
6204,0.02,2,9.0,9.2,True,20000,36149,1.9170690774917603,0.00012539419633287148,0.92,1.0
6205,0.02,4,7.0,7.6,True,20000,36153,1.954192042350769,0.0001253354876512998,0.92,1.0
6206,0.02,2,9.0,9.2,True,20000,36155,1.881313681602478,0.00012527684436381472,0.92,1.0
6207,0.02,4,7.0,7.6,True,20000,36159,2.408212423324585,0.00012521826648222834,0.92,1.0
6208,0.02,2,9.0,9.2,True,20000,36161,1.5860339403152466,0.00012515975401833937,0.92,1.0
6209,0.02,2,9.0,9.2,True,20000,36163,2.176269054412842,0.0001251013069839333,0.92,1.0
6210,0.02,1,10.0,10.0,True,20000,36164,2.304507255554199,0.00012504292539078276,0.92,1.0
6211,0.02,2,9.0,9.2,True,20000,36166,1.8122954368591309,0.00012498460925064686,0.92,1.0
6212,0.02,3,8.0,8.4,True,20000,36169,1.8340754508972168,0.00012492635857527172,0.92,1.0
6213,0.02,1,10.0,10.0,True,20000,36170,2.029970407485962,0.00012486817337639024,0.92,1.0
6214,0.02,2,9.0,9.2,True,20000,36172,1.7789381742477417,0.0001248100536657221,0.92,1.0
6215,0.02,2,9.0,9.2,True,20000,36174,1.5496673583984375,0.00012475199945497385,0.92,1.0
6216,0.02,1,10.0,10.0,True,20000,36175,1.6899827718734741,0.00012469401075583858,0.92,1.0
6217,0.02,2,9.0,9.2,True,20000,36177,2.508873701095581,0.00012463608757999669,0.92,1.0
6218,0.02,2,9.0,9.2,True,20000,36179,2.0774574279785156,0.00012457822993911487,0.92,1.0
6219,0.02,2,9.0,9.2,True,20000,36181,1.7918701171875,0.00012452043784484703,0.92,1.0
6220,0.02,2,9.0,9.2,True,20000,36183,2.0712568759918213,0.00012446271130883352,0.92,1.0
6221,0.02,1,10.0,10.0,True,20000,36184,1.5866864919662476,0.0001244050503427017,0.92,1.0
6222,0.02,3,8.0,8.4,True,20000,36187,1.8131749629974365,0.00012434745495806574,0.92,1.0
6223,0.02,3,8.0,8.4,True,20000,36190,1.6833726167678833,0.0001242899251665264,0.92,1.0
6224,0.02,3,-12.0,-11.6,False,20000,36193,1.9065390825271606,0.00012423246097967145,0.91,1.0
6225,0.02,2,9.0,9.2,True,20000,36195,2.1349563598632812,0.0001241750624090754,0.91,1.0
6226,0.02,4,7.0,7.2,True,20000,36199,1.9953992366790771,0.0001241177294662993,0.91,1.0
6227,0.02,3,8.0,8.4,True,20000,36202,2.087723731994629,0.00012406046216289143,0.92,1.0
6228,0.02,37,-46.0,-46.0,False,20000,36239,2.1645994186401367,0.0001240032605103864,0.91,1.0
6229,0.02,6,5.0,6.0,True,20000,36245,2.512984275817871,0.00012394612452030598,0.91,1.0
6230,0.02,3,8.0,8.4,True,20000,36248,1.869518756866455,0.00012388905420415835,0.91,1.0
6231,0.02,2,9.0,9.2,True,20000,36250,2.6539359092712402,0.0001238320495734387,0.91,1.0
6232,0.02,3,8.0,8.4,True,20000,36253,1.6618983745574951,0.00012377511063962896,0.91,1.0
6233,0.02,2,9.0,9.2,True,20000,36255,1.9749170541763306,0.00012371823741419782,0.91,1.0
6234,0.02,2,9.0,9.2,True,20000,36257,2.297471761703491,0.00012366142990860067,0.91,1.0
6235,0.02,3,8.0,8.4,True,20000,36260,2.617626667022705,0.00012360468813427968,0.91,1.0
6236,0.02,2,9.0,9.2,True,20000,36262,1.4555902481079102,0.00012354801210266386,0.91,1.0
6237,0.02,1,10.0,10.0,True,20000,36263,1.7159137725830078,0.000123491401825169,0.91,1.0
6238,0.02,5,-14.0,-13.2,False,20000,36268,1.8025217056274414,0.0001234348573131973,0.9,1.0
6239,0.02,4,7.0,7.2,True,20000,36272,2.1483817100524902,0.00012337837857813834,0.9,1.0
6240,0.02,1,10.0,10.0,True,20000,36273,1.69993257522583,0.00012332196563136775,0.91,1.0
6241,0.02,3,8.0,8.4,True,20000,36276,2.3732564449310303,0.00012326561848424852,0.91,1.0
6242,0.02,34,-23.0,-22.4,True,20000,36310,2.1409459114074707,0.00012320933714813,0.91,1.0
6243,0.02,1,10.0,10.0,True,20000,36311,1.8449608087539673,0.0001231531216343484,0.91,1.0
6244,0.02,2,9.0,9.2,True,20000,36313,2.154250144958496,0.00012309697195422669,0.91,1.0
6245,0.02,3,8.0,8.4,True,20000,36316,2.159227132797241,0.00012304088811907453,0.91,1.0
6246,0.02,4,7.0,7.2,True,20000,36320,1.6901707649230957,0.00012298487014018853,0.91,1.0
6247,0.02,5,6.0,6.8,True,20000,36325,2.2301976680755615,0.00012292891802885168,0.91,1.0
6248,0.02,2,-11.0,-10.8,False,20000,36327,1.9941837787628174,0.00012287303179633386,0.9,1.0
6249,0.02,2,9.0,9.2,True,20000,36329,2.4166104793548584,0.00012281721145389186,0.9,1.0
6250,0.02,2,9.0,9.2,True,20000,36331,1.9377553462982178,0.00012276145701276887,0.9,1.0
6251,0.02,5,6.0,6.8,True,20000,36336,1.6789520978927612,0.0001227057684841951,0.9,1.0
6252,0.02,2,-11.0,-10.8,False,20000,36338,1.7670619487762451,0.00012265014587938737,0.89,1.0
6253,0.02,2,9.0,9.2,True,20000,36340,2.6150403022766113,0.00012259458920954906,0.89,1.0
6254,0.02,2,9.0,9.2,True,20000,36342,2.109534740447998,0.00012253909848587062,0.89,1.0
6255,0.02,4,-13.0,-12.8,False,20000,36346,2.1817314624786377,0.00012248367371952884,0.88,1.0
6256,0.02,2,9.0,9.2,True,20000,36348,1.8778862953186035,0.0001224283149216876,0.88,1.0
6257,0.02,1,10.0,10.0,True,20000,36349,2.4271206855773926,0.00012237302210349704,0.88,1.0
6258,0.02,3,8.0,8.4,True,20000,36352,2.0106492042541504,0.00012231779527609456,0.88,1.0
6259,0.02,4,7.0,7.6,True,20000,36356,1.731791615486145,0.00012226263445060375,0.88,1.0
6260,0.02,1,10.0,10.0,True,20000,36357,1.7327566146850586,0.00012220753963813525,0.88,1.0
6261,0.02,1,10.0,10.0,True,20000,36358,2.0488479137420654,0.00012215251084978618,0.88,1.0
6262,0.02,2,9.0,9.2,True,20000,36360,2.0308170318603516,0.0001220975480966406,0.88,1.0
6263,0.02,1,-10.0,-10.0,False,20000,36361,1.5883969068527222,0.00012204265138976902,0.87,1.0
6264,0.02,5,6.0,6.8,True,20000,36366,1.5005245208740234,0.00012198782074022888,0.87,1.0
6265,0.02,5,6.0,6.8,True,20000,36371,1.3551822900772095,0.00012193305615906398,0.87,1.0
6266,0.02,3,8.0,8.4,True,20000,36374,1.8226206302642822,0.00012187835765730529,0.87,1.0
6267,0.02,1,10.0,10.0,True,20000,36375,1.9148651361465454,0.00012182372524597,0.87,1.0
6268,0.02,4,7.0,7.6,True,20000,36379,1.935255527496338,0.0001217691589360624,0.88,1.0
6269,0.02,2,9.0,9.2,True,20000,36381,2.236354112625122,0.00012171465873857308,0.88,1.0
6270,0.02,2,9.0,9.2,True,20000,36383,1.7842456102371216,0.00012166022466447956,0.88,1.0
6271,0.02,1,10.0,10.0,True,20000,36384,1.7522512674331665,0.00012160585672474601,0.88,1.0
6272,0.02,1,10.0,10.0,True,20000,36385,1.9257326126098633,0.0001215515549303232,0.88,1.0
6273,0.02,2,9.0,9.2,True,20000,36387,1.7368621826171875,0.00012149731929214865,0.88,1.0
6274,0.02,4,7.0,7.6,True,20000,36391,1.81692636013031,0.00012144314982114656,0.88,1.0
6275,0.02,43,-32.0,-31.2,True,20000,36434,1.8519964218139648,0.00012138904652822767,0.88,1.0
6276,0.02,5,6.0,6.8,True,20000,36439,1.648306131362915,0.00012133500942428964,0.88,1.0
6277,0.02,2,9.0,9.2,True,20000,36441,1.8480257987976074,0.00012128103852021647,0.88,1.0
6278,0.02,3,8.0,8.4,True,20000,36444,2.0738413333892822,0.00012122713382687925,0.89,1.0
6279,0.02,2,9.0,9.2,True,20000,36446,2.336786985397339,0.00012117329535513519,0.9,1.0
6280,0.02,5,6.0,6.8,True,20000,36451,2.222562074661255,0.00012111952311582875,0.9,1.0
6281,0.02,2,9.0,9.2,True,20000,36453,1.8097575902938843,0.00012106581711979055,0.91,1.0
6282,0.02,45,-45.0,-45.2,False,20000,36498,1.309632420539856,0.00012101217737783818,0.9,1.0
6283,0.02,2,9.0,9.2,True,20000,36500,2.3824682235717773,0.00012095860390077574,0.91,1.0
6284,0.02,4,7.0,7.2,True,20000,36504,2.092029571533203,0.00012090509669939407,0.91,1.0
6285,0.02,2,9.0,9.2,True,20000,36506,1.9029539823532104,0.00012085165578447058,0.91,1.0
6286,0.02,2,9.0,9.2,True,20000,36508,2.0831079483032227,0.00012079828116676944,0.91,1.0
6287,0.02,3,8.0,8.4,True,20000,36511,2.4740302562713623,0.0001207449728570412,0.91,1.0
6288,0.02,2,9.0,9.2,True,20000,36513,1.9037888050079346,0.0001206917308660235,0.91,1.0
6289,0.02,1,10.0,10.0,True,20000,36514,1.5043476819992065,0.00012063855520444014,0.91,1.0
6290,0.02,1,10.0,10.0,True,20000,36515,2.0366392135620117,0.000120585445883002,0.91,1.0
6291,0.02,4,7.0,7.2,True,20000,36519,1.8962494134902954,0.00012053240291240623,0.91,1.0
6292,0.02,2,9.0,9.2,True,20000,36521,1.723426342010498,0.0001204794263033368,0.91,1.0
6293,0.02,3,8.0,8.0,True,20000,36524,2.3724305629730225,0.00012042651606646433,0.91,1.0
6294,0.02,7,4.0,4.8,True,20000,36531,1.4145008325576782,0.00012037367221244594,0.91,1.0
6295,0.02,2,9.0,9.2,True,20000,36533,2.2413153648376465,0.00012032089475192564,0.92,1.0
6296,0.02,6,5.0,5.6,True,20000,36539,2.053717613220215,0.00012026818369553375,0.92,1.0
6297,0.02,1,10.0,10.0,True,20000,36540,1.714564323425293,0.00012021553905388732,0.92,1.0
6298,0.02,3,8.0,8.4,True,20000,36543,1.9793894290924072,0.0001201629608375902,0.92,1.0
6299,0.02,1,10.0,10.0,True,20000,36544,1.732953429222107,0.00012011044905723256,0.92,1.0
6300,0.02,2,9.0,9.2,True,20000,36546,1.8231768608093262,0.00012005800372339148,0.92,1.0
6301,0.02,2,9.0,9.2,True,20000,36548,1.7974672317504883,0.00012000562484663045,0.92,1.0
6302,0.02,3,8.0,8.4,True,20000,36551,2.082503080368042,0.00011995331243749971,0.92,1.0
6303,0.02,34,-23.0,-22.0,True,20000,36585,1.5721516609191895,0.00011990106650653607,0.92,1.0
6304,0.02,5,6.0,6.8,True,20000,36590,1.8494720458984375,0.00011984888706426276,0.92,1.0
6305,0.02,1,-10.0,-10.0,False,20000,36591,2.2374815940856934,0.00011979677412119006,0.91,1.0
6306,0.02,2,9.0,9.2,True,20000,36593,2.0749306678771973,0.00011974472768781427,0.91,1.0
6307,0.02,4,7.0,7.6,True,20000,36597,2.1868393421173096,0.00011969274777461892,0.91,1.0
6308,0.02,5,6.0,6.8,True,20000,36602,2.0541000366210938,0.00011964083439207362,0.91,1.0
6309,0.02,3,8.0,8.4,True,20000,36605,1.9393278360366821,0.00011958898755063489,0.91,1.0
6310,0.02,5,6.0,6.4,True,20000,36610,1.5511804819107056,0.00011953720726074564,0.91,1.0
6311,0.02,3,8.0,8.4,True,20000,36613,1.521664023399353,0.00011948549353283558,0.91,1.0
6312,0.02,3,8.0,8.4,True,20000,36616,1.7120628356933594,0.00011943384637732091,0.91,1.0
6313,0.02,3,8.0,8.4,True,20000,36619,1.9064275026321411,0.00011938226580460443,0.91,1.0
6314,0.02,4,7.0,7.6,True,20000,36623,2.286647081375122,0.00011933075182507537,0.91,1.0
6315,0.02,1,-10.0,-10.0,False,20000,36624,2.205620288848877,0.00011927930444910996,0.9,1.0
6316,0.02,5,6.0,6.8,True,20000,36629,1.8730835914611816,0.00011922792368707049,0.9,1.0
6317,0.02,4,7.0,7.6,True,20000,36633,1.7698841094970703,0.00011917660954930636,0.9,1.0
6318,0.02,4,7.0,7.6,True,20000,36637,1.699286699295044,0.0001191253620461531,0.9,1.0
6319,0.02,1,-10.0,-10.0,False,20000,36638,2.0699973106384277,0.00011907418118793308,0.89,1.0
6320,0.02,5,6.0,6.4,True,20000,36643,2.2012813091278076,0.00011902306698495516,0.89,1.0
6321,0.02,3,8.0,8.4,True,20000,36646,1.5323551893234253,0.00011897201944751479,0.89,1.0
6322,0.02,2,9.0,9.2,True,20000,36648,2.2042484283447266,0.00011892103858589398,0.89,1.0
6323,0.02,2,9.0,9.2,True,20000,36650,1.839503288269043,0.00011887012441036133,0.89,1.0
6324,0.02,3,8.0,8.4,True,20000,36653,1.7869516611099243,0.00011881927693117198,0.9,1.0
6325,0.02,2,9.0,9.2,True,20000,36655,2.1221203804016113,0.00011876849615856777,0.9,1.0
6326,0.02,2,9.0,9.2,True,20000,36657,1.9017421007156372,0.00011871778210277674,0.9,1.0
6327,0.02,1,10.0,10.0,True,20000,36658,2.528059482574463,0.00011866713477401402,0.9,1.0
6328,0.02,2,9.0,9.2,True,20000,36660,1.7671737670898438,0.00011861655418248079,0.91,1.0
6329,0.02,2,9.0,9.2,True,20000,36662,1.6506290435791016,0.00011856604033836522,0.91,1.0
6330,0.02,28,-17.0,-16.4,True,20000,36690,2.054640293121338,0.00011851559325184168,0.91,1.0
6331,0.02,5,6.0,6.4,True,20000,36695,2.2426371574401855,0.00011846521293307129,0.91,1.0
6332,0.02,4,7.0,7.6,True,20000,36699,2.046536684036255,0.0001184148993922017,0.91,1.0
6333,0.02,2,9.0,9.2,True,20000,36701,2.0882911682128906,0.00011836465263936709,0.91,1.0
6334,0.02,3,8.0,8.4,True,20000,36704,2.1619231700897217,0.00011831447268468814,0.91,1.0
6335,0.02,4,7.0,7.2,True,20000,36708,2.051478147506714,0.00011826435953827222,0.91,1.0
6336,0.02,1,10.0,10.0,True,20000,36709,1.7059268951416016,0.00011821431321021298,0.91,1.0
6337,0.02,4,7.0,7.6,True,20000,36713,2.2226264476776123,0.00011816433371059096,0.91,1.0
6338,0.02,1,10.0,10.0,True,20000,36714,1.995004653930664,0.00011811442104947288,0.92,1.0
6339,0.02,1,10.0,10.0,True,20000,36715,2.119978189468384,0.00011806457523691236,0.92,1.0
6340,0.02,4,7.0,7.6,True,20000,36719,2.2750701904296875,0.00011801479628294923,0.92,1.0
6341,0.02,3,8.0,8.4,True,20000,36722,2.1244966983795166,0.00011796508419761,0.92,1.0
6342,0.02,1,10.0,10.0,True,20000,36723,2.1607210636138916,0.00011791543899090782,0.92,1.0
6343,0.02,3,8.0,8.4,True,20000,36726,1.7230112552642822,0.00011786586067284205,0.92,1.0
6344,0.02,2,9.0,9.2,True,20000,36728,1.8003554344177246,0.00011781634925339901,0.92,1.0
6345,0.02,3,8.0,8.4,True,20000,36731,2.3813486099243164,0.00011776690474255108,0.92,1.0
6346,0.02,2,9.0,9.2,True,20000,36733,2.235639810562134,0.00011771752715025766,0.92,1.0
6347,0.02,1,10.0,10.0,True,20000,36734,1.4939743280410767,0.00011766821648646421,0.92,1.0
6348,0.02,2,9.0,9.2,True,20000,36736,1.6565630435943604,0.00011761897276110295,0.93,1.0
6349,0.02,2,9.0,9.2,True,20000,36738,1.8486607074737549,0.00011756979598409259,0.93,1.0
6350,0.02,3,8.0,8.4,True,20000,36741,1.8688879013061523,0.00011752068616533833,0.93,1.0
6351,0.02,4,7.0,7.6,True,20000,36745,1.8513298034667969,0.00011747164331473192,0.93,1.0
6352,0.02,4,7.0,7.6,True,20000,36749,2.269672155380249,0.00011742266744215165,0.94,1.0
6353,0.02,1,10.0,10.0,True,20000,36750,1.6995805501937866,0.00011737375855746209,0.94,1.0
6354,0.02,5,6.0,6.4,True,20000,36755,1.7135694026947021,0.0001173249166705147,0.94,1.0
6355,0.02,2,9.0,9.2,True,20000,36757,2.340801239013672,0.00011727614179114703,0.95,1.0
6356,0.02,2,9.0,9.2,True,20000,36759,1.8086597919464111,0.00011722743392918354,0.95,1.0
6357,0.02,2,9.0,9.2,True,20000,36761,2.3732216358184814,0.00011717879309443486,0.95,1.0
6358,0.02,1,10.0,10.0,True,20000,36762,2.088825225830078,0.00011713021929669828,0.95,1.0
6359,0.02,3,8.0,8.4,True,20000,36765,1.5254322290420532,0.00011708171254575759,0.95,1.0
6360,0.02,2,9.0,9.2,True,20000,36767,1.9182132482528687,0.00011703327285138297,0.95,1.0
6361,0.02,2,9.0,9.2,True,20000,36769,1.8776004314422607,0.00011698490022333125,0.95,1.0
6362,0.02,2,9.0,9.2,True,20000,36771,1.8725037574768066,0.00011693659467134567,0.95,1.0
6363,0.02,5,6.0,6.8,True,20000,36776,2.1115684509277344,0.00011688835620515584,0.96,1.0
6364,0.02,1,10.0,10.0,True,20000,36777,1.9753323793411255,0.00011684018483447818,0.96,1.0
6365,0.02,4,7.0,7.6,True,20000,36781,1.7087981700897217,0.00011679208056901515,0.96,1.0
6366,0.02,4,7.0,7.6,True,20000,36785,2.3171472549438477,0.00011674404341845613,0.96,1.0
6367,0.02,3,8.0,8.4,True,20000,36788,1.7293994426727295,0.00011669607339247665,0.96,1.0
6368,0.02,4,7.0,7.6,True,20000,36792,1.8240751028060913,0.00011664817050073899,0.96,1.0
6369,0.02,2,9.0,9.2,True,20000,36794,2.0163073539733887,0.00011660033475289168,0.96,1.0
6370,0.02,2,9.0,9.2,True,20000,36796,1.3549741506576538,0.00011655256615856986,0.96,1.0
6371,0.02,1,10.0,10.0,True,20000,36797,2.132081985473633,0.00011650486472739506,0.96,1.0
6372,0.02,3,8.0,8.4,True,20000,36800,2.0774505138397217,0.00011645723046897538,0.96,1.0
6373,0.02,2,9.0,9.2,True,20000,36802,1.7070494890213013,0.00011640966339290528,0.96,1.0
6374,0.02,3,8.0,8.4,True,20000,36805,1.993135929107666,0.00011636216350876582,0.96,1.0
6375,0.02,3,8.0,8.4,True,20000,36808,1.8402061462402344,0.00011631473082612429,0.96,1.0
6376,0.02,4,7.0,7.6,True,20000,36812,2.1785943508148193,0.00011626736535453486,0.96,1.0
6377,0.02,2,9.0,9.2,True,20000,36814,1.8110737800598145,0.00011622006710353763,0.96,1.0
6378,0.02,6,5.0,6.0,True,20000,36820,1.6897854804992676,0.0001161728360826597,0.96,1.0
6379,0.02,2,9.0,9.2,True,20000,36822,2.1786327362060547,0.00011612567230141418,0.96,1.0
6380,0.02,2,9.0,9.2,True,20000,36824,2.038207530975342,0.00011607857576930086,0.96,1.0
6381,0.02,1,10.0,10.0,True,20000,36825,2.3355352878570557,0.00011603154649580598,0.96,1.0
6382,0.02,1,10.0,10.0,True,20000,36826,2.4650514125823975,0.00011598458449040222,0.97,1.0
6383,0.02,1,10.0,10.0,True,20000,36827,2.1443896293640137,0.00011593768976254862,0.97,1.0
6384,0.02,1,10.0,10.0,True,20000,36828,2.003793478012085,0.00011589086232169081,0.97,1.0
6385,0.02,3,8.0,8.4,True,20000,36831,1.6672933101654053,0.00011584410217726067,0.97,1.0
6386,0.02,4,7.0,7.6,True,20000,36835,2.214911937713623,0.00011579740933867686,0.97,1.0
6387,0.02,2,9.0,9.2,True,20000,36837,1.8653610944747925,0.00011575078381534407,0.97,1.0
6388,0.02,45,-45.0,-44.8,False,20000,36882,2.53259015083313,0.00011570422561665379,0.96,1.0
6389,0.02,2,9.0,9.2,True,20000,36884,2.112290620803833,0.00011565773475198367,0.96,1.0
6390,0.02,2,9.0,9.2,True,20000,36886,2.33846378326416,0.000115611311230698,0.96,1.0
6391,0.02,2,9.0,9.2,True,20000,36888,1.6230978965759277,0.00011556495506214747,0.96,1.0
6392,0.02,1,-10.0,-10.0,False,20000,36889,2.2934515476226807,0.00011551866625566902,0.95,1.0
6393,0.02,2,9.0,9.2,True,20000,36891,2.0283617973327637,0.00011547244482058628,0.95,1.0
6394,0.02,1,10.0,10.0,True,20000,36892,1.7549641132354736,0.00011542629076620914,0.95,1.0
6395,0.02,1,10.0,10.0,True,20000,36893,2.5577330589294434,0.00011538020410183404,0.95,1.0
6396,0.02,2,-11.0,-10.8,False,20000,36895,1.9116519689559937,0.00011533418483674372,0.94,1.0
6397,0.02,2,9.0,9.2,True,20000,36897,2.004164695739746,0.00011528823298020742,0.94,1.0
6398,0.02,3,8.0,8.0,True,20000,36900,2.675201892852783,0.00011524234854148077,0.94,1.0
6399,0.02,3,8.0,8.4,True,20000,36903,2.6113200187683105,0.00011519653152980585,0.94,1.0
6400,0.02,2,9.0,9.2,True,20000,36905,1.8248634338378906,0.0001151507819544111,0.94,1.0
6401,0.02,3,-12.0,-12.0,False,20000,36908,2.0002810955047607,0.00011510509982451158,0.93,1.0
6402,0.02,3,8.0,8.4,True,20000,36911,1.9859867095947266,0.00011505948514930834,0.93,1.0
6403,0.02,5,6.0,6.8,True,20000,36916,1.8417730331420898,0.0001150139379379894,0.93,1.0
6404,0.02,3,8.0,8.4,True,20000,36919,2.236802339553833,0.00011496845819972866,0.93,1.0
6405,0.02,3,8.0,8.4,True,20000,36922,1.7566189765930176,0.00011492304594368684,0.94,1.0
6406,0.02,1,10.0,10.0,True,20000,36923,2.0776357650756836,0.0001148777011790108,0.94,1.0
6407,0.02,1,10.0,10.0,True,20000,36924,2.366225242614746,0.00011483242391483396,0.94,1.0
6408,0.02,1,10.0,10.0,True,20000,36925,1.7938072681427002,0.00011478721416027607,0.94,1.0
6409,0.02,1,10.0,10.0,True,20000,36926,1.8056918382644653,0.00011474207192444328,0.94,1.0
6410,0.02,1,10.0,10.0,True,20000,36927,1.935467004776001,0.0001146969972164282,0.94,1.0
6411,0.02,4,7.0,7.6,True,20000,36931,2.1572494506835938,0.00011465199004530978,0.94,1.0
6412,0.02,1,10.0,10.0,True,20000,36932,1.7814700603485107,0.00011460705042015337,0.94,1.0
6413,0.02,2,9.0,9.2,True,20000,36934,1.9023617506027222,0.00011456217835001083,0.94,1.0
6414,0.02,2,9.0,9.2,True,20000,36936,1.712361216545105,0.00011451737384392011,0.94,1.0
6415,0.02,3,8.0,8.4,True,20000,36939,2.1823506355285645,0.00011447263691090598,0.95,1.0
6416,0.02,2,9.0,9.2,True,20000,36941,1.6203027963638306,0.00011442796755997919,0.95,1.0
6417,0.02,1,10.0,10.0,True,20000,36942,2.122645378112793,0.00011438336580013726,0.95,1.0
6418,0.02,2,9.0,9.2,True,20000,36944,2.032655715942383,0.00011433883164036371,0.95,1.0
6419,0.02,1,10.0,10.0,True,20000,36945,1.761000633239746,0.0001142943650896287,0.96,1.0
6420,0.02,1,10.0,10.0,True,20000,36946,2.1266002655029297,0.00011424996615688873,0.96,1.0
6421,0.02,1,10.0,10.0,True,20000,36947,2.2112350463867188,0.00011420563485108667,0.96,1.0
6422,0.02,4,7.0,7.2,True,20000,36951,1.697465419769287,0.00011416137118115169,0.96,1.0
6423,0.02,2,9.0,9.2,True,20000,36953,1.5668246746063232,0.00011411717515599948,0.96,1.0
6424,0.02,5,-14.0,-13.6,False,20000,36958,2.367035388946533,0.0001140730467845319,0.95,1.0
6425,0.02,5,6.0,6.8,True,20000,36963,2.172471523284912,0.00011402898607563743,0.95,1.0
6426,0.02,2,9.0,9.2,True,20000,36965,1.641719102859497,0.00011398499303819074,0.95,1.0
6427,0.02,3,8.0,8.4,True,20000,36968,2.2360446453094482,0.000113941067681053,0.95,1.0
6428,0.02,2,9.0,9.2,True,20000,36970,2.001183271408081,0.00011389721001307157,0.95,1.0
6429,0.02,4,7.0,7.6,True,20000,36974,1.7285467386245728,0.00011385342004308034,0.95,1.0
6430,0.02,4,7.0,7.6,True,20000,36978,2.625765085220337,0.00011380969777989949,0.95,1.0
6431,0.02,4,7.0,7.6,True,20000,36982,1.9459912776947021,0.00011376604323233558,0.95,1.0
6432,0.02,4,7.0,7.6,True,20000,36986,1.9184445142745972,0.00011372245640918163,0.95,1.0
6433,0.02,2,9.0,9.2,True,20000,36988,1.6804698705673218,0.00011367893731921673,0.95,1.0
6434,0.02,2,9.0,9.2,True,20000,36990,1.5235190391540527,0.0001136354859712067,0.95,1.0
6435,0.02,2,9.0,9.2,True,20000,36992,2.1064038276672363,0.00011359210237390344,0.95,1.0
6436,0.02,6,5.0,6.0,True,20000,36998,1.9851257801055908,0.00011354878653604524,0.95,1.0
6437,0.02,5,6.0,6.8,True,20000,37003,1.7053072452545166,0.00011350553846635694,0.95,1.0
6438,0.02,4,7.0,7.6,True,20000,37007,2.5584444999694824,0.00011346235817354946,0.95,1.0
6439,0.02,3,8.0,8.4,True,20000,37010,2.3373970985412598,0.00011341924566632029,0.95,1.0
6440,0.02,3,8.0,8.4,True,20000,37013,2.122058868408203,0.00011337620095335314,0.95,1.0
6441,0.02,1,10.0,10.0,True,20000,37014,1.707281470298767,0.00011333322404331802,0.95,1.0
6442,0.02,5,6.0,6.8,True,20000,37019,1.9014519453048706,0.0001132903149448715,0.95,1.0
6443,0.02,3,8.0,8.4,True,20000,37022,1.8833472728729248,0.00011324747366665623,0.95,1.0
6444,0.02,2,9.0,9.2,True,20000,37024,2.6157212257385254,0.00011320470021730143,0.95,1.0
6445,0.02,3,8.0,8.4,True,20000,37027,2.180673122406006,0.00011316199460542246,0.95,1.0
6446,0.02,2,9.0,9.2,True,20000,37029,2.007235050201416,0.00011311935683962111,0.95,1.0
6447,0.02,4,7.0,7.6,True,20000,37033,1.9468584060668945,0.00011307678692848555,0.95,1.0
6448,0.02,4,7.0,7.6,True,20000,37037,1.7533280849456787,0.00011303428488059018,0.95,1.0
6449,0.02,3,8.0,8.4,True,20000,37040,2.337094306945801,0.00011299185070449584,0.95,1.0
6450,0.02,1,10.0,10.0,True,20000,37041,1.7541158199310303,0.00011294948440874965,0.95,1.0
6451,0.02,3,8.0,8.4,True,20000,37044,2.369145393371582,0.00011290718600188495,0.95,1.0
6452,0.02,5,6.0,6.8,True,20000,37049,2.0008580684661865,0.00011286495549242166,0.95,1.0
6453,0.02,3,8.0,8.4,True,20000,37052,2.0214271545410156,0.00011282279288886566,0.95,1.0
6454,0.02,4,7.0,7.6,True,20000,37056,1.609872579574585,0.00011278069819970961,0.95,1.0
6455,0.02,1,10.0,10.0,True,20000,37057,2.3659372329711914,0.00011273867143343201,0.95,1.0
6456,0.02,3,8.0,8.4,True,20000,37060,1.9064888954162598,0.00011269671259849808,0.95,1.0
6457,0.02,2,9.0,9.2,True,20000,37062,1.703059196472168,0.00011265482170335915,0.95,1.0
6458,0.02,1,10.0,10.0,True,20000,37063,1.465599536895752,0.00011261299875645284,0.95,1.0
6459,0.02,3,8.0,8.4,True,20000,37066,2.6058857440948486,0.00011257124376620318,0.95,1.0
6460,0.02,2,9.0,9.2,True,20000,37068,1.8677093982696533,0.00011252955674102055,0.95,1.0
6461,0.02,2,9.0,9.2,True,20000,37070,2.6428322792053223,0.00011248793768930146,0.95,1.0
6462,0.02,3,8.0,8.4,True,20000,37073,1.756343126296997,0.00011244638661942894,0.95,1.0
6463,0.02,4,7.0,7.6,True,20000,37077,1.9189763069152832,0.00011240490353977214,0.95,1.0
6464,0.02,4,7.0,7.6,True,20000,37081,2.2260780334472656,0.0001123634884586867,0.95,1.0
6465,0.02,2,9.0,9.2,True,20000,37083,2.395188808441162,0.0001123221413845143,0.95,1.0
6466,0.02,2,9.0,9.2,True,20000,37085,1.8700640201568604,0.00011228086232558332,0.95,1.0
6467,0.02,3,8.0,8.4,True,20000,37088,1.7637637853622437,0.00011223965129020804,0.95,1.0
6468,0.02,2,9.0,9.2,True,20000,37090,2.4088380336761475,0.00011219850828668924,0.95,1.0
6469,0.02,2,9.0,9.2,True,20000,37092,1.823208212852478,0.00011215743332331398,0.95,1.0
6470,0.02,5,6.0,6.8,True,20000,37097,2.4082419872283936,0.00011211642640835557,0.95,1.0
6471,0.02,35,-24.0,-23.6,True,20000,37132,1.7997208833694458,0.0001120754875500737,0.95,1.0
6472,0.02,1,10.0,10.0,True,20000,37133,2.1625962257385254,0.00011203461675671434,0.95,1.0
6473,0.02,3,8.0,8.4,True,20000,37136,2.204983949661255,0.00011199381403650953,0.95,1.0
6474,0.02,2,9.0,9.2,True,20000,37138,1.807910680770874,0.00011195307939767794,0.95,1.0
6475,0.02,2,9.0,9.2,True,20000,37140,1.8255820274353027,0.00011191241284842421,0.95,1.0
6476,0.02,4,-13.0,-12.8,False,20000,37144,1.8573617935180664,0.00011187181439693959,0.94,1.0
6477,0.02,7,-16.0,-15.2,False,20000,37151,1.5652985572814941,0.00011183128405140125,0.93,1.0
6478,0.02,1,10.0,10.0,True,20000,37152,2.1638033390045166,0.00011179082181997306,0.93,1.0
6479,0.02,2,9.0,9.2,True,20000,37154,2.161759853363037,0.00011175042771080474,0.93,1.0
6480,0.02,2,9.0,9.2,True,20000,37156,1.6023907661437988,0.00011171010173203253,0.93,1.0
6481,0.02,5,6.0,6.4,True,20000,37161,2.1937050819396973,0.00011166984389177904,0.93,1.0
6482,0.02,3,8.0,8.4,True,20000,37164,2.0135133266448975,0.00011162965419815287,0.93,1.0
6483,0.02,4,7.0,7.6,True,20000,37168,1.8871023654937744,0.00011158953265924917,0.93,1.0
6484,0.02,3,8.0,8.4,True,20000,37171,2.0854337215423584,0.00011154947928314918,0.93,1.0
6485,0.02,2,9.0,9.2,True,20000,37173,1.7050659656524658,0.00011150949407792037,0.93,1.0
6486,0.02,2,9.0,9.2,True,20000,37175,2.0737156867980957,0.00011146957705161674,0.93,1.0
6487,0.02,3,8.0,8.4,True,20000,37178,1.4993597269058228,0.00011142972821227837,0.93,1.0
6488,0.02,5,6.0,6.4,True,20000,37183,2.300612449645996,0.00011138994756793154,0.94,1.0
6489,0.02,1,10.0,10.0,True,20000,37184,1.8013331890106201,0.00011135023512658904,0.94,1.0
6490,0.02,1,10.0,10.0,True,20000,37185,1.9160126447677612,0.00011131059089624956,0.94,1.0
6491,0.02,3,8.0,8.4,True,20000,37188,1.987804889678955,0.0001112710148848985,0.94,1.0
6492,0.02,3,8.0,8.4,True,20000,37191,2.2404749393463135,0.00011123150710050702,0.95,1.0
6493,0.02,2,9.0,9.2,True,20000,37193,1.597957730293274,0.00011119206755103305,0.95,1.0
6494,0.02,3,8.0,8.4,True,20000,37196,1.7690144777297974,0.00011115269624442038,0.95,1.0
6495,0.02,2,9.0,9.2,True,20000,37198,2.1444077491760254,0.00011111339318859921,0.95,1.0
6496,0.02,1,10.0,10.0,True,20000,37199,2.068834066390991,0.000111074158391486,0.96,1.0
6497,0.02,1,10.0,10.0,True,20000,37200,1.662906527519226,0.00011103499186098344,0.96,1.0
6498,0.02,4,7.0,7.6,True,20000,37204,2.009521484375,0.00011099589360498046,0.96,1.0
6499,0.02,3,8.0,8.4,True,20000,37207,1.6735146045684814,0.00011095686363135226,0.96,1.0
6500,0.02,2,9.0,9.2,True,20000,37209,1.8126500844955444,0.00011091790194796028,0.96,1.0
6501,0.02,2,9.0,9.2,True,20000,37211,1.9432199001312256,0.00011087900856265225,0.97,1.0
6502,0.02,2,9.0,9.2,True,20000,37213,2.0440216064453125,0.00011084018348326194,0.97,1.0
6503,0.02,2,9.0,9.2,True,20000,37215,1.86729097366333,0.00011080142671760975,0.97,1.0
6504,0.02,3,8.0,8.4,True,20000,37218,1.874138593673706,0.00011076273827350186,0.97,1.0
6505,0.02,3,8.0,8.4,True,20000,37221,2.0265145301818848,0.00011072411815873106,0.97,1.0
6506,0.02,6,5.0,6.0,True,20000,37227,1.7281476259231567,0.00011068556638107617,0.97,1.0
6507,0.02,4,7.0,7.6,True,20000,37231,1.7699401378631592,0.00011064708294830233,0.97,1.0
6508,0.02,1,10.0,10.0,True,20000,37232,1.6151533126831055,0.00011060866786816088,0.97,1.0
6509,0.02,45,-45.0,-44.8,False,20000,37277,1.9232726097106934,0.00011057032114838944,0.96,1.0
6510,0.02,2,9.0,9.2,True,20000,37279,1.8368149995803833,0.00011053204279671178,0.96,1.0
6511,0.02,5,6.0,6.8,True,20000,37284,1.7585268020629883,0.00011049383282083798,0.96,1.0
6512,0.02,2,9.0,9.2,True,20000,37286,1.8876428604125977,0.00011045569122846424,0.96,1.0
6513,0.02,2,9.0,9.2,True,20000,37288,1.917001485824585,0.00011041761802727315,0.96,1.0
6514,0.02,1,10.0,10.0,True,20000,37289,1.7064709663391113,0.00011037961322493335,0.96,1.0
6515,0.02,3,8.0,8.4,True,20000,37292,1.8279823064804077,0.0001103416768290999,0.96,1.0
6516,0.02,45,-45.0,-44.8,False,20000,37337,1.849738597869873,0.00011030380884741386,0.95,1.0
6517,0.02,10,1.0,1.2,True,20000,37347,2.21787166595459,0.00011026600928750263,0.95,1.0
6518,0.02,11,0.0,-0.0,True,20000,37358,2.2334165573120117,0.00011022827815697987,0.95,1.0
6519,0.02,3,8.0,8.4,True,20000,37361,2.2483627796173096,0.00011019061546344537,0.95,1.0
6520,0.02,21,-10.0,-9.6,True,20000,37382,2.0223617553710938,0.0001101530212144852,0.95,1.0
6521,0.02,4,7.0,7.6,True,20000,37386,1.627565622329712,0.00011011549541767151,0.95,1.0
6522,0.02,2,9.0,9.2,True,20000,37388,1.706079363822937,0.00011007803808056293,0.95,1.0
6523,0.02,3,8.0,8.4,True,20000,37391,1.8871514797210693,0.00011004064921070406,0.95,1.0
6524,0.02,3,8.0,8.4,True,20000,37394,2.0148749351501465,0.00011000332881562568,0.96,1.0
6525,0.02,3,8.0,8.4,True,20000,37397,1.5375241041183472,0.00010996607690284504,0.96,1.0
6526,0.02,1,10.0,10.0,True,20000,37398,2.097963571548462,0.00010992889347986528,0.96,1.0
6527,0.02,5,6.0,6.8,True,20000,37403,2.3485605716705322,0.00010989177855417612,0.96,1.0
6528,0.02,1,10.0,10.0,True,20000,37404,1.921302318572998,0.00010985473213325305,0.96,1.0
6529,0.02,3,8.0,8.4,True,20000,37407,2.431631088256836,0.00010981775422455809,0.96,1.0
6530,0.02,1,10.0,10.0,True,20000,37408,2.3862967491149902,0.00010978084483553937,0.96,1.0
6531,0.02,2,9.0,9.2,True,20000,37410,1.6424046754837036,0.00010974400397363107,0.96,1.0
6532,0.02,2,9.0,9.2,True,20000,37412,2.427316904067993,0.00010970723164625387,0.96,1.0
6533,0.02,2,9.0,9.2,True,20000,37414,2.2596211433410645,0.0001096705278608144,0.96,1.0
6534,0.02,6,5.0,5.6,True,20000,37420,1.7643473148345947,0.00010963389262470543,0.96,1.0
6535,0.02,1,-10.0,-10.0,False,20000,37421,1.7402448654174805,0.0001095973259453062,0.95,1.0
6536,0.02,2,9.0,9.2,True,20000,37423,1.9340323209762573,0.00010956082782998196,0.95,1.0
6537,0.02,2,9.0,9.2,True,20000,37425,2.090290069580078,0.00010952439828608413,0.95,1.0
6538,0.02,45,-45.0,-45.2,False,20000,37470,2.0332837104797363,0.00010948803732095044,0.94,1.0
6539,0.02,2,9.0,9.2,True,20000,37472,1.78879714012146,0.00010945174494190461,0.94,1.0
6540,0.02,4,7.0,7.6,True,20000,37476,2.048053741455078,0.00010941552115625684,0.94,1.0
6541,0.02,2,9.0,9.2,True,20000,37478,2.3499157428741455,0.0001093793659713032,0.94,1.0
6542,0.02,3,8.0,8.4,True,20000,37481,1.9945919513702393,0.00010934327939432617,0.94,1.0
6543,0.02,4,7.0,7.6,True,20000,37485,2.236079454421997,0.00010930726143259426,0.94,1.0
6544,0.02,2,9.0,9.2,True,20000,37487,2.511324882507324,0.00010927131209336231,0.94,1.0
6545,0.02,3,8.0,8.4,True,20000,37490,2.0705246925354004,0.00010923543138387115,0.94,1.0
6546,0.02,3,8.0,8.4,True,20000,37493,2.2150137424468994,0.00010919961931134796,0.94,1.0
6547,0.02,2,9.0,9.2,True,20000,37495,1.942800760269165,0.000109163875883006,0.94,1.0
6548,0.02,45,-45.0,-44.8,False,20000,37540,1.9852995872497559,0.00010912820110604472,0.93,1.0
6549,0.02,2,9.0,9.2,True,20000,37542,1.7250210046768188,0.00010909259498764981,0.93,1.0
6550,0.02,3,8.0,8.4,True,20000,37545,1.3766151666641235,0.00010905705753499307,0.93,1.0
6551,0.02,4,7.0,7.6,True,20000,37549,1.5773462057113647,0.00010902158875523232,0.93,1.0
6552,0.02,2,9.0,9.2,True,20000,37551,1.691774606704712,0.0001089861886555119,0.93,1.0
6553,0.02,1,10.0,10.0,True,20000,37552,1.8803684711456299,0.00010895085724296194,0.93,1.0
6554,0.02,1,10.0,10.0,True,20000,37553,1.9121699333190918,0.00010891559452469908,0.93,1.0
6555,0.02,5,6.0,6.4,True,20000,37558,2.248917579650879,0.00010888040050782584,0.93,1.0
6556,0.02,2,9.0,9.2,True,20000,37560,2.684826374053955,0.00010884527519943104,0.93,1.0
6557,0.02,1,10.0,10.0,True,20000,37561,1.837489366531372,0.00010881021860658965,0.93,1.0
6558,0.02,7,4.0,4.4,True,20000,37568,1.864210605621338,0.0001087752307363628,0.93,1.0
6559,0.02,3,8.0,8.4,True,20000,37571,1.7681831121444702,0.00010874031159579775,0.93,1.0
6560,0.02,2,9.0,9.2,True,20000,37573,1.7119598388671875,0.00010870546119192795,0.93,1.0
6561,0.02,5,6.0,6.8,True,20000,37578,2.157099485397339,0.00010867067953177288,0.93,1.0
6562,0.02,2,9.0,9.2,True,20000,37580,1.9859774112701416,0.00010863596662233843,0.93,1.0
6563,0.02,4,7.0,7.6,True,20000,37584,2.3236279487609863,0.00010860132247061634,0.93,1.0
6564,0.02,2,9.0,9.2,True,20000,37586,2.203662157058716,0.00010856674708358483,0.93,1.0
6565,0.02,20,-9.0,-8.4,True,20000,37606,2.6705496311187744,0.00010853224046820788,0.93,1.0
6566,0.02,6,5.0,5.6,True,20000,37612,2.0674781799316406,0.00010849780263143606,0.93,1.0
6567,0.02,4,7.0,7.6,True,20000,37616,1.633303165435791,0.00010846343358020571,0.93,1.0
6568,0.02,2,9.0,9.2,True,20000,37618,2.1232011318206787,0.00010842913332143947,0.93,1.0
6569,0.02,3,8.0,8.4,True,20000,37621,1.994301438331604,0.00010839490186204612,0.93,1.0
6570,0.02,1,10.0,10.0,True,20000,37622,1.6363415718078613,0.00010836073920892061,0.93,1.0
6571,0.02,3,8.0,8.4,True,20000,37625,1.8537046909332275,0.000108326645368944,0.93,1.0
6572,0.02,5,6.0,6.8,True,20000,37630,1.708120584487915,0.00010829262034898351,0.93,1.0
6573,0.02,2,9.0,9.2,True,20000,37632,2.1341450214385986,0.00010825866415589234,0.93,1.0
6574,0.02,2,9.0,9.2,True,20000,37634,2.2443342208862305,0.00010822477679651017,0.93,1.0
6575,0.02,1,10.0,10.0,True,20000,37635,2.192685842514038,0.0001081909582776624,0.93,1.0
6576,0.02,4,7.0,7.6,True,20000,37639,1.9006400108337402,0.0001081572086061609,0.94,1.0
6577,0.02,8,3.0,4.0,True,20000,37647,1.5864341259002686,0.00010812352778880358,0.95,1.0
6578,0.02,1,10.0,10.0,True,20000,37648,2.1106457710266113,0.00010808991583237431,0.95,1.0
6579,0.02,6,5.0,5.6,True,20000,37654,2.23868465423584,0.00010805637274364337,0.95,1.0
6580,0.02,2,9.0,9.2,True,20000,37656,1.6739827394485474,0.00010802289852936687,0.95,1.0
6581,0.02,3,8.0,8.4,True,20000,37659,1.669884443283081,0.00010798949319628737,0.95,1.0
6582,0.02,2,9.0,9.2,True,20000,37661,2.0334665775299072,0.00010795615675113325,0.95,1.0
6583,0.02,2,-11.0,-10.8,False,20000,37663,2.0687217712402344,0.00010792288920061927,0.94,1.0
6584,0.02,2,-11.0,-10.8,False,20000,37665,2.4136416912078857,0.0001078896905514461,0.93,1.0
6585,0.02,2,9.0,9.2,True,20000,37667,1.9746659994125366,0.00010785656081030066,0.93,1.0
6586,0.02,2,9.0,9.2,True,20000,37669,1.748936414718628,0.00010782349998385597,0.93,1.0
6587,0.02,5,6.0,6.8,True,20000,37674,1.8727717399597168,0.00010779050807877116,0.93,1.0
6588,0.02,4,7.0,7.6,True,20000,37678,1.5860092639923096,0.00010775758510169151,0.93,1.0
6589,0.02,1,10.0,10.0,True,20000,37679,1.811640977859497,0.00010772473105924834,0.93,1.0
6590,0.02,5,6.0,6.8,True,20000,37684,1.7875392436981201,0.00010769194595805903,0.93,1.0
6591,0.02,3,8.0,8.4,True,20000,37687,1.651275634765625,0.00010765922980472738,0.93,1.0
6592,0.02,1,10.0,10.0,True,20000,37688,2.0063767433166504,0.00010762658260584291,0.93,1.0
6593,0.02,2,9.0,9.2,True,20000,37690,1.9128057956695557,0.00010759400436798159,0.93,1.0
6594,0.02,2,9.0,9.2,True,20000,37692,2.040001153945923,0.00010756149509770519,0.93,1.0
6595,0.02,3,8.0,8.4,True,20000,37695,2.3399770259857178,0.00010752905480156187,0.93,1.0
6596,0.02,1,10.0,10.0,True,20000,37696,1.993795394897461,0.0001074966834860857,0.93,1.0
6597,0.02,3,8.0,8.4,True,20000,37699,1.4086754322052002,0.00010746438115779693,0.93,1.0
6598,0.02,32,-21.0,-20.4,True,20000,37731,1.782662034034729,0.0001074321478232019,0.93,1.0
6599,0.02,3,8.0,8.4,True,20000,37734,2.061103582382202,0.00010739998348879316,0.93,1.0
6600,0.02,2,-11.0,-10.8,False,20000,37736,2.0345194339752197,0.00010736788816104912,0.92,1.0
6601,0.02,2,9.0,9.2,True,20000,37738,2.0227935314178467,0.00010733586184643459,0.92,1.0
6602,0.02,3,8.0,8.4,True,20000,37741,1.478447437286377,0.00010730390455140017,0.92,1.0
6603,0.02,2,9.0,9.2,True,20000,37743,1.7412734031677246,0.00010727201628238287,0.92,1.0
6604,0.02,1,10.0,10.0,True,20000,37744,2.2323760986328125,0.00010724019704580554,0.92,1.0
6605,0.02,3,8.0,8.4,True,20000,37747,1.5762735605239868,0.00010720844684807721,0.92,1.0
6606,0.02,2,9.0,9.2,True,20000,37749,2.3063583374023438,0.00010717676569559312,0.92,1.0
6607,0.02,45,-45.0,-45.2,False,20000,37794,2.244795083999634,0.00010714515359473439,0.91,1.0
6608,0.02,1,10.0,10.0,True,20000,37795,1.9525554180145264,0.00010711361055186845,0.91,1.0
6609,0.02,1,-10.0,-10.0,False,20000,37796,1.7407467365264893,0.00010708213657334863,0.91,1.0
6610,0.02,2,9.0,9.2,True,20000,37798,1.347320318222046,0.00010705073166551447,0.91,1.0
6611,0.02,1,10.0,10.0,True,20000,37799,2.41698956489563,0.00010701939583469158,0.91,1.0
6612,0.02,4,7.0,7.6,True,20000,37803,1.8632434606552124,0.00010698812908719159,0.91,1.0
6613,0.02,2,9.0,9.2,True,20000,37805,2.114248037338257,0.00010695693142931232,0.91,1.0
6614,0.02,3,8.0,8.4,True,20000,37808,1.9645278453826904,0.00010692580286733755,0.91,1.0
6615,0.02,6,5.0,6.0,True,20000,37814,2.225221633911133,0.00010689474340753732,0.91,1.0
6616,0.02,3,8.0,8.4,True,20000,37817,2.009860038757324,0.00010686375305616754,0.92,1.0
6617,0.02,1,10.0,10.0,True,20000,37818,1.6273390054702759,0.00010683283181947029,0.92,1.0
6618,0.02,45,-45.0,-45.2,False,20000,37863,1.8904633522033691,0.00010680197970367383,0.91,1.0
6619,0.02,2,9.0,9.2,True,20000,37865,1.7811143398284912,0.00010677119671499233,0.91,1.0
6620,0.02,4,7.0,7.6,True,20000,37869,1.893438696861267,0.00010674048285962621,0.91,1.0
6621,0.02,3,8.0,8.4,True,20000,37872,2.125535011291504,0.00010670983814376183,0.91,1.0
6622,0.02,1,-10.0,-10.0,False,20000,37873,2.1102750301361084,0.00010667926257357151,0.9,1.0
6623,0.02,2,9.0,9.2,True,20000,37875,1.7361167669296265,0.00010664875615521405,0.9,1.0
6624,0.02,2,9.0,9.2,True,20000,37877,1.7006566524505615,0.00010661831889483388,0.9,1.0
6625,0.02,2,9.0,9.2,True,20000,37879,1.935204267501831,0.00010658795079856178,0.9,1.0
6626,0.02,1,10.0,10.0,True,20000,37880,2.0333948135375977,0.00010655765187251453,0.9,1.0
6627,0.02,5,6.0,6.4,True,20000,37885,1.6115505695343018,0.0001065274221227948,0.9,1.0
6628,0.02,3,8.0,8.4,True,20000,37888,1.5052570104599,0.00010649726155549168,0.9,1.0
6629,0.02,1,10.0,10.0,True,20000,37889,2.026995897293091,0.00010646717017667997,0.9,1.0
6630,0.02,2,9.0,9.2,True,20000,37891,1.4052515029907227,0.00010643714799242082,0.9,1.0
6631,0.02,1,10.0,10.0,True,20000,37892,2.1964633464813232,0.00010640719500876117,0.9,1.0
6632,0.02,6,5.0,6.0,True,20000,37898,1.9742207527160645,0.00010637731123173433,0.9,1.0
6633,0.02,1,10.0,10.0,True,20000,37899,1.87175714969635,0.00010634749666735936,0.9,1.0
6634,0.02,4,7.0,7.6,True,20000,37903,2.079881191253662,0.00010631775132164161,0.9,1.0
6635,0.02,38,-27.0,-26.8,True,20000,37941,1.8958691358566284,0.00010628807520057234,0.91,1.0
6636,0.02,4,7.0,7.6,True,20000,37945,1.9695199728012085,0.00010625846831012901,0.91,1.0
6637,0.02,4,7.0,7.6,True,20000,37949,2.0465970039367676,0.00010622893065627497,0.91,1.0
6638,0.02,10,-19.0,-18.8,False,20000,37959,2.3915393352508545,0.00010619946224495977,0.91,1.0
6639,0.02,2,9.0,9.2,True,20000,37961,1.6450247764587402,0.00010617006308211888,0.91,1.0
6640,0.02,3,8.0,8.4,True,20000,37964,1.9065806865692139,0.00010614073317367402,0.91,1.0
6641,0.02,1,10.0,10.0,True,20000,37965,2.507336139678955,0.00010611147252553266,0.91,1.0
6642,0.02,4,7.0,7.6,True,20000,37969,2.020585775375366,0.0001060822811435887,0.91,1.0
6643,0.02,4,7.0,7.6,True,20000,37973,2.2253799438476562,0.00010605315903372172,0.91,1.0
6644,0.02,5,6.0,6.8,True,20000,37978,1.8354291915893555,0.00010602410620179756,0.91,1.0
6645,0.02,1,10.0,10.0,True,20000,37979,2.155479669570923,0.00010599512265366804,0.91,1.0
6646,0.02,3,8.0,8.4,True,20000,37982,1.9417555332183838,0.0001059662083951711,0.91,1.0
6647,0.02,2,9.0,9.2,True,20000,37984,1.8492143154144287,0.00010593736343213057,0.91,1.0
6648,0.02,45,-45.0,-45.2,False,20000,38029,2.4376869201660156,0.00010590858777035655,0.91,1.0
6649,0.02,1,10.0,10.0,True,20000,38030,1.969240665435791,0.00010587988141564488,0.91,1.0
6650,0.02,3,8.0,8.4,True,20000,38033,2.19326114654541,0.00010585124437377776,0.91,1.0
6651,0.02,5,6.0,6.8,True,20000,38038,1.82797110080719,0.00010582267665052317,0.91,1.0
6652,0.02,2,9.0,9.2,True,20000,38040,1.4371957778930664,0.00010579417825163536,0.91,1.0
6653,0.02,2,9.0,9.2,True,20000,38042,1.8612112998962402,0.00010576574918285432,0.91,1.0
6654,0.02,1,10.0,10.0,True,20000,38043,2.2363619804382324,0.00010573738944990641,0.91,1.0
6655,0.02,1,10.0,10.0,True,20000,38044,2.2232816219329834,0.00010570909905850375,0.91,1.0
6656,0.02,4,7.0,7.6,True,20000,38048,2.679471492767334,0.00010568087801434467,0.91,1.0
6657,0.02,1,10.0,10.0,True,20000,38049,2.064056634902954,0.00010565272632311339,0.91,1.0
6658,0.02,3,8.0,8.4,True,20000,38052,2.2878170013427734,0.00010562464399048032,0.91,1.0
6659,0.02,2,9.0,9.2,True,20000,38054,2.0123441219329834,0.00010559663102210181,0.91,1.0
6660,0.02,4,7.0,7.6,True,20000,38058,2.040945053100586,0.0001055686874236202,0.91,1.0
6661,0.02,5,6.0,6.4,True,20000,38063,2.241027593612671,0.00010554081320066392,0.91,1.0
6662,0.02,5,6.0,6.4,True,20000,38068,2.0951132774353027,0.00010551300835884742,0.91,1.0
6663,0.02,2,9.0,9.2,True,20000,38070,1.6191102266311646,0.00010548527290377113,0.91,1.0
6664,0.02,4,7.0,7.6,True,20000,38074,1.662987232208252,0.00010545760684102162,0.91,1.0
6665,0.02,3,8.0,8.4,True,20000,38077,1.7438170909881592,0.00010543001017617132,0.91,1.0
6666,0.02,3,8.0,8.4,True,20000,38080,2.3358030319213867,0.00010540248291477878,0.91,1.0
6667,0.02,3,8.0,8.4,True,20000,38083,1.8860903978347778,0.00010537502506238862,0.91,1.0
6668,0.02,4,7.0,7.6,True,20000,38087,1.8095427751541138,0.00010534763662453132,0.91,1.0
6669,0.02,2,-11.0,-10.8,False,20000,38089,1.9704375267028809,0.00010532031760672357,0.9,1.0
6670,0.02,6,5.0,6.0,True,20000,38095,2.19991135597229,0.00010529306801446789,0.9,1.0
6671,0.02,3,8.0,8.4,True,20000,38098,1.9661169052124023,0.00010526588785325292,0.9,1.0
6672,0.02,2,9.0,9.2,True,20000,38100,1.548272728919983,0.00010523877712855333,0.9,1.0
6673,0.02,1,10.0,10.0,True,20000,38101,1.8115209341049194,0.00010521173584582982,0.9,1.0
6674,0.02,2,-11.0,-10.8,False,20000,38103,1.884589433670044,0.00010518476401052894,0.89,1.0
6675,0.02,1,10.0,10.0,True,20000,38104,1.7513296604156494,0.00010515786162808348,0.89,1.0
6676,0.02,2,9.0,9.2,True,20000,38106,1.8758074045181274,0.0001051310287039121,0.89,1.0
6677,0.02,1,10.0,10.0,True,20000,38107,1.831761121749878,0.00010510426524341949,0.89,1.0
6678,0.02,3,8.0,8.4,True,20000,38110,1.9613004922866821,0.00010507757125199632,0.89,1.0
6679,0.02,3,8.0,8.4,True,20000,38113,2.0246224403381348,0.00010505094673501938,0.89,1.0
6680,0.02,1,10.0,10.0,True,20000,38114,1.8763818740844727,0.00010502439169785132,0.89,1.0
6681,0.02,4,7.0,7.6,True,20000,38118,1.287651777267456,0.00010499790614584098,0.89,1.0
6682,0.02,2,9.0,9.2,True,20000,38120,1.8405033349990845,0.00010497149008432296,0.89,1.0
6683,0.02,5,6.0,6.8,True,20000,38125,2.2987611293792725,0.00010494514351861807,0.9,1.0
6684,0.02,2,9.0,9.2,True,20000,38127,1.7442396879196167,0.00010491886645403305,0.91,1.0
6685,0.02,5,6.0,6.8,True,20000,38132,1.84063720703125,0.00010489265889586064,0.91,1.0
6686,0.02,2,9.0,9.2,True,20000,38134,1.8206828832626343,0.00010486652084937956,0.91,1.0
6687,0.02,1,-10.0,-10.0,False,20000,38135,1.6616747379302979,0.00010484045231985456,0.9,1.0
6688,0.02,3,8.0,8.4,True,20000,38138,1.4648154973983765,0.00010481445331253633,0.9,1.0
6689,0.02,4,7.0,7.6,True,20000,38142,2.09944224357605,0.00010478852383266171,0.9,1.0
6690,0.02,2,9.0,9.2,True,20000,38144,1.5685044527053833,0.00010476266388545327,0.9,1.0
6691,0.02,2,9.0,9.2,True,20000,38146,1.487789511680603,0.0001047368734761199,0.9,1.0
6692,0.02,3,8.0,8.4,True,20000,38149,1.9649131298065186,0.00010471115260985621,0.9,1.0
6693,0.02,3,8.0,8.4,True,20000,38152,1.9896752834320068,0.00010468550129184293,0.9,1.0
6694,0.02,3,8.0,8.4,True,20000,38155,1.9725401401519775,0.0001046599195272468,0.9,1.0
6695,0.02,45,-45.0,-45.6,False,20000,38200,1.7807517051696777,0.00010463440732122048,0.89,1.0
6696,0.02,2,9.0,9.2,True,20000,38202,2.0058999061584473,0.00010460896467890265,0.89,1.0
6697,0.02,4,7.0,7.6,True,20000,38206,1.7132433652877808,0.00010458359160541797,0.89,1.0
6698,0.02,2,9.0,9.2,True,20000,38208,1.7089855670928955,0.00010455828810587712,0.89,1.0
6699,0.02,4,7.0,7.6,True,20000,38212,1.97426438331604,0.00010453305418537676,0.89,1.0
6700,0.02,4,7.0,7.6,True,20000,38216,1.566401720046997,0.00010450788984899945,0.9,1.0
6701,0.02,2,9.0,9.2,True,20000,38218,1.8770976066589355,0.00010448279510181389,0.9,1.0
6702,0.02,3,8.0,8.4,True,20000,38221,2.207441806793213,0.00010445776994887457,0.9,1.0
6703,0.02,2,9.0,9.2,True,20000,38223,1.7214195728302002,0.00010443281439522222,0.9,1.0
6704,0.02,1,10.0,10.0,True,20000,38224,2.0151119232177734,0.00010440792844588328,0.9,1.0
6705,0.02,3,8.0,8.4,True,20000,38227,1.8840433359146118,0.00010438311210587029,0.9,1.0
6706,0.02,2,9.0,9.2,True,20000,38229,2.042982339859009,0.00010435836538018185,0.9,1.0
6707,0.02,1,10.0,10.0,True,20000,38230,2.3301823139190674,0.00010433368827380235,0.91,1.0
6708,0.02,3,8.0,8.4,True,20000,38233,1.6929550170898438,0.00010430908079170238,0.91,1.0
6709,0.02,2,9.0,9.2,True,20000,38235,1.9738386869430542,0.00010428454293883833,0.92,1.0
6710,0.02,45,-45.0,-44.8,False,20000,38280,1.559155821800232,0.0001042600747201526,0.91,1.0
6711,0.02,1,10.0,10.0,True,20000,38281,1.9164972305297852,0.00010423567614057363,0.91,1.0
6712,0.02,2,9.0,9.2,True,20000,38283,1.7537256479263306,0.00010421134720501579,0.91,1.0
6713,0.02,3,8.0,8.4,True,20000,38286,1.6661657094955444,0.00010418708791837946,0.91,1.0
6714,0.02,4,7.0,7.6,True,20000,38290,2.2863292694091797,0.00010416289828555085,0.91,1.0
6715,0.02,2,9.0,9.2,True,20000,38292,1.5431280136108398,0.00010413877831140236,0.91,1.0
6716,0.02,2,9.0,9.2,True,20000,38294,2.5016002655029297,0.00010411472800079224,0.91,1.0
6717,0.02,3,8.0,8.4,True,20000,38297,2.404200792312622,0.0001040907473585646,0.91,1.0
6718,0.02,4,7.0,7.6,True,20000,38301,2.017942428588867,0.00010406683638954981,0.92,1.0
6719,0.02,1,10.0,10.0,True,20000,38302,2.365777015686035,0.00010404299509856387,0.92,1.0
6720,0.02,7,4.0,4.8,True,20000,38309,1.5619553327560425,0.00010401922349040897,0.92,1.0
6721,0.02,4,7.0,7.6,True,20000,38313,1.5850704908370972,0.00010399552156987322,0.92,1.0
6722,0.02,4,7.0,7.6,True,20000,38317,1.8102928400039673,0.00010397188934173065,0.93,1.0
6723,0.02,3,8.0,8.4,True,20000,38320,1.9043396711349487,0.00010394832681074127,0.93,1.0
6724,0.02,3,8.0,8.4,True,20000,38323,1.8176847696304321,0.00010392483398165105,0.93,1.0
6725,0.02,2,9.0,9.2,True,20000,38325,1.4652111530303955,0.00010390141085919193,0.93,1.0
6726,0.02,1,10.0,10.0,True,20000,38326,1.7699494361877441,0.00010387805744808187,0.93,1.0
6727,0.02,4,7.0,7.6,True,20000,38330,2.1041297912597656,0.00010385477375302457,0.93,1.0
6728,0.02,1,10.0,10.0,True,20000,38331,1.858194351196289,0.00010383155977871001,0.93,1.0
6729,0.02,3,8.0,8.4,True,20000,38334,1.9451332092285156,0.00010380841552981389,0.93,1.0
6730,0.02,1,10.0,10.0,True,20000,38335,1.662528395652771,0.00010378534101099793,0.93,1.0
6731,0.02,3,8.0,8.4,True,20000,38338,2.0169503688812256,0.00010376233622690984,0.93,1.0
6732,0.02,4,7.0,7.6,True,20000,38342,1.9200164079666138,0.00010373940118218321,0.93,1.0
6733,0.02,1,10.0,10.0,True,20000,38343,2.103469133377075,0.00010371653588143769,0.93,1.0
6734,0.02,36,-25.0,-24.4,True,20000,38379,1.634483814239502,0.00010369374032927874,0.93,1.0
6735,0.02,2,9.0,9.2,True,20000,38381,1.9788882732391357,0.00010367101453029794,0.93,1.0
6736,0.02,4,7.0,7.6,True,20000,38385,1.7460894584655762,0.00010364835848907268,0.93,1.0
6737,0.02,3,8.0,8.4,True,20000,38388,1.5988012552261353,0.00010362577221016635,0.93,1.0
6738,0.02,2,9.0,9.2,True,20000,38390,2.046816825866699,0.0001036032556981283,0.94,1.0
6739,0.02,2,9.0,9.2,True,20000,38392,1.668487787246704,0.00010358080895749377,0.94,1.0
6740,0.02,2,9.0,9.2,True,20000,38394,2.0732574462890625,0.00010355843199278413,0.94,1.0
6741,0.02,3,-12.0,-12.0,False,20000,38397,2.043161392211914,0.00010353612480850639,0.93,1.0
6742,0.02,2,9.0,9.2,True,20000,38399,1.7384966611862183,0.0001035138874091538,0.93,1.0
6743,0.02,1,10.0,10.0,True,20000,38400,1.741876244544983,0.00010349171979920536,0.93,1.0
6744,0.02,5,6.0,6.8,True,20000,38405,1.6090856790542603,0.00010346962198312609,0.93,1.0
6745,0.02,1,10.0,10.0,True,20000,38406,1.5234607458114624,0.00010344759396536696,0.93,1.0
6746,0.02,3,8.0,8.4,True,20000,38409,1.5502055883407593,0.00010342563575036488,0.93,1.0
6747,0.02,5,6.0,6.8,True,20000,38414,2.271144151687622,0.00010340374734254265,0.93,1.0
6748,0.02,2,9.0,9.2,True,20000,38416,2.208589792251587,0.00010338192874630909,0.94,1.0
6749,0.02,45,-45.0,-44.8,False,20000,38461,2.029329776763916,0.00010336017996605882,0.93,1.0
6750,0.02,4,7.0,7.6,True,20000,38465,2.1373190879821777,0.00010333850100617258,0.93,1.0
6751,0.02,4,7.0,7.6,True,20000,38469,2.0109195709228516,0.00010331689187101691,0.93,1.0
6752,0.02,4,7.0,7.6,True,20000,38473,1.7266961336135864,0.00010329535256494438,0.93,1.0
6753,0.02,3,8.0,8.4,True,20000,38476,1.9826774597167969,0.00010327388309229337,0.93,1.0
6754,0.02,2,9.0,9.2,True,20000,38478,1.5125190019607544,0.00010325248345738836,0.93,1.0
6755,0.02,2,9.0,9.2,True,20000,38480,1.867425560951233,0.00010323115366453959,0.93,1.0
6756,0.02,4,7.0,7.6,True,20000,38484,1.8211095333099365,0.00010320989371804337,0.93,1.0
6757,0.02,1,10.0,10.0,True,20000,38485,1.8352352380752563,0.00010318870362218194,0.93,1.0
6758,0.02,2,9.0,9.2,True,20000,38487,1.9653226137161255,0.00010316758338122329,0.93,1.0
6759,0.02,2,9.0,9.2,True,20000,38489,1.5826438665390015,0.00010314653299942161,0.93,1.0
6760,0.02,1,10.0,10.0,True,20000,38490,1.958332896232605,0.00010312555248101675,0.93,1.0
6761,0.02,3,8.0,8.4,True,20000,38493,1.8517591953277588,0.00010310464183023469,0.93,1.0
6762,0.02,5,6.0,6.8,True,20000,38498,2.243101119995117,0.00010308380105128724,0.93,1.0
6763,0.02,2,9.0,9.2,True,20000,38500,2.063748836517334,0.00010306303014837215,0.93,1.0
6764,0.02,3,8.0,8.4,True,20000,38503,1.8308367729187012,0.00010304232912567313,0.93,1.0
6765,0.02,1,10.0,10.0,True,20000,38504,1.5763992071151733,0.00010302169798735983,0.93,1.0
6766,0.02,45,-45.0,-45.2,False,20000,38549,1.9696452617645264,0.00010300113673758767,0.92,1.0
6767,0.02,6,5.0,5.6,True,20000,38555,1.7530062198638916,0.00010298064538049825,0.92,1.0
6768,0.02,5,6.0,6.4,True,20000,38560,2.004107713699341,0.00010296022392021878,0.92,1.0
6769,0.02,4,7.0,7.6,True,20000,38564,1.8091617822647095,0.00010293987236086274,0.93,1.0
6770,0.02,2,9.0,9.2,True,20000,38566,2.039870500564575,0.00010291959070652922,0.93,1.0
6771,0.02,1,10.0,10.0,True,20000,38567,1.6082422733306885,0.00010289937896130344,0.93,1.0
6772,0.02,1,-10.0,-10.0,False,20000,38568,2.418795108795166,0.00010287923712925639,0.92,1.0
6773,0.02,3,8.0,8.4,True,20000,38571,1.9074962139129639,0.00010285916521444508,0.92,1.0
6774,0.02,3,8.0,8.4,True,20000,38574,1.9402961730957031,0.00010283916322091242,0.93,1.0
6775,0.02,2,9.0,9.2,True,20000,38576,2.0679080486297607,0.00010281923115268725,0.93,1.0
6776,0.02,3,8.0,8.4,True,20000,38579,1.747467279434204,0.00010279936901378419,0.93,1.0
6777,0.02,45,-45.0,-44.8,False,20000,38624,1.693434476852417,0.00010277957680820401,0.92,1.0
6778,0.02,1,10.0,10.0,True,20000,38625,1.8681495189666748,0.00010275985453993314,0.92,1.0
6779,0.02,6,5.0,5.6,True,20000,38631,1.633390188217163,0.00010274020221294417,0.92,1.0
6780,0.02,1,10.0,10.0,True,20000,38632,1.845597743988037,0.00010272061983119537,0.92,1.0
6781,0.02,1,-10.0,-10.0,False,20000,38633,2.254314661026001,0.00010270110739863117,0.91,1.0
6782,0.02,7,4.0,4.4,True,20000,38640,2.121051549911499,0.00010268166491918162,0.91,1.0
6783,0.02,4,7.0,7.2,True,20000,38644,2.2289626598358154,0.00010266229239676296,0.91,1.0
6784,0.02,2,9.0,9.2,True,20000,38646,1.8903942108154297,0.00010264298983527712,0.91,1.0
6785,0.02,2,9.0,9.2,True,20000,38648,1.7655746936798096,0.00010262375723861208,0.91,1.0
6786,0.02,1,10.0,10.0,True,20000,38649,1.8164275884628296,0.00010260459461064166,0.91,1.0
6787,0.02,3,8.0,8.4,True,20000,38652,1.7184698581695557,0.00010258550195522563,0.92,1.0
6788,0.02,6,5.0,6.0,True,20000,38658,1.6262935400009155,0.00010256647927620963,0.92,1.0
6789,0.02,1,10.0,10.0,True,20000,38659,1.9755001068115234,0.00010254752657742522,0.92,1.0
6790,0.02,4,7.0,7.6,True,20000,38663,1.4936296939849854,0.00010252864386268981,0.92,1.0
6791,0.02,27,-16.0,-15.6,True,20000,38690,1.8035752773284912,0.00010250983113580687,0.92,1.0
6792,0.02,2,9.0,9.2,True,20000,38692,1.560735821723938,0.00010249108840056561,0.92,1.0
6793,0.02,4,7.0,7.6,True,20000,38696,1.9813320636749268,0.00010247241566074116,0.92,1.0
6794,0.02,1,10.0,10.0,True,20000,38697,1.8983895778656006,0.00010245381292009466,0.92,1.0
6795,0.02,4,7.0,7.6,True,20000,38701,1.4620921611785889,0.00010243528018237303,0.93,1.0
6796,0.02,2,9.0,9.2,True,20000,38703,2.199739694595337,0.00010241681745130923,0.93,1.0
6797,0.02,4,7.0,7.6,True,20000,38707,1.4207611083984375,0.00010239842473062193,0.93,1.0
6798,0.02,2,9.0,9.2,True,20000,38709,2.0315332412719727,0.00010238010202401581,0.93,1.0
6799,0.02,1,10.0,10.0,True,20000,38710,1.80079984664917,0.00010236184933518155,0.93,1.0
6800,0.02,1,10.0,10.0,True,20000,38711,1.6391124725341797,0.00010234366666779548,0.93,1.0
6801,0.02,1,10.0,10.0,True,20000,38712,1.734501600265503,0.00010232555402552006,0.93,1.0
6802,0.02,2,9.0,9.2,True,20000,38714,1.7428267002105713,0.0001023075114120035,0.93,1.0
6803,0.02,4,7.0,7.2,True,20000,38718,1.952101230621338,0.00010228953883087999,0.93,1.0
6804,0.02,4,7.0,7.6,True,20000,38722,1.5880236625671387,0.0001022716362857695,0.93,1.0
6805,0.02,1,10.0,10.0,True,20000,38723,1.8734527826309204,0.000102253803780278,0.93,1.0
6806,0.02,4,7.0,7.6,True,20000,38727,1.4555222988128662,0.00010223604131799739,0.93,1.0
6807,0.02,2,9.0,9.2,True,20000,38729,1.703027367591858,0.00010221834890250532,0.93,1.0
6808,0.02,1,10.0,10.0,True,20000,38730,1.8643789291381836,0.00010220072653736542,0.93,1.0
6809,0.02,2,9.0,9.2,True,20000,38732,2.001424551010132,0.00010218317422612724,0.93,1.0
6810,0.02,2,9.0,9.2,True,20000,38734,1.7954699993133545,0.00010216569197232607,0.94,1.0
6811,0.02,45,-45.0,-44.8,False,20000,38779,1.947283387184143,0.00010214827977948333,0.93,1.0
6812,0.02,2,9.0,9.2,True,20000,38781,2.0051631927490234,0.00010213093765110606,0.93,1.0
6813,0.02,3,8.0,8.4,True,20000,38784,1.6653997898101807,0.00010211366559068741,0.93,1.0
6814,0.02,5,6.0,6.4,True,20000,38789,1.8206501007080078,0.00010209646360170632,0.93,1.0
6815,0.02,3,8.0,8.4,True,20000,38792,1.5273302793502808,0.00010207933168762757,0.93,1.0
6816,0.02,3,8.0,8.4,True,20000,38795,2.2509078979492188,0.00010206226985190197,0.93,1.0
6817,0.02,2,9.0,9.2,True,20000,38797,1.7988264560699463,0.000102045278097966,0.93,1.0
6818,0.02,2,9.0,9.2,True,20000,38799,2.1215178966522217,0.00010202835642924229,0.93,1.0
6819,0.02,1,10.0,10.0,True,20000,38800,2.027763843536377,0.00010201150484913908,0.93,1.0
6820,0.02,1,10.0,10.0,True,20000,38801,2.204782247543335,0.00010199472336105066,0.93,1.0
6821,0.02,4,7.0,7.6,True,20000,38805,1.8064217567443848,0.00010197801196835723,0.93,1.0
6822,0.02,2,9.0,9.2,True,20000,38807,1.921243667602539,0.00010196137067442476,0.93,1.0
6823,0.02,2,9.0,9.2,True,20000,38809,1.6432710886001587,0.00010194479948260512,0.93,1.0
6824,0.02,3,8.0,8.4,True,20000,38812,1.682349443435669,0.00010192829839623612,0.93,1.0
6825,0.02,2,9.0,9.2,True,20000,38814,1.4883368015289307,0.00010191186741864144,0.93,1.0
6826,0.02,2,9.0,9.2,True,20000,38816,1.7154672145843506,0.00010189550655313058,0.93,1.0
6827,0.02,5,6.0,6.8,True,20000,38821,2.302769660949707,0.00010187921580299896,0.93,1.0
6828,0.02,1,10.0,10.0,True,20000,38822,1.5087246894836426,0.00010186299517152785,0.93,1.0
6829,0.02,5,6.0,6.4,True,20000,38827,1.676927089691162,0.00010184684466198445,0.93,1.0
6830,0.02,4,7.0,7.6,True,20000,38831,1.7143969535827637,0.00010183076427762184,0.93,1.0
6831,0.02,1,10.0,10.0,True,20000,38832,2.1302542686462402,0.00010181475402167887,0.93,1.0
6832,0.02,4,7.0,7.6,True,20000,38836,1.8080651760101318,0.00010179881389738032,0.93,1.0
6833,0.02,5,6.0,6.4,True,20000,38841,1.8430129289627075,0.00010178294390793694,0.93,1.0
6834,0.02,1,10.0,10.0,True,20000,38842,1.580075979232788,0.0001017671440565452,0.93,1.0
6835,0.02,4,7.0,7.6,True,20000,38846,2.0062150955200195,0.00010175141434638756,0.93,1.0
6836,0.02,2,9.0,9.2,True,20000,38848,2.1140058040618896,0.00010173575478063228,0.93,1.0
6837,0.02,45,-45.0,-44.8,False,20000,38893,1.780361533164978,0.00010172016536243351,0.92,1.0
6838,0.02,1,10.0,10.0,True,20000,38894,1.9501237869262695,0.00010170464609493133,0.92,1.0
6839,0.02,3,8.0,8.4,True,20000,38897,2.0558321475982666,0.00010168919698125154,0.92,1.0
6840,0.02,2,9.0,9.2,True,20000,38899,1.9186064004898071,0.00010167381802450603,0.92,1.0
6841,0.02,2,9.0,9.2,True,20000,38901,2.043954849243164,0.00010165850922779232,0.93,1.0
6842,0.02,3,8.0,8.4,True,20000,38904,1.1973187923431396,0.00010164327059419401,0.93,1.0
6843,0.02,1,10.0,10.0,True,20000,38905,2.0118417739868164,0.00010162810212678043,0.93,1.0
6844,0.02,3,8.0,8.4,True,20000,38908,1.9611235857009888,0.00010161300382860679,0.93,1.0
6845,0.02,5,6.0,6.4,True,20000,38913,1.6069194078445435,0.00010159797570271428,0.93,1.0
6846,0.02,1,10.0,10.0,True,20000,38914,1.8803235292434692,0.00010158301775212978,0.93,1.0
6847,0.02,3,8.0,8.4,True,20000,38917,1.9189531803131104,0.0001015681299798662,0.93,1.0
6848,0.02,3,8.0,8.4,True,20000,38920,1.7872800827026367,0.00010155331238892223,0.93,1.0
6849,0.02,2,9.0,9.2,True,20000,38922,1.958198070526123,0.0001015385649822824,0.94,1.0
6850,0.02,3,8.0,8.4,True,20000,38925,1.7212908267974854,0.00010152388776291717,0.94,1.0
6851,0.02,2,9.0,9.2,True,20000,38927,1.8787301778793335,0.00010150928073378278,0.94,1.0
6852,0.02,1,10.0,10.0,True,20000,38928,2.2516050338745117,0.00010149474389782148,0.94,1.0
6853,0.02,2,9.0,9.2,True,20000,38930,1.748745083808899,0.00010148027725796122,0.94,1.0
6854,0.02,4,7.0,7.6,True,20000,38934,2.083453893661499,0.00010146588081711586,0.94,1.0
6855,0.02,2,9.0,9.2,True,20000,38936,1.988418698310852,0.00010145155457818524,0.94,1.0
6856,0.02,2,9.0,9.2,True,20000,38938,2.0082216262817383,0.00010143729854405485,0.94,1.0
6857,0.02,1,10.0,10.0,True,20000,38939,2.1764771938323975,0.00010142311271759618,0.94,1.0
6858,0.02,4,7.0,7.6,True,20000,38943,1.7837532758712769,0.00010140899710166655,0.94,1.0
6859,0.02,1,10.0,10.0,True,20000,38944,2.434453248977661,0.00010139495169910917,0.94,1.0
6860,0.02,1,10.0,10.0,True,20000,38945,1.805344581604004,0.000101380976512753,0.94,1.0
6861,0.02,3,8.0,8.4,True,20000,38948,2.1499783992767334,0.00010136707154541297,0.94,1.0
6862,0.02,3,8.0,8.4,True,20000,38951,1.9108123779296875,0.00010135323679988984,0.94,1.0
6863,0.02,1,10.0,10.0,True,20000,38952,2.3681976795196533,0.00010133947227897023,0.94,1.0
6864,0.02,3,8.0,8.4,True,20000,38955,1.8657538890838623,0.0001013257779854265,0.94,1.0
6865,0.02,3,8.0,8.4,True,20000,38958,1.6004045009613037,0.00010131215392201707,0.94,1.0
6866,0.02,2,-11.0,-10.8,False,20000,38960,1.6785404682159424,0.000101298600091486,0.94,1.0
6867,0.02,4,7.0,7.6,True,20000,38964,1.7763481140136719,0.00010128511649656342,0.94,1.0
6868,0.02,41,-30.0,-29.6,True,20000,39005,1.9028486013412476,0.00010127170313996513,0.94,1.0
6869,0.02,8,3.0,3.6,True,20000,39013,2.045323371887207,0.00010125836002439286,0.94,1.0
6870,0.02,2,9.0,9.2,True,20000,39015,1.7451436519622803,0.0001012450871525342,0.94,1.0
6871,0.02,6,5.0,5.6,True,20000,39021,1.8814444541931152,0.00010123188452706262,0.94,1.0
6872,0.02,3,8.0,8.4,True,20000,39024,2.314404010772705,0.00010121875215063732,0.95,1.0
6873,0.02,5,6.0,6.8,True,20000,39029,1.7113125324249268,0.00010120569002590349,0.95,1.0
6874,0.02,2,9.0,9.2,True,20000,39031,1.638331413269043,0.00010119269815549205,0.95,1.0
6875,0.02,3,8.0,8.4,True,20000,39034,1.5004608631134033,0.00010117977654201994,0.95,1.0
6876,0.02,2,9.0,9.2,True,20000,39036,1.8484023809432983,0.00010116692518808971,0.95,1.0
6877,0.02,1,-10.0,-10.0,False,20000,39037,1.7657322883605957,0.00010115414409628998,0.95,1.0
6878,0.02,3,8.0,8.4,True,20000,39040,1.4518752098083496,0.00010114143326919506,0.95,1.0
6879,0.02,2,9.0,9.2,True,20000,39042,2.025665044784546,0.00010112879270936517,0.95,1.0
6880,0.02,2,9.0,9.2,True,20000,39044,1.8352729082107544,0.00010111622241934645,0.95,1.0
6881,0.02,3,8.0,8.4,True,20000,39047,1.883732795715332,0.00010110372240167075,0.96,1.0
6882,0.02,3,8.0,8.4,True,20000,39050,2.4640743732452393,0.00010109129265885585,0.96,1.0
6883,0.02,4,7.0,7.6,True,20000,39054,2.1172873973846436,0.00010107893319340537,0.96,1.0
6884,0.02,1,10.0,10.0,True,20000,39055,2.0420873165130615,0.00010106664400780874,0.96,1.0
6885,0.02,3,8.0,8.4,True,20000,39058,1.8904932737350464,0.00010105442510454126,0.96,1.0
6886,0.02,5,6.0,6.8,True,20000,39063,1.6336501836776733,0.00010104227648606401,0.96,1.0
6887,0.02,3,8.0,8.4,True,20000,39066,2.269890069961548,0.00010103019815482408,0.96,1.0
6888,0.02,5,6.0,6.4,True,20000,39071,1.7687597274780273,0.00010101819011325421,0.96,1.0
6889,0.02,2,9.0,9.2,True,20000,39073,2.694643020629883,0.00010100625236377312,0.96,1.0
6890,0.02,4,7.0,7.6,True,20000,39077,1.9305707216262817,0.00010099438490878528,0.96,1.0
6891,0.02,10,1.0,1.6,True,20000,39087,1.9920518398284912,0.00010098258775068105,0.96,1.0
6892,0.02,4,7.0,7.6,True,20000,39091,1.389357089996338,0.00010097086089183661,0.96,1.0
6893,0.02,1,10.0,10.0,True,20000,39092,2.0851528644561768,0.000100959204334614,0.96,1.0
6894,0.02,2,9.0,9.2,True,20000,39094,2.311939239501953,0.00010094761808136112,0.96,1.0
6895,0.02,3,8.0,8.4,True,20000,39097,2.128634214401245,0.00010093610213441159,0.96,1.0
6896,0.02,4,7.0,7.2,True,20000,39101,1.5888659954071045,0.00010092465649608509,0.96,1.0
6897,0.02,1,10.0,10.0,True,20000,39102,1.6687023639678955,0.0001009132811686869,0.96,1.0
6898,0.02,1,-10.0,-10.0,False,20000,39103,2.174135446548462,0.00010090197615450823,0.95,1.0
6899,0.02,2,9.0,9.2,True,20000,39105,1.9885523319244385,0.00010089074145582624,0.95,1.0
6900,0.02,5,6.0,6.8,True,20000,39110,1.6496810913085938,0.00010087957707490375,0.95,1.0
6901,0.02,2,-11.0,-10.8,False,20000,39112,1.5916277170181274,0.00010086848301398953,0.94,1.0
6902,0.02,4,7.0,7.2,True,20000,39116,1.8813475370407104,0.00010085745927531816,0.94,1.0
6903,0.02,2,9.0,9.2,True,20000,39118,1.742310643196106,0.00010084650586110998,0.94,1.0
6904,0.02,1,-10.0,-10.0,False,20000,39119,1.7559058666229248,0.00010083562277357133,0.93,1.0
6905,0.02,2,9.0,9.2,True,20000,39121,1.7585355043411255,0.00010082481001489421,0.93,1.0
6906,0.02,1,10.0,10.0,True,20000,39122,2.1513073444366455,0.00010081406758725658,0.93,1.0
6907,0.02,1,10.0,10.0,True,20000,39123,1.9163978099822998,0.00010080339549282214,0.93,1.0
6908,0.02,4,7.0,7.2,True,20000,39127,1.7447227239608765,0.00010079279373374052,0.93,1.0
6909,0.02,3,8.0,8.4,True,20000,39130,1.3966164588928223,0.00010078226231214707,0.93,1.0
6910,0.02,1,10.0,10.0,True,20000,39131,1.3249998092651367,0.00010077180123016311,0.93,1.0
6911,0.02,45,-45.0,-45.2,False,20000,39176,1.6170059442520142,0.00010076141048989563,0.93,1.0
6912,0.02,2,9.0,9.2,True,20000,39178,1.6526038646697998,0.00010075109009343763,0.93,1.0
6913,0.02,4,7.0,7.6,True,20000,39182,1.9929460287094116,0.00010074084004286776,0.93,1.0
6914,0.02,4,7.0,7.6,True,20000,39186,2.186047077178955,0.00010073066034025067,0.93,1.0
6915,0.02,3,8.0,8.4,True,20000,39189,1.6832706928253174,0.00010072055098763667,0.93,1.0
6916,0.02,2,9.0,9.2,True,20000,39191,1.748779058456421,0.00010071051198706212,0.93,1.0
6917,0.02,2,9.0,9.2,True,20000,39193,1.9285502433776855,0.00010070054334054894,0.93,1.0
6918,0.02,2,9.0,9.2,True,20000,39195,1.8246278762817383,0.0001006906450501051,0.93,1.0
6919,0.02,1,10.0,10.0,True,20000,39196,1.90736985206604,0.00010068081711772429,0.93,1.0
6920,0.02,3,8.0,8.4,True,20000,39199,1.7795946598052979,0.00010067105954538612,0.93,1.0
6921,0.02,2,-11.0,-10.8,False,20000,39201,1.8161070346832275,0.00010066137233505586,0.92,1.0
6922,0.02,2,9.0,9.2,True,20000,39203,1.7780539989471436,0.00010065175548868479,0.92,1.0
6923,0.02,2,9.0,9.2,True,20000,39205,1.5126866102218628,0.00010064220900820994,0.92,1.0
6924,0.02,2,-11.0,-10.8,False,20000,39207,1.8589402437210083,0.0001006327328955541,0.91,1.0
6925,0.02,2,9.0,9.2,True,20000,39209,1.5927793979644775,0.00010062332715262601,0.91,1.0
6926,0.02,1,10.0,10.0,True,20000,39210,1.945304274559021,0.00010061399178132018,0.91,1.0
6927,0.02,2,9.0,9.2,True,20000,39212,1.9508800506591797,0.0001006047267835169,0.91,1.0
6928,0.02,2,9.0,9.2,True,20000,39214,2.3914191722869873,0.00010059553216108241,0.91,1.0
6929,0.02,4,7.0,7.6,True,20000,39218,2.189429521560669,0.0001005864079158686,0.91,1.0
6930,0.02,5,6.0,6.8,True,20000,39223,1.716323971748352,0.00010057735404971337,0.91,1.0
6931,0.02,3,8.0,8.4,True,20000,39226,2.0914793014526367,0.00010056837056444029,0.91,1.0
6932,0.02,1,10.0,10.0,True,20000,39227,1.4772939682006836,0.00010055945746185885,0.91,1.0
6933,0.02,4,7.0,7.6,True,20000,39231,1.8238788843154907,0.0001005506147437643,0.91,1.0
6934,0.02,1,10.0,10.0,True,20000,39232,1.952980399131775,0.00010054184241193779,0.91,1.0
6935,0.02,1,10.0,10.0,True,20000,39233,2.018833637237549,0.00010053314046814622,0.91,1.0
6936,0.02,4,7.0,7.6,True,20000,39237,1.6224164962768555,0.00010052450891414236,0.91,1.0
6937,0.02,1,10.0,10.0,True,20000,39238,1.8391891717910767,0.00010051594775166473,0.92,1.0
6938,0.02,4,-13.0,-12.4,False,20000,39242,1.4727507829666138,0.00010050745698243778,0.91,1.0
6939,0.02,2,9.0,9.2,True,20000,39244,2.20011043548584,0.00010049903660817167,0.91,1.0
6940,0.02,45,-45.0,-45.2,False,20000,39289,2.2468409538269043,0.00010049068663056252,0.9,1.0
6941,0.02,4,7.0,7.6,True,20000,39293,1.9072279930114746,0.0001004824070512921,0.9,1.0
6942,0.02,2,-11.0,-10.8,False,20000,39295,1.4640116691589355,0.00010047419787202816,0.89,1.0
6943,0.02,2,9.0,9.2,True,20000,39297,2.2256081104278564,0.00010046605909442413,0.89,1.0
6944,0.02,3,8.0,8.4,True,20000,39300,1.5467764139175415,0.00010045799072011938,0.89,1.0
6945,0.02,2,9.0,9.2,True,20000,39302,1.795863151550293,0.000100449992750739,0.89,1.0
6946,0.02,3,8.0,8.4,True,20000,39305,1.8751956224441528,0.000100442065187894,0.89,1.0
6947,0.02,1,10.0,10.0,True,20000,39306,2.0474135875701904,0.00010043420803318108,0.89,1.0
6948,0.02,45,-45.0,-44.8,False,20000,39351,1.7507619857788086,0.00010042642128818288,0.88,1.0
6949,0.02,1,10.0,10.0,True,20000,39352,1.240675926208496,0.00010041870495446782,0.88,1.0
6950,0.02,7,4.0,4.4,True,20000,39359,1.8832250833511353,0.00010041105903359011,0.88,1.0
6951,0.02,3,8.0,8.4,True,20000,39362,2.276583671569824,0.00010040348352708978,0.88,1.0
6952,0.02,3,8.0,8.4,True,20000,39365,2.5223381519317627,0.00010039597843649272,0.88,1.0
6953,0.02,1,10.0,10.0,True,20000,39366,1.914687991142273,0.00010038854376331064,0.88,1.0
6954,0.02,3,8.0,8.4,True,20000,39369,1.4924355745315552,0.00010038117950904092,0.88,1.0
6955,0.02,3,8.0,8.4,True,20000,39372,1.5165327787399292,0.00010037388567516696,0.88,1.0
6956,0.02,3,8.0,8.4,True,20000,39375,2.132020950317383,0.00010036666226315791,0.88,1.0
6957,0.02,3,8.0,8.4,True,20000,39378,1.712311029434204,0.00010035950927446863,0.88,1.0
6958,0.02,6,5.0,6.0,True,20000,39384,2.065019130706787,0.00010035242671053998,0.88,1.0
6959,0.02,3,8.0,8.4,True,20000,39387,1.519491195678711,0.00010034541457279842,0.88,1.0
6960,0.02,2,9.0,9.2,True,20000,39389,1.931646704673767,0.00010033847286265643,0.88,1.0
6961,0.02,3,8.0,8.4,True,20000,39392,1.8267788887023926,0.00010033160158151217,0.88,1.0
6962,0.02,6,5.0,6.0,True,20000,39398,1.7778807878494263,0.00010032480073074966,0.88,1.0
6963,0.02,2,9.0,9.2,True,20000,39400,1.8148328065872192,0.00010031807031173876,0.88,1.0
6964,0.02,1,10.0,10.0,True,20000,39401,1.791473388671875,0.00010031141032583506,0.88,1.0
6965,0.02,3,8.0,8.4,True,20000,39404,2.4040439128875732,0.00010030482077438008,0.88,1.0
6966,0.02,4,7.0,7.2,True,20000,39408,1.47757887840271,0.00010029830165870102,0.89,1.0
6967,0.02,3,8.0,8.4,True,20000,39411,1.4568592309951782,0.00010029185298011104,0.89,1.0
6968,0.02,3,8.0,8.4,True,20000,39414,1.7254815101623535,0.00010028547473990897,0.89,1.0
6969,0.02,3,8.0,8.4,True,20000,39417,2.215679883956909,0.00010027916693937959,0.89,1.0
6970,0.02,2,9.0,9.2,True,20000,39419,1.8480225801467896,0.00010027292957979331,0.89,1.0
6971,0.02,4,7.0,7.6,True,20000,39423,1.8498046398162842,0.00010026676266240658,0.89,1.0
6972,0.02,3,8.0,8.4,True,20000,39426,1.9254577159881592,0.00010026066618846148,0.89,1.0
6973,0.02,4,7.0,7.6,True,20000,39430,1.7703332901000977,0.000100254640159186,0.89,1.0
6974,0.02,4,7.0,7.6,True,20000,39434,1.8556759357452393,0.00010024868457579386,0.89,1.0
6975,0.02,5,6.0,6.4,True,20000,39439,2.100249767303467,0.00010024279943948467,0.89,1.0
6976,0.02,1,10.0,10.0,True,20000,39440,1.5467357635498047,0.0001002369847514438,0.89,1.0
6977,0.02,5,6.0,6.4,True,20000,39445,1.8770190477371216,0.00010023124051284244,0.9,1.0
6978,0.02,1,10.0,10.0,True,20000,39446,1.9099475145339966,0.0001002255667248376,0.9,1.0
6979,0.02,1,10.0,10.0,True,20000,39447,1.6847517490386963,0.00010021996338857213,0.9,1.0
6980,0.02,1,10.0,10.0,True,20000,39448,1.9689483642578125,0.00010021443050517465,0.9,1.0
6981,0.02,6,5.0,6.0,True,20000,39454,1.6474239826202393,0.00010020896807575957,0.9,1.0
6982,0.02,9,2.0,2.8,True,20000,39463,2.0219247341156006,0.00010020357610142713,0.9,1.0
6983,0.02,3,8.0,8.4,True,20000,39466,1.8238118886947632,0.00010019825458326342,0.9,1.0
6984,0.02,2,-11.0,-10.8,False,20000,39468,1.723869800567627,0.00010019300352234029,0.89,1.0
6985,0.02,2,9.0,9.2,True,20000,39470,1.7196850776672363,0.00010018782291971541,0.89,1.0
6986,0.02,2,9.0,9.2,True,20000,39472,1.428371787071228,0.00010018271277643223,0.89,1.0
6987,0.02,3,8.0,8.4,True,20000,39475,2.165184497833252,0.0001001776730935201,0.89,1.0
6988,0.02,1,-10.0,-10.0,False,20000,39476,2.115394115447998,0.00010017270387199402,0.88,1.0
6989,0.02,1,10.0,10.0,True,20000,39477,2.0490260124206543,0.000100167805112855,0.88,1.0
6990,0.02,7,4.0,4.8,True,20000,39484,2.0839223861694336,0.00010016297681708968,0.88,1.0
6991,0.02,3,8.0,8.4,True,20000,39487,2.0498154163360596,0.00010015821898567059,0.88,1.0
6992,0.02,1,10.0,10.0,True,20000,39488,1.9111309051513672,0.00010015353161955609,0.88,1.0
6993,0.02,4,7.0,7.6,True,20000,39492,1.818509817123413,0.00010014891471969027,0.88,1.0
6994,0.02,2,9.0,9.2,True,20000,39494,1.947264313697815,0.0001001443682870031,0.88,1.0
6995,0.02,4,7.0,7.6,True,20000,39498,1.743887186050415,0.00010013989232241028,0.88,1.0
6996,0.02,4,7.0,7.6,True,20000,39502,2.686570882797241,0.00010013548682681342,0.88,1.0
6997,0.02,1,10.0,10.0,True,20000,39503,1.902297019958496,0.00010013115180109979,0.88,1.0
6998,0.02,2,9.0,9.2,True,20000,39505,1.583345890045166,0.00010012688724614265,0.89,1.0
6999,0.02,1,10.0,10.0,True,20000,39506,2.0300583839416504,0.00010012269316280094,0.89,1.0
7000,0.02,1,10.0,10.0,True,20000,39507,2.0256576538085938,0.00010011856955191943,0.89,1.0
