variant,episode,epsilon,moves,return,won,replay_size,loss,rolling_success_100
basic_dqn,1,1.0,20,-9.0,True,20,,1.0
basic_dqn,2,0.99932,40,-40.0,False,60,,0.5
basic_dqn,3,0.99864,40,-40.0,False,100,2.2955007553100586,0.3333333333333333
basic_dqn,4,0.99796,10,1.0,True,110,2.7284657955169678,0.5
basic_dqn,5,0.99729,19,-8.0,True,129,0.17814865708351135,0.6
basic_dqn,6,0.99661,40,-40.0,False,169,2.92779541015625,0.5
basic_dqn,7,0.99593,16,-5.0,True,185,2.528127670288086,0.5714285714285714
basic_dqn,8,0.99525,40,-40.0,False,225,2.138490915298462,0.5
basic_dqn,9,0.99457,40,-40.0,False,265,0.6844325661659241,0.4444444444444444
basic_dqn,10,0.99389,40,-40.0,False,305,1.0213407278060913,0.4
basic_dqn,11,0.99321,16,-5.0,True,321,1.0305793285369873,0.45454545454545453
basic_dqn,12,0.99254,34,-23.0,True,355,1.1126375198364258,0.5
basic_dqn,13,0.99186,39,-48.0,False,394,1.115662932395935,0.46153846153846156
basic_dqn,14,0.99118,40,-40.0,False,434,2.1400532722473145,0.42857142857142855
basic_dqn,15,0.9905,40,-40.0,False,474,0.4963298439979553,0.4
basic_dqn,16,0.98982,40,-40.0,False,514,0.31705236434936523,0.375
basic_dqn,17,0.98914,14,-23.0,False,528,2.9851255416870117,0.35294117647058826
basic_dqn,18,0.98846,16,-25.0,False,544,1.7737995386123657,0.3333333333333333
basic_dqn,19,0.98779,40,-40.0,False,584,1.2382023334503174,0.3157894736842105
basic_dqn,20,0.98711,31,-20.0,True,615,0.30361998081207275,0.35
basic_dqn,21,0.98643,40,-40.0,False,655,0.16674479842185974,0.3333333333333333
basic_dqn,22,0.98575,40,-40.0,False,695,0.1456034630537033,0.3181818181818182
basic_dqn,23,0.98507,40,-40.0,False,735,0.3536894917488098,0.30434782608695654
basic_dqn,24,0.98439,21,-10.0,True,756,0.15607628226280212,0.3333333333333333
basic_dqn,25,0.98371,2,9.0,True,758,0.27480000257492065,0.36
basic_dqn,26,0.98304,40,-40.0,False,798,0.08690232038497925,0.34615384615384615
basic_dqn,27,0.98236,40,-40.0,False,838,0.048785991966724396,0.3333333333333333
basic_dqn,28,0.98168,40,-40.0,False,878,0.027497487142682076,0.32142857142857145
basic_dqn,29,0.981,40,-40.0,False,918,0.06415902823209763,0.3103448275862069
basic_dqn,30,0.98032,7,-16.0,False,925,0.014973119832575321,0.3
basic_dqn,31,0.97964,40,-40.0,False,965,0.03555915504693985,0.2903225806451613
basic_dqn,32,0.97896,40,-40.0,False,1005,0.05683044344186783,0.28125
basic_dqn,33,0.97829,23,-32.0,False,1028,0.006872597150504589,0.2727272727272727
basic_dqn,34,0.97761,24,-33.0,False,1052,0.02690860815346241,0.2647058823529412
basic_dqn,35,0.97693,30,-39.0,False,1082,0.010726654902100563,0.2571428571428571
basic_dqn,36,0.97625,23,-32.0,False,1105,0.009893213398754597,0.25
basic_dqn,37,0.97557,40,-40.0,False,1145,0.001679787295870483,0.24324324324324326
basic_dqn,38,0.97489,5,6.0,True,1150,0.0076538752764463425,0.2631578947368421
basic_dqn,39,0.97421,40,-40.0,False,1190,0.0034754781518131495,0.2564102564102564
basic_dqn,40,0.97354,40,-40.0,False,1230,0.00187712034676224,0.25
basic_dqn,41,0.97286,40,-40.0,False,1270,0.002303560497239232,0.24390243902439024
basic_dqn,42,0.97218,40,-40.0,False,1310,0.010199394077062607,0.23809523809523808
basic_dqn,43,0.9715,40,-40.0,False,1350,0.0028903745114803314,0.23255813953488372
basic_dqn,44,0.97082,1,10.0,True,1351,0.003672151593491435,0.25
basic_dqn,45,0.97014,40,-40.0,False,1391,0.0011673418339341879,0.24444444444444444
basic_dqn,46,0.96946,29,-18.0,True,1420,0.008142301812767982,0.2608695652173913
basic_dqn,47,0.96879,11,0.0,True,1431,0.004643806256353855,0.2765957446808511
basic_dqn,48,0.96811,40,-40.0,False,1471,0.0046397363767027855,0.2708333333333333
basic_dqn,49,0.96743,40,-40.0,False,1511,0.001512338756583631,0.2653061224489796
basic_dqn,50,0.96675,18,-7.0,True,1529,0.006195407826453447,0.28
basic_dqn,51,0.96607,6,-15.0,False,1535,0.011666977778077126,0.27450980392156865
basic_dqn,52,0.96539,12,-21.0,False,1547,0.003526535350829363,0.2692307692307692
basic_dqn,53,0.96471,15,-4.0,True,1562,0.0012806702870875597,0.2830188679245283
basic_dqn,54,0.96404,40,-40.0,False,1602,0.012660668231546879,0.2777777777777778
basic_dqn,55,0.96336,24,-33.0,False,1626,0.0030379565432667732,0.2727272727272727
basic_dqn,56,0.96268,25,-14.0,True,1651,0.01680832915008068,0.2857142857142857
basic_dqn,57,0.962,6,-15.0,False,1657,0.0033232965506613255,0.2807017543859649
basic_dqn,58,0.96132,12,-1.0,True,1669,0.01268061250448227,0.29310344827586204
basic_dqn,59,0.96064,25,-34.0,False,1694,0.008514778688549995,0.288135593220339
basic_dqn,60,0.95996,3,-12.0,False,1697,0.0043844254687428474,0.2833333333333333
basic_dqn,61,0.95929,13,-2.0,True,1710,0.00848857406526804,0.29508196721311475
basic_dqn,62,0.95861,40,-40.0,False,1750,0.01956544630229473,0.2903225806451613
basic_dqn,63,0.95793,11,-20.0,False,1761,0.02006887085735798,0.2857142857142857
basic_dqn,64,0.95725,2,-11.0,False,1763,0.04920157790184021,0.28125
basic_dqn,65,0.95657,4,-13.0,False,1767,0.010716300457715988,0.27692307692307694
basic_dqn,66,0.95589,33,-42.0,False,1800,0.11161153018474579,0.2727272727272727
basic_dqn,67,0.95521,35,-44.0,False,1835,0.05674407258629799,0.26865671641791045
basic_dqn,68,0.95454,28,-17.0,True,1863,0.031105590984225273,0.27941176470588236
basic_dqn,69,0.95386,40,-40.0,False,1903,0.05826466903090477,0.2753623188405797
basic_dqn,70,0.95318,2,9.0,True,1905,0.08082429319620132,0.2857142857142857
basic_dqn,71,0.9525,40,-40.0,False,1945,0.026408320292830467,0.28169014084507044
basic_dqn,72,0.95182,2,-11.0,False,1947,0.05106772482395172,0.2777777777777778
basic_dqn,73,0.95114,28,-37.0,False,1975,0.04458067938685417,0.273972602739726
basic_dqn,74,0.95046,40,-49.0,False,2015,0.040696460753679276,0.2702702702702703
basic_dqn,75,0.94979,1,-10.0,False,2016,0.05519220232963562,0.26666666666666666
basic_dqn,76,0.94911,4,7.0,True,2020,0.08731576055288315,0.27631578947368424
basic_dqn,77,0.94843,22,-31.0,False,2042,0.1783570647239685,0.2727272727272727
basic_dqn,78,0.94775,40,-40.0,False,2082,0.10386169701814651,0.2692307692307692
basic_dqn,79,0.94707,40,-40.0,False,2122,0.056049980223178864,0.26582278481012656
basic_dqn,80,0.94639,4,7.0,True,2126,0.07572784274816513,0.275
basic_dqn,81,0.94571,16,-25.0,False,2142,0.07497356086969376,0.2716049382716049
basic_dqn,82,0.94504,30,-19.0,True,2172,0.12291114032268524,0.2804878048780488
basic_dqn,83,0.94436,1,10.0,True,2173,0.024892307817935944,0.2891566265060241
basic_dqn,84,0.94368,18,-7.0,True,2191,0.07142601907253265,0.2976190476190476
basic_dqn,85,0.943,2,9.0,True,2193,0.04711851477622986,0.3058823529411765
basic_dqn,86,0.94232,13,-2.0,True,2206,0.06861425191164017,0.313953488372093
basic_dqn,87,0.94164,40,-40.0,False,2246,0.021328678354620934,0.3103448275862069
basic_dqn,88,0.94096,26,-35.0,False,2272,0.14933247864246368,0.3068181818181818
basic_dqn,89,0.94029,40,-40.0,False,2312,0.10173241794109344,0.30337078651685395
basic_dqn,90,0.93961,40,-40.0,False,2352,0.04525843635201454,0.3
basic_dqn,91,0.93893,9,-18.0,False,2361,0.1230982095003128,0.2967032967032967
basic_dqn,92,0.93825,3,8.0,True,2364,0.06959470361471176,0.30434782608695654
basic_dqn,93,0.93757,23,-32.0,False,2387,0.03274903446435928,0.3010752688172043
basic_dqn,94,0.93689,40,-40.0,False,2427,0.3380661606788635,0.2978723404255319
basic_dqn,95,0.93621,40,-40.0,False,2467,0.20370477437973022,0.29473684210526313
basic_dqn,96,0.93554,1,-10.0,False,2468,0.20791657269001007,0.2916666666666667
basic_dqn,97,0.93486,8,3.0,True,2476,0.15014241635799408,0.29896907216494845
basic_dqn,98,0.93418,1,10.0,True,2477,0.15628308057785034,0.30612244897959184
basic_dqn,99,0.9335,8,-17.0,False,2485,0.274333119392395,0.30303030303030304
basic_dqn,100,0.93282,40,-40.0,False,2525,0.617182195186615,0.3
basic_dqn,101,0.93214,40,-40.0,False,2565,0.1951751410961151,0.29
basic_dqn,102,0.93146,3,8.0,True,2568,0.22782498598098755,0.3
basic_dqn,103,0.93079,6,5.0,True,2574,0.08871308714151382,0.31
basic_dqn,104,0.93011,25,-14.0,True,2599,0.09060624986886978,0.31
basic_dqn,105,0.92943,29,-18.0,True,2628,0.08556896448135376,0.31
basic_dqn,106,0.92875,1,-10.0,False,2629,0.06259694695472717,0.31
basic_dqn,107,0.92807,40,-40.0,False,2669,0.030252909287810326,0.3
basic_dqn,108,0.92739,1,-10.0,False,2670,0.03778820112347603,0.3
basic_dqn,109,0.92671,40,-40.0,False,2710,0.14232318103313446,0.3
basic_dqn,110,0.92604,40,-40.0,False,2750,0.12650462985038757,0.3
basic_dqn,111,0.92536,5,-14.0,False,2755,0.170512393116951,0.29
basic_dqn,112,0.92468,40,-40.0,False,2795,0.12496280670166016,0.28
basic_dqn,113,0.924,1,-10.0,False,2796,1.0079296827316284,0.28
basic_dqn,114,0.92332,40,-40.0,False,2836,0.3409971594810486,0.28
basic_dqn,115,0.92264,36,-25.0,True,2872,0.16420400142669678,0.29
basic_dqn,116,0.92196,24,-13.0,True,2896,0.12298832833766937,0.3
basic_dqn,117,0.92129,28,-17.0,True,2924,0.49317866563796997,0.31
basic_dqn,118,0.92061,40,-40.0,False,2964,0.17719927430152893,0.31
basic_dqn,119,0.91993,33,-42.0,False,2997,0.18575040996074677,0.31
basic_dqn,120,0.91925,27,-36.0,False,3024,0.33332696557044983,0.3
basic_dqn,121,0.91857,40,-40.0,False,3064,0.2627308666706085,0.3
basic_dqn,122,0.91789,18,-7.0,True,3082,0.1609109491109848,0.31
basic_dqn,123,0.91721,1,-10.0,False,3083,0.14804013073444366,0.31
basic_dqn,124,0.91654,22,-11.0,True,3105,0.13367575407028198,0.31
basic_dqn,125,0.91586,40,-40.0,False,3145,0.06278003007173538,0.3
basic_dqn,126,0.91518,14,-3.0,True,3159,0.04870083928108215,0.31
basic_dqn,127,0.9145,40,-40.0,False,3199,0.045486416667699814,0.31
basic_dqn,128,0.91382,40,-29.0,True,3239,0.021242063492536545,0.32
basic_dqn,129,0.91314,40,-29.0,True,3279,0.0499456562101841,0.33
basic_dqn,130,0.91246,3,8.0,True,3282,0.07076311111450195,0.34
basic_dqn,131,0.91179,18,-27.0,False,3300,0.15782184898853302,0.34
basic_dqn,132,0.91111,2,9.0,True,3302,0.08048003911972046,0.35
basic_dqn,133,0.91043,25,-14.0,True,3327,0.04819287359714508,0.36
basic_dqn,134,0.90975,25,-14.0,True,3352,0.023402277380228043,0.37
basic_dqn,135,0.90907,40,-40.0,False,3392,0.07641053199768066,0.37
basic_dqn,136,0.90839,5,-14.0,False,3397,0.06388140469789505,0.37
basic_dqn,137,0.90771,40,-40.0,False,3437,0.06610740721225739,0.37
basic_dqn,138,0.90704,13,-2.0,True,3450,0.08114350587129593,0.37
basic_dqn,139,0.90636,17,-6.0,True,3467,0.02848939597606659,0.38
basic_dqn,140,0.90568,3,-12.0,False,3470,0.15299415588378906,0.38
basic_dqn,141,0.905,4,7.0,True,3474,0.021902162581682205,0.39
basic_dqn,142,0.90432,18,-27.0,False,3492,0.010728839784860611,0.39
basic_dqn,143,0.90364,13,-2.0,True,3505,0.02560809813439846,0.4
basic_dqn,144,0.90296,2,9.0,True,3507,0.02235586941242218,0.4
basic_dqn,145,0.90229,40,-40.0,False,3547,0.0324266292154789,0.4
basic_dqn,146,0.90161,26,-15.0,True,3573,0.04785308986902237,0.4
basic_dqn,147,0.90093,40,-29.0,True,3613,0.13121925294399261,0.4
basic_dqn,148,0.90025,40,-40.0,False,3653,0.0908951386809349,0.4
basic_dqn,149,0.89957,40,-40.0,False,3693,0.07818595319986343,0.4
basic_dqn,150,0.89889,25,-14.0,True,3718,0.05726705119013786,0.4
basic_dqn,151,0.89821,40,-40.0,False,3758,0.04782864451408386,0.4
basic_dqn,152,0.89754,29,-18.0,True,3787,0.08715541660785675,0.41
basic_dqn,153,0.89686,40,-40.0,False,3827,0.10226195305585861,0.4
basic_dqn,154,0.89618,8,3.0,True,3835,0.11971542984247208,0.41
basic_dqn,155,0.8955,40,-40.0,False,3875,0.16457197070121765,0.41
basic_dqn,156,0.89482,13,-2.0,True,3888,0.08801818639039993,0.41
basic_dqn,157,0.89414,25,-34.0,False,3913,0.09900015592575073,0.41
basic_dqn,158,0.89346,3,8.0,True,3916,0.10863178223371506,0.41
basic_dqn,159,0.89279,40,-40.0,False,3956,0.2610700726509094,0.41
basic_dqn,160,0.89211,40,-40.0,False,3996,0.23066763579845428,0.41
basic_dqn,161,0.89143,36,-45.0,False,4032,0.1413726955652237,0.4
basic_dqn,162,0.89075,11,0.0,True,4043,0.16582879424095154,0.41
basic_dqn,163,0.89007,7,4.0,True,4050,0.20779430866241455,0.42
basic_dqn,164,0.88939,40,-40.0,False,4090,0.09441123902797699,0.42
basic_dqn,165,0.88871,40,-40.0,False,4130,0.23607003688812256,0.42
basic_dqn,166,0.88804,21,-10.0,True,4151,0.34210968017578125,0.43
basic_dqn,167,0.88736,14,-3.0,True,4165,0.7251785397529602,0.44
basic_dqn,168,0.88668,37,-26.0,True,4202,0.09526531398296356,0.44
basic_dqn,169,0.886,40,-40.0,False,4242,0.41078460216522217,0.44
basic_dqn,170,0.88532,35,-24.0,True,4277,0.12009014189243317,0.44
basic_dqn,171,0.88464,14,-3.0,True,4291,0.055460408329963684,0.45
basic_dqn,172,0.88396,7,-16.0,False,4298,0.07790429890155792,0.45
basic_dqn,173,0.88329,40,-40.0,False,4338,0.03691069036722183,0.45
basic_dqn,174,0.88261,12,-21.0,False,4350,0.10041896253824234,0.45
basic_dqn,175,0.88193,40,-40.0,False,4390,0.04670356214046478,0.45
basic_dqn,176,0.88125,6,-15.0,False,4396,0.023337800055742264,0.44
basic_dqn,177,0.88057,4,-13.0,False,4400,0.4374896287918091,0.44
basic_dqn,178,0.87989,40,-40.0,False,4440,0.10539421439170837,0.44
basic_dqn,179,0.87921,11,0.0,True,4451,0.08784131705760956,0.45
basic_dqn,180,0.87854,14,-3.0,True,4465,0.18571634590625763,0.45
basic_dqn,181,0.87786,32,-21.0,True,4497,0.06975685060024261,0.46
basic_dqn,182,0.87718,31,-40.0,False,4528,0.06313276290893555,0.45
basic_dqn,183,0.8765,40,-40.0,False,4568,0.057690784335136414,0.44
basic_dqn,184,0.87582,17,-6.0,True,4585,0.027764467522501945,0.44
basic_dqn,185,0.87514,16,-5.0,True,4601,0.028336862102150917,0.44
basic_dqn,186,0.87446,19,-8.0,True,4620,0.043114110827445984,0.44
basic_dqn,187,0.87379,23,-12.0,True,4643,0.01168626919388771,0.45
basic_dqn,188,0.87311,11,-20.0,False,4654,0.020633069798350334,0.45
basic_dqn,189,0.87243,31,-20.0,True,4685,0.1301090568304062,0.46
basic_dqn,190,0.87175,40,-40.0,False,4725,0.02641606703400612,0.46
basic_dqn,191,0.87107,12,-1.0,True,4737,0.021254485473036766,0.47
basic_dqn,192,0.87039,28,-17.0,True,4765,0.25189515948295593,0.47
basic_dqn,193,0.86971,28,-17.0,True,4793,0.05279433727264404,0.48
basic_dqn,194,0.86904,29,-18.0,True,4822,0.10443723946809769,0.49
basic_dqn,195,0.86836,40,-40.0,False,4862,0.07508529722690582,0.49
basic_dqn,196,0.86768,40,-40.0,False,4902,0.5357944965362549,0.49
basic_dqn,197,0.867,22,-11.0,True,4924,0.24951666593551636,0.49
basic_dqn,198,0.86632,34,-43.0,False,4958,0.254768431186676,0.48
basic_dqn,199,0.86564,40,-29.0,True,4998,0.06124956160783768,0.49
basic_dqn,200,0.86496,19,-8.0,True,5017,0.22795285284519196,0.5
basic_dqn,201,0.86429,2,9.0,True,5019,0.1780167520046234,0.51
basic_dqn,202,0.86361,17,-26.0,False,5036,0.277228444814682,0.5
basic_dqn,203,0.86293,40,-40.0,False,5076,0.42957571148872375,0.49
basic_dqn,204,0.86225,2,9.0,True,5078,0.11228810250759125,0.49
basic_dqn,205,0.86157,21,-10.0,True,5099,0.3382411599159241,0.49
basic_dqn,206,0.86089,35,-24.0,True,5134,0.44579312205314636,0.5
basic_dqn,207,0.86021,29,-18.0,True,5163,0.24042969942092896,0.51
basic_dqn,208,0.85954,40,-40.0,False,5203,0.4896293878555298,0.51
basic_dqn,209,0.85886,8,3.0,True,5211,1.1296101808547974,0.52
basic_dqn,210,0.85818,3,8.0,True,5214,1.5497056245803833,0.53
basic_dqn,211,0.8575,40,-40.0,False,5254,0.5898255705833435,0.53
basic_dqn,212,0.85682,3,-12.0,False,5257,0.687438428401947,0.53
basic_dqn,213,0.85614,14,-3.0,True,5271,0.3678843080997467,0.54
basic_dqn,214,0.85546,40,-40.0,False,5311,2.1663095951080322,0.54
basic_dqn,215,0.85479,5,6.0,True,5316,1.7073800563812256,0.54
basic_dqn,216,0.85411,3,8.0,True,5319,1.0497421026229858,0.54
basic_dqn,217,0.85343,22,-11.0,True,5341,1.3689639568328857,0.54
basic_dqn,218,0.85275,34,-23.0,True,5375,0.5473650693893433,0.55
basic_dqn,219,0.85207,17,-6.0,True,5392,1.8065376281738281,0.56
basic_dqn,220,0.85139,23,-32.0,False,5415,0.2370937168598175,0.56
basic_dqn,221,0.85071,17,-6.0,True,5432,0.49557027220726013,0.57
basic_dqn,222,0.85004,8,-17.0,False,5440,0.5484874844551086,0.56
basic_dqn,223,0.84936,24,-13.0,True,5464,0.6765366792678833,0.57
basic_dqn,224,0.84868,27,-16.0,True,5491,0.5370370745658875,0.57
basic_dqn,225,0.848,18,-7.0,True,5509,0.7734032273292542,0.58
basic_dqn,226,0.84732,22,-11.0,True,5531,0.16638749837875366,0.58
basic_dqn,227,0.84664,40,-40.0,False,5571,0.2306881695985794,0.58
basic_dqn,228,0.84596,23,-12.0,True,5594,0.3078140616416931,0.58
basic_dqn,229,0.84529,14,-3.0,True,5608,0.0419825054705143,0.58
basic_dqn,230,0.84461,15,-4.0,True,5623,0.03889111429452896,0.58
basic_dqn,231,0.84393,3,8.0,True,5626,0.040764279663562775,0.59
basic_dqn,232,0.84325,1,10.0,True,5627,0.03129073977470398,0.59
basic_dqn,233,0.84257,23,-12.0,True,5650,0.06293278187513351,0.59
basic_dqn,234,0.84189,40,-40.0,False,5690,0.2536541223526001,0.58
basic_dqn,235,0.84121,39,-28.0,True,5729,0.060682862997055054,0.59
basic_dqn,236,0.84054,28,-37.0,False,5757,0.06477110832929611,0.59
basic_dqn,237,0.83986,2,9.0,True,5759,0.06760711967945099,0.6
basic_dqn,238,0.83918,33,-22.0,True,5792,0.025626394897699356,0.6
basic_dqn,239,0.8385,16,-5.0,True,5808,0.008564518764615059,0.6
basic_dqn,240,0.83782,25,-34.0,False,5833,0.021697374060750008,0.6
basic_dqn,241,0.83714,16,-5.0,True,5849,0.034246429800987244,0.6
basic_dqn,242,0.83646,40,-40.0,False,5889,0.013591540977358818,0.6
basic_dqn,243,0.83579,32,-21.0,True,5921,0.05960846692323685,0.6
basic_dqn,244,0.83511,29,-18.0,True,5950,0.04333874583244324,0.6
basic_dqn,245,0.83443,40,-40.0,False,5990,0.08807791024446487,0.6
basic_dqn,246,0.83375,40,-40.0,False,6030,0.01311403140425682,0.59
basic_dqn,247,0.83307,20,-9.0,True,6050,0.05338257923722267,0.59
basic_dqn,248,0.83239,40,-40.0,False,6090,0.013355378061532974,0.59
basic_dqn,249,0.83171,23,-12.0,True,6113,0.03001268394291401,0.6
basic_dqn,250,0.83104,40,-40.0,False,6153,0.0247123334556818,0.59
basic_dqn,251,0.83036,40,-40.0,False,6193,0.006799535360187292,0.59
basic_dqn,252,0.82968,39,-48.0,False,6232,0.014930997975170612,0.58
basic_dqn,253,0.829,2,-11.0,False,6234,0.09743063896894455,0.58
basic_dqn,254,0.82832,22,-11.0,True,6256,0.034043312072753906,0.58
basic_dqn,255,0.82764,14,-3.0,True,6270,0.00819583423435688,0.59
basic_dqn,256,0.82696,33,-22.0,True,6303,0.019882600754499435,0.59
basic_dqn,257,0.82629,2,9.0,True,6305,0.028340891003608704,0.6
basic_dqn,258,0.82561,14,-3.0,True,6319,0.012641740031540394,0.6
basic_dqn,259,0.82493,11,0.0,True,6330,0.03268835321068764,0.61
basic_dqn,260,0.82425,40,-40.0,False,6370,0.013757455162703991,0.61
basic_dqn,261,0.82357,10,-19.0,False,6380,0.011047095991671085,0.61
basic_dqn,262,0.82289,10,1.0,True,6390,0.021834705024957657,0.61
basic_dqn,263,0.82221,40,-29.0,True,6430,0.01163538545370102,0.61
basic_dqn,264,0.82154,32,-41.0,False,6462,0.019154462963342667,0.61
basic_dqn,265,0.82086,11,0.0,True,6473,0.02041281759738922,0.62
basic_dqn,266,0.82018,4,-13.0,False,6477,0.050033923238515854,0.61
basic_dqn,267,0.8195,24,-13.0,True,6501,0.0983051285147667,0.61
basic_dqn,268,0.81882,40,-40.0,False,6541,0.014004023745656013,0.6
basic_dqn,269,0.81814,23,-12.0,True,6564,0.11237643659114838,0.61
basic_dqn,270,0.81746,27,-16.0,True,6591,0.0192400012165308,0.61
basic_dqn,271,0.81679,2,9.0,True,6593,0.013326640240848064,0.61
basic_dqn,272,0.81611,40,-40.0,False,6633,0.03728963062167168,0.61
basic_dqn,273,0.81543,11,0.0,True,6644,0.28253838419914246,0.62
basic_dqn,274,0.81475,40,-40.0,False,6684,0.01861581578850746,0.62
basic_dqn,275,0.81407,9,2.0,True,6693,0.054128099232912064,0.63
basic_dqn,276,0.81339,1,-10.0,False,6694,0.04529280215501785,0.63
basic_dqn,277,0.81271,26,-15.0,True,6720,0.23453816771507263,0.64
basic_dqn,278,0.81204,20,-9.0,True,6740,0.29802122712135315,0.65
basic_dqn,279,0.81136,13,-2.0,True,6753,0.11838658154010773,0.65
basic_dqn,280,0.81068,16,-5.0,True,6769,0.10569700598716736,0.65
basic_dqn,281,0.81,3,8.0,True,6772,0.0838850885629654,0.65
basic_dqn,282,0.80932,35,-24.0,True,6807,0.5108899474143982,0.66
basic_dqn,283,0.80864,28,-17.0,True,6835,0.06375933438539505,0.67
basic_dqn,284,0.80796,35,-24.0,True,6870,0.07395361363887787,0.67
basic_dqn,285,0.80729,7,4.0,True,6877,0.20642885565757751,0.67
basic_dqn,286,0.80661,1,-10.0,False,6878,0.19638808071613312,0.66
basic_dqn,287,0.80593,3,-12.0,False,6881,0.07933494448661804,0.65
basic_dqn,288,0.80525,8,3.0,True,6889,0.07494985312223434,0.66
basic_dqn,289,0.80457,26,-15.0,True,6915,0.1472593992948532,0.66
basic_dqn,290,0.80389,16,-5.0,True,6931,0.15565474331378937,0.67
basic_dqn,291,0.80321,32,-21.0,True,6963,0.7222335338592529,0.67
basic_dqn,292,0.80254,12,-1.0,True,6975,0.26392319798469543,0.67
basic_dqn,293,0.80186,22,-11.0,True,6997,0.10420328378677368,0.67
basic_dqn,294,0.80118,29,-18.0,True,7026,0.363544762134552,0.67
basic_dqn,295,0.8005,37,-46.0,False,7063,0.3571323752403259,0.67
basic_dqn,296,0.79982,37,-26.0,True,7100,0.25405845046043396,0.68
basic_dqn,297,0.79914,14,-3.0,True,7114,0.22192564606666565,0.68
basic_dqn,298,0.79846,34,-23.0,True,7148,0.09549251198768616,0.69
basic_dqn,299,0.79779,5,-14.0,False,7153,0.11693111807107925,0.68
basic_dqn,300,0.79711,19,-8.0,True,7172,0.08587808907032013,0.68
basic_dqn,301,0.79643,13,-22.0,False,7185,0.1509324163198471,0.67
basic_dqn,302,0.79575,33,-22.0,True,7218,0.18124203383922577,0.68
basic_dqn,303,0.79507,12,-1.0,True,7230,0.05037147179245949,0.69
basic_dqn,304,0.79439,5,6.0,True,7235,0.3311837315559387,0.69
basic_dqn,305,0.79371,12,-1.0,True,7247,0.113312728703022,0.69
basic_dqn,306,0.79304,16,-5.0,True,7263,0.20376764237880707,0.69
basic_dqn,307,0.79236,23,-12.0,True,7286,0.11312319338321686,0.69
basic_dqn,308,0.79168,40,-40.0,False,7326,0.17391934990882874,0.69
basic_dqn,309,0.791,6,5.0,True,7332,0.05689740553498268,0.69
basic_dqn,310,0.79032,4,-13.0,False,7336,0.06828700006008148,0.68
basic_dqn,311,0.78964,38,-27.0,True,7374,0.35494497418403625,0.69
basic_dqn,312,0.78896,9,2.0,True,7383,0.7939522862434387,0.7
basic_dqn,313,0.78829,17,-6.0,True,7400,0.40075644850730896,0.7
basic_dqn,314,0.78761,40,-40.0,False,7440,0.17832441627979279,0.7
basic_dqn,315,0.78693,40,-40.0,False,7480,0.41496366262435913,0.69
basic_dqn,316,0.78625,8,3.0,True,7488,0.14662528038024902,0.69
basic_dqn,317,0.78557,7,4.0,True,7495,0.13197095692157745,0.69
basic_dqn,318,0.78489,35,-24.0,True,7530,0.03358704596757889,0.69
basic_dqn,319,0.78421,39,-28.0,True,7569,0.058473922312259674,0.69
basic_dqn,320,0.78354,40,-40.0,False,7609,0.043154824525117874,0.69
basic_dqn,321,0.78286,5,-14.0,False,7614,0.06461507081985474,0.68
basic_dqn,322,0.78218,2,-11.0,False,7616,0.07355079054832458,0.68
basic_dqn,323,0.7815,2,-11.0,False,7618,0.07605006545782089,0.67
basic_dqn,324,0.78082,6,5.0,True,7624,0.06893891841173172,0.67
basic_dqn,325,0.78014,30,-19.0,True,7654,0.09961644560098648,0.67
basic_dqn,326,0.77946,40,-40.0,False,7694,0.025214310735464096,0.66
basic_dqn,327,0.77879,33,-22.0,True,7727,0.10817475616931915,0.67
basic_dqn,328,0.77811,4,7.0,True,7731,0.03452831506729126,0.67
basic_dqn,329,0.77743,37,-26.0,True,7768,0.022762883454561234,0.67
basic_dqn,330,0.77675,28,-37.0,False,7796,0.04433900862932205,0.66
basic_dqn,331,0.77607,40,-40.0,False,7836,0.015820324420928955,0.65
basic_dqn,332,0.77539,23,-12.0,True,7859,0.011315153911709785,0.65
basic_dqn,333,0.77471,4,7.0,True,7863,0.0091492785140872,0.65
basic_dqn,334,0.77404,35,-24.0,True,7898,0.07511073350906372,0.66
basic_dqn,335,0.77336,34,-23.0,True,7932,0.018916664645075798,0.66
basic_dqn,336,0.77268,11,0.0,True,7943,0.014589737169444561,0.67
basic_dqn,337,0.772,2,9.0,True,7945,0.021927684545516968,0.67
basic_dqn,338,0.77132,13,-2.0,True,7958,0.029005711898207664,0.67
basic_dqn,339,0.77064,34,-23.0,True,7992,0.025898795574903488,0.67
basic_dqn,340,0.76996,6,5.0,True,7998,0.027491524815559387,0.68
basic_dqn,341,0.76929,4,-13.0,False,8000,0.021769437938928604,0.67
basic_dqn,342,0.76861,10,1.0,True,8000,0.009974267333745956,0.68
basic_dqn,343,0.76793,6,5.0,True,8000,0.00789349153637886,0.68
basic_dqn,344,0.76725,2,-11.0,False,8000,0.006341364234685898,0.67
basic_dqn,345,0.76657,5,6.0,True,8000,0.009772785939276218,0.68
basic_dqn,346,0.76589,4,7.0,True,8000,0.013497406616806984,0.69
basic_dqn,347,0.76521,4,7.0,True,8000,0.009805110283195972,0.69
basic_dqn,348,0.76454,17,-6.0,True,8000,0.014573931694030762,0.7
basic_dqn,349,0.76386,32,-21.0,True,8000,0.02795538678765297,0.7
basic_dqn,350,0.76318,10,1.0,True,8000,0.00880772341042757,0.71
basic_dqn,351,0.7625,28,-17.0,True,8000,0.023649556562304497,0.72
basic_dqn,352,0.76182,5,6.0,True,8000,0.02611280046403408,0.73
basic_dqn,353,0.76114,40,-40.0,False,8000,0.009122077375650406,0.73
basic_dqn,354,0.76046,7,4.0,True,8000,0.009122513234615326,0.73
basic_dqn,355,0.75979,5,6.0,True,8000,0.013840983621776104,0.73
basic_dqn,356,0.75911,10,1.0,True,8000,0.023368213325738907,0.73
basic_dqn,357,0.75843,12,-1.0,True,8000,0.03286265581846237,0.73
basic_dqn,358,0.75775,35,-24.0,True,8000,0.021411297842860222,0.73
basic_dqn,359,0.75707,12,-1.0,True,8000,0.013095896691083908,0.73
basic_dqn,360,0.75639,36,-25.0,True,8000,0.07556803524494171,0.74
basic_dqn,361,0.75571,10,1.0,True,8000,0.031048037111759186,0.75
basic_dqn,362,0.75504,13,-2.0,True,8000,0.016516154631972313,0.75
basic_dqn,363,0.75436,14,-3.0,True,8000,0.007441211491823196,0.75
basic_dqn,364,0.75368,40,-40.0,False,8000,0.0163167342543602,0.75
basic_dqn,365,0.753,1,10.0,True,8000,0.025462480261921883,0.75
basic_dqn,366,0.75232,15,-4.0,True,8000,0.011317174881696701,0.76
basic_dqn,367,0.75164,32,-21.0,True,8000,0.03804432600736618,0.76
basic_dqn,368,0.75096,40,-40.0,False,8000,0.028699073940515518,0.76
basic_dqn,369,0.75029,21,-10.0,True,8000,0.038690559566020966,0.76
basic_dqn,370,0.74961,40,-40.0,False,8000,0.06790376454591751,0.75
basic_dqn,371,0.74893,33,-22.0,True,8000,0.06452777236700058,0.75
basic_dqn,372,0.74825,9,2.0,True,8000,0.13905079662799835,0.76
basic_dqn,373,0.74757,8,3.0,True,8000,0.21937015652656555,0.76
basic_dqn,374,0.74689,11,0.0,True,8000,0.03612040355801582,0.77
basic_dqn,375,0.74621,13,-2.0,True,8000,0.019526053220033646,0.77
basic_dqn,376,0.74554,12,-1.0,True,8000,0.029517438262701035,0.78
basic_dqn,377,0.74486,17,-6.0,True,8000,0.040646638721227646,0.78
basic_dqn,378,0.74418,11,0.0,True,8000,0.024732306599617004,0.78
basic_dqn,379,0.7435,1,10.0,True,8000,0.08620034903287888,0.78
basic_dqn,380,0.74282,2,9.0,True,8000,0.051763057708740234,0.78
basic_dqn,381,0.74214,16,-5.0,True,8000,0.0821262001991272,0.78
basic_dqn,382,0.74146,4,7.0,True,8000,0.046388186514377594,0.78
basic_dqn,383,0.74079,20,-9.0,True,8000,0.07805756479501724,0.78
basic_dqn,384,0.74011,23,-12.0,True,8000,0.15515665709972382,0.78
basic_dqn,385,0.73943,7,4.0,True,8000,0.08572099357843399,0.78
basic_dqn,386,0.73875,15,-4.0,True,8000,0.042247120290994644,0.79
basic_dqn,387,0.73807,11,0.0,True,8000,0.018257876858115196,0.8
basic_dqn,388,0.73739,10,1.0,True,8000,0.04210713505744934,0.8
basic_dqn,389,0.73671,3,8.0,True,8000,0.05975470319390297,0.8
basic_dqn,390,0.73604,11,0.0,True,8000,0.06741557270288467,0.8
basic_dqn,391,0.73536,10,1.0,True,8000,0.04622776061296463,0.8
basic_dqn,392,0.73468,37,-26.0,True,8000,0.0474436953663826,0.8
basic_dqn,393,0.734,8,3.0,True,8000,0.0892837792634964,0.8
basic_dqn,394,0.73332,10,1.0,True,8000,0.05978824943304062,0.8
basic_dqn,395,0.73264,22,-11.0,True,8000,0.01757773384451866,0.81
basic_dqn,396,0.73196,31,-20.0,True,8000,0.06024262681603432,0.81
basic_dqn,397,0.73129,18,-7.0,True,8000,0.04678654298186302,0.81
basic_dqn,398,0.73061,13,-2.0,True,8000,0.024837546050548553,0.81
basic_dqn,399,0.72993,3,8.0,True,8000,0.0279128048568964,0.82
basic_dqn,400,0.72925,36,-25.0,True,8000,0.13900500535964966,0.82
basic_dqn,401,0.72857,10,1.0,True,8000,0.05191553384065628,0.83
basic_dqn,402,0.72789,40,-40.0,False,8000,0.09984396398067474,0.82
basic_dqn,403,0.72721,40,-40.0,False,8000,0.06262742727994919,0.81
basic_dqn,404,0.72654,40,-40.0,False,8000,0.12838023900985718,0.8
basic_dqn,405,0.72586,5,6.0,True,8000,0.21388426423072815,0.8
basic_dqn,406,0.72518,12,-21.0,False,8000,0.16513431072235107,0.79
basic_dqn,407,0.7245,40,-40.0,False,8000,0.23360972106456757,0.78
basic_dqn,408,0.72382,3,8.0,True,8000,0.08231182396411896,0.79
basic_dqn,409,0.72314,28,-17.0,True,8000,0.053064048290252686,0.79
basic_dqn,410,0.72246,2,9.0,True,8000,0.06098838150501251,0.8
basic_dqn,411,0.72179,19,-8.0,True,8000,0.13503918051719666,0.8
basic_dqn,412,0.72111,24,-13.0,True,8000,0.05540846288204193,0.8
basic_dqn,413,0.72043,10,1.0,True,8000,0.02478139102458954,0.8
basic_dqn,414,0.71975,40,-40.0,False,8000,0.027507256716489792,0.8
basic_dqn,415,0.71907,26,-15.0,True,8000,0.024038387462496758,0.81
basic_dqn,416,0.71839,20,-9.0,True,8000,0.01992584392428398,0.81
basic_dqn,417,0.71771,1,10.0,True,8000,0.04277776554226875,0.81
basic_dqn,418,0.71704,9,2.0,True,8000,0.03578098118305206,0.81
basic_dqn,419,0.71636,16,-5.0,True,8000,0.02037358283996582,0.81
basic_dqn,420,0.71568,3,8.0,True,8000,0.010340527631342411,0.82
basic_dqn,421,0.715,40,-40.0,False,8000,0.006697406060993671,0.82
basic_dqn,422,0.71432,7,4.0,True,8000,0.007252291776239872,0.83
basic_dqn,423,0.71364,30,-19.0,True,8000,0.0025019068270921707,0.84
basic_dqn,424,0.71296,21,-10.0,True,8000,0.015262996777892113,0.84
basic_dqn,425,0.71229,19,-8.0,True,8000,0.003574999514967203,0.84
basic_dqn,426,0.71161,4,7.0,True,8000,0.002445455640554428,0.85
basic_dqn,427,0.71093,35,-24.0,True,8000,0.0030352601315826178,0.85
basic_dqn,428,0.71025,6,-15.0,False,8000,0.0022979476489126682,0.84
basic_dqn,429,0.70957,28,-17.0,True,8000,0.0011861375533044338,0.84
basic_dqn,430,0.70889,40,-40.0,False,8000,0.0028975822497159243,0.84
basic_dqn,431,0.70821,14,-3.0,True,8000,0.001318455208092928,0.85
basic_dqn,432,0.70754,38,-27.0,True,8000,0.0020743361674249172,0.85
basic_dqn,433,0.70686,29,-18.0,True,8000,0.0012658857740461826,0.85
basic_dqn,434,0.70618,23,-12.0,True,8000,0.00242592953145504,0.85
basic_dqn,435,0.7055,13,-2.0,True,8000,0.001603793352842331,0.85
basic_dqn,436,0.70482,9,2.0,True,8000,0.0020887020509690046,0.85
basic_dqn,437,0.70414,32,-21.0,True,8000,0.0024068078491836786,0.85
basic_dqn,438,0.70346,19,-8.0,True,8000,0.000931403657887131,0.85
basic_dqn,439,0.70279,9,2.0,True,8000,0.0009843213483691216,0.85
basic_dqn,440,0.70211,40,-40.0,False,8000,0.0034409312065690756,0.84
basic_dqn,441,0.70143,15,-4.0,True,8000,0.002354542026296258,0.85
basic_dqn,442,0.70075,19,-8.0,True,8000,0.005947256926447153,0.85
basic_dqn,443,0.70007,9,2.0,True,8000,0.006136035546660423,0.85
basic_dqn,444,0.69939,24,-13.0,True,8000,0.003408094635233283,0.86
basic_dqn,445,0.69871,13,-2.0,True,8000,0.012110836803913116,0.86
basic_dqn,446,0.69804,2,-11.0,False,8000,0.012331823818385601,0.85
basic_dqn,447,0.69736,36,-25.0,True,8000,0.006913815625011921,0.85
basic_dqn,448,0.69668,9,2.0,True,8000,0.00852773617953062,0.85
basic_dqn,449,0.696,19,-8.0,True,8000,0.003805803367868066,0.85
basic_dqn,450,0.69532,2,9.0,True,8000,0.007337900344282389,0.85
basic_dqn,451,0.69464,25,-14.0,True,8000,0.0043009305372834206,0.85
basic_dqn,452,0.69396,3,8.0,True,8000,0.0072526270523667336,0.85
basic_dqn,453,0.69329,7,4.0,True,8000,0.007609610445797443,0.86
basic_dqn,454,0.69261,12,-1.0,True,8000,0.008461995981633663,0.86
basic_dqn,455,0.69193,20,-9.0,True,8000,0.004758857190608978,0.86
basic_dqn,456,0.69125,40,-40.0,False,8000,0.003963896539062262,0.85
basic_dqn,457,0.69057,16,-5.0,True,8000,0.004030379932373762,0.85
basic_dqn,458,0.68989,8,-17.0,False,8000,0.006821849849075079,0.84
basic_dqn,459,0.68921,35,-24.0,True,8000,0.004172374960035086,0.84
basic_dqn,460,0.68854,9,2.0,True,8000,0.005358204711228609,0.84
basic_dqn,461,0.68786,26,-15.0,True,8000,0.0038092455361038446,0.84
basic_dqn,462,0.68718,4,7.0,True,8000,0.00290655973367393,0.84
basic_dqn,463,0.6865,4,7.0,True,8000,0.004340345039963722,0.84
basic_dqn,464,0.68582,2,9.0,True,8000,0.0023392827715724707,0.85
basic_dqn,465,0.68514,21,-10.0,True,8000,0.017528966069221497,0.85
basic_dqn,466,0.68446,4,7.0,True,8000,0.01760348491370678,0.85
basic_dqn,467,0.68379,8,3.0,True,8000,0.002617262303829193,0.85
basic_dqn,468,0.68311,20,-9.0,True,8000,0.003628704696893692,0.86
basic_dqn,469,0.68243,2,9.0,True,8000,0.01055455207824707,0.86
basic_dqn,470,0.68175,29,-18.0,True,8000,0.004440938122570515,0.87
basic_dqn,471,0.68107,18,-7.0,True,8000,0.014322634786367416,0.87
basic_dqn,472,0.68039,23,-12.0,True,8000,0.005809229798614979,0.87
basic_dqn,473,0.67971,9,2.0,True,8000,0.007482233457267284,0.87
basic_dqn,474,0.67904,1,10.0,True,8000,0.010649554431438446,0.87
basic_dqn,475,0.67836,2,9.0,True,8000,0.006681676954030991,0.87
basic_dqn,476,0.67768,37,-26.0,True,8000,0.009717633947730064,0.87
basic_dqn,477,0.677,4,7.0,True,8000,0.015167292207479477,0.87
basic_dqn,478,0.67632,9,2.0,True,8000,0.03555776923894882,0.87
basic_dqn,479,0.67564,4,7.0,True,8000,0.06185314059257507,0.87
basic_dqn,480,0.67496,7,4.0,True,8000,0.08608974516391754,0.87
basic_dqn,481,0.67429,12,-1.0,True,8000,0.018862655386328697,0.87
basic_dqn,482,0.67361,30,-19.0,True,8000,0.017867453396320343,0.87
basic_dqn,483,0.67293,22,-11.0,True,8000,0.015606331638991833,0.87
basic_dqn,484,0.67225,1,10.0,True,8000,0.013706710189580917,0.87
basic_dqn,485,0.67157,7,4.0,True,8000,0.02333391085267067,0.87
basic_dqn,486,0.67089,2,9.0,True,8000,0.040042728185653687,0.87
basic_dqn,487,0.67021,10,1.0,True,8000,0.028803938999772072,0.87
basic_dqn,488,0.66954,9,2.0,True,8000,0.016177788376808167,0.87
basic_dqn,489,0.66886,19,-8.0,True,8000,0.018159806728363037,0.87
basic_dqn,490,0.66818,32,-21.0,True,8000,0.010378270410001278,0.87
basic_dqn,491,0.6675,8,3.0,True,8000,0.020987974479794502,0.87
basic_dqn,492,0.66682,2,-11.0,False,8000,0.03133012354373932,0.86
basic_dqn,493,0.66614,10,1.0,True,8000,0.017894038930535316,0.86
basic_dqn,494,0.66546,21,-10.0,True,8000,0.013870351947844028,0.86
basic_dqn,495,0.66479,39,-28.0,True,8000,0.01769132725894451,0.86
basic_dqn,496,0.66411,3,8.0,True,8000,0.016269654035568237,0.86
basic_dqn,497,0.66343,22,-11.0,True,8000,0.0832766443490982,0.86
basic_dqn,498,0.66275,6,5.0,True,8000,0.05794632062315941,0.86
basic_dqn,499,0.66207,15,-4.0,True,8000,0.02058972418308258,0.86
basic_dqn,500,0.66139,16,-5.0,True,8000,0.013035430572926998,0.86
basic_dqn,501,0.66071,1,10.0,True,8000,0.013951396569609642,0.86
basic_dqn,502,0.66004,35,-24.0,True,8000,0.027250653132796288,0.87
basic_dqn,503,0.65936,5,6.0,True,8000,0.057514090090990067,0.88
basic_dqn,504,0.65868,10,1.0,True,8000,0.10172918438911438,0.89
basic_dqn,505,0.658,17,-6.0,True,8000,0.026555586606264114,0.89
basic_dqn,506,0.65732,30,-19.0,True,8000,0.020430244505405426,0.9
basic_dqn,507,0.65664,28,-17.0,True,8000,0.010417649522423744,0.91
basic_dqn,508,0.65596,23,-12.0,True,8000,0.016495855525135994,0.91
basic_dqn,509,0.65529,29,-18.0,True,8000,0.037974994629621506,0.91
basic_dqn,510,0.65461,5,6.0,True,8000,0.054188068956136703,0.91
basic_dqn,511,0.65393,21,-10.0,True,8000,0.011876734904944897,0.91
basic_dqn,512,0.65325,40,-40.0,False,8000,0.08091305941343307,0.9
basic_dqn,513,0.65257,7,4.0,True,8000,0.06496348232030869,0.9
basic_dqn,514,0.65189,17,-6.0,True,8000,0.06845548748970032,0.91
basic_dqn,515,0.65121,6,-15.0,False,8000,0.07007948309183121,0.9
basic_dqn,516,0.65054,6,5.0,True,8000,0.05256923288106918,0.9
basic_dqn,517,0.64986,18,-7.0,True,8000,0.0878811925649643,0.9
basic_dqn,518,0.64918,40,-40.0,False,8000,0.0262531079351902,0.89
basic_dqn,519,0.6485,37,-26.0,True,8000,0.03710700944066048,0.89
basic_dqn,520,0.64782,35,-24.0,True,8000,0.07663566619157791,0.89
basic_dqn,521,0.64714,11,0.0,True,8000,0.04552125558257103,0.9
basic_dqn,522,0.64646,5,6.0,True,8000,0.05761941149830818,0.9
basic_dqn,523,0.64579,13,-2.0,True,8000,0.11154767870903015,0.9
basic_dqn,524,0.64511,12,-1.0,True,8000,0.09653308242559433,0.9
basic_dqn,525,0.64443,5,6.0,True,8000,0.1001659408211708,0.9
basic_dqn,526,0.64375,6,5.0,True,8000,0.09705377370119095,0.9
basic_dqn,527,0.64307,5,6.0,True,8000,0.07701035588979721,0.9
basic_dqn,528,0.64239,13,-2.0,True,8000,0.22509700059890747,0.91
basic_dqn,529,0.64171,1,10.0,True,8000,0.25478917360305786,0.91
basic_dqn,530,0.64104,20,-9.0,True,8000,0.05340509116649628,0.92
basic_dqn,531,0.64036,5,-14.0,False,8000,0.08179914206266403,0.91
basic_dqn,532,0.63968,8,3.0,True,8000,0.10826180875301361,0.91
basic_dqn,533,0.639,9,2.0,True,8000,0.07985562831163406,0.91
basic_dqn,534,0.63832,6,5.0,True,8000,0.15109996497631073,0.91
basic_dqn,535,0.63764,11,0.0,True,8000,0.022422650828957558,0.91
basic_dqn,536,0.63696,10,1.0,True,8000,0.0339636392891407,0.91
basic_dqn,537,0.63629,22,-11.0,True,8000,0.08336182683706284,0.91
basic_dqn,538,0.63561,10,1.0,True,8000,0.06547394394874573,0.91
basic_dqn,539,0.63493,1,-10.0,False,8000,0.08427823334932327,0.9
basic_dqn,540,0.63425,27,-16.0,True,8000,0.036572620272636414,0.91
basic_dqn,541,0.63357,17,-6.0,True,8000,0.040188729763031006,0.91
basic_dqn,542,0.63289,2,9.0,True,8000,0.030430370941758156,0.91
basic_dqn,543,0.63221,7,4.0,True,8000,0.026913609355688095,0.91
basic_dqn,544,0.63154,17,-6.0,True,8000,0.02768496610224247,0.91
basic_dqn,545,0.63086,36,-25.0,True,8000,0.008031926117837429,0.91
basic_dqn,546,0.63018,3,8.0,True,8000,0.0098064374178648,0.92
basic_dqn,547,0.6295,20,-9.0,True,8000,0.023633774369955063,0.92
basic_dqn,548,0.62882,8,3.0,True,8000,0.05631960928440094,0.92
basic_dqn,549,0.62814,8,3.0,True,8000,0.015879429876804352,0.92
basic_dqn,550,0.62746,8,3.0,True,8000,0.011489544063806534,0.92
basic_dqn,551,0.62679,4,7.0,True,8000,0.028308335691690445,0.92
basic_dqn,552,0.62611,20,-9.0,True,8000,0.021446138620376587,0.92
basic_dqn,553,0.62543,40,-29.0,True,8000,0.009322499856352806,0.92
basic_dqn,554,0.62475,12,-1.0,True,8000,0.011877691373229027,0.92
basic_dqn,555,0.62407,9,2.0,True,8000,0.005762035492807627,0.92
basic_dqn,556,0.62339,6,5.0,True,8000,0.011117481626570225,0.93
basic_dqn,557,0.62271,15,-4.0,True,8000,0.03939249366521835,0.93
basic_dqn,558,0.62204,1,10.0,True,8000,0.021142153069376945,0.94
basic_dqn,559,0.62136,13,-2.0,True,8000,0.005201485939323902,0.94
basic_dqn,560,0.62068,6,5.0,True,8000,0.003920918796211481,0.94
basic_dqn,561,0.62,10,1.0,True,8000,0.00546299247071147,0.94
basic_dqn,562,0.61932,2,9.0,True,8000,0.009745139628648758,0.94
basic_dqn,563,0.61864,1,10.0,True,8000,0.006324190646409988,0.94
basic_dqn,564,0.61796,10,1.0,True,8000,0.011798661202192307,0.94
basic_dqn,565,0.61729,4,7.0,True,8000,0.01100228726863861,0.94
basic_dqn,566,0.61661,10,1.0,True,8000,0.015486493706703186,0.94
basic_dqn,567,0.61593,4,7.0,True,8000,0.020145604386925697,0.94
basic_dqn,568,0.61525,17,-6.0,True,8000,0.0186842679977417,0.94
basic_dqn,569,0.61457,9,2.0,True,8000,0.04915338382124901,0.94
basic_dqn,570,0.61389,1,10.0,True,8000,0.015595628879964352,0.94
basic_dqn,571,0.61321,4,-13.0,False,8000,0.10315019637346268,0.93
basic_dqn,572,0.61254,10,1.0,True,8000,0.07737656682729721,0.93
basic_dqn,573,0.61186,4,7.0,True,8000,0.020330535247921944,0.93
basic_dqn,574,0.61118,18,-7.0,True,8000,0.026414500549435616,0.93
basic_dqn,575,0.6105,2,9.0,True,8000,0.01632678136229515,0.93
basic_dqn,576,0.60982,8,3.0,True,8000,0.013533554971218109,0.93
basic_dqn,577,0.60914,8,3.0,True,8000,0.028929604217410088,0.93
basic_dqn,578,0.60846,26,-15.0,True,8000,0.031501006335020065,0.93
basic_dqn,579,0.60779,6,5.0,True,8000,0.0317574106156826,0.93
basic_dqn,580,0.60711,10,1.0,True,8000,0.028221655637025833,0.93
basic_dqn,581,0.60643,4,7.0,True,8000,0.023943109437823296,0.93
basic_dqn,582,0.60575,15,-4.0,True,8000,0.01279123593121767,0.93
basic_dqn,583,0.60507,4,7.0,True,8000,0.008170383051037788,0.93
basic_dqn,584,0.60439,13,-2.0,True,8000,0.0267130546271801,0.93
basic_dqn,585,0.60371,5,6.0,True,8000,0.03134901076555252,0.93
basic_dqn,586,0.60304,24,-13.0,True,8000,0.016123833134770393,0.93
basic_dqn,587,0.60236,4,7.0,True,8000,0.01852719858288765,0.93
basic_dqn,588,0.60168,16,-5.0,True,8000,0.009416106157004833,0.93
basic_dqn,589,0.601,15,-4.0,True,8000,0.006781724747270346,0.93
basic_dqn,590,0.60032,11,0.0,True,8000,0.005221456754952669,0.93
basic_dqn,591,0.59964,32,-21.0,True,8000,0.013383998535573483,0.93
basic_dqn,592,0.59896,21,-10.0,True,8000,0.019546734169125557,0.94
basic_dqn,593,0.59829,9,2.0,True,8000,0.01583900675177574,0.94
basic_dqn,594,0.59761,5,6.0,True,8000,0.01293556671589613,0.94
basic_dqn,595,0.59693,15,-4.0,True,8000,0.012607534416019917,0.94
basic_dqn,596,0.59625,3,8.0,True,8000,0.012670422904193401,0.94
basic_dqn,597,0.59557,19,-8.0,True,8000,0.00325391860678792,0.94
basic_dqn,598,0.59489,4,7.0,True,8000,0.004732196219265461,0.94
basic_dqn,599,0.59421,21,-10.0,True,8000,0.016543209552764893,0.94
basic_dqn,600,0.59354,13,-2.0,True,8000,0.024066340178251266,0.94
basic_dqn,601,0.59286,8,3.0,True,8000,0.014942556619644165,0.94
basic_dqn,602,0.59218,13,-2.0,True,8000,0.04018208757042885,0.94
basic_dqn,603,0.5915,28,-17.0,True,8000,0.007948013953864574,0.94
basic_dqn,604,0.59082,9,2.0,True,8000,0.012158697471022606,0.94
basic_dqn,605,0.59014,6,5.0,True,8000,0.029508795589208603,0.94
basic_dqn,606,0.58946,11,0.0,True,8000,0.06593534350395203,0.94
basic_dqn,607,0.58879,9,2.0,True,8000,0.024013271555304527,0.94
basic_dqn,608,0.58811,3,-12.0,False,8000,0.02735520526766777,0.93
basic_dqn,609,0.58743,12,-1.0,True,8000,0.03570299595594406,0.93
basic_dqn,610,0.58675,3,8.0,True,8000,0.05452318489551544,0.93
basic_dqn,611,0.58607,16,-5.0,True,8000,0.039266396313905716,0.93
basic_dqn,612,0.58539,10,1.0,True,8000,0.012118318118155003,0.94
basic_dqn,613,0.58471,20,-9.0,True,8000,0.026397688314318657,0.94
basic_dqn,614,0.58404,4,7.0,True,8000,0.04389717057347298,0.94
basic_dqn,615,0.58336,25,-14.0,True,8000,0.032027456909418106,0.95
basic_dqn,616,0.58268,12,-1.0,True,8000,0.03829119727015495,0.95
basic_dqn,617,0.582,6,5.0,True,8000,0.020716290920972824,0.95
basic_dqn,618,0.58132,17,-6.0,True,8000,0.027516765519976616,0.96
basic_dqn,619,0.58064,9,2.0,True,8000,0.0394723005592823,0.96
basic_dqn,620,0.57996,5,6.0,True,8000,0.030931759625673294,0.96
basic_dqn,621,0.57929,21,-10.0,True,8000,0.010047371499240398,0.96
basic_dqn,622,0.57861,8,3.0,True,8000,0.022315453737974167,0.96
basic_dqn,623,0.57793,17,-6.0,True,8000,0.017511531710624695,0.96
basic_dqn,624,0.57725,4,7.0,True,8000,0.02218097448348999,0.96
basic_dqn,625,0.57657,7,4.0,True,8000,0.011937679722905159,0.96
basic_dqn,626,0.57589,7,4.0,True,8000,0.016549797728657722,0.96
basic_dqn,627,0.57521,32,-21.0,True,8000,0.004052650183439255,0.96
basic_dqn,628,0.57454,5,6.0,True,8000,0.003018188290297985,0.96
basic_dqn,629,0.57386,10,-19.0,False,8000,0.0029779220931231976,0.95
basic_dqn,630,0.57318,6,5.0,True,8000,0.0015084431506693363,0.95
basic_dqn,631,0.5725,4,7.0,True,8000,0.001905016484670341,0.96
basic_dqn,632,0.57182,7,4.0,True,8000,0.0010939259082078934,0.96
basic_dqn,633,0.57114,9,2.0,True,8000,0.0015891504008322954,0.96
basic_dqn,634,0.57046,9,2.0,True,8000,0.0004810060781892389,0.96
basic_dqn,635,0.56979,17,-6.0,True,8000,0.0020734178833663464,0.96
basic_dqn,636,0.56911,9,2.0,True,8000,0.002449823310598731,0.96
basic_dqn,637,0.56843,5,6.0,True,8000,0.0031552868895232677,0.96
basic_dqn,638,0.56775,14,-3.0,True,8000,0.003143755719065666,0.96
basic_dqn,639,0.56707,6,5.0,True,8000,0.0020466416608542204,0.97
basic_dqn,640,0.56639,1,10.0,True,8000,0.0021098467987030745,0.97
basic_dqn,641,0.56571,1,10.0,True,8000,0.00196410552598536,0.97
basic_dqn,642,0.56504,10,1.0,True,8000,0.0006489695515483618,0.97
basic_dqn,643,0.56436,8,3.0,True,8000,0.0006425892934203148,0.97
basic_dqn,644,0.56368,10,1.0,True,8000,0.0014259396120905876,0.97
basic_dqn,645,0.563,27,-16.0,True,8000,0.0008167296182364225,0.97
basic_dqn,646,0.56232,8,3.0,True,8000,0.0018720156513154507,0.97
basic_dqn,647,0.56164,7,4.0,True,8000,0.0016383911715820432,0.97
basic_dqn,648,0.56096,8,3.0,True,8000,0.001788965193554759,0.97
basic_dqn,649,0.56029,7,4.0,True,8000,0.0022268041502684355,0.97
basic_dqn,650,0.55961,10,1.0,True,8000,0.0016217953525483608,0.97
basic_dqn,651,0.55893,8,3.0,True,8000,0.0028406621422618628,0.97
basic_dqn,652,0.55825,11,0.0,True,8000,0.00457701925188303,0.97
basic_dqn,653,0.55757,2,9.0,True,8000,0.006195289082825184,0.97
basic_dqn,654,0.55689,20,-9.0,True,8000,0.004640392959117889,0.97
basic_dqn,655,0.55621,17,-6.0,True,8000,0.001581274438649416,0.97
basic_dqn,656,0.55554,1,10.0,True,8000,0.002065950771793723,0.97
basic_dqn,657,0.55486,17,-6.0,True,8000,0.0025214669294655323,0.97
basic_dqn,658,0.55418,4,7.0,True,8000,0.0027683002408593893,0.97
basic_dqn,659,0.5535,6,5.0,True,8000,0.009315039031207561,0.97
basic_dqn,660,0.55282,7,4.0,True,8000,0.004450187552720308,0.97
basic_dqn,661,0.55214,4,7.0,True,8000,0.0016056972090154886,0.97
basic_dqn,662,0.55146,2,9.0,True,8000,0.001366613432765007,0.97
basic_dqn,663,0.55079,10,1.0,True,8000,0.002277675084769726,0.97
basic_dqn,664,0.55011,19,-8.0,True,8000,0.0072812167927622795,0.97
basic_dqn,665,0.54943,7,4.0,True,8000,0.0036348989233374596,0.97
basic_dqn,666,0.54875,3,8.0,True,8000,0.005349600687623024,0.97
basic_dqn,667,0.54807,11,0.0,True,8000,0.011589046567678452,0.97
basic_dqn,668,0.54739,3,-12.0,False,8000,0.005887937266379595,0.96
basic_dqn,669,0.54671,8,3.0,True,8000,0.0029959005769342184,0.96
basic_dqn,670,0.54604,5,6.0,True,8000,0.0018358842935413122,0.96
basic_dqn,671,0.54536,21,-10.0,True,8000,0.003351179650053382,0.97
basic_dqn,672,0.54468,12,-1.0,True,8000,0.0038351917173713446,0.97
basic_dqn,673,0.544,4,7.0,True,8000,0.0033726037945598364,0.97
basic_dqn,674,0.54332,6,5.0,True,8000,0.007990879938006401,0.97
basic_dqn,675,0.54264,9,2.0,True,8000,0.001988758333027363,0.97
basic_dqn,676,0.54196,7,4.0,True,8000,0.001978797372430563,0.97
basic_dqn,677,0.54129,5,6.0,True,8000,0.0027870850171893835,0.97
basic_dqn,678,0.54061,11,0.0,True,8000,0.004976195748895407,0.97
basic_dqn,679,0.53993,4,7.0,True,8000,0.003248803084716201,0.97
basic_dqn,680,0.53925,10,1.0,True,8000,0.001960416091606021,0.97
basic_dqn,681,0.53857,21,-10.0,True,8000,0.001997279468923807,0.97
basic_dqn,682,0.53789,2,9.0,True,8000,0.0022615203633904457,0.97
basic_dqn,683,0.53721,9,2.0,True,8000,0.0071152569726109505,0.97
basic_dqn,684,0.53654,1,10.0,True,8000,0.006143307313323021,0.97
basic_dqn,685,0.53586,15,-4.0,True,8000,0.004648352041840553,0.97
basic_dqn,686,0.53518,18,-7.0,True,8000,0.002053628209978342,0.97
basic_dqn,687,0.5345,14,-3.0,True,8000,0.003487749258056283,0.97
basic_dqn,688,0.53382,7,4.0,True,8000,0.004352124873548746,0.97
basic_dqn,689,0.53314,11,0.0,True,8000,0.00683228112757206,0.97
basic_dqn,690,0.53246,18,-7.0,True,8000,0.007656804285943508,0.97
basic_dqn,691,0.53179,11,0.0,True,8000,0.003048858605325222,0.97
basic_dqn,692,0.53111,8,3.0,True,8000,0.0030589918605983257,0.97
basic_dqn,693,0.53043,3,8.0,True,8000,0.0048677269369363785,0.97
basic_dqn,694,0.52975,5,6.0,True,8000,0.005000609904527664,0.97
basic_dqn,695,0.52907,5,6.0,True,8000,0.012495399452745914,0.97
basic_dqn,696,0.52839,3,-12.0,False,8000,0.01046050526201725,0.96
basic_dqn,697,0.52771,1,-10.0,False,8000,0.014311530627310276,0.95
basic_dqn,698,0.52704,6,5.0,True,8000,0.01276914682239294,0.95
basic_dqn,699,0.52636,18,-7.0,True,8000,0.04845700040459633,0.95
basic_dqn,700,0.52568,1,10.0,True,8000,0.044025491923093796,0.95
basic_dqn,701,0.525,12,-1.0,True,8000,0.008944258093833923,0.95
basic_dqn,702,0.52432,2,9.0,True,8000,0.01373139675706625,0.95
basic_dqn,703,0.52364,8,3.0,True,8000,0.00782057549804449,0.95
basic_dqn,704,0.52296,8,3.0,True,8000,0.015030059963464737,0.95
basic_dqn,705,0.52229,19,-8.0,True,8000,0.01686760224401951,0.95
basic_dqn,706,0.52161,5,6.0,True,8000,0.021400071680545807,0.95
basic_dqn,707,0.52093,23,-12.0,True,8000,0.010338811203837395,0.95
basic_dqn,708,0.52025,3,8.0,True,8000,0.026508189737796783,0.96
basic_dqn,709,0.51957,8,-17.0,False,8000,0.025718500837683678,0.95
basic_dqn,710,0.51889,3,8.0,True,8000,0.015917129814624786,0.95
basic_dqn,711,0.51821,4,7.0,True,8000,0.04656219482421875,0.95
basic_dqn,712,0.51754,23,-12.0,True,8000,0.026163309812545776,0.95
basic_dqn,713,0.51686,3,8.0,True,8000,0.022495532408356667,0.95
basic_dqn,714,0.51618,9,2.0,True,8000,0.019275832921266556,0.95
basic_dqn,715,0.5155,22,-11.0,True,8000,0.03616807982325554,0.95
basic_dqn,716,0.51482,12,-1.0,True,8000,0.077550508081913,0.95
basic_dqn,717,0.51414,6,5.0,True,8000,0.02538960985839367,0.95
basic_dqn,718,0.51346,7,4.0,True,8000,0.05213095620274544,0.95
basic_dqn,719,0.51279,18,-7.0,True,8000,0.04071051999926567,0.95
basic_dqn,720,0.51211,4,7.0,True,8000,0.03426866605877876,0.95
basic_dqn,721,0.51143,1,10.0,True,8000,0.04553350433707237,0.95
basic_dqn,722,0.51075,25,-14.0,True,8000,0.14829547703266144,0.95
basic_dqn,723,0.51007,6,5.0,True,8000,0.10691565275192261,0.95
basic_dqn,724,0.50939,4,7.0,True,8000,0.028122318908572197,0.95
basic_dqn,725,0.50871,16,-5.0,True,8000,0.037984009832143784,0.95
basic_dqn,726,0.50804,12,-1.0,True,8000,0.013108017854392529,0.95
basic_dqn,727,0.50736,9,2.0,True,8000,0.005579295102506876,0.95
basic_dqn,728,0.50668,7,4.0,True,8000,0.011994719505310059,0.95
basic_dqn,729,0.506,1,-10.0,False,8000,0.01878928765654564,0.95
basic_dqn,730,0.50532,15,-4.0,True,8000,0.03646517172455788,0.95
basic_dqn,731,0.50464,4,7.0,True,8000,0.04921558499336243,0.95
basic_dqn,732,0.50396,15,-4.0,True,8000,0.027232060208916664,0.95
basic_dqn,733,0.50329,37,-26.0,True,8000,0.04194125533103943,0.95
basic_dqn,734,0.50261,6,5.0,True,8000,0.019854074344038963,0.95
basic_dqn,735,0.50193,4,7.0,True,8000,0.020008785650134087,0.95
basic_dqn,736,0.50125,15,-4.0,True,8000,0.009277788922190666,0.95
basic_dqn,737,0.50057,10,1.0,True,8000,0.04824567586183548,0.95
basic_dqn,738,0.49989,4,7.0,True,8000,0.030418651178479195,0.95
basic_dqn,739,0.49921,10,1.0,True,8000,0.006188324652612209,0.95
basic_dqn,740,0.49854,7,4.0,True,8000,0.004920457489788532,0.95
basic_dqn,741,0.49786,6,5.0,True,8000,0.02208930440247059,0.95
basic_dqn,742,0.49718,7,4.0,True,8000,0.012485956773161888,0.95
basic_dqn,743,0.4965,10,1.0,True,8000,0.029995065182447433,0.95
basic_dqn,744,0.49582,10,1.0,True,8000,0.016435889527201653,0.95
basic_dqn,745,0.49514,12,-1.0,True,8000,0.02274801768362522,0.95
basic_dqn,746,0.49446,7,4.0,True,8000,0.02292563207447529,0.95
basic_dqn,747,0.49379,9,2.0,True,8000,0.0351884700357914,0.95
basic_dqn,748,0.49311,4,7.0,True,8000,0.034677669405937195,0.95
basic_dqn,749,0.49243,12,-1.0,True,8000,0.07175427675247192,0.95
basic_dqn,750,0.49175,8,3.0,True,8000,0.07201828062534332,0.95
basic_dqn,751,0.49107,16,-5.0,True,8000,0.050892721861600876,0.95
basic_dqn,752,0.49039,10,1.0,True,8000,0.08419901877641678,0.95
basic_dqn,753,0.48971,16,-5.0,True,8000,0.016960512846708298,0.95
basic_dqn,754,0.48904,8,3.0,True,8000,0.03353835642337799,0.95
basic_dqn,755,0.48836,9,2.0,True,8000,0.04422299191355705,0.95
basic_dqn,756,0.48768,6,5.0,True,8000,0.07737769931554794,0.95
basic_dqn,757,0.487,10,1.0,True,8000,0.047050077468156815,0.95
basic_dqn,758,0.48632,21,-10.0,True,8000,0.07483676820993423,0.95
basic_dqn,759,0.48564,2,9.0,True,8000,0.07074004411697388,0.95
basic_dqn,760,0.48496,5,6.0,True,8000,0.02177387848496437,0.95
basic_dqn,761,0.48429,9,2.0,True,8000,0.01905602216720581,0.95
basic_dqn,762,0.48361,7,4.0,True,8000,0.024226289242506027,0.95
basic_dqn,763,0.48293,3,8.0,True,8000,0.03979923576116562,0.95
basic_dqn,764,0.48225,2,-11.0,False,8000,0.03292212262749672,0.94
basic_dqn,765,0.48157,10,1.0,True,8000,0.04298294335603714,0.94
basic_dqn,766,0.48089,8,3.0,True,8000,0.1193476989865303,0.94
basic_dqn,767,0.48021,5,6.0,True,8000,0.05101586878299713,0.94
basic_dqn,768,0.47954,15,-4.0,True,8000,0.068589948117733,0.95
basic_dqn,769,0.47886,7,4.0,True,8000,0.03017202764749527,0.95
basic_dqn,770,0.47818,14,-3.0,True,8000,0.02238547056913376,0.95
basic_dqn,771,0.4775,4,7.0,True,8000,0.055582527071237564,0.95
basic_dqn,772,0.47682,6,5.0,True,8000,0.11117030680179596,0.95
basic_dqn,773,0.47614,16,-5.0,True,8000,0.2925306260585785,0.95
basic_dqn,774,0.47546,28,-17.0,True,8000,0.19747695326805115,0.95
basic_dqn,775,0.47479,10,1.0,True,8000,0.12324049323797226,0.95
basic_dqn,776,0.47411,3,8.0,True,8000,0.07517450302839279,0.95
basic_dqn,777,0.47343,5,6.0,True,8000,0.03887920826673508,0.95
basic_dqn,778,0.47275,5,6.0,True,8000,0.05694597214460373,0.95
basic_dqn,779,0.47207,6,5.0,True,8000,0.09835582226514816,0.95
basic_dqn,780,0.47139,5,6.0,True,8000,0.08187706768512726,0.95
basic_dqn,781,0.47071,3,8.0,True,8000,0.08541316539049149,0.95
basic_dqn,782,0.47004,4,7.0,True,8000,0.19500254094600677,0.95
basic_dqn,783,0.46936,5,6.0,True,8000,0.12074705958366394,0.95
basic_dqn,784,0.46868,1,10.0,True,8000,0.11070019006729126,0.95
basic_dqn,785,0.468,24,-13.0,True,8000,0.12097790092229843,0.95
basic_dqn,786,0.46732,10,1.0,True,8000,0.04286324977874756,0.95
basic_dqn,787,0.46664,8,3.0,True,8000,0.06467463076114655,0.95
basic_dqn,788,0.46596,10,1.0,True,8000,0.03082418628036976,0.95
basic_dqn,789,0.46529,10,1.0,True,8000,0.04406725615262985,0.95
basic_dqn,790,0.46461,7,4.0,True,8000,0.06948728859424591,0.95
basic_dqn,791,0.46393,6,5.0,True,8000,0.11061010509729385,0.95
basic_dqn,792,0.46325,14,-3.0,True,8000,0.10856695473194122,0.95
basic_dqn,793,0.46257,5,6.0,True,8000,0.08156365901231766,0.95
basic_dqn,794,0.46189,3,8.0,True,8000,0.06573889404535294,0.95
basic_dqn,795,0.46121,6,5.0,True,8000,0.07116806507110596,0.95
basic_dqn,796,0.46054,10,1.0,True,8000,0.07188249379396439,0.96
basic_dqn,797,0.45986,24,-13.0,True,8000,0.012788954190909863,0.97
basic_dqn,798,0.45918,12,-1.0,True,8000,0.019614584743976593,0.97
basic_dqn,799,0.4585,1,10.0,True,8000,0.039422452449798584,0.97
basic_dqn,800,0.45782,5,6.0,True,8000,0.053402844816446304,0.97
basic_dqn,801,0.45714,9,2.0,True,8000,0.09694364666938782,0.97
basic_dqn,802,0.45646,4,7.0,True,8000,0.0754595622420311,0.97
basic_dqn,803,0.45579,10,1.0,True,8000,0.018544649705290794,0.97
basic_dqn,804,0.45511,7,4.0,True,8000,0.027310138568282127,0.97
basic_dqn,805,0.45443,13,-2.0,True,8000,0.009981997311115265,0.97
basic_dqn,806,0.45375,7,4.0,True,8000,0.008242934010922909,0.97
basic_dqn,807,0.45307,7,4.0,True,8000,0.0046788593754172325,0.97
basic_dqn,808,0.45239,6,5.0,True,8000,0.003984150942414999,0.97
basic_dqn,809,0.45171,16,-5.0,True,8000,0.005621776916086674,0.98
basic_dqn,810,0.45104,10,1.0,True,8000,0.007540957070887089,0.98
basic_dqn,811,0.45036,15,-4.0,True,8000,0.0032773083075881004,0.98
basic_dqn,812,0.44968,3,8.0,True,8000,0.00310345645993948,0.98
basic_dqn,813,0.449,3,8.0,True,8000,0.0031552333384752274,0.98
basic_dqn,814,0.44832,11,0.0,True,8000,0.002838682848960161,0.98
basic_dqn,815,0.44764,10,1.0,True,8000,0.0008942575077526271,0.98
basic_dqn,816,0.44696,11,0.0,True,8000,0.0004830558318644762,0.98
basic_dqn,817,0.44629,8,3.0,True,8000,0.0005989109631627798,0.98
basic_dqn,818,0.44561,10,1.0,True,8000,0.000584096007514745,0.98
basic_dqn,819,0.44493,6,5.0,True,8000,0.0005650295061059296,0.98
basic_dqn,820,0.44425,2,9.0,True,8000,0.00043774256482720375,0.98
basic_dqn,821,0.44357,5,6.0,True,8000,0.0006556010339409113,0.98
basic_dqn,822,0.44289,7,4.0,True,8000,0.0007754016551189125,0.98
basic_dqn,823,0.44221,7,4.0,True,8000,0.00036543497117236257,0.98
basic_dqn,824,0.44154,7,4.0,True,8000,0.0002411650202702731,0.98
basic_dqn,825,0.44086,19,-8.0,True,8000,0.00011615613766480237,0.98
basic_dqn,826,0.44018,5,6.0,True,8000,0.00014068583550397307,0.98
basic_dqn,827,0.4395,4,7.0,True,8000,0.00018225170788355172,0.98
basic_dqn,828,0.43882,4,7.0,True,8000,8.723028440726921e-05,0.98
basic_dqn,829,0.43814,13,-2.0,True,8000,0.0001540782250231132,0.99
basic_dqn,830,0.43746,8,3.0,True,8000,0.00012167768727522343,0.99
basic_dqn,831,0.43679,3,8.0,True,8000,8.025887655094266e-05,0.99
basic_dqn,832,0.43611,2,9.0,True,8000,6.977511657169089e-05,0.99
basic_dqn,833,0.43543,6,5.0,True,8000,0.0001687308249529451,0.99
basic_dqn,834,0.43475,4,7.0,True,8000,0.00013941610814072192,0.99
basic_dqn,835,0.43407,6,5.0,True,8000,5.4987031035125256e-05,0.99
basic_dqn,836,0.43339,7,4.0,True,8000,5.971950668026693e-05,0.99
basic_dqn,837,0.43271,4,7.0,True,8000,6.893269892316312e-05,0.99
basic_dqn,838,0.43204,7,4.0,True,8000,0.0001025524252327159,0.99
basic_dqn,839,0.43136,2,9.0,True,8000,8.657564467284828e-05,0.99
basic_dqn,840,0.43068,2,-11.0,False,8000,7.152522448450327e-05,0.98
basic_dqn,841,0.43,10,1.0,True,8000,1.7340065824100748e-05,0.98
basic_dqn,842,0.42932,6,5.0,True,8000,3.387363176443614e-05,0.98
basic_dqn,843,0.42864,4,7.0,True,8000,3.671472950372845e-05,0.98
basic_dqn,844,0.42796,7,4.0,True,8000,1.0137493518413976e-05,0.98
basic_dqn,845,0.42729,1,10.0,True,8000,1.745605368341785e-05,0.98
basic_dqn,846,0.42661,21,-10.0,True,8000,9.462813068239484e-06,0.98
basic_dqn,847,0.42593,6,5.0,True,8000,2.011348624364473e-05,0.98
basic_dqn,848,0.42525,6,5.0,True,8000,1.981283821805846e-05,0.98
basic_dqn,849,0.42457,8,3.0,True,8000,1.1359903510310687e-05,0.98
basic_dqn,850,0.42389,4,7.0,True,8000,1.8094420738634653e-05,0.98
basic_dqn,851,0.42321,9,2.0,True,8000,1.1070027539972216e-05,0.98
basic_dqn,852,0.42254,6,5.0,True,8000,9.89571799436817e-06,0.98
basic_dqn,853,0.42186,14,-3.0,True,8000,7.685796845180448e-06,0.98
basic_dqn,854,0.42118,1,10.0,True,8000,8.198692739824764e-06,0.98
basic_dqn,855,0.4205,12,-1.0,True,8000,9.940212294168305e-06,0.98
basic_dqn,856,0.41982,13,-2.0,True,8000,7.950451617944054e-06,0.98
basic_dqn,857,0.41914,6,5.0,True,8000,4.453725068742642e-06,0.98
basic_dqn,858,0.41846,13,-2.0,True,8000,8.084084583970252e-06,0.98
basic_dqn,859,0.41779,4,7.0,True,8000,3.554605655153864e-06,0.98
basic_dqn,860,0.41711,10,1.0,True,8000,7.713906597928144e-06,0.98
basic_dqn,861,0.41643,5,6.0,True,8000,2.532674898247933e-06,0.98
basic_dqn,862,0.41575,4,7.0,True,8000,4.723150595964398e-06,0.98
basic_dqn,863,0.41507,6,5.0,True,8000,7.792636097292416e-06,0.98
basic_dqn,864,0.41439,3,8.0,True,8000,5.910152140131686e-06,0.99
basic_dqn,865,0.41371,5,6.0,True,8000,3.631452045738115e-06,0.99
basic_dqn,866,0.41304,7,4.0,True,8000,3.2428908980364213e-06,0.99
basic_dqn,867,0.41236,1,10.0,True,8000,5.459069143398665e-06,0.99
basic_dqn,868,0.41168,6,5.0,True,8000,5.718372449337039e-06,0.99
basic_dqn,869,0.411,4,7.0,True,8000,5.049083938502008e-06,0.99
basic_dqn,870,0.41032,15,-4.0,True,8000,3.5298821785545442e-06,0.99
basic_dqn,871,0.40964,8,3.0,True,8000,7.200077561719809e-06,0.99
basic_dqn,872,0.40896,6,5.0,True,8000,5.886887720407685e-06,0.99
basic_dqn,873,0.40829,24,-13.0,True,8000,3.241303602408152e-06,0.99
basic_dqn,874,0.40761,3,8.0,True,8000,4.105804237042321e-06,0.99
basic_dqn,875,0.40693,7,4.0,True,8000,5.551831236516591e-06,0.99
basic_dqn,876,0.40625,3,8.0,True,8000,5.782318567071343e-06,0.99
basic_dqn,877,0.40557,11,0.0,True,8000,2.4690325517440215e-06,0.99
basic_dqn,878,0.40489,9,2.0,True,8000,2.284448783029802e-06,0.99
basic_dqn,879,0.40421,8,3.0,True,8000,3.2083892165246652e-06,0.99
basic_dqn,880,0.40354,7,4.0,True,8000,3.4988916013389826e-06,0.99
basic_dqn,881,0.40286,8,3.0,True,8000,4.535936568572652e-06,0.99
basic_dqn,882,0.40218,9,2.0,True,8000,3.6375743093230994e-06,0.99
basic_dqn,883,0.4015,7,4.0,True,8000,5.144072019902524e-06,0.99
basic_dqn,884,0.40082,9,2.0,True,8000,1.412557367075351e-06,0.99
basic_dqn,885,0.40014,2,-11.0,False,8000,1.0172925613005646e-06,0.98
basic_dqn,886,0.39946,10,1.0,True,8000,1.5493554883505567e-06,0.98
basic_dqn,887,0.39879,1,10.0,True,8000,1.4869584674670477e-06,0.98
basic_dqn,888,0.39811,6,5.0,True,8000,1.0763301361293998e-06,0.98
basic_dqn,889,0.39743,10,1.0,True,8000,1.7618197034607874e-06,0.98
basic_dqn,890,0.39675,6,5.0,True,8000,2.300262167409528e-06,0.98
basic_dqn,891,0.39607,7,4.0,True,8000,1.5344671737693716e-06,0.98
basic_dqn,892,0.39539,1,10.0,True,8000,1.857974098129489e-06,0.98
basic_dqn,893,0.39471,7,4.0,True,8000,2.032122665696079e-06,0.98
basic_dqn,894,0.39404,8,3.0,True,8000,1.6114852314785821e-06,0.98
basic_dqn,895,0.39336,7,4.0,True,8000,1.4030545116838766e-06,0.98
basic_dqn,896,0.39268,7,4.0,True,8000,1.212135202877107e-06,0.98
basic_dqn,897,0.392,9,2.0,True,8000,1.5284142591553973e-06,0.98
basic_dqn,898,0.39132,4,7.0,True,8000,1.822627496039786e-06,0.98
basic_dqn,899,0.39064,12,-1.0,True,8000,3.3130511383205885e-06,0.98
basic_dqn,900,0.38996,15,-4.0,True,8000,3.7292727483873023e-06,0.98
basic_dqn,901,0.38929,1,10.0,True,8000,5.006414085073629e-06,0.98
basic_dqn,902,0.38861,3,8.0,True,8000,8.267205885204021e-06,0.98
basic_dqn,903,0.38793,4,7.0,True,8000,1.1727048331522383e-05,0.98
basic_dqn,904,0.38725,2,9.0,True,8000,9.362696800963022e-06,0.98
basic_dqn,905,0.38657,6,5.0,True,8000,6.334572390187532e-06,0.98
basic_dqn,906,0.38589,9,2.0,True,8000,1.1621159501373768e-05,0.98
basic_dqn,907,0.38521,8,3.0,True,8000,2.2590991193283116e-06,0.98
basic_dqn,908,0.38454,1,10.0,True,8000,4.713798261946067e-06,0.98
basic_dqn,909,0.38386,4,7.0,True,8000,9.518988008494489e-06,0.98
basic_dqn,910,0.38318,1,-10.0,False,8000,6.858837878098711e-06,0.97
basic_dqn,911,0.3825,8,3.0,True,8000,3.1832087188377045e-06,0.97
basic_dqn,912,0.38182,20,-9.0,True,8000,2.489237431291258e-06,0.97
basic_dqn,913,0.38114,1,10.0,True,8000,2.6339066607761197e-06,0.97
basic_dqn,914,0.38046,3,8.0,True,8000,2.7381486233934993e-06,0.97
basic_dqn,915,0.37979,4,7.0,True,8000,5.518677426152863e-06,0.97
basic_dqn,916,0.37911,5,6.0,True,8000,4.380480277177412e-06,0.97
basic_dqn,917,0.37843,4,7.0,True,8000,1.890210114652291e-06,0.97
basic_dqn,918,0.37775,8,3.0,True,8000,6.586152721865801e-06,0.97
basic_dqn,919,0.37707,10,1.0,True,8000,1.680441300777602e-06,0.97
basic_dqn,920,0.37639,8,3.0,True,8000,9.82775236479938e-06,0.97
basic_dqn,921,0.37571,8,3.0,True,8000,3.6094993447477464e-06,0.97
basic_dqn,922,0.37504,7,4.0,True,8000,6.072250471333973e-06,0.97
basic_dqn,923,0.37436,7,4.0,True,8000,7.134865882107988e-06,0.97
basic_dqn,924,0.37368,15,-4.0,True,8000,9.91405249806121e-06,0.97
basic_dqn,925,0.373,2,9.0,True,8000,6.579579803656088e-06,0.97
basic_dqn,926,0.37232,7,4.0,True,8000,1.2941658269483014e-06,0.97
basic_dqn,927,0.37164,15,-4.0,True,8000,5.031375167163787e-06,0.97
basic_dqn,928,0.37096,1,10.0,True,8000,3.8437060538853984e-06,0.97
basic_dqn,929,0.37029,5,6.0,True,8000,4.1175976548402105e-06,0.97
basic_dqn,930,0.36961,3,8.0,True,8000,2.082871787933982e-06,0.97
basic_dqn,931,0.36893,15,-4.0,True,8000,1.1273355084995274e-06,0.97
basic_dqn,932,0.36825,1,10.0,True,8000,2.0416446204762906e-06,0.97
basic_dqn,933,0.36757,10,1.0,True,8000,3.948742232751101e-06,0.97
basic_dqn,934,0.36689,21,-10.0,True,8000,5.0931571422552224e-06,0.97
basic_dqn,935,0.36621,10,1.0,True,8000,2.15884720091708e-05,0.97
basic_dqn,936,0.36554,14,-3.0,True,8000,3.432460653129965e-05,0.97
basic_dqn,937,0.36486,11,0.0,True,8000,4.497119880397804e-05,0.97
basic_dqn,938,0.36418,10,1.0,True,8000,2.457475602568593e-05,0.97
basic_dqn,939,0.3635,3,8.0,True,8000,6.152537389425561e-05,0.97
basic_dqn,940,0.36282,3,-12.0,False,8000,9.998391033150256e-05,0.97
basic_dqn,941,0.36214,9,2.0,True,8000,5.277505624690093e-05,0.97
basic_dqn,942,0.36146,15,-4.0,True,8000,8.045150025282055e-05,0.97
basic_dqn,943,0.36079,7,4.0,True,8000,0.00020073216001037508,0.97
basic_dqn,944,0.36011,11,0.0,True,8000,0.00025674476637504995,0.97
basic_dqn,945,0.35943,3,8.0,True,8000,0.0003489211085252464,0.97
basic_dqn,946,0.35875,6,5.0,True,8000,0.00025549717247486115,0.97
basic_dqn,947,0.35807,7,4.0,True,8000,0.00038316991413012147,0.97
basic_dqn,948,0.35739,2,9.0,True,8000,0.0004303455352783203,0.97
basic_dqn,949,0.35671,4,7.0,True,8000,0.00029087107395753264,0.97
basic_dqn,950,0.35604,5,6.0,True,8000,0.00011772748257499188,0.97
basic_dqn,951,0.35536,8,3.0,True,8000,0.0002514576481189579,0.97
basic_dqn,952,0.35468,4,7.0,True,8000,0.0001298385759582743,0.97
basic_dqn,953,0.354,2,9.0,True,8000,0.00015402896679006517,0.97
basic_dqn,954,0.35332,6,5.0,True,8000,0.0004940992803312838,0.97
basic_dqn,955,0.35264,6,5.0,True,8000,0.0004243429284542799,0.97
basic_dqn,956,0.35196,7,4.0,True,8000,0.0008369092247448862,0.97
basic_dqn,957,0.35129,3,8.0,True,8000,0.0015584302600473166,0.97
basic_dqn,958,0.35061,16,-5.0,True,8000,0.002140599302947521,0.97
basic_dqn,959,0.34993,3,8.0,True,8000,0.002494566375389695,0.97
basic_dqn,960,0.34925,14,-3.0,True,8000,0.005999588407576084,0.97
basic_dqn,961,0.34857,3,8.0,True,8000,0.003081976668909192,0.97
basic_dqn,962,0.34789,1,10.0,True,8000,0.0026577357202768326,0.97
basic_dqn,963,0.34721,5,6.0,True,8000,0.003488929243758321,0.97
basic_dqn,964,0.34654,8,3.0,True,8000,0.00394532922655344,0.97
basic_dqn,965,0.34586,15,-4.0,True,8000,0.009493065066635609,0.97
basic_dqn,966,0.34518,8,3.0,True,8000,0.024968907237052917,0.97
basic_dqn,967,0.3445,9,2.0,True,8000,0.006598909851163626,0.97
basic_dqn,968,0.34382,4,7.0,True,8000,0.019836198538541794,0.97
basic_dqn,969,0.34314,6,5.0,True,8000,0.016761112958192825,0.97
basic_dqn,970,0.34246,10,1.0,True,8000,0.028761716559529305,0.97
basic_dqn,971,0.34179,6,5.0,True,8000,0.017254963517189026,0.97
basic_dqn,972,0.34111,12,-1.0,True,8000,0.04183584079146385,0.97
basic_dqn,973,0.34043,2,9.0,True,8000,0.018941719084978104,0.97
basic_dqn,974,0.33975,5,6.0,True,8000,0.016077741980552673,0.97
basic_dqn,975,0.33907,15,-4.0,True,8000,0.05562930554151535,0.97
basic_dqn,976,0.33839,11,0.0,True,8000,0.028140008449554443,0.97
basic_dqn,977,0.33771,3,8.0,True,8000,0.04972463846206665,0.97
basic_dqn,978,0.33704,15,-4.0,True,8000,0.089213527739048,0.97
basic_dqn,979,0.33636,10,1.0,True,8000,0.04741782322525978,0.97
basic_dqn,980,0.33568,11,0.0,True,8000,0.13834145665168762,0.97
basic_dqn,981,0.335,2,9.0,True,8000,0.07491161674261093,0.97
basic_dqn,982,0.33432,6,5.0,True,8000,0.06727587431669235,0.97
basic_dqn,983,0.33364,13,-2.0,True,8000,0.21419665217399597,0.97
basic_dqn,984,0.33296,5,6.0,True,8000,0.20550531148910522,0.97
basic_dqn,985,0.33229,1,10.0,True,8000,0.35269078612327576,0.98
basic_dqn,986,0.33161,5,6.0,True,8000,0.5694888234138489,0.98
basic_dqn,987,0.33093,3,8.0,True,8000,0.3448893427848816,0.98
basic_dqn,988,0.33025,8,3.0,True,8000,0.1510067880153656,0.98
basic_dqn,989,0.32957,13,-2.0,True,8000,0.8072163462638855,0.98
basic_dqn,990,0.32889,3,8.0,True,8000,0.3385795056819916,0.98
basic_dqn,991,0.32821,8,3.0,True,8000,0.36282646656036377,0.98
basic_dqn,992,0.32754,7,4.0,True,8000,0.4176701307296753,0.98
basic_dqn,993,0.32686,1,10.0,True,8000,0.4963960647583008,0.98
basic_dqn,994,0.32618,8,3.0,True,8000,0.10026219487190247,0.98
basic_dqn,995,0.3255,10,1.0,True,8000,0.5446787476539612,0.98
basic_dqn,996,0.32482,7,4.0,True,8000,0.3536003530025482,0.98
basic_dqn,997,0.32414,6,5.0,True,8000,0.1421211212873459,0.98
basic_dqn,998,0.32346,15,-4.0,True,8000,0.5855292677879333,0.98
basic_dqn,999,0.32279,18,-7.0,True,8000,0.32565203309059143,0.98
basic_dqn,1000,0.32211,4,7.0,True,8000,0.6082431077957153,0.98
basic_dqn,1001,0.32143,1,10.0,True,8000,0.41581302881240845,0.98
basic_dqn,1002,0.32075,3,-12.0,False,8000,0.5712610483169556,0.97
basic_dqn,1003,0.32007,10,1.0,True,8000,0.27903100848197937,0.97
basic_dqn,1004,0.31939,6,5.0,True,8000,0.16546227037906647,0.97
basic_dqn,1005,0.31871,9,2.0,True,8000,0.37069499492645264,0.97
basic_dqn,1006,0.31804,7,4.0,True,8000,0.30729568004608154,0.97
basic_dqn,1007,0.31736,5,6.0,True,8000,0.1598997861146927,0.97
basic_dqn,1008,0.31668,10,1.0,True,8000,0.15747308731079102,0.97
basic_dqn,1009,0.316,4,7.0,True,8000,0.3139859139919281,0.97
basic_dqn,1010,0.31532,6,5.0,True,8000,0.40503990650177,0.98
basic_dqn,1011,0.31464,8,3.0,True,8000,0.34562599658966064,0.98
basic_dqn,1012,0.31396,6,5.0,True,8000,0.14008168876171112,0.98
basic_dqn,1013,0.31329,6,5.0,True,8000,0.2085607498884201,0.98
basic_dqn,1014,0.31261,16,-5.0,True,8000,0.21834516525268555,0.98
basic_dqn,1015,0.31193,3,8.0,True,8000,0.11447073519229889,0.98
basic_dqn,1016,0.31125,6,5.0,True,8000,0.15163151919841766,0.98
basic_dqn,1017,0.31057,11,0.0,True,8000,0.3619619905948639,0.98
basic_dqn,1018,0.30989,7,4.0,True,8000,0.3249572217464447,0.98
basic_dqn,1019,0.30921,1,10.0,True,8000,0.37357357144355774,0.98
basic_dqn,1020,0.30854,6,5.0,True,8000,0.21647080779075623,0.98
basic_dqn,1021,0.30786,9,2.0,True,8000,0.16403011977672577,0.98
basic_dqn,1022,0.30718,10,1.0,True,8000,0.3329951763153076,0.98
basic_dqn,1023,0.3065,7,4.0,True,8000,0.3456710875034332,0.98
basic_dqn,1024,0.30582,2,9.0,True,8000,0.182857483625412,0.98
basic_dqn,1025,0.30514,16,-5.0,True,8000,0.14781172573566437,0.98
basic_dqn,1026,0.30446,1,10.0,True,8000,0.20163723826408386,0.98
basic_dqn,1027,0.30379,3,8.0,True,8000,0.17666783928871155,0.98
basic_dqn,1028,0.30311,5,6.0,True,8000,0.26357463002204895,0.98
basic_dqn,1029,0.30243,8,3.0,True,8000,0.11062560975551605,0.98
basic_dqn,1030,0.30175,7,4.0,True,8000,0.039859749376773834,0.98
basic_dqn,1031,0.30107,3,8.0,True,8000,0.05314527451992035,0.98
basic_dqn,1032,0.30039,3,8.0,True,8000,0.08196846395730972,0.98
basic_dqn,1033,0.29971,4,7.0,True,8000,0.10611259192228317,0.98
basic_dqn,1034,0.29904,6,5.0,True,8000,0.13546985387802124,0.98
basic_dqn,1035,0.29836,9,2.0,True,8000,0.07784625142812729,0.98
basic_dqn,1036,0.29768,6,5.0,True,8000,0.03474806994199753,0.98
basic_dqn,1037,0.297,4,7.0,True,8000,0.04317858815193176,0.98
basic_dqn,1038,0.29632,7,4.0,True,8000,0.11991225928068161,0.98
basic_dqn,1039,0.29564,9,2.0,True,8000,0.1949751079082489,0.98
basic_dqn,1040,0.29496,8,3.0,True,8000,0.1123007982969284,0.99
basic_dqn,1041,0.29429,4,7.0,True,8000,0.06758387386798859,0.99
basic_dqn,1042,0.29361,7,4.0,True,8000,0.09939588606357574,0.99
basic_dqn,1043,0.29293,4,7.0,True,8000,0.16331879794597626,0.99
basic_dqn,1044,0.29225,8,3.0,True,8000,0.20325317978858948,0.99
basic_dqn,1045,0.29157,1,10.0,True,8000,0.225992813706398,0.99
basic_dqn,1046,0.29089,3,8.0,True,8000,0.14256387948989868,0.99
basic_dqn,1047,0.29021,7,4.0,True,8000,0.07028955966234207,0.99
basic_dqn,1048,0.28954,8,3.0,True,8000,0.07893317937850952,0.99
basic_dqn,1049,0.28886,2,9.0,True,8000,0.08709181845188141,0.99
basic_dqn,1050,0.28818,3,-12.0,False,8000,0.1380632221698761,0.98
basic_dqn,1051,0.2875,8,3.0,True,8000,0.17753097414970398,0.98
basic_dqn,1052,0.28682,14,-3.0,True,8000,0.03947673365473747,0.98
basic_dqn,1053,0.28614,5,6.0,True,8000,0.034846723079681396,0.98
basic_dqn,1054,0.28546,3,8.0,True,8000,0.07058685272932053,0.98
basic_dqn,1055,0.28479,1,10.0,True,8000,0.06956730037927628,0.98
basic_dqn,1056,0.28411,5,6.0,True,8000,0.06858957558870316,0.98
basic_dqn,1057,0.28343,8,3.0,True,8000,0.05638079717755318,0.98
basic_dqn,1058,0.28275,8,3.0,True,8000,0.05663676559925079,0.98
basic_dqn,1059,0.28207,12,-1.0,True,8000,0.05598964914679527,0.98
basic_dqn,1060,0.28139,5,6.0,True,8000,0.11236274242401123,0.98
basic_dqn,1061,0.28071,2,9.0,True,8000,0.09319233149290085,0.98
basic_dqn,1062,0.28004,5,6.0,True,8000,0.17590194940567017,0.98
basic_dqn,1063,0.27936,6,5.0,True,8000,0.07917112857103348,0.98
basic_dqn,1064,0.27868,3,8.0,True,8000,0.07221076637506485,0.98
basic_dqn,1065,0.278,9,2.0,True,8000,0.05283176898956299,0.98
basic_dqn,1066,0.27732,9,2.0,True,8000,0.11247024685144424,0.98
basic_dqn,1067,0.27664,14,-3.0,True,8000,0.04100753366947174,0.98
basic_dqn,1068,0.27596,7,4.0,True,8000,0.022834930568933487,0.98
basic_dqn,1069,0.27529,6,5.0,True,8000,0.04734162241220474,0.98
basic_dqn,1070,0.27461,7,4.0,True,8000,0.08425641804933548,0.98
basic_dqn,1071,0.27393,1,10.0,True,8000,0.07163353264331818,0.98
basic_dqn,1072,0.27325,7,4.0,True,8000,0.04561812803149223,0.98
basic_dqn,1073,0.27257,7,4.0,True,8000,0.011094285175204277,0.98
basic_dqn,1074,0.27189,10,1.0,True,8000,0.029679857194423676,0.98
basic_dqn,1075,0.27121,2,9.0,True,8000,0.02935098670423031,0.98
basic_dqn,1076,0.27054,8,3.0,True,8000,0.036909449845552444,0.98
basic_dqn,1077,0.26986,4,7.0,True,8000,0.03548699617385864,0.98
basic_dqn,1078,0.26918,9,2.0,True,8000,0.011857382953166962,0.98
basic_dqn,1079,0.2685,7,4.0,True,8000,0.021802065894007683,0.98
basic_dqn,1080,0.26782,12,-1.0,True,8000,0.025183357298374176,0.98
basic_dqn,1081,0.26714,6,5.0,True,8000,0.012403619475662708,0.98
basic_dqn,1082,0.26646,18,-7.0,True,8000,0.01075794268399477,0.98
basic_dqn,1083,0.26579,12,-1.0,True,8000,0.008867407217621803,0.98
basic_dqn,1084,0.26511,2,9.0,True,8000,0.009013304486870766,0.98
basic_dqn,1085,0.26443,5,6.0,True,8000,0.0036353985778987408,0.98
basic_dqn,1086,0.26375,3,8.0,True,8000,0.003626925637945533,0.98
basic_dqn,1087,0.26307,5,6.0,True,8000,0.0054411212913692,0.98
basic_dqn,1088,0.26239,7,4.0,True,8000,0.008409714326262474,0.98
basic_dqn,1089,0.26171,1,10.0,True,8000,0.010531715117394924,0.98
basic_dqn,1090,0.26104,7,4.0,True,8000,0.008399313315749168,0.98
basic_dqn,1091,0.26036,12,-1.0,True,8000,0.002209943253546953,0.98
basic_dqn,1092,0.25968,7,4.0,True,8000,0.005535269156098366,0.98
basic_dqn,1093,0.259,7,4.0,True,8000,0.00901158805936575,0.98
basic_dqn,1094,0.25832,5,6.0,True,8000,0.005436467006802559,0.98
basic_dqn,1095,0.25764,7,4.0,True,8000,0.003426741110160947,0.98
basic_dqn,1096,0.25696,7,4.0,True,8000,0.0030916384421288967,0.98
basic_dqn,1097,0.25629,5,6.0,True,8000,0.00547961238771677,0.98
basic_dqn,1098,0.25561,7,4.0,True,8000,0.005597291048616171,0.98
basic_dqn,1099,0.25493,3,8.0,True,8000,0.00483244564384222,0.98
basic_dqn,1100,0.25425,7,4.0,True,8000,0.00321049802005291,0.98
basic_dqn,1101,0.25357,1,10.0,True,8000,0.002436004811897874,0.98
basic_dqn,1102,0.25289,9,2.0,True,8000,0.0023028552532196045,0.99
basic_dqn,1103,0.25221,3,8.0,True,8000,0.0031615798361599445,0.99
basic_dqn,1104,0.25154,1,10.0,True,8000,0.0035592506173998117,0.99
basic_dqn,1105,0.25086,9,2.0,True,8000,0.0044103339314460754,0.99
basic_dqn,1106,0.25018,9,2.0,True,8000,0.0013534965692088008,0.99
basic_dqn,1107,0.2495,10,1.0,True,8000,0.0025064374785870314,0.99
basic_dqn,1108,0.24882,7,4.0,True,8000,0.004066871479153633,0.99
basic_dqn,1109,0.24814,7,4.0,True,8000,0.004070467781275511,0.99
basic_dqn,1110,0.24746,8,3.0,True,8000,0.002017359249293804,0.99
basic_dqn,1111,0.24679,1,10.0,True,8000,0.0012880830327048898,0.99
basic_dqn,1112,0.24611,4,7.0,True,8000,0.001578218536451459,0.99
basic_dqn,1113,0.24543,12,-1.0,True,8000,0.004285789560526609,0.99
basic_dqn,1114,0.24475,6,5.0,True,8000,0.0029386766254901886,0.99
basic_dqn,1115,0.24407,2,9.0,True,8000,0.0027015728410333395,0.99
basic_dqn,1116,0.24339,5,6.0,True,8000,0.0014784985687583685,0.99
basic_dqn,1117,0.24271,10,1.0,True,8000,0.003613114356994629,0.99
basic_dqn,1118,0.24204,9,2.0,True,8000,0.0035016920883208513,0.99
basic_dqn,1119,0.24136,8,3.0,True,8000,0.00118654512334615,0.99
basic_dqn,1120,0.24068,1,10.0,True,8000,0.0010254328371956944,0.99
basic_dqn,1121,0.24,9,2.0,True,8000,0.004275034181773663,0.99
basic_dqn,1122,0.23932,3,8.0,True,8000,0.006193660665303469,0.99
basic_dqn,1123,0.23864,9,2.0,True,8000,0.003942099865525961,0.99
basic_dqn,1124,0.23796,6,5.0,True,8000,0.001893648412078619,0.99
basic_dqn,1125,0.23729,10,1.0,True,8000,0.005246380809694529,0.99
basic_dqn,1126,0.23661,7,4.0,True,8000,0.009864438325166702,0.99
basic_dqn,1127,0.23593,3,8.0,True,8000,0.009159617125988007,0.99
basic_dqn,1128,0.23525,4,7.0,True,8000,0.006782984361052513,0.99
basic_dqn,1129,0.23457,10,1.0,True,8000,0.004686980042606592,0.99
basic_dqn,1130,0.23389,9,2.0,True,8000,0.014004431664943695,0.99
basic_dqn,1131,0.23321,6,5.0,True,8000,0.007856287062168121,0.99
basic_dqn,1132,0.23254,6,5.0,True,8000,0.005317395552992821,0.99
basic_dqn,1133,0.23186,9,2.0,True,8000,0.007854080758988857,0.99
basic_dqn,1134,0.23118,4,7.0,True,8000,0.008043638430535793,0.99
basic_dqn,1135,0.2305,1,10.0,True,8000,0.008673066273331642,0.99
basic_dqn,1136,0.22982,13,-2.0,True,8000,0.003951837308704853,0.99
basic_dqn,1137,0.22914,6,5.0,True,8000,0.002422621939331293,0.99
basic_dqn,1138,0.22846,5,6.0,True,8000,0.004952399525791407,0.99
basic_dqn,1139,0.22779,3,8.0,True,8000,0.005392790772020817,0.99
basic_dqn,1140,0.22711,7,4.0,True,8000,0.0035676220431923866,0.99
basic_dqn,1141,0.22643,6,5.0,True,8000,0.002411325927823782,0.99
basic_dqn,1142,0.22575,8,3.0,True,8000,0.0018411454511806369,0.99
basic_dqn,1143,0.22507,6,5.0,True,8000,0.0035219043493270874,0.99
basic_dqn,1144,0.22439,3,8.0,True,8000,0.004652739502489567,0.99
basic_dqn,1145,0.22371,6,5.0,True,8000,0.004119899123907089,0.99
basic_dqn,1146,0.22304,10,1.0,True,8000,0.0009256823686882854,0.99
basic_dqn,1147,0.22236,9,2.0,True,8000,0.0027199299074709415,0.99
basic_dqn,1148,0.22168,8,3.0,True,8000,0.0019347458146512508,0.99
basic_dqn,1149,0.221,2,9.0,True,8000,0.0017065504798665643,0.99
basic_dqn,1150,0.22032,5,6.0,True,8000,0.0008213215041905642,1.0
basic_dqn,1151,0.21964,1,10.0,True,8000,0.0007627567392773926,1.0
basic_dqn,1152,0.21896,4,7.0,True,8000,0.0010523945093154907,1.0
basic_dqn,1153,0.21829,7,4.0,True,8000,0.0021850995253771544,1.0
basic_dqn,1154,0.21761,4,7.0,True,8000,0.0024140242021530867,1.0
basic_dqn,1155,0.21693,9,2.0,True,8000,0.0016732275253161788,1.0
basic_dqn,1156,0.21625,6,5.0,True,8000,0.0008692474802955985,1.0
basic_dqn,1157,0.21557,4,7.0,True,8000,0.0019142827950417995,1.0
basic_dqn,1158,0.21489,6,5.0,True,8000,0.0028170826844871044,1.0
basic_dqn,1159,0.21421,6,5.0,True,8000,0.0020898678340017796,1.0
basic_dqn,1160,0.21354,8,3.0,True,8000,0.0009348534513264894,1.0
basic_dqn,1161,0.21286,10,1.0,True,8000,0.0016054809093475342,1.0
basic_dqn,1162,0.21218,5,6.0,True,8000,0.0027658366598188877,1.0
basic_dqn,1163,0.2115,6,5.0,True,8000,0.0012787997256964445,1.0
basic_dqn,1164,0.21082,3,8.0,True,8000,0.0010180185781791806,1.0
basic_dqn,1165,0.21014,4,7.0,True,8000,0.00039640761679038405,1.0
basic_dqn,1166,0.20946,6,5.0,True,8000,0.0009164587827399373,1.0
basic_dqn,1167,0.20879,7,4.0,True,8000,0.0012830334017053246,1.0
basic_dqn,1168,0.20811,21,-10.0,True,8000,0.0014064899878576398,1.0
basic_dqn,1169,0.20743,5,6.0,True,8000,0.0022776531986892223,1.0
basic_dqn,1170,0.20675,6,5.0,True,8000,0.002056571189314127,1.0
basic_dqn,1171,0.20607,3,8.0,True,8000,0.0016862249467521906,1.0
basic_dqn,1172,0.20539,3,8.0,True,8000,0.0012305835261940956,1.0
basic_dqn,1173,0.20471,1,10.0,True,8000,0.0009471024386584759,1.0
basic_dqn,1174,0.20404,1,10.0,True,8000,0.0011011050082743168,1.0
basic_dqn,1175,0.20336,5,6.0,True,8000,0.0022814220283180475,1.0
basic_dqn,1176,0.20268,5,6.0,True,8000,0.004451972898095846,1.0
basic_dqn,1177,0.202,3,8.0,True,8000,0.0030240982305258512,1.0
basic_dqn,1178,0.20132,6,5.0,True,8000,0.0028718833345919847,1.0
basic_dqn,1179,0.20064,8,3.0,True,8000,0.001687477109953761,1.0
basic_dqn,1180,0.19996,9,2.0,True,8000,0.0065800766460597515,1.0
basic_dqn,1181,0.19929,5,6.0,True,8000,0.0069058556109666824,1.0
basic_dqn,1182,0.19861,6,5.0,True,8000,0.0022744887974113226,1.0
basic_dqn,1183,0.19793,6,5.0,True,8000,0.002488966565579176,1.0
basic_dqn,1184,0.19725,2,9.0,True,8000,0.0037391227670013905,1.0
basic_dqn,1185,0.19657,3,8.0,True,8000,0.003920664079487324,1.0
basic_dqn,1186,0.19589,6,5.0,True,8000,0.0042227404192090034,1.0
basic_dqn,1187,0.19521,3,8.0,True,8000,0.005037214141339064,1.0
basic_dqn,1188,0.19454,9,2.0,True,8000,0.001170651987195015,1.0
basic_dqn,1189,0.19386,7,4.0,True,8000,0.003911411855369806,1.0
basic_dqn,1190,0.19318,7,4.0,True,8000,0.006442621815949678,1.0
basic_dqn,1191,0.1925,11,0.0,True,8000,0.0013719164999201894,1.0
basic_dqn,1192,0.19182,6,5.0,True,8000,0.0024658055044710636,1.0
basic_dqn,1193,0.19114,9,2.0,True,8000,0.004729530308395624,1.0
basic_dqn,1194,0.19046,5,6.0,True,8000,0.0027908848132938147,1.0
basic_dqn,1195,0.18979,4,7.0,True,8000,0.0024679633788764477,1.0
basic_dqn,1196,0.18911,1,10.0,True,8000,0.0018583312630653381,1.0
basic_dqn,1197,0.18843,1,10.0,True,8000,0.0017629893263801932,1.0
basic_dqn,1198,0.18775,3,8.0,True,8000,0.0025469306856393814,1.0
basic_dqn,1199,0.18707,3,8.0,True,8000,0.003991632256656885,1.0
basic_dqn,1200,0.18639,6,5.0,True,8000,0.008295592851936817,1.0
basic_dqn,1201,0.18571,9,2.0,True,8000,0.004145599901676178,1.0
basic_dqn,1202,0.18504,7,4.0,True,8000,0.0037002400495111942,1.0
basic_dqn,1203,0.18436,5,6.0,True,8000,0.00858678575605154,1.0
basic_dqn,1204,0.18368,7,4.0,True,8000,0.01316544134169817,1.0
basic_dqn,1205,0.183,3,8.0,True,8000,0.010770546272397041,1.0
basic_dqn,1206,0.18232,9,2.0,True,8000,0.004709113389253616,1.0
basic_dqn,1207,0.18164,7,4.0,True,8000,0.01563824899494648,1.0
basic_dqn,1208,0.18096,1,10.0,True,8000,0.018497737124562263,1.0
basic_dqn,1209,0.18029,7,4.0,True,8000,0.019111037254333496,1.0
basic_dqn,1210,0.17961,1,10.0,True,8000,0.013089834712445736,1.0
basic_dqn,1211,0.17893,1,10.0,True,8000,0.01086664479225874,1.0
basic_dqn,1212,0.17825,1,10.0,True,8000,0.009246556088328362,1.0
basic_dqn,1213,0.17757,6,5.0,True,8000,0.0038860233034938574,1.0
basic_dqn,1214,0.17689,6,5.0,True,8000,0.011473609134554863,1.0
basic_dqn,1215,0.17621,7,4.0,True,8000,0.02109082043170929,1.0
basic_dqn,1216,0.17554,1,10.0,True,8000,0.019939035177230835,1.0
basic_dqn,1217,0.17486,8,3.0,True,8000,0.006204776931554079,1.0
basic_dqn,1218,0.17418,1,10.0,True,8000,0.005325935781002045,1.0
basic_dqn,1219,0.1735,8,3.0,True,8000,0.019910937175154686,1.0
basic_dqn,1220,0.17282,7,4.0,True,8000,0.017764825373888016,1.0
basic_dqn,1221,0.17214,4,7.0,True,8000,0.010839942842721939,1.0
basic_dqn,1222,0.17146,5,6.0,True,8000,0.0035864999517798424,1.0
basic_dqn,1223,0.17079,4,7.0,True,8000,0.0035524428822100163,1.0
basic_dqn,1224,0.17011,6,5.0,True,8000,0.009242342785000801,1.0
basic_dqn,1225,0.16943,8,3.0,True,8000,0.008038192987442017,1.0
basic_dqn,1226,0.16875,1,10.0,True,8000,0.007762603461742401,1.0
basic_dqn,1227,0.16807,2,9.0,True,8000,0.005897737108170986,1.0
basic_dqn,1228,0.16739,8,3.0,True,8000,0.002207663608714938,1.0
basic_dqn,1229,0.16671,2,9.0,True,8000,0.0026909224689006805,1.0
basic_dqn,1230,0.16604,7,4.0,True,8000,0.008800812065601349,1.0
basic_dqn,1231,0.16536,7,4.0,True,8000,0.009291883558034897,1.0
basic_dqn,1232,0.16468,3,8.0,True,8000,0.006317320745438337,1.0
basic_dqn,1233,0.164,7,4.0,True,8000,0.003932038322091103,1.0
basic_dqn,1234,0.16332,4,7.0,True,8000,0.009269327856600285,1.0
basic_dqn,1235,0.16264,2,9.0,True,8000,0.01694692298769951,1.0
basic_dqn,1236,0.16196,8,3.0,True,8000,0.014122738502919674,1.0
basic_dqn,1237,0.16129,2,9.0,True,8000,0.012023981660604477,1.0
basic_dqn,1238,0.16061,3,8.0,True,8000,0.01591198891401291,1.0
basic_dqn,1239,0.15993,8,3.0,True,8000,0.013737114146351814,1.0
basic_dqn,1240,0.15925,1,10.0,True,8000,0.018099546432495117,1.0
basic_dqn,1241,0.15857,4,7.0,True,8000,0.0302678644657135,1.0
basic_dqn,1242,0.15789,8,3.0,True,8000,0.022228015586733818,1.0
basic_dqn,1243,0.15721,8,3.0,True,8000,0.014056592248380184,1.0
basic_dqn,1244,0.15654,6,5.0,True,8000,0.047120630741119385,1.0
basic_dqn,1245,0.15586,5,6.0,True,8000,0.03818504512310028,1.0
basic_dqn,1246,0.15518,2,9.0,True,8000,0.036639969795942307,1.0
basic_dqn,1247,0.1545,5,6.0,True,8000,0.03895820677280426,1.0
basic_dqn,1248,0.15382,8,3.0,True,8000,0.03349385783076286,1.0
basic_dqn,1249,0.15314,8,3.0,True,8000,0.14174430072307587,1.0
basic_dqn,1250,0.15246,5,6.0,True,8000,0.077069491147995,1.0
basic_dqn,1251,0.15179,6,5.0,True,8000,0.021665051579475403,1.0
basic_dqn,1252,0.15111,9,2.0,True,8000,0.08145095407962799,1.0
basic_dqn,1253,0.15043,5,6.0,True,8000,0.08530886471271515,1.0
basic_dqn,1254,0.14975,5,6.0,True,8000,0.04597523435950279,1.0
basic_dqn,1255,0.14907,6,5.0,True,8000,0.02987750805914402,1.0
basic_dqn,1256,0.14839,5,6.0,True,8000,0.047037892043590546,1.0
basic_dqn,1257,0.14771,4,7.0,True,8000,0.0803343802690506,1.0
basic_dqn,1258,0.14704,4,7.0,True,8000,0.13885849714279175,1.0
basic_dqn,1259,0.14636,7,4.0,True,8000,0.10340797156095505,1.0
basic_dqn,1260,0.14568,3,8.0,True,8000,0.03623371571302414,1.0
basic_dqn,1261,0.145,5,6.0,True,8000,0.06376895308494568,1.0
basic_dqn,1262,0.14432,8,3.0,True,8000,0.12904974818229675,1.0
basic_dqn,1263,0.14364,8,3.0,True,8000,0.06016068905591965,1.0
basic_dqn,1264,0.14296,10,1.0,True,8000,0.05840326100587845,1.0
basic_dqn,1265,0.14229,8,3.0,True,8000,0.16903156042099,1.0
basic_dqn,1266,0.14161,3,8.0,True,8000,0.155014768242836,1.0
basic_dqn,1267,0.14093,6,5.0,True,8000,0.04849843680858612,1.0
basic_dqn,1268,0.14025,4,7.0,True,8000,0.06737618893384933,1.0
basic_dqn,1269,0.13957,5,6.0,True,8000,0.14705424010753632,1.0
basic_dqn,1270,0.13889,4,7.0,True,8000,0.13347601890563965,1.0
basic_dqn,1271,0.13821,8,3.0,True,8000,0.0656939446926117,1.0
basic_dqn,1272,0.13754,6,5.0,True,8000,0.04066960886120796,1.0
basic_dqn,1273,0.13686,7,4.0,True,8000,0.10836838185787201,1.0
basic_dqn,1274,0.13618,6,5.0,True,8000,0.16701936721801758,1.0
basic_dqn,1275,0.1355,16,-5.0,True,8000,0.08227839320898056,1.0
basic_dqn,1276,0.13482,7,4.0,True,8000,0.14412057399749756,1.0
basic_dqn,1277,0.13414,4,7.0,True,8000,0.10938680171966553,1.0
basic_dqn,1278,0.13346,3,8.0,True,8000,0.07028104364871979,1.0
basic_dqn,1279,0.13279,6,5.0,True,8000,0.03984707593917847,1.0
basic_dqn,1280,0.13211,3,8.0,True,8000,0.040933672338724136,1.0
basic_dqn,1281,0.13143,2,9.0,True,8000,0.038564037531614304,1.0
basic_dqn,1282,0.13075,7,4.0,True,8000,0.09843645989894867,1.0
basic_dqn,1283,0.13007,7,4.0,True,8000,0.18018551170825958,1.0
basic_dqn,1284,0.12939,4,7.0,True,8000,0.09557054936885834,1.0
basic_dqn,1285,0.12871,3,8.0,True,8000,0.06302431970834732,1.0
basic_dqn,1286,0.12804,5,6.0,True,8000,0.028232213109731674,1.0
basic_dqn,1287,0.12736,7,4.0,True,8000,0.1250583678483963,1.0
basic_dqn,1288,0.12668,6,5.0,True,8000,0.09111886471509933,1.0
basic_dqn,1289,0.126,6,5.0,True,8000,0.04811349883675575,1.0
basic_dqn,1290,0.12532,4,7.0,True,8000,0.013584732078015804,1.0
basic_dqn,1291,0.12464,6,5.0,True,8000,0.026633070781826973,1.0
basic_dqn,1292,0.12396,10,1.0,True,8000,0.05907423049211502,1.0
basic_dqn,1293,0.12329,7,4.0,True,8000,0.020159617066383362,1.0
basic_dqn,1294,0.12261,5,6.0,True,8000,0.013992130756378174,1.0
basic_dqn,1295,0.12193,5,6.0,True,8000,0.023062003776431084,1.0
basic_dqn,1296,0.12125,3,8.0,True,8000,0.03228113055229187,1.0
basic_dqn,1297,0.12057,7,4.0,True,8000,0.04340748488903046,1.0
basic_dqn,1298,0.11989,7,4.0,True,8000,0.014885399490594864,1.0
basic_dqn,1299,0.11921,5,6.0,True,8000,0.01110465545207262,1.0
basic_dqn,1300,0.11854,5,6.0,True,8000,0.04187074676156044,1.0
basic_dqn,1301,0.11786,8,3.0,True,8000,0.061307959258556366,1.0
basic_dqn,1302,0.11718,2,9.0,True,8000,0.04798310250043869,1.0
basic_dqn,1303,0.1165,5,6.0,True,8000,0.01689242757856846,1.0
basic_dqn,1304,0.11582,1,10.0,True,8000,0.01401866041123867,1.0
basic_dqn,1305,0.11514,9,2.0,True,8000,0.04467526823282242,1.0
basic_dqn,1306,0.11446,8,3.0,True,8000,0.04382601007819176,1.0
basic_dqn,1307,0.11379,5,6.0,True,8000,0.01686020754277706,1.0
basic_dqn,1308,0.11311,5,6.0,True,8000,0.010212293826043606,1.0
basic_dqn,1309,0.11243,2,9.0,True,8000,0.01695876196026802,1.0
basic_dqn,1310,0.11175,4,7.0,True,8000,0.02217983826994896,1.0
basic_dqn,1311,0.11107,1,10.0,True,8000,0.02826591581106186,1.0
basic_dqn,1312,0.11039,6,5.0,True,8000,0.026898842304944992,1.0
basic_dqn,1313,0.10971,8,3.0,True,8000,0.03334375470876694,1.0
basic_dqn,1314,0.10904,5,6.0,True,8000,0.011459989473223686,1.0
basic_dqn,1315,0.10836,2,9.0,True,8000,0.02028975822031498,1.0
basic_dqn,1316,0.10768,3,8.0,True,8000,0.03547775745391846,1.0
basic_dqn,1317,0.107,11,0.0,True,8000,0.03245296701788902,1.0
basic_dqn,1318,0.10632,7,4.0,True,8000,0.01299275178462267,1.0
basic_dqn,1319,0.10564,4,7.0,True,8000,0.025532148778438568,1.0
basic_dqn,1320,0.10496,3,8.0,True,8000,0.040143903344869614,1.0
basic_dqn,1321,0.10429,6,5.0,True,8000,0.05304053798317909,1.0
basic_dqn,1322,0.10361,7,4.0,True,8000,0.03797255456447601,1.0
basic_dqn,1323,0.10293,3,8.0,True,8000,0.01989724487066269,1.0
basic_dqn,1324,0.10225,4,7.0,True,8000,0.014018415473401546,1.0
basic_dqn,1325,0.10157,3,8.0,True,8000,0.03390724956989288,1.0
basic_dqn,1326,0.10089,4,7.0,True,8000,0.08378861844539642,1.0
basic_dqn,1327,0.10021,7,4.0,True,8000,0.06098290905356407,1.0
basic_dqn,1328,0.09954,6,5.0,True,8000,0.03003952093422413,1.0
basic_dqn,1329,0.09886,2,9.0,True,8000,0.014332178980112076,1.0
basic_dqn,1330,0.09818,6,5.0,True,8000,0.04950282722711563,1.0
basic_dqn,1331,0.0975,6,5.0,True,8000,0.05196354165673256,1.0
basic_dqn,1332,0.09682,3,8.0,True,8000,0.05189741030335426,1.0
basic_dqn,1333,0.09614,7,4.0,True,8000,0.035293277353048325,1.0
basic_dqn,1334,0.09546,3,8.0,True,8000,0.014768853783607483,1.0
basic_dqn,1335,0.09479,7,4.0,True,8000,0.061670511960983276,1.0
basic_dqn,1336,0.09411,2,9.0,True,8000,0.05776947736740112,1.0
basic_dqn,1337,0.09343,6,5.0,True,8000,0.048885297030210495,1.0
basic_dqn,1338,0.09275,7,4.0,True,8000,0.014072478748857975,1.0
basic_dqn,1339,0.09207,6,5.0,True,8000,0.032299406826496124,1.0
basic_dqn,1340,0.09139,5,6.0,True,8000,0.05819889158010483,1.0
basic_dqn,1341,0.09071,5,6.0,True,8000,0.03645182400941849,1.0
basic_dqn,1342,0.09004,5,6.0,True,8000,0.027545979246497154,1.0
basic_dqn,1343,0.08936,5,6.0,True,8000,0.014412254095077515,1.0
basic_dqn,1344,0.08868,6,5.0,True,8000,0.02858170121908188,1.0
basic_dqn,1345,0.088,7,4.0,True,8000,0.0955413207411766,1.0
basic_dqn,1346,0.08732,7,4.0,True,8000,0.05117085576057434,1.0
basic_dqn,1347,0.08664,3,8.0,True,8000,0.035647694021463394,1.0
basic_dqn,1348,0.08596,7,4.0,True,8000,0.03469458594918251,1.0
basic_dqn,1349,0.08529,4,7.0,True,8000,0.06517067551612854,1.0
basic_dqn,1350,0.08461,5,6.0,True,8000,0.09379103034734726,1.0
basic_dqn,1351,0.08393,8,3.0,True,8000,0.05320955067873001,1.0
basic_dqn,1352,0.08325,1,10.0,True,8000,0.02960469201207161,1.0
basic_dqn,1353,0.08257,3,8.0,True,8000,0.018123481422662735,1.0
basic_dqn,1354,0.08189,5,6.0,True,8000,0.05122547596693039,1.0
basic_dqn,1355,0.08121,6,5.0,True,8000,0.07130390405654907,1.0
basic_dqn,1356,0.08054,3,8.0,True,8000,0.06800032407045364,1.0
basic_dqn,1357,0.07986,3,8.0,True,8000,0.03396552428603172,1.0
basic_dqn,1358,0.07918,5,6.0,True,8000,0.019458027556538582,1.0
basic_dqn,1359,0.0785,7,4.0,True,8000,0.03303243964910507,1.0
basic_dqn,1360,0.07782,6,5.0,True,8000,0.07287364453077316,1.0
basic_dqn,1361,0.07714,7,4.0,True,8000,0.05926556512713432,1.0
basic_dqn,1362,0.07646,6,5.0,True,8000,0.03514806181192398,1.0
basic_dqn,1363,0.07579,4,7.0,True,8000,0.027179431170225143,1.0
basic_dqn,1364,0.07511,4,7.0,True,8000,0.07922742515802383,1.0
basic_dqn,1365,0.07443,4,7.0,True,8000,0.10188481211662292,1.0
basic_dqn,1366,0.07375,3,8.0,True,8000,0.11603511869907379,1.0
basic_dqn,1367,0.07307,6,5.0,True,8000,0.05203067883849144,1.0
basic_dqn,1368,0.07239,1,10.0,True,8000,0.043701909482479095,1.0
basic_dqn,1369,0.07171,6,5.0,True,8000,0.036916784942150116,1.0
basic_dqn,1370,0.07104,5,6.0,True,8000,0.0699552595615387,1.0
basic_dqn,1371,0.07036,1,10.0,True,8000,0.08783310651779175,1.0
basic_dqn,1372,0.06968,6,5.0,True,8000,0.06850096583366394,1.0
basic_dqn,1373,0.069,6,5.0,True,8000,0.023737341165542603,1.0
basic_dqn,1374,0.06832,8,3.0,True,8000,0.017206750810146332,1.0
basic_dqn,1375,0.06764,5,6.0,True,8000,0.041951507329940796,1.0
basic_dqn,1376,0.06696,7,4.0,True,8000,0.052474819123744965,1.0
basic_dqn,1377,0.06629,4,7.0,True,8000,0.030012451112270355,1.0
basic_dqn,1378,0.06561,2,9.0,True,8000,0.026681939139962196,1.0
basic_dqn,1379,0.06493,5,6.0,True,8000,0.015068490989506245,1.0
basic_dqn,1380,0.06425,5,6.0,True,8000,0.055225178599357605,1.0
basic_dqn,1381,0.06357,6,5.0,True,8000,0.06440359354019165,1.0
basic_dqn,1382,0.06289,5,6.0,True,8000,0.027597995474934578,1.0
basic_dqn,1383,0.06221,7,4.0,True,8000,0.009851966053247452,1.0
basic_dqn,1384,0.06154,4,7.0,True,8000,0.02141033485531807,1.0
basic_dqn,1385,0.06086,4,7.0,True,8000,0.040960267186164856,1.0
basic_dqn,1386,0.06018,5,6.0,True,8000,0.038590461015701294,1.0
basic_dqn,1387,0.0595,6,5.0,True,8000,0.012453034520149231,1.0
basic_dqn,1388,0.05882,5,6.0,True,8000,0.00850177463144064,1.0
basic_dqn,1389,0.05814,1,10.0,True,8000,0.0064453305676579475,1.0
basic_dqn,1390,0.05746,7,4.0,True,8000,0.02394280582666397,1.0
basic_dqn,1391,0.05679,6,5.0,True,8000,0.03262562304735184,1.0
basic_dqn,1392,0.05611,5,6.0,True,8000,0.02740365080535412,1.0
basic_dqn,1393,0.05543,6,5.0,True,8000,0.0072293030098080635,1.0
basic_dqn,1394,0.05475,1,10.0,True,8000,0.009688349440693855,1.0
basic_dqn,1395,0.05407,6,5.0,True,8000,0.037893377244472504,1.0
basic_dqn,1396,0.05339,2,9.0,True,8000,0.04017762839794159,1.0
basic_dqn,1397,0.05271,3,8.0,True,8000,0.04397139698266983,1.0
basic_dqn,1398,0.05204,6,5.0,True,8000,0.028484594076871872,1.0
basic_dqn,1399,0.05136,5,6.0,True,8000,0.01443174947053194,1.0
basic_dqn,1400,0.05068,2,9.0,True,8000,0.018475336953997612,1.0
basic_dqn,1401,0.05,4,7.0,True,8000,0.05532266944646835,1.0
basic_dqn,1402,0.05,5,6.0,True,8000,0.08104534447193146,1.0
basic_dqn,1403,0.05,3,8.0,True,8000,0.06154356896877289,1.0
basic_dqn,1404,0.05,4,7.0,True,8000,0.025052322074770927,1.0
basic_dqn,1405,0.05,5,6.0,True,8000,0.012053185142576694,1.0
basic_dqn,1406,0.05,4,7.0,True,8000,0.027301402762532234,1.0
basic_dqn,1407,0.05,5,6.0,True,8000,0.043572645634412766,1.0
basic_dqn,1408,0.05,2,9.0,True,8000,0.04734784737229347,1.0
basic_dqn,1409,0.05,3,8.0,True,8000,0.037552282214164734,1.0
basic_dqn,1410,0.05,4,7.0,True,8000,0.023783667013049126,1.0
basic_dqn,1411,0.05,5,6.0,True,8000,0.00676562637090683,1.0
basic_dqn,1412,0.05,3,8.0,True,8000,0.009485690854489803,1.0
basic_dqn,1413,0.05,7,4.0,True,8000,0.03945741057395935,1.0
basic_dqn,1414,0.05,3,8.0,True,8000,0.036213502287864685,1.0
basic_dqn,1415,0.05,1,10.0,True,8000,0.032675761729478836,1.0
basic_dqn,1416,0.05,5,6.0,True,8000,0.008800595998764038,1.0
basic_dqn,1417,0.05,6,5.0,True,8000,0.004020862281322479,1.0
basic_dqn,1418,0.05,4,7.0,True,8000,0.00945994257926941,1.0
basic_dqn,1419,0.05,3,8.0,True,8000,0.016409460455179214,1.0
basic_dqn,1420,0.05,2,9.0,True,8000,0.013189446181058884,1.0
basic_dqn,1421,0.05,1,10.0,True,8000,0.015574721619486809,1.0
basic_dqn,1422,0.05,5,6.0,True,8000,0.00978036504238844,1.0
basic_dqn,1423,0.05,5,6.0,True,8000,0.003583227051422,1.0
basic_dqn,1424,0.05,5,6.0,True,8000,0.0036098454147577286,1.0
basic_dqn,1425,0.05,5,6.0,True,8000,0.008980835787951946,1.0
basic_dqn,1426,0.05,3,8.0,True,8000,0.01275355089455843,1.0
basic_dqn,1427,0.05,4,7.0,True,8000,0.014891015365719795,1.0
basic_dqn,1428,0.05,4,7.0,True,8000,0.009212348610162735,1.0
basic_dqn,1429,0.05,8,3.0,True,8000,0.0036332071758806705,1.0
basic_dqn,1430,0.05,1,10.0,True,8000,0.005571130197495222,1.0
basic_dqn,1431,0.05,5,6.0,True,8000,0.009941118769347668,1.0
basic_dqn,1432,0.05,2,9.0,True,8000,0.008112124167382717,1.0
basic_dqn,1433,0.05,5,6.0,True,8000,0.0069111306220293045,1.0
basic_dqn,1434,0.05,5,6.0,True,8000,0.0027817499358206987,1.0
basic_dqn,1435,0.05,4,7.0,True,8000,0.0018797065131366253,1.0
basic_dqn,1436,0.05,5,6.0,True,8000,0.0015909097855910659,1.0
basic_dqn,1437,0.05,6,5.0,True,8000,0.005118694622069597,1.0
basic_dqn,1438,0.05,4,7.0,True,8000,0.0052234395407140255,1.0
basic_dqn,1439,0.05,6,5.0,True,8000,0.0028275493532419205,1.0
basic_dqn,1440,0.05,4,7.0,True,8000,0.0022258867975324392,1.0
basic_dqn,1441,0.05,6,5.0,True,8000,0.0039475541561841965,1.0
basic_dqn,1442,0.05,1,10.0,True,8000,0.002526405733078718,1.0
basic_dqn,1443,0.05,5,6.0,True,8000,0.00516466936096549,1.0
basic_dqn,1444,0.05,6,5.0,True,8000,0.0033933455124497414,1.0
basic_dqn,1445,0.05,4,7.0,True,8000,0.001460606581531465,1.0
basic_dqn,1446,0.05,6,5.0,True,8000,0.0012579262256622314,1.0
basic_dqn,1447,0.05,7,4.0,True,8000,0.004476380068808794,1.0
basic_dqn,1448,0.05,5,6.0,True,8000,0.0033416985534131527,1.0
basic_dqn,1449,0.05,1,10.0,True,8000,0.003351690014824271,1.0
basic_dqn,1450,0.05,3,8.0,True,8000,0.0021109837107360363,1.0
basic_dqn,1451,0.05,1,10.0,True,8000,0.0020607486367225647,1.0
basic_dqn,1452,0.05,6,5.0,True,8000,0.001036492525599897,1.0
basic_dqn,1453,0.05,6,5.0,True,8000,0.0025447444058954716,1.0
basic_dqn,1454,0.05,5,6.0,True,8000,0.0038386122323572636,1.0
basic_dqn,1455,0.05,6,5.0,True,8000,0.0017988551408052444,1.0
basic_dqn,1456,0.05,3,8.0,True,8000,0.0009445093455724418,1.0
basic_dqn,1457,0.05,8,3.0,True,8000,0.001122389454394579,1.0
basic_dqn,1458,0.05,1,10.0,True,8000,0.0010455807205289602,1.0
basic_dqn,1459,0.05,5,6.0,True,8000,0.002381514059379697,1.0
basic_dqn,1460,0.05,3,8.0,True,8000,0.0022810890804976225,1.0
basic_dqn,1461,0.05,4,7.0,True,8000,0.0019621984101831913,1.0
basic_dqn,1462,0.05,4,7.0,True,8000,0.0012163766659796238,1.0
basic_dqn,1463,0.05,6,5.0,True,8000,0.0009386107558384538,1.0
basic_dqn,1464,0.05,4,7.0,True,8000,0.0019371245289221406,1.0
basic_dqn,1465,0.05,5,6.0,True,8000,0.002347070723772049,1.0
basic_dqn,1466,0.05,7,4.0,True,8000,0.000862416869495064,1.0
basic_dqn,1467,0.05,7,4.0,True,8000,0.0005745699163526297,1.0
basic_dqn,1468,0.05,8,3.0,True,8000,0.001422064146026969,1.0
basic_dqn,1469,0.05,5,6.0,True,8000,0.0009772621560841799,1.0
basic_dqn,1470,0.05,3,8.0,True,8000,0.000872212927788496,1.0
basic_dqn,1471,0.05,3,8.0,True,8000,0.0002775749017018825,1.0
basic_dqn,1472,0.05,4,7.0,True,8000,0.0004542938550002873,1.0
basic_dqn,1473,0.05,3,8.0,True,8000,0.0007227560272440314,1.0
basic_dqn,1474,0.05,6,5.0,True,8000,0.0009135800646618009,1.0
basic_dqn,1475,0.05,2,9.0,True,8000,0.0008801671210676432,1.0
basic_dqn,1476,0.05,4,7.0,True,8000,0.0004637308302335441,1.0
basic_dqn,1477,0.05,5,6.0,True,8000,0.00024466682225465775,1.0
basic_dqn,1478,0.05,2,9.0,True,8000,0.00027277908520773053,1.0
basic_dqn,1479,0.05,6,5.0,True,8000,0.0005512800998985767,1.0
basic_dqn,1480,0.05,7,4.0,True,8000,0.0008850920712575316,1.0
basic_dqn,1481,0.05,8,3.0,True,8000,0.0004293526872061193,1.0
basic_dqn,1482,0.05,7,4.0,True,8000,0.0007260508718900383,1.0
basic_dqn,1483,0.05,4,7.0,True,8000,0.001444401452317834,1.0
basic_dqn,1484,0.05,6,5.0,True,8000,0.0009784093126654625,1.0
basic_dqn,1485,0.05,3,8.0,True,8000,0.000661966681946069,1.0
basic_dqn,1486,0.05,1,10.0,True,8000,0.0006324518471956253,1.0
basic_dqn,1487,0.05,1,10.0,True,8000,0.0004208381287753582,1.0
basic_dqn,1488,0.05,5,6.0,True,8000,0.0006921071326360106,1.0
basic_dqn,1489,0.05,3,8.0,True,8000,0.0014069853350520134,1.0
basic_dqn,1490,0.05,5,6.0,True,8000,0.0019871126860380173,1.0
basic_dqn,1491,0.05,6,5.0,True,8000,0.0011315838200971484,1.0
basic_dqn,1492,0.05,4,7.0,True,8000,0.0005778169143013656,1.0
basic_dqn,1493,0.05,7,4.0,True,8000,0.002334816148504615,1.0
basic_dqn,1494,0.05,4,7.0,True,8000,0.0035516766365617514,1.0
basic_dqn,1495,0.05,7,4.0,True,8000,0.0012338634114712477,1.0
basic_dqn,1496,0.05,4,7.0,True,8000,0.0005557914264500141,1.0
basic_dqn,1497,0.05,6,5.0,True,8000,0.002956676995381713,1.0
basic_dqn,1498,0.05,7,4.0,True,8000,0.0017501914408057928,1.0
basic_dqn,1499,0.05,1,10.0,True,8000,0.0013969657011330128,1.0
basic_dqn,1500,0.05,2,9.0,True,8000,0.0005946897435933352,1.0
basic_dqn,1501,0.05,4,7.0,True,8000,0.001143356435932219,1.0
basic_dqn,1502,0.05,7,4.0,True,8000,0.0036726691760122776,1.0
basic_dqn,1503,0.05,1,10.0,True,8000,0.0034695202484726906,1.0
basic_dqn,1504,0.05,2,9.0,True,8000,0.003252677619457245,1.0
basic_dqn,1505,0.05,1,10.0,True,8000,0.0029364388901740313,1.0
basic_dqn,1506,0.05,7,4.0,True,8000,0.0007262708386406302,1.0
basic_dqn,1507,0.05,6,5.0,True,8000,0.0026653085369616747,1.0
basic_dqn,1508,0.05,6,5.0,True,8000,0.003924783784896135,1.0
basic_dqn,1509,0.05,3,8.0,True,8000,0.0020490114111453295,1.0
basic_dqn,1510,0.05,7,4.0,True,8000,0.0013565132394433022,1.0
basic_dqn,1511,0.05,2,9.0,True,8000,0.0022382184397429228,1.0
basic_dqn,1512,0.05,2,9.0,True,8000,0.0030806849244982004,1.0
basic_dqn,1513,0.05,3,8.0,True,8000,0.003551998408511281,1.0
basic_dqn,1514,0.05,3,8.0,True,8000,0.0035133822821080685,1.0
basic_dqn,1515,0.05,5,6.0,True,8000,0.001520131598226726,1.0
basic_dqn,1516,0.05,5,6.0,True,8000,0.0014034052146598697,1.0
basic_dqn,1517,0.05,5,6.0,True,8000,0.0012589136604219675,1.0
basic_dqn,1518,0.05,5,6.0,True,8000,0.0029951357282698154,1.0
basic_dqn,1519,0.05,5,6.0,True,8000,0.003390863537788391,1.0
basic_dqn,1520,0.05,5,6.0,True,8000,0.0010412931442260742,1.0
basic_dqn,1521,0.05,5,6.0,True,8000,0.0015975757269188762,1.0
basic_dqn,1522,0.05,5,6.0,True,8000,0.002912002382799983,1.0
basic_dqn,1523,0.05,8,3.0,True,8000,0.0011084150755777955,1.0
basic_dqn,1524,0.05,3,8.0,True,8000,0.0007277284748852253,1.0
basic_dqn,1525,0.05,4,7.0,True,8000,0.0009858033154159784,1.0
basic_dqn,1526,0.05,6,5.0,True,8000,0.0025564071256667376,1.0
basic_dqn,1527,0.05,10,1.0,True,8000,0.0011887314030900598,1.0
basic_dqn,1528,0.05,2,9.0,True,8000,0.0009286209242418408,1.0
basic_dqn,1529,0.05,5,6.0,True,8000,0.0009251674637198448,1.0
basic_dqn,1530,0.05,4,7.0,True,8000,0.002149405190721154,1.0
basic_dqn,1531,0.05,5,6.0,True,8000,0.0032342744525521994,1.0
basic_dqn,1532,0.05,4,7.0,True,8000,0.0017635214608162642,1.0
basic_dqn,1533,0.05,2,9.0,True,8000,0.001258284319192171,1.0
basic_dqn,1534,0.05,6,5.0,True,8000,0.001861845375970006,1.0
basic_dqn,1535,0.05,5,6.0,True,8000,0.0031044245697557926,1.0
basic_dqn,1536,0.05,4,7.0,True,8000,0.003125760005787015,1.0
basic_dqn,1537,0.05,5,6.0,True,8000,0.0011410051956772804,1.0
basic_dqn,1538,0.05,4,7.0,True,8000,0.0009301942773163319,1.0
basic_dqn,1539,0.05,4,7.0,True,8000,0.0016218037344515324,1.0
basic_dqn,1540,0.05,4,7.0,True,8000,0.0021842806600034237,1.0
basic_dqn,1541,0.05,7,4.0,True,8000,0.0019149419385939837,1.0
basic_dqn,1542,0.05,6,5.0,True,8000,0.00063945387955755,1.0
basic_dqn,1543,0.05,3,8.0,True,8000,0.0009769197786226869,1.0
basic_dqn,1544,0.05,5,6.0,True,8000,0.0017308318056166172,1.0
basic_dqn,1545,0.05,5,6.0,True,8000,0.0020340634509921074,1.0
basic_dqn,1546,0.05,5,6.0,True,8000,0.0016692416975274682,1.0
basic_dqn,1547,0.05,6,5.0,True,8000,0.0011079052928835154,1.0
basic_dqn,1548,0.05,7,4.0,True,8000,0.0032669170759618282,1.0
basic_dqn,1549,0.05,7,4.0,True,8000,0.003938041161745787,1.0
basic_dqn,1550,0.05,4,7.0,True,8000,0.0014150100760161877,1.0
basic_dqn,1551,0.05,6,5.0,True,8000,0.007454530335962772,1.0
basic_dqn,1552,0.05,6,5.0,True,8000,0.006426903419196606,1.0
basic_dqn,1553,0.05,5,6.0,True,8000,0.0015353742055594921,1.0
basic_dqn,1554,0.05,4,7.0,True,8000,0.0019804327748715878,1.0
basic_dqn,1555,0.05,6,5.0,True,8000,0.0037000547163188457,1.0
basic_dqn,1556,0.05,6,5.0,True,8000,0.0027581241447478533,1.0
basic_dqn,1557,0.05,6,5.0,True,8000,0.0010889418190345168,1.0
basic_dqn,1558,0.05,5,6.0,True,8000,0.0006693233153782785,1.0
basic_dqn,1559,0.05,5,6.0,True,8000,0.0019283315632492304,1.0
basic_dqn,1560,0.05,5,6.0,True,8000,0.0038969130255281925,1.0
basic_dqn,1561,0.05,5,6.0,True,8000,0.001924700103700161,1.0
basic_dqn,1562,0.05,4,7.0,True,8000,0.000580060703214258,1.0
basic_dqn,1563,0.05,3,8.0,True,8000,0.0008583489689044654,1.0
basic_dqn,1564,0.05,4,7.0,True,8000,0.002518904395401478,1.0
basic_dqn,1565,0.05,4,7.0,True,8000,0.0016206617001444101,1.0
basic_dqn,1566,0.05,5,6.0,True,8000,0.0007063838420435786,1.0
basic_dqn,1567,0.05,4,7.0,True,8000,0.0002607210190035403,1.0
basic_dqn,1568,0.05,6,5.0,True,8000,0.0007512726006098092,1.0
basic_dqn,1569,0.05,2,9.0,True,8000,0.0012774335918948054,1.0
basic_dqn,1570,0.05,6,5.0,True,8000,0.0012211351422592998,1.0
basic_dqn,1571,0.05,4,7.0,True,8000,0.00046136684250086546,1.0
basic_dqn,1572,0.05,5,6.0,True,8000,0.0004928320995531976,1.0
basic_dqn,1573,0.05,6,5.0,True,8000,0.0017187390476465225,1.0
basic_dqn,1574,0.05,7,4.0,True,8000,0.0004045188252348453,1.0
basic_dqn,1575,0.05,4,7.0,True,8000,0.0005349136772565544,1.0
basic_dqn,1576,0.05,3,8.0,True,8000,0.0010883485665544868,1.0
basic_dqn,1577,0.05,4,7.0,True,8000,0.0013755237450823188,1.0
basic_dqn,1578,0.05,2,9.0,True,8000,0.0013998402282595634,1.0
basic_dqn,1579,0.05,5,6.0,True,8000,0.0003098237793892622,1.0
basic_dqn,1580,0.05,1,10.0,True,8000,0.00021852852660231292,1.0
basic_dqn,1581,0.05,1,10.0,True,8000,0.00018714027828536928,1.0
basic_dqn,1582,0.05,4,7.0,True,8000,0.0006202706135809422,1.0
basic_dqn,1583,0.05,3,8.0,True,8000,0.0019388629589229822,1.0
basic_dqn,1584,0.05,5,6.0,True,8000,0.0030577443540096283,1.0
basic_dqn,1585,0.05,3,8.0,True,8000,0.0006702769314870238,1.0
basic_dqn,1586,0.05,9,2.0,True,8000,0.001013021101243794,1.0
basic_dqn,1587,0.05,3,8.0,True,8000,0.000755219894926995,1.0
basic_dqn,1588,0.05,5,6.0,True,8000,0.004007895011454821,1.0
basic_dqn,1589,0.05,4,7.0,True,8000,0.00019978117779828608,1.0
basic_dqn,1590,0.05,8,3.0,True,8000,0.0003923390759155154,1.0
basic_dqn,1591,0.05,7,4.0,True,8000,0.00023079186212271452,1.0
basic_dqn,1592,0.05,4,7.0,True,8000,0.0002800365327857435,1.0
basic_dqn,1593,0.05,6,5.0,True,8000,0.000461313349660486,1.0
basic_dqn,1594,0.05,7,4.0,True,8000,0.00017822720110416412,1.0
basic_dqn,1595,0.05,1,10.0,True,8000,0.00015830837946850806,1.0
basic_dqn,1596,0.05,1,10.0,True,8000,0.00014702929183840752,1.0
basic_dqn,1597,0.05,3,8.0,True,8000,0.00021355996432248503,1.0
basic_dqn,1598,0.05,3,8.0,True,8000,0.0003993247519247234,1.0
basic_dqn,1599,0.05,4,7.0,True,8000,0.0003012053784914315,1.0
basic_dqn,1600,0.05,2,9.0,True,8000,0.0004233021754771471,1.0
basic_dqn,1601,0.05,9,2.0,True,8000,0.00010435299191158265,1.0
basic_dqn,1602,0.05,10,1.0,True,8000,0.00041416235035285354,1.0
basic_dqn,1603,0.05,4,7.0,True,8000,0.00011072464258177206,1.0
basic_dqn,1604,0.05,6,5.0,True,8000,9.146505180979148e-05,1.0
basic_dqn,1605,0.05,4,7.0,True,8000,0.000179769704118371,1.0
basic_dqn,1606,0.05,1,10.0,True,8000,0.0002341714280191809,1.0
basic_dqn,1607,0.05,1,10.0,True,8000,0.0002007294970098883,1.0
basic_dqn,1608,0.05,4,7.0,True,8000,0.00023276564024854451,1.0
basic_dqn,1609,0.05,7,4.0,True,8000,6.0538193793036044e-05,1.0
basic_dqn,1610,0.05,1,10.0,True,8000,4.807595178135671e-05,1.0
basic_dqn,1611,0.05,4,7.0,True,8000,7.089761493261904e-05,1.0
basic_dqn,1612,0.05,4,7.0,True,8000,0.0001826855295803398,1.0
basic_dqn,1613,0.05,5,6.0,True,8000,0.00020761626365128905,1.0
basic_dqn,1614,0.05,6,5.0,True,8000,0.00015859384438954294,1.0
basic_dqn,1615,0.05,8,3.0,True,8000,0.00013960633077658713,1.0
basic_dqn,1616,0.05,6,5.0,True,8000,0.00025822792667895555,1.0
basic_dqn,1617,0.05,4,7.0,True,8000,0.00018049427308142185,1.0
basic_dqn,1618,0.05,3,8.0,True,8000,4.91274768137373e-05,1.0
basic_dqn,1619,0.05,6,5.0,True,8000,0.00021631520939990878,1.0
basic_dqn,1620,0.05,5,6.0,True,8000,0.0002663739142008126,1.0
basic_dqn,1621,0.05,3,8.0,True,8000,0.00011810341675300151,1.0
basic_dqn,1622,0.05,4,7.0,True,8000,6.923087494214997e-05,1.0
basic_dqn,1623,0.05,3,8.0,True,8000,0.00010824611672433093,1.0
basic_dqn,1624,0.05,5,6.0,True,8000,0.00022160931257531047,1.0
basic_dqn,1625,0.05,3,8.0,True,8000,0.00022280437406152487,1.0
basic_dqn,1626,0.05,5,6.0,True,8000,4.947924389853142e-05,1.0
basic_dqn,1627,0.05,7,4.0,True,8000,0.00022724506561644375,1.0
basic_dqn,1628,0.05,7,4.0,True,8000,5.157833220437169e-05,1.0
basic_dqn,1629,0.05,2,9.0,True,8000,2.432708424748853e-05,1.0
basic_dqn,1630,0.05,5,6.0,True,8000,1.9496075765346177e-05,1.0
basic_dqn,1631,0.05,5,6.0,True,8000,3.2155799999600276e-05,1.0
basic_dqn,1632,0.05,6,5.0,True,8000,7.098929199855775e-05,1.0
basic_dqn,1633,0.05,4,7.0,True,8000,6.055522317183204e-05,1.0
basic_dqn,1634,0.05,4,7.0,True,8000,3.3639833418419585e-05,1.0
basic_dqn,1635,0.05,3,8.0,True,8000,5.9034158766735345e-05,1.0
basic_dqn,1636,0.05,4,7.0,True,8000,0.0001102678943425417,1.0
basic_dqn,1637,0.05,6,5.0,True,8000,0.00011618118151091039,1.0
basic_dqn,1638,0.05,7,4.0,True,8000,3.329750688862987e-05,1.0
basic_dqn,1639,0.05,5,6.0,True,8000,8.15224921097979e-05,1.0
basic_dqn,1640,0.05,7,4.0,True,8000,3.218714118702337e-05,1.0
basic_dqn,1641,0.05,5,6.0,True,8000,2.343786763958633e-05,1.0
basic_dqn,1642,0.05,6,5.0,True,8000,3.0451312341028824e-05,1.0
basic_dqn,1643,0.05,1,10.0,True,8000,2.7262141884421e-05,1.0
basic_dqn,1644,0.05,9,2.0,True,8000,0.0001106019553844817,1.0
basic_dqn,1645,0.05,6,5.0,True,8000,3.559736433089711e-05,1.0
basic_dqn,1646,0.05,3,8.0,True,8000,3.408761040191166e-05,1.0
basic_dqn,1647,0.05,5,6.0,True,8000,4.6442477469099686e-05,1.0
basic_dqn,1648,0.05,5,6.0,True,8000,9.544747445033863e-05,1.0
basic_dqn,1649,0.05,5,6.0,True,8000,8.635509584564716e-05,1.0
basic_dqn,1650,0.05,5,6.0,True,8000,3.116863081231713e-05,1.0
basic_dqn,1651,0.05,2,9.0,True,8000,9.210993448505178e-05,1.0
basic_dqn,1652,0.05,1,10.0,True,8000,9.119525930145755e-05,1.0
basic_dqn,1653,0.05,3,8.0,True,8000,0.00016831890388857573,1.0
basic_dqn,1654,0.05,6,5.0,True,8000,4.912165968562476e-05,1.0
basic_dqn,1655,0.05,4,7.0,True,8000,5.811370647279546e-05,1.0
basic_dqn,1656,0.05,6,5.0,True,8000,0.00011237060243729502,1.0
basic_dqn,1657,0.05,9,2.0,True,8000,4.408827953739092e-05,1.0
basic_dqn,1658,0.05,7,4.0,True,8000,5.484269422595389e-05,1.0
basic_dqn,1659,0.05,2,9.0,True,8000,2.839804074028507e-05,1.0
basic_dqn,1660,0.05,5,6.0,True,8000,1.3613415831059683e-05,1.0
basic_dqn,1661,0.05,7,4.0,True,8000,2.3755197616992518e-05,1.0
basic_dqn,1662,0.05,2,9.0,True,8000,1.86750476132147e-05,1.0
basic_dqn,1663,0.05,2,9.0,True,8000,9.035766197484918e-06,1.0
basic_dqn,1664,0.05,5,6.0,True,8000,4.264109520590864e-06,1.0
basic_dqn,1665,0.05,4,7.0,True,8000,7.514941898989491e-06,1.0
basic_dqn,1666,0.05,2,9.0,True,8000,9.16131102712825e-06,1.0
basic_dqn,1667,0.05,7,4.0,True,8000,1.6477006283821538e-05,1.0
basic_dqn,1668,0.05,7,4.0,True,8000,1.618620808585547e-05,1.0
basic_dqn,1669,0.05,5,6.0,True,8000,1.844557118602097e-05,1.0
basic_dqn,1670,0.05,4,7.0,True,8000,4.412565613165498e-05,1.0
basic_dqn,1671,0.05,6,5.0,True,8000,2.2590431399294175e-05,1.0
basic_dqn,1672,0.05,8,3.0,True,8000,2.0652058083214797e-05,1.0
basic_dqn,1673,0.05,7,4.0,True,8000,5.371231964090839e-05,1.0
basic_dqn,1674,0.05,5,6.0,True,8000,2.801075970637612e-05,1.0
basic_dqn,1675,0.05,3,8.0,True,8000,1.6653015336487442e-05,1.0
basic_dqn,1676,0.05,4,7.0,True,8000,4.779590017278679e-05,1.0
basic_dqn,1677,0.05,7,4.0,True,8000,3.5691959055839106e-05,1.0
basic_dqn,1678,0.05,6,5.0,True,8000,3.3529453503433615e-05,1.0
basic_dqn,1679,0.05,9,2.0,True,8000,6.716347706969827e-05,1.0
basic_dqn,1680,0.05,3,8.0,True,8000,5.6096716434694827e-05,1.0
basic_dqn,1681,0.05,2,9.0,True,8000,4.344664921518415e-05,1.0
basic_dqn,1682,0.05,3,8.0,True,8000,2.6946059733745642e-05,1.0
basic_dqn,1683,0.05,4,7.0,True,8000,3.716878200066276e-05,1.0
basic_dqn,1684,0.05,6,5.0,True,8000,6.633360317209736e-05,1.0
basic_dqn,1685,0.05,5,6.0,True,8000,3.427661067689769e-05,1.0
basic_dqn,1686,0.05,6,5.0,True,8000,3.9762253436492756e-05,1.0
basic_dqn,1687,0.05,3,8.0,True,8000,8.64736211951822e-05,1.0
basic_dqn,1688,0.05,5,6.0,True,8000,7.727355841780081e-05,1.0
basic_dqn,1689,0.05,5,6.0,True,8000,1.3830312127538491e-05,1.0
basic_dqn,1690,0.05,2,9.0,True,8000,2.472780761308968e-05,1.0
basic_dqn,1691,0.05,2,9.0,True,8000,4.7211280616465956e-05,1.0
basic_dqn,1692,0.05,4,7.0,True,8000,8.349866402568296e-05,1.0
basic_dqn,1693,0.05,4,7.0,True,8000,4.5739332563243806e-05,1.0
basic_dqn,1694,0.05,3,8.0,True,8000,1.7409000065526925e-05,1.0
basic_dqn,1695,0.05,6,5.0,True,8000,3.8751615647925064e-05,1.0
basic_dqn,1696,0.05,2,9.0,True,8000,4.608235394698568e-05,1.0
basic_dqn,1697,0.05,2,9.0,True,8000,3.9214784919749945e-05,1.0
basic_dqn,1698,0.05,6,5.0,True,8000,1.5575758880004287e-05,1.0
basic_dqn,1699,0.05,4,7.0,True,8000,1.6119496649480425e-05,1.0
basic_dqn,1700,0.05,7,4.0,True,8000,3.799075784627348e-05,1.0
basic_dqn,1701,0.05,6,5.0,True,8000,1.791953582142014e-05,1.0
basic_dqn,1702,0.05,2,9.0,True,8000,1.7256148566957563e-05,1.0
basic_dqn,1703,0.05,1,10.0,True,8000,2.018535633396823e-05,1.0
basic_dqn,1704,0.05,7,4.0,True,8000,3.230866423109546e-05,1.0
basic_dqn,1705,0.05,6,5.0,True,8000,1.2809276086045429e-05,1.0
basic_dqn,1706,0.05,7,4.0,True,8000,2.3077629521139897e-05,1.0
basic_dqn,1707,0.05,6,5.0,True,8000,2.3202510419650935e-05,1.0
basic_dqn,1708,0.05,2,9.0,True,8000,2.1912133888690732e-05,1.0
basic_dqn,1709,0.05,6,5.0,True,8000,9.344012141809799e-06,1.0
basic_dqn,1710,0.05,5,6.0,True,8000,2.070540540444199e-05,1.0
basic_dqn,1711,0.05,6,5.0,True,8000,1.9589706425904296e-05,1.0
basic_dqn,1712,0.05,5,6.0,True,8000,1.6629506717436016e-05,1.0
basic_dqn,1713,0.05,8,3.0,True,8000,2.8842514439020306e-05,1.0
basic_dqn,1714,0.05,5,6.0,True,8000,3.388401455595158e-05,1.0
basic_dqn,1715,0.05,4,7.0,True,8000,1.167897971754428e-05,1.0
basic_dqn,1716,0.05,5,6.0,True,8000,1.989849261008203e-05,1.0
basic_dqn,1717,0.05,6,5.0,True,8000,2.4250066417152993e-05,1.0
basic_dqn,1718,0.05,2,9.0,True,8000,1.1320385965518653e-05,1.0
basic_dqn,1719,0.05,1,10.0,True,8000,1.2445722859411035e-05,1.0
basic_dqn,1720,0.05,6,5.0,True,8000,4.31748912887997e-06,1.0
basic_dqn,1721,0.05,3,8.0,True,8000,7.647860911674798e-06,1.0
basic_dqn,1722,0.05,5,6.0,True,8000,1.8892706066253595e-05,1.0
basic_dqn,1723,0.05,5,6.0,True,8000,7.307789928745478e-06,1.0
basic_dqn,1724,0.05,5,6.0,True,8000,1.1646804523479659e-05,1.0
basic_dqn,1725,0.05,3,8.0,True,8000,2.2146801711642183e-05,1.0
basic_dqn,1726,0.05,3,8.0,True,8000,2.4463224690407515e-05,1.0
basic_dqn,1727,0.05,6,5.0,True,8000,9.398227120982483e-06,1.0
basic_dqn,1728,0.05,5,6.0,True,8000,1.459042960050283e-05,1.0
basic_dqn,1729,0.05,3,8.0,True,8000,3.180255589541048e-05,1.0
basic_dqn,1730,0.05,5,6.0,True,8000,9.284360203309916e-06,1.0
basic_dqn,1731,0.05,6,5.0,True,8000,4.292180165066384e-06,1.0
basic_dqn,1732,0.05,8,3.0,True,8000,5.7679289966472425e-06,1.0
basic_dqn,1733,0.05,5,6.0,True,8000,4.006784365628846e-06,1.0
basic_dqn,1734,0.05,5,6.0,True,8000,7.733386155450717e-06,1.0
basic_dqn,1735,0.05,6,5.0,True,8000,5.270822384773055e-06,1.0
basic_dqn,1736,0.05,3,8.0,True,8000,2.6537238227319904e-05,1.0
basic_dqn,1737,0.05,2,9.0,True,8000,5.016280738345813e-06,1.0
basic_dqn,1738,0.05,5,6.0,True,8000,2.5012391233758535e-06,1.0
basic_dqn,1739,0.05,5,6.0,True,8000,2.3736395178275416e-06,1.0
basic_dqn,1740,0.05,2,9.0,True,8000,3.118447466476937e-06,1.0
basic_dqn,1741,0.05,6,5.0,True,8000,2.394992407062091e-06,1.0
basic_dqn,1742,0.05,7,4.0,True,8000,3.205069106115843e-06,1.0
basic_dqn,1743,0.05,5,6.0,True,8000,3.372502760612406e-06,1.0
basic_dqn,1744,0.05,3,8.0,True,8000,3.287042773081339e-06,1.0
basic_dqn,1745,0.05,6,5.0,True,8000,3.5456312161841197e-06,1.0
basic_dqn,1746,0.05,5,6.0,True,8000,1.0134325520994025e-06,1.0
basic_dqn,1747,0.05,5,6.0,True,8000,2.9157813514757436e-06,1.0
basic_dqn,1748,0.05,6,5.0,True,8000,3.7042650546936784e-06,1.0
basic_dqn,1749,0.05,7,4.0,True,8000,3.1778145057614893e-06,1.0
basic_dqn,1750,0.05,6,5.0,True,8000,2.8050096716469852e-06,1.0
basic_dqn,1751,0.05,4,7.0,True,8000,8.909507869248046e-07,1.0
basic_dqn,1752,0.05,5,6.0,True,8000,3.5966336326964665e-06,1.0
basic_dqn,1753,0.05,5,6.0,True,8000,2.8083072720619384e-06,1.0
basic_dqn,1754,0.05,1,10.0,True,8000,1.2154156365795643e-06,1.0
basic_dqn,1755,0.05,4,7.0,True,8000,1.0313706297893077e-06,1.0
basic_dqn,1756,0.05,6,5.0,True,8000,2.5762142286112066e-06,1.0
basic_dqn,1757,0.05,6,5.0,True,8000,1.3785995633952552e-06,1.0
basic_dqn,1758,0.05,6,5.0,True,8000,8.235945188062033e-07,1.0
basic_dqn,1759,0.05,7,4.0,True,8000,9.562271543472889e-07,1.0
basic_dqn,1760,0.05,6,5.0,True,8000,2.9550133717748395e-07,1.0
basic_dqn,1761,0.05,2,9.0,True,8000,6.018582894284918e-07,1.0
basic_dqn,1762,0.05,6,5.0,True,8000,9.209130666931742e-07,1.0
basic_dqn,1763,0.05,2,9.0,True,8000,1.192884155898355e-06,1.0
basic_dqn,1764,0.05,6,5.0,True,8000,3.35796926265175e-07,1.0
basic_dqn,1765,0.05,3,8.0,True,8000,5.865688876838249e-07,1.0
basic_dqn,1766,0.05,6,5.0,True,8000,3.4144832739002595e-07,1.0
basic_dqn,1767,0.05,4,7.0,True,8000,4.1273432316302205e-07,1.0
basic_dqn,1768,0.05,5,6.0,True,8000,3.929853846784681e-07,1.0
basic_dqn,1769,0.05,3,8.0,True,8000,5.104412821310689e-07,1.0
basic_dqn,1770,0.05,7,4.0,True,8000,4.071318073783914e-07,1.0
basic_dqn,1771,0.05,7,4.0,True,8000,2.847173163900152e-07,1.0
basic_dqn,1772,0.05,6,5.0,True,8000,2.1020153440076683e-07,1.0
basic_dqn,1773,0.05,3,8.0,True,8000,2.281660442804423e-07,1.0
basic_dqn,1774,0.05,7,4.0,True,8000,1.8331130036131071e-07,1.0
basic_dqn,1775,0.05,2,9.0,True,8000,1.983626276569339e-07,1.0
basic_dqn,1776,0.05,6,5.0,True,8000,1.7394341966792126e-07,1.0
basic_dqn,1777,0.05,8,3.0,True,8000,5.249717673905252e-07,1.0
basic_dqn,1778,0.05,4,7.0,True,8000,1.3682830513062072e-07,1.0
basic_dqn,1779,0.05,6,5.0,True,8000,4.4574133539754257e-07,1.0
basic_dqn,1780,0.05,2,9.0,True,8000,3.2117489467964333e-07,1.0
basic_dqn,1781,0.05,6,5.0,True,8000,3.1198320016301295e-07,1.0
basic_dqn,1782,0.05,3,8.0,True,8000,1.6614077935628302e-07,1.0
basic_dqn,1783,0.05,6,5.0,True,8000,7.523273382048501e-08,1.0
basic_dqn,1784,0.05,5,6.0,True,8000,3.244896262799557e-08,1.0
basic_dqn,1785,0.05,5,6.0,True,8000,2.6646097239790834e-07,1.0
basic_dqn,1786,0.05,5,6.0,True,8000,1.632397044204481e-07,1.0
basic_dqn,1787,0.05,8,3.0,True,8000,2.2009874101058813e-07,1.0
basic_dqn,1788,0.05,5,6.0,True,8000,1.2097949309008982e-07,1.0
basic_dqn,1789,0.05,3,8.0,True,8000,2.979078317366657e-07,1.0
basic_dqn,1790,0.05,5,6.0,True,8000,5.1730120276261e-07,1.0
basic_dqn,1791,0.05,1,10.0,True,8000,4.816275236407819e-07,1.0
basic_dqn,1792,0.05,7,4.0,True,8000,3.8052039030844753e-07,1.0
basic_dqn,1793,0.05,2,9.0,True,8000,4.050144184475357e-07,1.0
basic_dqn,1794,0.05,8,3.0,True,8000,2.1105884684402554e-07,1.0
basic_dqn,1795,0.05,6,5.0,True,8000,1.2109898079870618e-06,1.0
basic_dqn,1796,0.05,1,10.0,True,8000,4.830180841963738e-07,1.0
basic_dqn,1797,0.05,5,6.0,True,8000,2.4281453647745366e-07,1.0
basic_dqn,1798,0.05,4,7.0,True,8000,2.3198157350634574e-07,1.0
basic_dqn,1799,0.05,6,5.0,True,8000,3.8825254478069837e-07,1.0
basic_dqn,1800,0.05,6,5.0,True,8000,1.0629917142068734e-06,1.0
basic_dqn,1801,0.05,6,5.0,True,8000,5.020344815420685e-07,1.0
basic_dqn,1802,0.05,4,7.0,True,8000,1.1759042536141351e-05,1.0
basic_dqn,1803,0.05,9,2.0,True,8000,1.5107150375115452e-06,1.0
basic_dqn,1804,0.05,1,10.0,True,8000,8.622766927146586e-07,1.0
basic_dqn,1805,0.05,5,6.0,True,8000,7.205279644040274e-07,1.0
basic_dqn,1806,0.05,3,8.0,True,8000,8.688555794833519e-07,1.0
basic_dqn,1807,0.05,3,8.0,True,8000,2.7860603495355463e-06,1.0
basic_dqn,1808,0.05,7,4.0,True,8000,4.521656137512764e-06,1.0
basic_dqn,1809,0.05,5,6.0,True,8000,2.3429047359968536e-06,1.0
basic_dqn,1810,0.05,1,10.0,True,8000,3.896834186889464e-06,1.0
basic_dqn,1811,0.05,5,6.0,True,8000,6.642028893111274e-06,1.0
basic_dqn,1812,0.05,5,6.0,True,8000,7.457603260263568e-06,1.0
basic_dqn,1813,0.05,6,5.0,True,8000,1.72032139289513e-06,1.0
basic_dqn,1814,0.05,4,7.0,True,8000,3.443481773501844e-06,1.0
basic_dqn,1815,0.05,6,5.0,True,8000,9.01947441889206e-06,1.0
basic_dqn,1816,0.05,4,7.0,True,8000,8.407943823840469e-06,1.0
basic_dqn,1817,0.05,2,9.0,True,8000,4.506051482167095e-06,1.0
basic_dqn,1818,0.05,3,8.0,True,8000,7.888867912697606e-06,1.0
basic_dqn,1819,0.05,3,8.0,True,8000,1.4974204532336444e-05,1.0
basic_dqn,1820,0.05,3,8.0,True,8000,9.636580216465518e-06,1.0
basic_dqn,1821,0.05,4,7.0,True,8000,4.7532457756460644e-06,1.0
basic_dqn,1822,0.05,7,4.0,True,8000,1.0437135642860085e-05,1.0
basic_dqn,1823,0.05,5,6.0,True,8000,1.3809657502861228e-05,1.0
basic_dqn,1824,0.05,4,7.0,True,8000,3.6212791201251093e-06,1.0
basic_dqn,1825,0.05,5,6.0,True,8000,2.234715793747455e-05,1.0
basic_dqn,1826,0.05,6,5.0,True,8000,1.7228119759238325e-05,1.0
basic_dqn,1827,0.05,5,6.0,True,8000,1.1062197700084653e-05,1.0
basic_dqn,1828,0.05,1,10.0,True,8000,1.0721628314058762e-05,1.0
basic_dqn,1829,0.05,8,3.0,True,8000,1.9789038560702465e-05,1.0
basic_dqn,1830,0.05,5,6.0,True,8000,4.895949587080395e-06,1.0
basic_dqn,1831,0.05,4,7.0,True,8000,1.0072513759951107e-05,1.0
basic_dqn,1832,0.05,2,9.0,True,8000,1.8715543774305843e-05,1.0
basic_dqn,1833,0.05,4,7.0,True,8000,2.296622915309854e-05,1.0
basic_dqn,1834,0.05,5,6.0,True,8000,2.054306969512254e-05,1.0
basic_dqn,1835,0.05,9,2.0,True,8000,9.687853162176907e-05,1.0
basic_dqn,1836,0.05,8,3.0,True,8000,4.0775998058961704e-05,1.0
basic_dqn,1837,0.05,3,8.0,True,8000,7.224063301691785e-05,1.0
basic_dqn,1838,0.05,6,5.0,True,8000,2.414477785350755e-05,1.0
basic_dqn,1839,0.05,2,9.0,True,8000,3.2455092878080904e-05,1.0
basic_dqn,1840,0.05,7,4.0,True,8000,0.0001005554513540119,1.0
basic_dqn,1841,0.05,1,10.0,True,8000,0.00011783820809796453,1.0
basic_dqn,1842,0.05,6,5.0,True,8000,5.2862687880406156e-05,1.0
basic_dqn,1843,0.05,5,6.0,True,8000,0.00014071859186515212,1.0
basic_dqn,1844,0.05,3,8.0,True,8000,7.872002606745809e-05,1.0
basic_dqn,1845,0.05,6,5.0,True,8000,3.916395507985726e-05,1.0
basic_dqn,1846,0.05,6,5.0,True,8000,9.939469600794837e-05,1.0
basic_dqn,1847,0.05,6,5.0,True,8000,5.958448309684172e-05,1.0
basic_dqn,1848,0.05,5,6.0,True,8000,4.517814522841945e-05,1.0
basic_dqn,1849,0.05,3,8.0,True,8000,3.5335568099981174e-05,1.0
basic_dqn,1850,0.05,7,4.0,True,8000,0.0033559808507561684,1.0
basic_dqn,1851,0.05,5,6.0,True,8000,0.00016562534437980503,1.0
basic_dqn,1852,0.05,2,9.0,True,8000,7.807085785316303e-05,1.0
basic_dqn,1853,0.05,5,6.0,True,8000,0.00022363505559042096,1.0
basic_dqn,1854,0.05,2,9.0,True,8000,0.0002189062797697261,1.0
basic_dqn,1855,0.05,5,6.0,True,8000,0.00016182070248760283,1.0
basic_dqn,1856,0.05,3,8.0,True,8000,0.00023355662415269762,1.0
basic_dqn,1857,0.05,7,4.0,True,8000,0.00028590852161869407,1.0
basic_dqn,1858,0.05,1,10.0,True,8000,0.00020758358004968613,1.0
basic_dqn,1859,0.05,3,8.0,True,8000,0.0003391641366761178,1.0
basic_dqn,1860,0.05,3,8.0,True,8000,0.0003010801156051457,1.0
basic_dqn,1861,0.05,1,10.0,True,8000,0.00041871346184052527,1.0
basic_dqn,1862,0.05,5,6.0,True,8000,0.00021197540627326816,1.0
basic_dqn,1863,0.05,5,6.0,True,8000,0.00041549757588654757,1.0
basic_dqn,1864,0.05,4,7.0,True,8000,0.0006383315776474774,1.0
basic_dqn,1865,0.05,8,3.0,True,8000,0.0006406684406101704,1.0
basic_dqn,1866,0.05,8,3.0,True,8000,0.00021277759515214711,1.0
basic_dqn,1867,0.05,6,5.0,True,8000,0.0012900675646960735,1.0
basic_dqn,1868,0.05,3,8.0,True,8000,0.0010921217035502195,1.0
basic_dqn,1869,0.05,2,9.0,True,8000,0.00044650802738033235,1.0
basic_dqn,1870,0.05,6,5.0,True,8000,0.0010470956331118941,1.0
basic_dqn,1871,0.05,6,5.0,True,8000,0.0008609947399236262,1.0
basic_dqn,1872,0.05,4,7.0,True,8000,0.0007426832453347743,1.0
basic_dqn,1873,0.05,6,5.0,True,8000,0.0005228077061474323,1.0
basic_dqn,1874,0.05,9,2.0,True,8000,0.00036889934563077986,1.0
basic_dqn,1875,0.05,3,8.0,True,8000,0.0002729139814618975,1.0
basic_dqn,1876,0.05,3,8.0,True,8000,0.0005187070346437395,1.0
basic_dqn,1877,0.05,5,6.0,True,8000,0.0010463736252859235,1.0
basic_dqn,1878,0.05,2,9.0,True,8000,0.0005328518454916775,1.0
basic_dqn,1879,0.05,6,5.0,True,8000,0.0008140385616570711,1.0
basic_dqn,1880,0.05,6,5.0,True,8000,0.0016908841207623482,1.0
basic_dqn,1881,0.05,1,10.0,True,8000,0.0007634535431861877,1.0
basic_dqn,1882,0.05,8,3.0,True,8000,0.0005676882574334741,1.0
basic_dqn,1883,0.05,2,9.0,True,8000,0.0007944676326587796,1.0
basic_dqn,1884,0.05,2,9.0,True,8000,0.001202502055093646,1.0
basic_dqn,1885,0.05,6,5.0,True,8000,0.00030464003793895245,1.0
basic_dqn,1886,0.05,3,8.0,True,8000,0.0007969378493726254,1.0
basic_dqn,1887,0.05,2,9.0,True,8000,0.0009486803319305182,1.0
basic_dqn,1888,0.05,4,7.0,True,8000,0.0005240462487563491,1.0
basic_dqn,1889,0.05,6,5.0,True,8000,0.0026546274311840534,1.0
basic_dqn,1890,0.05,3,8.0,True,8000,0.000479239912237972,1.0
basic_dqn,1891,0.05,6,5.0,True,8000,0.00031211975147016346,1.0
basic_dqn,1892,0.05,1,10.0,True,8000,0.0004870326374657452,1.0
basic_dqn,1893,0.05,5,6.0,True,8000,0.00028008391382172704,1.0
basic_dqn,1894,0.05,8,3.0,True,8000,0.0004309004289098084,1.0
basic_dqn,1895,0.05,7,4.0,True,8000,0.0004375749849714339,1.0
basic_dqn,1896,0.05,3,8.0,True,8000,0.0007580133969895542,1.0
basic_dqn,1897,0.05,2,9.0,True,8000,0.0007659535622224212,1.0
basic_dqn,1898,0.05,2,9.0,True,8000,0.0009198486222885549,1.0
basic_dqn,1899,0.05,2,9.0,True,8000,0.0006966816727072,1.0
basic_dqn,1900,0.05,5,6.0,True,8000,0.00041112658800557256,1.0
basic_dqn,1901,0.05,3,8.0,True,8000,0.0006829295307397842,1.0
basic_dqn,1902,0.05,7,4.0,True,8000,0.0015559023013338447,1.0
basic_dqn,1903,0.05,5,6.0,True,8000,0.0010008164681494236,1.0
basic_dqn,1904,0.05,4,7.0,True,8000,0.0011724702781066298,1.0
basic_dqn,1905,0.05,2,9.0,True,8000,0.002459881827235222,1.0
basic_dqn,1906,0.05,8,3.0,True,8000,0.002685544779524207,1.0
basic_dqn,1907,0.05,4,7.0,True,8000,0.005409499630331993,1.0
basic_dqn,1908,0.05,4,7.0,True,8000,0.006058874074369669,1.0
basic_dqn,1909,0.05,5,6.0,True,8000,0.004855914507061243,1.0
basic_dqn,1910,0.05,6,5.0,True,8000,0.0062344977632164955,1.0
basic_dqn,1911,0.05,6,5.0,True,8000,0.011674044653773308,1.0
basic_dqn,1912,0.05,1,10.0,True,8000,0.012353342026472092,1.0
basic_dqn,1913,0.05,5,6.0,True,8000,0.021729106083512306,1.0
basic_dqn,1914,0.05,5,6.0,True,8000,0.04629550129175186,1.0
basic_dqn,1915,0.05,7,4.0,True,8000,0.016384225338697433,1.0
basic_dqn,1916,0.05,5,6.0,True,8000,0.05220402404665947,1.0
basic_dqn,1917,0.05,5,6.0,True,8000,0.013136612251400948,1.0
basic_dqn,1918,0.05,3,8.0,True,8000,0.015951497480273247,1.0
basic_dqn,1919,0.05,1,10.0,True,8000,0.017887460067868233,1.0
basic_dqn,1920,0.05,5,6.0,True,8000,0.026697464287281036,1.0
basic_dqn,1921,0.05,5,6.0,True,8000,0.02396106906235218,1.0
basic_dqn,1922,0.05,5,6.0,True,8000,0.025561079382896423,1.0
basic_dqn,1923,0.05,8,3.0,True,8000,0.013809043914079666,1.0
basic_dqn,1924,0.05,4,7.0,True,8000,0.01384648960083723,1.0
basic_dqn,1925,0.05,5,6.0,True,8000,0.016601677983999252,1.0
basic_dqn,1926,0.05,4,7.0,True,8000,0.01632307842373848,1.0
basic_dqn,1927,0.05,6,5.0,True,8000,0.007560464553534985,1.0
basic_dqn,1928,0.05,1,10.0,True,8000,0.00824937503784895,1.0
basic_dqn,1929,0.05,4,7.0,True,8000,0.012834107503294945,1.0
basic_dqn,1930,0.05,5,6.0,True,8000,0.011076850816607475,1.0
basic_dqn,1931,0.05,7,4.0,True,8000,0.007466256618499756,1.0
basic_dqn,1932,0.05,5,6.0,True,8000,0.020758217200636864,1.0
basic_dqn,1933,0.05,5,6.0,True,8000,0.030460631474852562,1.0
basic_dqn,1934,0.05,3,8.0,True,8000,0.01267214585095644,1.0
basic_dqn,1935,0.05,4,7.0,True,8000,0.012984291650354862,1.0
basic_dqn,1936,0.05,5,6.0,True,8000,0.013032597489655018,1.0
basic_dqn,1937,0.05,5,6.0,True,8000,0.009728582575917244,1.0
basic_dqn,1938,0.05,2,9.0,True,8000,0.020047102123498917,1.0
basic_dqn,1939,0.05,1,10.0,True,8000,0.008190247230231762,1.0
basic_dqn,1940,0.05,4,7.0,True,8000,0.004907679278403521,1.0
basic_dqn,1941,0.05,5,6.0,True,8000,0.006989006884396076,1.0
basic_dqn,1942,0.05,3,8.0,True,8000,0.005239818710833788,1.0
basic_dqn,1943,0.05,3,8.0,True,8000,0.0032764167990535498,1.0
basic_dqn,1944,0.05,7,4.0,True,8000,0.005023000296205282,1.0
basic_dqn,1945,0.05,8,3.0,True,8000,0.004658120684325695,1.0
basic_dqn,1946,0.05,4,7.0,True,8000,0.0028906597290188074,1.0
basic_dqn,1947,0.05,4,7.0,True,8000,0.002302904613316059,1.0
basic_dqn,1948,0.05,7,4.0,True,8000,0.004666750784963369,1.0
basic_dqn,1949,0.05,4,7.0,True,8000,0.005642318166792393,1.0
basic_dqn,1950,0.05,7,4.0,True,8000,0.005394645966589451,1.0
basic_dqn,1951,0.05,6,5.0,True,8000,0.006327319890260696,1.0
basic_dqn,1952,0.05,7,4.0,True,8000,0.002375934273004532,1.0
basic_dqn,1953,0.05,3,8.0,True,8000,0.0061426665633916855,1.0
basic_dqn,1954,0.05,6,5.0,True,8000,0.0020737929735332727,1.0
basic_dqn,1955,0.05,4,7.0,True,8000,0.001083293929696083,1.0
basic_dqn,1956,0.05,3,8.0,True,8000,0.0009727089782245457,1.0
basic_dqn,1957,0.05,6,5.0,True,8000,0.0015710742445662618,1.0
basic_dqn,1958,0.05,6,5.0,True,8000,0.0016321977600455284,1.0
basic_dqn,1959,0.05,5,6.0,True,8000,0.0009456775151193142,1.0
basic_dqn,1960,0.05,1,10.0,True,8000,0.0017442383104935288,1.0
basic_dqn,1961,0.05,5,6.0,True,8000,0.0014639167347922921,1.0
basic_dqn,1962,0.05,3,8.0,True,8000,0.000930841255467385,1.0
basic_dqn,1963,0.05,6,5.0,True,8000,0.0012192288413643837,1.0
basic_dqn,1964,0.05,6,5.0,True,8000,0.000443412660388276,1.0
basic_dqn,1965,0.05,4,7.0,True,8000,0.0010410234099254012,1.0
basic_dqn,1966,0.05,5,6.0,True,8000,0.0006481757736764848,1.0
basic_dqn,1967,0.05,2,9.0,True,8000,0.0006564887589775026,1.0
basic_dqn,1968,0.05,5,6.0,True,8000,0.000996254151687026,1.0
basic_dqn,1969,0.05,8,3.0,True,8000,0.00031138124177232385,1.0
basic_dqn,1970,0.05,5,6.0,True,8000,0.0008315445156767964,1.0
basic_dqn,1971,0.05,7,4.0,True,8000,0.00044227117905393243,1.0
basic_dqn,1972,0.05,6,5.0,True,8000,0.0011780167696997523,1.0
basic_dqn,1973,0.05,6,5.0,True,8000,0.0003199760685674846,1.0
basic_dqn,1974,0.05,5,6.0,True,8000,0.00039081787690520287,1.0
basic_dqn,1975,0.05,6,5.0,True,8000,0.0008975372766144574,1.0
basic_dqn,1976,0.05,5,6.0,True,8000,0.00038698414573445916,1.0
basic_dqn,1977,0.05,3,8.0,True,8000,0.0006024402100592852,1.0
basic_dqn,1978,0.05,5,6.0,True,8000,0.0012050953228026628,1.0
basic_dqn,1979,0.05,1,10.0,True,8000,0.0013144530821591616,1.0
basic_dqn,1980,0.05,7,4.0,True,8000,0.000838581589050591,1.0
basic_dqn,1981,0.05,1,10.0,True,8000,0.0015451193321496248,1.0
basic_dqn,1982,0.05,3,8.0,True,8000,0.00143067364115268,1.0
basic_dqn,1983,0.05,3,8.0,True,8000,0.0010290649952366948,1.0
basic_dqn,1984,0.05,6,5.0,True,8000,0.0006388140609487891,1.0
basic_dqn,1985,0.05,7,4.0,True,8000,0.0007675782544538379,1.0
basic_dqn,1986,0.05,3,8.0,True,8000,0.0007235745433717966,1.0
basic_dqn,1987,0.05,2,9.0,True,8000,0.0003400065761525184,1.0
basic_dqn,1988,0.05,4,7.0,True,8000,0.0006496114656329155,1.0
basic_dqn,1989,0.05,3,8.0,True,8000,0.00058994151186198,1.0
basic_dqn,1990,0.05,7,4.0,True,8000,0.00028069602558389306,1.0
basic_dqn,1991,0.05,4,7.0,True,8000,0.00028731286874972284,1.0
basic_dqn,1992,0.05,6,5.0,True,8000,0.0002849872107617557,1.0
basic_dqn,1993,0.05,2,9.0,True,8000,0.0004811590479221195,1.0
basic_dqn,1994,0.05,3,8.0,True,8000,0.00017076096264645457,1.0
basic_dqn,1995,0.05,2,9.0,True,8000,0.00011546268797246739,1.0
basic_dqn,1996,0.05,6,5.0,True,8000,0.0008834817563183606,1.0
basic_dqn,1997,0.05,4,7.0,True,8000,0.00017336577002424747,1.0
basic_dqn,1998,0.05,5,6.0,True,8000,0.0003983050410170108,1.0
basic_dqn,1999,0.05,4,7.0,True,8000,0.0001304819161305204,1.0
basic_dqn,2000,0.05,2,9.0,True,8000,0.00011430746235419065,1.0
basic_dqn,2001,0.05,5,6.0,True,8000,7.761152664897963e-05,1.0
basic_dqn,2002,0.05,4,7.0,True,8000,9.296401549363509e-05,1.0
basic_dqn,2003,0.05,5,6.0,True,8000,0.00030238355975598097,1.0
basic_dqn,2004,0.05,9,2.0,True,8000,0.0004893785226158798,1.0
basic_dqn,2005,0.05,4,7.0,True,8000,0.00026315473951399326,1.0
basic_dqn,2006,0.05,6,5.0,True,8000,0.00036175065906718373,1.0
basic_dqn,2007,0.05,7,4.0,True,8000,0.00019459945906419307,1.0
basic_dqn,2008,0.05,4,7.0,True,8000,0.0004401521000545472,1.0
basic_dqn,2009,0.05,5,6.0,True,8000,0.00040225262637250125,1.0
basic_dqn,2010,0.05,3,8.0,True,8000,0.00024411847698502243,1.0
basic_dqn,2011,0.05,6,5.0,True,8000,0.0005673249834217131,1.0
basic_dqn,2012,0.05,4,7.0,True,8000,0.00030319177312776446,1.0
basic_dqn,2013,0.05,5,6.0,True,8000,0.0003658464993350208,1.0
basic_dqn,2014,0.05,5,6.0,True,8000,0.000812273588962853,1.0
basic_dqn,2015,0.05,6,5.0,True,8000,0.0004636267840396613,1.0
basic_dqn,2016,0.05,4,7.0,True,8000,0.0003629957791417837,1.0
basic_dqn,2017,0.05,3,8.0,True,8000,0.0004024686058983207,1.0
basic_dqn,2018,0.05,6,5.0,True,8000,0.0003348311292938888,1.0
basic_dqn,2019,0.05,1,10.0,True,8000,0.000210432757739909,1.0
basic_dqn,2020,0.05,5,6.0,True,8000,0.0006853347877040505,1.0
basic_dqn,2021,0.05,6,5.0,True,8000,0.00022639011149294674,1.0
basic_dqn,2022,0.05,2,9.0,True,8000,0.00020370242418721318,1.0
basic_dqn,2023,0.05,5,6.0,True,8000,0.0001732455421006307,1.0
basic_dqn,2024,0.05,4,7.0,True,8000,0.00013483819202519953,1.0
basic_dqn,2025,0.05,5,6.0,True,8000,0.0001613656204426661,1.0
basic_dqn,2026,0.05,6,5.0,True,8000,0.00016609985323157161,1.0
basic_dqn,2027,0.05,4,7.0,True,8000,0.0001407155505148694,1.0
basic_dqn,2028,0.05,1,10.0,True,8000,0.0001274273672606796,1.0
basic_dqn,2029,0.05,6,5.0,True,8000,0.00013096405018586665,1.0
basic_dqn,2030,0.05,7,4.0,True,8000,8.233688276959583e-05,1.0
basic_dqn,2031,0.05,4,7.0,True,8000,0.00012571665865834802,1.0
basic_dqn,2032,0.05,2,9.0,True,8000,0.00015887542394921184,1.0
basic_dqn,2033,0.05,8,3.0,True,8000,0.0001413733552908525,1.0
basic_dqn,2034,0.05,2,9.0,True,8000,0.0001127814466599375,1.0
basic_dqn,2035,0.05,3,8.0,True,8000,0.00016591692110523582,1.0
basic_dqn,2036,0.05,5,6.0,True,8000,0.00012692881864495575,1.0
basic_dqn,2037,0.05,5,6.0,True,8000,0.000132692905026488,1.0
basic_dqn,2038,0.05,3,8.0,True,8000,7.153127808123827e-05,1.0
basic_dqn,2039,0.05,1,10.0,True,8000,9.045461774803698e-05,1.0
basic_dqn,2040,0.05,4,7.0,True,8000,7.7369375503622e-05,1.0
basic_dqn,2041,0.05,1,10.0,True,8000,0.00010436402226332575,1.0
basic_dqn,2042,0.05,2,9.0,True,8000,0.00010117310011992231,1.0
basic_dqn,2043,0.05,9,2.0,True,8000,0.00013451259292196482,1.0
basic_dqn,2044,0.05,3,8.0,True,8000,0.00013357168063521385,1.0
basic_dqn,2045,0.05,7,4.0,True,8000,6.0319860494928434e-05,1.0
basic_dqn,2046,0.05,7,4.0,True,8000,3.848077176371589e-05,1.0
basic_dqn,2047,0.05,7,4.0,True,8000,3.221511724404991e-05,1.0
basic_dqn,2048,0.05,5,6.0,True,8000,2.0721730834338814e-05,1.0
basic_dqn,2049,0.05,7,4.0,True,8000,2.492721250746399e-05,1.0
basic_dqn,2050,0.05,4,7.0,True,8000,1.3491167919710279e-05,1.0
basic_dqn,2051,0.05,2,9.0,True,8000,2.6612944566295482e-05,1.0
basic_dqn,2052,0.05,6,5.0,True,8000,5.6418398344249e-06,1.0
basic_dqn,2053,0.05,3,8.0,True,8000,1.132686338678468e-05,1.0
basic_dqn,2054,0.05,6,5.0,True,8000,5.476134447235381e-06,1.0
basic_dqn,2055,0.05,5,6.0,True,8000,1.1553301192179788e-05,1.0
basic_dqn,2056,0.05,1,10.0,True,8000,1.683328446233645e-05,1.0
basic_dqn,2057,0.05,4,7.0,True,8000,1.4848580576654058e-05,1.0
basic_dqn,2058,0.05,6,5.0,True,8000,9.312487236456946e-06,1.0
basic_dqn,2059,0.05,3,8.0,True,8000,3.7317327041819226e-06,1.0
basic_dqn,2060,0.05,5,6.0,True,8000,3.813996954704635e-06,1.0
basic_dqn,2061,0.05,3,8.0,True,8000,8.26040286483476e-06,1.0
basic_dqn,2062,0.05,7,4.0,True,8000,6.729542747052619e-06,1.0
basic_dqn,2063,0.05,5,6.0,True,8000,1.014156350720441e-05,1.0
basic_dqn,2064,0.05,7,4.0,True,8000,1.312713538936805e-05,1.0
basic_dqn,2065,0.05,5,6.0,True,8000,2.5448407541261986e-06,1.0
basic_dqn,2066,0.05,4,7.0,True,8000,6.545743417518679e-06,1.0
basic_dqn,2067,0.05,6,5.0,True,8000,2.592742021079175e-06,1.0
basic_dqn,2068,0.05,6,5.0,True,8000,2.471105744916713e-06,1.0
basic_dqn,2069,0.05,3,8.0,True,8000,3.526931777741993e-06,1.0
basic_dqn,2070,0.05,6,5.0,True,8000,2.181580384785775e-06,1.0
basic_dqn,2071,0.05,3,8.0,True,8000,2.9551947591244243e-06,1.0
basic_dqn,2072,0.05,5,6.0,True,8000,1.8599176883071777e-06,1.0
basic_dqn,2073,0.05,5,6.0,True,8000,3.370135345903691e-06,1.0
basic_dqn,2074,0.05,5,6.0,True,8000,1.5617948747603805e-06,1.0
basic_dqn,2075,0.05,3,8.0,True,8000,2.6437955966684967e-06,1.0
basic_dqn,2076,0.05,8,3.0,True,8000,2.3727934603812173e-06,1.0
basic_dqn,2077,0.05,5,6.0,True,8000,2.166764261346543e-06,1.0
basic_dqn,2078,0.05,1,10.0,True,8000,1.8436576283420436e-06,1.0
basic_dqn,2079,0.05,6,5.0,True,8000,1.454044877391425e-06,1.0
basic_dqn,2080,0.05,6,5.0,True,8000,1.148753653978929e-06,1.0
basic_dqn,2081,0.05,4,7.0,True,8000,1.4816250768490136e-06,1.0
basic_dqn,2082,0.05,2,9.0,True,8000,1.0662331533239922e-06,1.0
basic_dqn,2083,0.05,6,5.0,True,8000,1.6364664361390169e-06,1.0
basic_dqn,2084,0.05,8,3.0,True,8000,6.972151140871574e-07,1.0
basic_dqn,2085,0.05,6,5.0,True,8000,1.4964562069508247e-06,1.0
basic_dqn,2086,0.05,4,7.0,True,8000,1.6652504655212397e-06,1.0
basic_dqn,2087,0.05,6,5.0,True,8000,1.790251417332911e-06,1.0
basic_dqn,2088,0.05,6,5.0,True,8000,2.5086169443966355e-06,1.0
basic_dqn,2089,0.05,6,5.0,True,8000,3.4366678391961614e-06,1.0
basic_dqn,2090,0.05,3,8.0,True,8000,1.4478309822152369e-06,1.0
basic_dqn,2091,0.05,2,9.0,True,8000,2.246836174890632e-06,1.0
basic_dqn,2092,0.05,4,7.0,True,8000,6.451629815273918e-06,1.0
basic_dqn,2093,0.05,6,5.0,True,8000,1.8312613292437163e-06,1.0
basic_dqn,2094,0.05,5,6.0,True,8000,4.561379228107398e-06,1.0
basic_dqn,2095,0.05,3,8.0,True,8000,3.490808694550651e-06,1.0
basic_dqn,2096,0.05,6,5.0,True,8000,4.191169864498079e-06,1.0
basic_dqn,2097,0.05,7,4.0,True,8000,5.288106876832899e-06,1.0
basic_dqn,2098,0.05,4,7.0,True,8000,1.2886084732599556e-06,1.0
basic_dqn,2099,0.05,5,6.0,True,8000,2.9107109185133595e-06,1.0
basic_dqn,2100,0.05,6,5.0,True,8000,1.9704862097569276e-06,1.0
basic_dqn,2101,0.05,10,1.0,True,8000,2.2758911200071452e-06,1.0
basic_dqn,2102,0.05,5,6.0,True,8000,1.2238389217600343e-06,1.0
basic_dqn,2103,0.05,2,9.0,True,8000,3.1990939532988705e-06,1.0
basic_dqn,2104,0.05,1,10.0,True,8000,4.0198756323661655e-06,1.0
basic_dqn,2105,0.05,5,6.0,True,8000,2.130917437170865e-06,1.0
basic_dqn,2106,0.05,5,6.0,True,8000,2.517230313969776e-06,1.0
basic_dqn,2107,0.05,3,8.0,True,8000,1.0670288475012057e-06,1.0
basic_dqn,2108,0.05,4,7.0,True,8000,2.664315388756222e-06,1.0
basic_dqn,2109,0.05,4,7.0,True,8000,3.262188329244964e-06,1.0
basic_dqn,2110,0.05,4,7.0,True,8000,3.146787094010506e-06,1.0
basic_dqn,2111,0.05,6,5.0,True,8000,1.1228286211917293e-06,1.0
basic_dqn,2112,0.05,7,4.0,True,8000,4.479248218558496e-06,1.0
basic_dqn,2113,0.05,5,6.0,True,8000,2.3113511815608945e-06,1.0
basic_dqn,2114,0.05,8,3.0,True,8000,4.444862042873865e-06,1.0
basic_dqn,2115,0.05,3,8.0,True,8000,5.171473731024889e-06,1.0
basic_dqn,2116,0.05,3,8.0,True,8000,2.043527501882636e-06,1.0
basic_dqn,2117,0.05,7,4.0,True,8000,6.840635251137428e-06,1.0
basic_dqn,2118,0.05,5,6.0,True,8000,4.143870683037676e-06,1.0
basic_dqn,2119,0.05,5,6.0,True,8000,1.8370897123531904e-06,1.0
basic_dqn,2120,0.05,4,7.0,True,8000,1.7300222907579155e-06,1.0
basic_dqn,2121,0.05,4,7.0,True,8000,4.931972625854542e-07,1.0
basic_dqn,2122,0.05,3,8.0,True,8000,8.957271688814217e-07,1.0
basic_dqn,2123,0.05,4,7.0,True,8000,8.061641665335628e-07,1.0
basic_dqn,2124,0.05,5,6.0,True,8000,7.408807505271398e-07,1.0
basic_dqn,2125,0.05,6,5.0,True,8000,8.878952257873607e-07,1.0
basic_dqn,2126,0.05,4,7.0,True,8000,2.3859470275056083e-06,1.0
basic_dqn,2127,0.05,4,7.0,True,8000,1.4379858157553826e-06,1.0
basic_dqn,2128,0.05,4,7.0,True,8000,1.957030690391548e-06,1.0
basic_dqn,2129,0.05,3,8.0,True,8000,3.7069337395223556e-06,1.0
basic_dqn,2130,0.05,2,9.0,True,8000,1.2516271681306534e-06,1.0
basic_dqn,2131,0.05,4,7.0,True,8000,1.9047879504796583e-06,1.0
basic_dqn,2132,0.05,5,6.0,True,8000,8.113341323223722e-07,1.0
basic_dqn,2133,0.05,3,8.0,True,8000,6.525400522150449e-07,1.0
basic_dqn,2134,0.05,6,5.0,True,8000,1.0010006690208684e-06,1.0
basic_dqn,2135,0.05,3,8.0,True,8000,5.668443350259622e-07,1.0
basic_dqn,2136,0.05,5,6.0,True,8000,9.231525837094523e-07,1.0
basic_dqn,2137,0.05,3,8.0,True,8000,8.403410447499482e-07,1.0
basic_dqn,2138,0.05,5,6.0,True,8000,5.586157953985094e-07,1.0
basic_dqn,2139,0.05,4,7.0,True,8000,8.021589792406303e-07,1.0
basic_dqn,2140,0.05,6,5.0,True,8000,1.6618639619991882e-07,1.0
basic_dqn,2141,0.05,5,6.0,True,8000,5.227498718340939e-07,1.0
basic_dqn,2142,0.05,3,8.0,True,8000,1.333307153572605e-07,1.0
basic_dqn,2143,0.05,6,5.0,True,8000,1.995446723412897e-07,1.0
basic_dqn,2144,0.05,6,5.0,True,8000,6.066452442610171e-07,1.0
basic_dqn,2145,0.05,6,5.0,True,8000,4.512088196406694e-07,1.0
basic_dqn,2146,0.05,6,5.0,True,8000,8.087901051112567e-07,1.0
basic_dqn,2147,0.05,1,10.0,True,8000,4.712812824436696e-07,1.0
basic_dqn,2148,0.05,8,3.0,True,8000,2.7079209985458874e-07,1.0
basic_dqn,2149,0.05,5,6.0,True,8000,8.391417622988229e-07,1.0
basic_dqn,2150,0.05,6,5.0,True,8000,5.962199338682694e-07,1.0
basic_dqn,2151,0.05,4,7.0,True,8000,3.312228784579929e-07,1.0
basic_dqn,2152,0.05,2,9.0,True,8000,3.0691219876644027e-07,1.0
basic_dqn,2153,0.05,3,8.0,True,8000,4.6646596274513286e-07,1.0
basic_dqn,2154,0.05,2,9.0,True,8000,1.9456763311609393e-06,1.0
basic_dqn,2155,0.05,3,8.0,True,8000,8.049402708820708e-07,1.0
basic_dqn,2156,0.05,5,6.0,True,8000,5.905328634980833e-07,1.0
basic_dqn,2157,0.05,8,3.0,True,8000,1.2295693068153923e-06,1.0
basic_dqn,2158,0.05,6,5.0,True,8000,9.414660553375143e-07,1.0
basic_dqn,2159,0.05,4,7.0,True,8000,2.8466729418141767e-06,1.0
basic_dqn,2160,0.05,1,10.0,True,8000,2.176573616452515e-06,1.0
basic_dqn,2161,0.05,7,4.0,True,8000,1.838283992583456e-06,1.0
basic_dqn,2162,0.05,6,5.0,True,8000,2.46973468165379e-06,1.0
basic_dqn,2163,0.05,8,3.0,True,8000,1.8307921436644392e-06,1.0
basic_dqn,2164,0.05,6,5.0,True,8000,2.349052692807163e-06,1.0
basic_dqn,2165,0.05,6,5.0,True,8000,7.517407993873348e-07,1.0
basic_dqn,2166,0.05,5,6.0,True,8000,6.664103011644329e-07,1.0
basic_dqn,2167,0.05,4,7.0,True,8000,1.6701270624253084e-06,1.0
basic_dqn,2168,0.05,2,9.0,True,8000,1.8540414430390229e-06,1.0
basic_dqn,2169,0.05,5,6.0,True,8000,1.5687327277191798e-06,1.0
basic_dqn,2170,0.05,6,5.0,True,8000,4.652581537811784e-06,1.0
basic_dqn,2171,0.05,6,5.0,True,8000,2.7630317163129803e-06,1.0
basic_dqn,2172,0.05,7,4.0,True,8000,2.721940973060555e-06,1.0
basic_dqn,2173,0.05,6,5.0,True,8000,3.3210608307854272e-06,1.0
basic_dqn,2174,0.05,4,7.0,True,8000,3.4847191727749305e-06,1.0
basic_dqn,2175,0.05,7,4.0,True,8000,1.120196316151123e-06,1.0
basic_dqn,2176,0.05,4,7.0,True,8000,6.308185220404994e-06,1.0
basic_dqn,2177,0.05,6,5.0,True,8000,2.3986578980839113e-06,1.0
basic_dqn,2178,0.05,4,7.0,True,8000,6.8947892941650935e-06,1.0
basic_dqn,2179,0.05,2,9.0,True,8000,1.529987457615789e-05,1.0
basic_dqn,2180,0.05,5,6.0,True,8000,2.5223307602573186e-06,1.0
basic_dqn,2181,0.05,1,10.0,True,8000,3.5768593988905195e-06,1.0
basic_dqn,2182,0.05,6,5.0,True,8000,1.5024058939161478e-06,1.0
basic_dqn,2183,0.05,4,7.0,True,8000,9.543133501210832e-07,1.0
basic_dqn,2184,0.05,6,5.0,True,8000,2.3402751594403526e-06,1.0
basic_dqn,2185,0.05,2,9.0,True,8000,2.352094725210918e-06,1.0
basic_dqn,2186,0.05,10,1.0,True,8000,3.4123638670280343e-06,1.0
basic_dqn,2187,0.05,3,8.0,True,8000,7.865897714509629e-06,1.0
basic_dqn,2188,0.05,4,7.0,True,8000,1.6059957488323562e-06,1.0
basic_dqn,2189,0.05,7,4.0,True,8000,5.621897344099125e-06,1.0
basic_dqn,2190,0.05,1,10.0,True,8000,3.2093626032292377e-06,1.0
basic_dqn,2191,0.05,7,4.0,True,8000,8.514843102602754e-06,1.0
basic_dqn,2192,0.05,2,9.0,True,8000,7.482235560019035e-06,1.0
basic_dqn,2193,0.05,5,6.0,True,8000,3.854116948787123e-05,1.0
basic_dqn,2194,0.05,5,6.0,True,8000,6.012497124174843e-06,1.0
basic_dqn,2195,0.05,5,6.0,True,8000,1.7580965504748747e-05,1.0
basic_dqn,2196,0.05,7,4.0,True,8000,3.286265200586058e-05,1.0
basic_dqn,2197,0.05,3,8.0,True,8000,4.0697188524063677e-05,1.0
basic_dqn,2198,0.05,7,4.0,True,8000,4.536200867732987e-05,1.0
basic_dqn,2199,0.05,4,7.0,True,8000,0.00014456463395617902,1.0
basic_dqn,2200,0.05,1,10.0,True,8000,6.231119186850265e-05,1.0
double_dqn,1,1.0,20,-9.0,True,20,,1.0
double_dqn,2,0.99932,40,-40.0,False,60,,0.5
double_dqn,3,0.99864,40,-40.0,False,100,1.6222124099731445,0.3333333333333333
double_dqn,4,0.99796,10,1.0,True,110,1.5525132417678833,0.5
double_dqn,5,0.99729,19,-8.0,True,129,0.013578684069216251,0.6
double_dqn,6,0.99661,40,-40.0,False,169,1.9301624298095703,0.5
double_dqn,7,0.99593,16,-5.0,True,185,0.6943836212158203,0.5714285714285714
double_dqn,8,0.99525,40,-40.0,False,225,0.16344782710075378,0.5
double_dqn,9,0.99457,40,-40.0,False,265,2.900322437286377,0.4444444444444444
double_dqn,10,0.99389,40,-40.0,False,305,0.9999119639396667,0.4
double_dqn,11,0.99321,16,-5.0,True,321,0.7168031334877014,0.45454545454545453
double_dqn,12,0.99254,34,-23.0,True,355,0.1988706886768341,0.5
double_dqn,13,0.99186,39,-48.0,False,394,1.7244232892990112,0.46153846153846156
double_dqn,14,0.99118,40,-40.0,False,434,1.4387810230255127,0.42857142857142855
double_dqn,15,0.9905,40,-40.0,False,474,2.3766374588012695,0.4
double_dqn,16,0.98982,40,-40.0,False,514,0.6131473183631897,0.375
double_dqn,17,0.98914,14,-23.0,False,528,1.3834820985794067,0.35294117647058826
double_dqn,18,0.98846,16,-25.0,False,544,0.893876850605011,0.3333333333333333
double_dqn,19,0.98779,40,-40.0,False,584,1.5650084018707275,0.3157894736842105
double_dqn,20,0.98711,31,-20.0,True,615,1.609266996383667,0.35
double_dqn,21,0.98643,40,-40.0,False,655,0.5149126052856445,0.3333333333333333
double_dqn,22,0.98575,40,-40.0,False,695,0.6314916610717773,0.3181818181818182
double_dqn,23,0.98507,40,-40.0,False,735,0.4549650549888611,0.30434782608695654
double_dqn,24,0.98439,21,-10.0,True,756,0.2168058454990387,0.3333333333333333
double_dqn,25,0.98371,2,9.0,True,758,0.2989000678062439,0.36
double_dqn,26,0.98304,40,-40.0,False,798,0.46609392762184143,0.34615384615384615
double_dqn,27,0.98236,40,-40.0,False,838,0.06979920715093613,0.3333333333333333
double_dqn,28,0.98168,40,-40.0,False,878,0.458792120218277,0.32142857142857145
double_dqn,29,0.981,40,-40.0,False,918,0.126376673579216,0.3103448275862069
double_dqn,30,0.98032,7,-16.0,False,925,0.09291841089725494,0.3
double_dqn,31,0.97964,40,-40.0,False,965,0.4820011258125305,0.2903225806451613
double_dqn,32,0.97896,40,-40.0,False,1005,0.10051107406616211,0.28125
double_dqn,33,0.97829,23,-32.0,False,1028,0.07305415719747543,0.2727272727272727
double_dqn,34,0.97761,24,-33.0,False,1052,0.05751102790236473,0.2647058823529412
double_dqn,35,0.97693,30,-39.0,False,1082,0.1252584457397461,0.2571428571428571
double_dqn,36,0.97625,23,-32.0,False,1105,0.05678032338619232,0.25
double_dqn,37,0.97557,40,-40.0,False,1145,0.026523180305957794,0.24324324324324326
double_dqn,38,0.97489,5,6.0,True,1150,0.04184800758957863,0.2631578947368421
double_dqn,39,0.97421,40,-40.0,False,1190,0.06339725106954575,0.2564102564102564
double_dqn,40,0.97354,40,-40.0,False,1230,0.06200109422206879,0.25
double_dqn,41,0.97286,40,-40.0,False,1270,0.14943091571331024,0.24390243902439024
double_dqn,42,0.97218,40,-40.0,False,1310,0.13117343187332153,0.23809523809523808
double_dqn,43,0.9715,40,-40.0,False,1350,0.024851100519299507,0.23255813953488372
double_dqn,44,0.97082,1,10.0,True,1351,0.025342900305986404,0.25
double_dqn,45,0.97014,40,-40.0,False,1391,0.03444916382431984,0.24444444444444444
double_dqn,46,0.96946,29,-18.0,True,1420,0.04239310696721077,0.2608695652173913
double_dqn,47,0.96879,11,0.0,True,1431,0.06509390473365784,0.2765957446808511
double_dqn,48,0.96811,40,-40.0,False,1471,0.10531328618526459,0.2708333333333333
double_dqn,49,0.96743,40,-40.0,False,1511,0.014485172927379608,0.2653061224489796
double_dqn,50,0.96675,18,-7.0,True,1529,0.015691662207245827,0.28
double_dqn,51,0.96607,6,-15.0,False,1535,0.01275726780295372,0.27450980392156865
double_dqn,52,0.96539,12,-21.0,False,1547,0.024693451821804047,0.2692307692307692
double_dqn,53,0.96471,15,-4.0,True,1562,0.005592196714133024,0.2830188679245283
double_dqn,54,0.96404,40,-40.0,False,1602,0.010450306348502636,0.2777777777777778
double_dqn,55,0.96336,24,-33.0,False,1626,0.008546988479793072,0.2727272727272727
double_dqn,56,0.96268,25,-14.0,True,1651,0.0037517636083066463,0.2857142857142857
double_dqn,57,0.962,6,-15.0,False,1657,0.006780689582228661,0.2807017543859649
double_dqn,58,0.96132,11,0.0,True,1668,0.07680323719978333,0.29310344827586204
double_dqn,59,0.96064,40,-40.0,False,1708,0.012739621102809906,0.288135593220339
double_dqn,60,0.95996,40,-40.0,False,1748,0.014144024811685085,0.2833333333333333
double_dqn,61,0.95929,15,-24.0,False,1763,0.00837524514645338,0.2786885245901639
double_dqn,62,0.95861,5,6.0,True,1768,0.05973182991147041,0.2903225806451613
double_dqn,63,0.95793,32,-41.0,False,1800,0.019043156877160072,0.2857142857142857
double_dqn,64,0.95725,35,-44.0,False,1835,0.00440170057117939,0.28125
double_dqn,65,0.95657,40,-40.0,False,1875,0.0346597358584404,0.27692307692307694
double_dqn,66,0.95589,40,-40.0,False,1915,0.004504854790866375,0.2727272727272727
double_dqn,67,0.95521,32,-41.0,False,1947,0.005653283558785915,0.26865671641791045
double_dqn,68,0.95454,28,-37.0,False,1975,0.02185189165174961,0.2647058823529412
double_dqn,69,0.95386,22,-31.0,False,1997,0.005728674121201038,0.2608695652173913
double_dqn,70,0.95318,4,7.0,True,2001,0.010603987611830235,0.2714285714285714
double_dqn,71,0.9525,14,-23.0,False,2015,0.007923828437924385,0.2676056338028169
double_dqn,72,0.95182,27,-36.0,False,2042,0.0037812793161720037,0.2638888888888889
double_dqn,73,0.95114,40,-40.0,False,2082,0.019127625972032547,0.2602739726027397
double_dqn,74,0.95046,40,-40.0,False,2122,0.007914595305919647,0.25675675675675674
double_dqn,75,0.94979,3,-12.0,False,2125,0.006557478569447994,0.25333333333333335
double_dqn,76,0.94911,1,10.0,True,2126,0.0043411171063780785,0.2631578947368421
double_dqn,77,0.94843,16,-25.0,False,2142,0.008413426578044891,0.2597402597402597
double_dqn,78,0.94775,30,-19.0,True,2172,0.036855462938547134,0.2692307692307692
double_dqn,79,0.94707,31,-40.0,False,2203,0.008553624153137207,0.26582278481012656
double_dqn,80,0.94639,1,10.0,True,2204,0.007151952013373375,0.275
double_dqn,81,0.94571,40,-40.0,False,2244,0.009613970294594765,0.2716049382716049
double_dqn,82,0.94504,1,-10.0,False,2245,0.010635788552463055,0.2682926829268293
double_dqn,83,0.94436,1,10.0,True,2246,0.010449162684381008,0.27710843373493976
double_dqn,84,0.94368,2,9.0,True,2248,0.005055497866123915,0.2857142857142857
double_dqn,85,0.943,3,8.0,True,2251,0.006472771521657705,0.29411764705882354
double_dqn,86,0.94232,21,-30.0,False,2272,0.05396687984466553,0.29069767441860467
double_dqn,87,0.94164,20,-9.0,True,2292,0.019487757235765457,0.2988505747126437
double_dqn,88,0.94096,40,-40.0,False,2332,0.0033164394553750753,0.29545454545454547
double_dqn,89,0.94029,29,-38.0,False,2361,0.0016718237893655896,0.29213483146067415
double_dqn,90,0.93961,26,-35.0,False,2387,0.006285718642175198,0.28888888888888886
double_dqn,91,0.93893,40,-40.0,False,2427,0.002247453900054097,0.2857142857142857
double_dqn,92,0.93825,40,-40.0,False,2467,0.013460089452564716,0.2826086956521739
double_dqn,93,0.93757,9,2.0,True,2476,0.007115625310689211,0.2903225806451613
double_dqn,94,0.93689,40,-40.0,False,2516,0.0026203501038253307,0.2872340425531915
double_dqn,95,0.93621,21,-10.0,True,2537,0.001010580686852336,0.29473684210526313
double_dqn,96,0.93554,29,-18.0,True,2566,0.017323879525065422,0.3020833333333333
double_dqn,97,0.93486,9,2.0,True,2575,0.008790399879217148,0.30927835051546393
double_dqn,98,0.93418,1,10.0,True,2576,0.006355491932481527,0.3163265306122449
double_dqn,99,0.9335,25,-14.0,True,2601,0.0019446536898612976,0.32323232323232326
double_dqn,100,0.93282,20,-9.0,True,2621,0.0027721335645765066,0.33
double_dqn,101,0.93214,40,-40.0,False,2661,0.001186554552987218,0.32
double_dqn,102,0.93146,40,-40.0,False,2701,0.0026313941925764084,0.32
double_dqn,103,0.93079,40,-40.0,False,2741,0.0014335899613797665,0.32
double_dqn,104,0.93011,16,-5.0,True,2757,0.0006097310688346624,0.32
double_dqn,105,0.92943,40,-40.0,False,2797,0.0013143604155629873,0.31
double_dqn,106,0.92875,2,-11.0,False,2799,0.0013369204243645072,0.31
double_dqn,107,0.92807,40,-40.0,False,2839,0.0004658473189920187,0.3
double_dqn,108,0.92739,1,-10.0,False,2840,0.0005811232258565724,0.3
double_dqn,109,0.92671,3,8.0,True,2843,0.0002820272056851536,0.31
double_dqn,110,0.92604,29,-18.0,True,2872,0.005075264722108841,0.32
double_dqn,111,0.92536,1,-10.0,False,2873,0.004871925339102745,0.31
double_dqn,112,0.92468,23,-12.0,True,2896,0.0016624198760837317,0.31
double_dqn,113,0.924,3,-12.0,False,2899,0.0016569321742281318,0.31
double_dqn,114,0.92332,25,-14.0,True,2924,0.0006275029736571014,0.32
double_dqn,115,0.92264,40,-40.0,False,2964,0.009065850637853146,0.32
double_dqn,116,0.92196,33,-42.0,False,2997,0.0011720804031938314,0.32
double_dqn,117,0.92129,27,-36.0,False,3024,0.0006082970649003983,0.32
double_dqn,118,0.92061,40,-40.0,False,3064,0.008648262359201908,0.32
double_dqn,119,0.91993,18,-7.0,True,3082,0.001684169052168727,0.33
double_dqn,120,0.91925,24,-13.0,True,3106,0.000647914013825357,0.33
double_dqn,121,0.91857,40,-40.0,False,3146,0.00010162463877350092,0.33
double_dqn,122,0.91789,40,-40.0,False,3186,0.0012052570236846805,0.33
double_dqn,123,0.91721,40,-40.0,False,3226,0.00017812321311794221,0.33
double_dqn,124,0.91654,13,-2.0,True,3239,9.630059503251687e-05,0.33
double_dqn,125,0.91586,2,-11.0,False,3241,8.151318616000935e-05,0.32
double_dqn,126,0.91518,38,-27.0,True,3279,0.0007268622284755111,0.33
double_dqn,127,0.9145,2,9.0,True,3281,0.0007380553870461881,0.34
double_dqn,128,0.91382,5,-14.0,False,3286,0.0006795232184231281,0.34
double_dqn,129,0.91314,14,-23.0,False,3300,0.000492971739731729,0.34
double_dqn,130,0.91246,27,-16.0,True,3327,0.00033111957600340247,0.35
double_dqn,131,0.91179,25,-14.0,True,3352,0.00029415712924674153,0.36
double_dqn,132,0.91111,40,-40.0,False,3392,0.0002394241455476731,0.36
double_dqn,133,0.91043,12,-21.0,False,3404,0.0003373744839336723,0.36
double_dqn,134,0.90975,1,-10.0,False,3405,0.0004363943007774651,0.36
double_dqn,135,0.90907,7,-16.0,False,3412,0.00028337331605143845,0.36
double_dqn,136,0.90839,38,-27.0,True,3450,3.9252048736670986e-05,0.37
double_dqn,137,0.90771,17,-6.0,True,3467,0.001656252657994628,0.38
double_dqn,138,0.90704,13,-2.0,True,3480,0.0006100612226873636,0.38
double_dqn,139,0.90636,12,-21.0,False,3492,0.0001964960538316518,0.38
double_dqn,140,0.90568,9,-18.0,False,3501,0.0001433767465641722,0.38
double_dqn,141,0.905,4,7.0,True,3505,0.00010188744636252522,0.39
double_dqn,142,0.90432,40,-40.0,False,3545,3.47176865034271e-05,0.39
double_dqn,143,0.90364,11,0.0,True,3556,2.841455898305867e-05,0.4
double_dqn,144,0.90296,3,8.0,True,3559,1.8460927094565704e-05,0.4
double_dqn,145,0.90229,26,-15.0,True,3585,0.000193181011127308,0.41
double_dqn,146,0.90161,28,-17.0,True,3613,0.0001781950704753399,0.41
double_dqn,147,0.90093,17,-6.0,True,3630,0.00014679865853395313,0.41
double_dqn,148,0.90025,1,-10.0,False,3631,8.719808101886883e-05,0.41
double_dqn,149,0.89957,40,-40.0,False,3671,0.0004516979097388685,0.41
double_dqn,150,0.89889,40,-40.0,False,3711,9.202546061715111e-05,0.4
double_dqn,151,0.89821,31,-20.0,True,3742,5.316472743288614e-05,0.41
double_dqn,152,0.89754,40,-40.0,False,3782,0.00010120745719177648,0.41
double_dqn,153,0.89686,40,-40.0,False,3822,4.2209379898849875e-05,0.4
double_dqn,154,0.89618,13,-2.0,True,3835,1.3938749361841474e-05,0.41
double_dqn,155,0.8955,40,-40.0,False,3875,0.00013473525177687407,0.41
double_dqn,156,0.89482,12,-21.0,False,3887,5.002237594453618e-05,0.4
double_dqn,157,0.89414,26,-35.0,False,3913,2.26109641516814e-05,0.4
double_dqn,158,0.89346,3,8.0,True,3916,1.5344059647759423e-05,0.4
double_dqn,159,0.89279,40,-40.0,False,3956,7.147914857341675e-06,0.4
double_dqn,160,0.89211,40,-40.0,False,3996,2.2611018721363507e-05,0.4
double_dqn,161,0.89143,36,-45.0,False,4032,8.131425602186937e-06,0.4
double_dqn,162,0.89075,11,0.0,True,4043,5.060061539552407e-06,0.4
double_dqn,163,0.89007,7,4.0,True,4050,4.346091373008676e-06,0.41
double_dqn,164,0.88939,40,-40.0,False,4090,2.033608870988246e-05,0.41
double_dqn,165,0.88871,40,-40.0,False,4130,2.3191671516542556e-06,0.41
double_dqn,166,0.88804,21,-10.0,True,4151,1.6942027514232905e-06,0.42
double_dqn,167,0.88736,14,-3.0,True,4165,0.00012262155360076576,0.43
double_dqn,168,0.88668,37,-26.0,True,4202,3.827537057077279e-06,0.44
double_dqn,169,0.886,40,-40.0,False,4242,1.3949346566732856e-06,0.44
double_dqn,170,0.88532,35,-24.0,True,4277,1.2701808373094536e-05,0.44
double_dqn,171,0.88464,10,1.0,True,4287,6.126124844740843e-06,0.45
double_dqn,172,0.88396,11,-20.0,False,4298,2.5203951281582704e-06,0.45
double_dqn,173,0.88329,40,-40.0,False,4338,1.0132933994100313e-06,0.45
double_dqn,174,0.88261,12,-21.0,False,4350,1.4470712130787433e-06,0.45
double_dqn,175,0.88193,40,-40.0,False,4390,5.051432253821986e-06,0.45
double_dqn,176,0.88125,6,-15.0,False,4396,3.199169668732793e-06,0.44
double_dqn,177,0.88057,4,-13.0,False,4400,1.9167200662195683e-06,0.44
double_dqn,178,0.87989,40,-40.0,False,4440,1.0187344656742425e-07,0.43
double_dqn,179,0.87921,25,-14.0,True,4465,1.1534489203768317e-05,0.44
double_dqn,180,0.87854,32,-21.0,True,4497,9.176629873763886e-07,0.44
double_dqn,181,0.87786,31,-40.0,False,4528,5.443856139208947e-07,0.44
double_dqn,182,0.87718,40,-40.0,False,4568,3.2107757306221174e-06,0.44
double_dqn,183,0.8765,17,-6.0,True,4585,1.1233750001338194e-06,0.44
double_dqn,184,0.87582,15,-4.0,True,4600,3.0658958394269575e-07,0.44
double_dqn,185,0.87514,20,-9.0,True,4620,1.7224648729552428e-07,0.44
double_dqn,186,0.87446,23,-12.0,True,4643,5.2466013755747554e-08,0.45
double_dqn,187,0.87379,11,-20.0,False,4654,7.97619819081774e-08,0.44
double_dqn,188,0.87311,12,-1.0,True,4666,1.7715829017106444e-06,0.45
double_dqn,189,0.87243,19,-8.0,True,4685,4.4515707031678176e-07,0.46
double_dqn,190,0.87175,40,-40.0,False,4725,2.924491226963255e-08,0.46
double_dqn,191,0.87107,12,-1.0,True,4737,1.824520090565329e-08,0.47
double_dqn,192,0.87039,28,-17.0,True,4765,1.4748807188880164e-06,0.48
double_dqn,193,0.86971,28,-17.0,True,4793,1.2920315839437535e-07,0.48
double_dqn,194,0.86904,9,2.0,True,4802,1.078454232583681e-07,0.49
double_dqn,195,0.86836,20,-9.0,True,4822,3.3893105211291186e-08,0.49
double_dqn,196,0.86768,40,-40.0,False,4862,2.157441869599097e-08,0.48
double_dqn,197,0.867,6,5.0,True,4868,5.322000902197033e-07,0.48
double_dqn,198,0.86632,6,-15.0,False,4874,2.6929893692795304e-07,0.47
double_dqn,199,0.86564,40,-40.0,False,4914,2.7360700372014435e-08,0.46
double_dqn,200,0.86496,13,-2.0,True,4927,7.10250080970809e-09,0.46
double_dqn,201,0.86429,3,8.0,True,4930,7.306677485274804e-09,0.47
double_dqn,202,0.86361,28,-37.0,False,4958,3.830611383648375e-09,0.47
double_dqn,203,0.86293,40,-29.0,True,4998,3.163091122360129e-08,0.48
double_dqn,204,0.86225,10,1.0,True,5008,6.973490229711388e-09,0.48
double_dqn,205,0.86157,9,2.0,True,5017,1.2257451942332409e-08,0.49
double_dqn,206,0.86089,19,-28.0,False,5036,3.365141276745476e-09,0.49
double_dqn,207,0.86021,24,-13.0,True,5060,1.2759010514784563e-09,0.5
double_dqn,208,0.85954,17,-6.0,True,5077,5.177088979735345e-08,0.51
double_dqn,209,0.85886,1,10.0,True,5078,5.71403475646548e-08,0.51
double_dqn,210,0.85818,17,-6.0,True,5095,1.3109535679234341e-08,0.51
double_dqn,211,0.8575,39,-28.0,True,5134,5.493353771868215e-09,0.52
double_dqn,212,0.85682,14,-23.0,False,5148,2.9040645443956237e-09,0.51
double_dqn,213,0.85614,15,-4.0,True,5163,8.331722534116182e-10,0.52
double_dqn,214,0.85546,40,-40.0,False,5203,2.0930805977315003e-09,0.51
double_dqn,215,0.85479,16,-25.0,False,5219,6.558235621234587e-10,0.51
double_dqn,216,0.85411,1,10.0,True,5220,5.750639964219317e-10,0.52
double_dqn,217,0.85343,38,-27.0,True,5258,1.1105616426476672e-10,0.53
double_dqn,218,0.85275,17,-6.0,True,5275,5.041497441737874e-09,0.54
double_dqn,219,0.85207,40,-40.0,False,5315,2.2954593781321364e-10,0.53
double_dqn,220,0.85139,26,-15.0,True,5341,2.8343827285226553e-11,0.53
double_dqn,221,0.85071,34,-23.0,True,5375,4.135500386581725e-09,0.54
double_dqn,222,0.85004,17,-6.0,True,5392,5.008333747724691e-10,0.55
double_dqn,223,0.84936,23,-32.0,False,5415,3.101426337970281e-10,0.55
double_dqn,224,0.84868,17,-6.0,True,5432,9.394274247398471e-11,0.55
double_dqn,225,0.848,30,-19.0,True,5462,4.104117046210831e-11,0.56
double_dqn,226,0.84732,29,-18.0,True,5491,2.566570844741989e-10,0.56
double_dqn,227,0.84664,18,-7.0,True,5509,9.126727151809177e-11,0.56
double_dqn,228,0.84596,22,-11.0,True,5531,1.3395795583903691e-10,0.57
double_dqn,229,0.84529,40,-40.0,False,5571,5.160212257493413e-10,0.57
double_dqn,230,0.84461,21,-30.0,False,5592,1.0284062490484303e-10,0.56
double_dqn,231,0.84393,1,10.0,True,5593,7.288586401088537e-11,0.56
double_dqn,232,0.84325,1,10.0,True,5594,1.1515105535764292e-10,0.57
double_dqn,233,0.84257,6,5.0,True,5600,5.2777449077723304e-11,0.58
double_dqn,234,0.84189,8,3.0,True,5608,1.5479728610046095e-11,0.59
double_dqn,235,0.84121,11,0.0,True,5619,1.0836220809551378e-11,0.6
double_dqn,236,0.84054,31,-20.0,True,5650,5.670630631726681e-12,0.6
double_dqn,237,0.83986,1,10.0,True,5651,4.031275313565175e-12,0.6
double_dqn,238,0.83918,40,-40.0,False,5691,3.782990587453128e-11,0.59
double_dqn,239,0.8385,38,-27.0,True,5729,7.392031431407986e-12,0.6
double_dqn,240,0.83782,22,-11.0,True,5751,1.1044498648971057e-11,0.61
double_dqn,241,0.83714,6,-15.0,False,5757,3.2460145682478014e-12,0.6
double_dqn,242,0.83646,1,-10.0,False,5758,2.837896584395594e-12,0.6
double_dqn,243,0.83579,34,-23.0,True,5792,1.7166046362149245e-11,0.6
double_dqn,244,0.83511,16,-5.0,True,5808,8.854028621385623e-12,0.6
double_dqn,245,0.83443,14,-3.0,True,5822,2.0227375330250652e-11,0.6
double_dqn,246,0.83375,22,-11.0,True,5844,4.113431817387436e-12,0.6
double_dqn,247,0.83307,37,-46.0,False,5881,8.508138638063656e-12,0.59
double_dqn,248,0.83239,40,-29.0,True,5921,2.10909067988041e-12,0.6
double_dqn,249,0.83171,29,-18.0,True,5950,1.253497305953033e-12,0.61
double_dqn,250,0.83104,40,-40.0,False,5990,6.272427022224747e-12,0.61
double_dqn,251,0.83036,40,-40.0,False,6030,4.738986980612481e-13,0.6
double_dqn,252,0.82968,20,-9.0,True,6050,2.0000667788622195e-13,0.61
double_dqn,253,0.829,35,-44.0,False,6085,3.88544751928066e-12,0.61
double_dqn,254,0.82832,28,-17.0,True,6113,4.854450175173497e-13,0.61
double_dqn,255,0.82764,40,-40.0,False,6153,4.718447854656915e-13,0.61
double_dqn,256,0.82696,40,-40.0,False,6193,9.228728892196614e-13,0.61
double_dqn,257,0.82629,3,8.0,True,6196,7.576161920042068e-13,0.62
double_dqn,258,0.82561,36,-45.0,False,6232,9.681144774731365e-14,0.61
double_dqn,259,0.82493,24,-13.0,True,6256,8.193445921733655e-14,0.62
double_dqn,260,0.82425,14,-3.0,True,6270,2.0172752357439094e-12,0.63
double_dqn,261,0.82357,33,-22.0,True,6303,2.2115642650533118e-13,0.64
double_dqn,262,0.82289,27,-16.0,True,6330,9.126033262418787e-14,0.64
double_dqn,263,0.82221,40,-40.0,False,6370,1.2296830220748234e-12,0.63
double_dqn,264,0.82154,10,-19.0,False,6380,8.135159212940835e-13,0.63
double_dqn,265,0.82086,40,-40.0,False,6420,6.800116025829084e-14,0.63
double_dqn,266,0.82018,31,-40.0,False,6451,5.0959236830294685e-14,0.62
double_dqn,267,0.8195,11,-20.0,False,6462,4.779510121011299e-14,0.61
double_dqn,268,0.81882,10,1.0,True,6472,4.313216450668733e-13,0.61
double_dqn,269,0.81814,12,-1.0,True,6484,3.144706717250756e-13,0.62
double_dqn,270,0.81746,17,-6.0,True,6501,2.2648549702353193e-13,0.62
double_dqn,271,0.81679,3,8.0,True,6504,2.5451862839531714e-13,0.62
double_dqn,272,0.81611,18,-7.0,True,6522,1.6708856520608606e-13,0.63
double_dqn,273,0.81543,40,-40.0,False,6562,1.1335377081422848e-13,0.63
double_dqn,274,0.81475,9,2.0,True,6571,6.394884621840902e-13,0.64
double_dqn,275,0.81407,11,0.0,True,6582,4.961586697049825e-13,0.65
double_dqn,276,0.81339,12,-21.0,False,6594,4.5313752750075764e-13,0.65
double_dqn,277,0.81271,36,-45.0,False,6630,2.738920201750261e-13,0.65
double_dqn,278,0.81204,14,-3.0,True,6644,1.61259894326804e-13,0.66
double_dqn,279,0.81136,40,-40.0,False,6684,2.2792878695554464e-13,0.65
double_dqn,280,0.81068,36,-25.0,True,6720,9.325873406851315e-14,0.65
double_dqn,281,0.81,20,-9.0,True,6740,1.0147438445073931e-13,0.66
double_dqn,282,0.80932,2,-11.0,False,6742,1.8879342533750787e-13,0.66
double_dqn,283,0.80864,12,-1.0,True,6754,1.7819079545233762e-13,0.66
double_dqn,284,0.80796,15,-4.0,True,6769,2.181643754539664e-12,0.66
double_dqn,285,0.80729,7,4.0,True,6776,7.932543510946743e-13,0.66
double_dqn,286,0.80661,1,-10.0,False,6777,4.591882429849647e-13,0.65
double_dqn,287,0.80593,26,-15.0,True,6803,3.4622305022935507e-13,0.66
double_dqn,288,0.80525,19,-8.0,True,6822,2.8976820942716586e-13,0.66
double_dqn,289,0.80457,12,-21.0,False,6834,1.4305223672295142e-13,0.65
double_dqn,290,0.80389,3,8.0,True,6837,2.931543896522726e-13,0.66
double_dqn,291,0.80321,32,-21.0,True,6869,1.1109446695911629e-12,0.66
double_dqn,292,0.80254,9,2.0,True,6878,9.043876758596525e-13,0.66
double_dqn,293,0.80186,13,-2.0,True,6891,2.1215251777562116e-12,0.66
double_dqn,294,0.80118,8,3.0,True,6899,4.888311977424564e-13,0.66
double_dqn,295,0.8005,31,-20.0,True,6930,7.902012377769552e-13,0.66
double_dqn,296,0.79982,40,-40.0,False,6970,3.28126414927965e-12,0.66
double_dqn,297,0.79914,25,-34.0,False,6995,7.022715742266428e-13,0.65
double_dqn,298,0.79846,10,1.0,True,7005,1.3840040224977201e-12,0.66
double_dqn,299,0.79779,20,-9.0,True,7025,5.359046539865631e-13,0.67
double_dqn,300,0.79711,12,-1.0,True,7037,4.612421555805213e-12,0.67
double_dqn,301,0.79643,1,-10.0,False,7038,2.5202617770503366e-12,0.66
double_dqn,302,0.79575,6,-15.0,False,7044,1.9154677843857826e-12,0.66
double_dqn,303,0.79507,1,-10.0,False,7045,4.7790105206502176e-12,0.65
double_dqn,304,0.79439,4,7.0,True,7049,1.9430013153964865e-12,0.65
double_dqn,305,0.79371,8,3.0,True,7057,1.7508772209851031e-12,0.65
double_dqn,306,0.79304,5,-14.0,False,7062,6.15341111398493e-13,0.65
double_dqn,307,0.79236,40,-29.0,True,7102,6.722233880651629e-12,0.65
double_dqn,308,0.79168,20,-9.0,True,7122,2.0543566847663897e-12,0.65
double_dqn,309,0.791,29,-18.0,True,7151,6.465938895416912e-13,0.65
double_dqn,310,0.79032,40,-40.0,False,7191,1.2252920900124309e-11,0.64
double_dqn,311,0.78964,31,-20.0,True,7222,4.936273612088371e-12,0.64
double_dqn,312,0.78896,27,-16.0,True,7249,5.282441151166495e-12,0.65
double_dqn,313,0.78829,18,-7.0,True,7267,2.4986346325306386e-11,0.65
double_dqn,314,0.78761,10,1.0,True,7277,7.702949389454261e-12,0.66
double_dqn,315,0.78693,10,1.0,True,7287,5.380584866543359e-12,0.67
double_dqn,316,0.78625,26,-15.0,True,7313,8.033185228129014e-12,0.67
double_dqn,317,0.78557,11,0.0,True,7324,3.5440539392084247e-12,0.67
double_dqn,318,0.78489,37,-26.0,True,7361,1.8924639633155493e-11,0.67
double_dqn,319,0.78421,40,-40.0,False,7401,6.454753398443813e-11,0.67
double_dqn,320,0.78354,28,-17.0,True,7429,8.001888041064831e-11,0.67
double_dqn,321,0.78286,15,-4.0,True,7444,5.129674462978073e-11,0.67
double_dqn,322,0.78218,31,-40.0,False,7475,1.2768947010854959e-10,0.66
double_dqn,323,0.7815,14,-23.0,False,7489,2.5669644188042184e-10,0.66
double_dqn,324,0.78082,6,5.0,True,7495,2.0391865973579115e-10,0.66
double_dqn,325,0.78014,35,-24.0,True,7530,3.5298464151622966e-10,0.66
double_dqn,326,0.77946,4,7.0,True,7534,2.515375130407449e-10,0.66
double_dqn,327,0.77879,12,-1.0,True,7546,1.799840831928634e-10,0.66
double_dqn,328,0.77811,40,-40.0,False,7586,6.129730611981188e-10,0.65
double_dqn,329,0.77743,26,-35.0,False,7612,1.0836846975337266e-09,0.65
double_dqn,330,0.77675,4,-13.0,False,7616,8.303457921243762e-10,0.65
double_dqn,331,0.77607,7,4.0,True,7623,2.2976451852230184e-09,0.65
double_dqn,332,0.77539,11,0.0,True,7634,1.1522891529835988e-09,0.65
double_dqn,333,0.77471,20,-9.0,True,7654,3.674225368399675e-09,0.65
double_dqn,334,0.77404,40,-40.0,False,7694,3.0020244068396096e-09,0.64
double_dqn,335,0.77336,3,-12.0,False,7697,4.467817671383045e-09,0.63
double_dqn,336,0.77268,30,-19.0,True,7727,2.1004369354926666e-09,0.63
double_dqn,337,0.772,1,10.0,True,7728,1.1707806280014665e-08,0.63
double_dqn,338,0.77132,40,-29.0,True,7768,2.687580824556335e-08,0.64
double_dqn,339,0.77064,13,-2.0,True,7781,2.5199092590355576e-08,0.64
double_dqn,340,0.76996,6,-15.0,False,7787,7.035352211914869e-08,0.63
double_dqn,341,0.76929,40,-40.0,False,7827,3.692009329370194e-07,0.63
double_dqn,342,0.76861,21,-10.0,True,7848,4.1761836655496154e-07,0.64
double_dqn,343,0.76793,11,0.0,True,7859,4.613285398136213e-07,0.64
double_dqn,344,0.76725,39,-28.0,True,7898,3.952232816573087e-07,0.64
double_dqn,345,0.76657,34,-23.0,True,7932,1.195075674331747e-05,0.64
double_dqn,346,0.76589,9,2.0,True,7941,2.5248407837352715e-05,0.64
double_dqn,347,0.76521,3,-12.0,False,7944,4.6211000153562054e-05,0.64
double_dqn,348,0.76454,9,2.0,True,7953,0.0003344950673636049,0.64
double_dqn,349,0.76386,5,6.0,True,7958,0.0001555851922603324,0.64
double_dqn,350,0.76318,34,-23.0,True,7992,0.0013975991168990731,0.65
double_dqn,351,0.7625,7,4.0,True,7999,0.002111474983394146,0.66
double_dqn,352,0.76182,12,-1.0,True,8000,0.0012363477144390345,0.66
double_dqn,353,0.76114,22,-11.0,True,8000,0.0010099802166223526,0.67
double_dqn,354,0.76046,17,-6.0,True,8000,0.0008788096602074802,0.67
double_dqn,355,0.75979,32,-21.0,True,8000,0.0006081280298531055,0.68
double_dqn,356,0.75911,10,1.0,True,8000,0.0005502960993908346,0.69
double_dqn,357,0.75843,3,-12.0,False,8000,0.0005645258352160454,0.68
double_dqn,358,0.75775,21,-30.0,False,8000,0.000379145669285208,0.68
double_dqn,359,0.75707,9,2.0,True,8000,0.00025265367003157735,0.68
double_dqn,360,0.75639,40,-40.0,False,8000,0.002629274968057871,0.67
double_dqn,361,0.75571,7,4.0,True,8000,0.0031499331817030907,0.67
double_dqn,362,0.75504,20,-9.0,True,8000,0.0014183104503899813,0.67
double_dqn,363,0.75436,7,4.0,True,8000,0.0007995706982910633,0.68
double_dqn,364,0.75368,5,6.0,True,8000,0.002215809654444456,0.69
double_dqn,365,0.753,3,8.0,True,8000,0.0020503138657659292,0.7
double_dqn,366,0.75232,2,9.0,True,8000,0.0017022513784468174,0.71
double_dqn,367,0.75164,3,8.0,True,8000,0.002538941102102399,0.72
double_dqn,368,0.75096,22,-11.0,True,8000,0.0026208078488707542,0.72
double_dqn,369,0.75029,12,-1.0,True,8000,0.0051210541278123856,0.72
double_dqn,370,0.74961,37,-26.0,True,8000,0.0012482736492529511,0.72
double_dqn,371,0.74893,22,-11.0,True,8000,0.0010122654493898153,0.72
double_dqn,372,0.74825,6,-15.0,False,8000,0.0008941992418840528,0.71
double_dqn,373,0.74757,8,3.0,True,8000,0.00042288139229640365,0.72
double_dqn,374,0.74689,40,-40.0,False,8000,0.0002689949469640851,0.71
double_dqn,375,0.74621,16,-5.0,True,8000,0.0011868056608363986,0.71
double_dqn,376,0.74554,32,-21.0,True,8000,0.0012106603244319558,0.72
double_dqn,377,0.74486,40,-40.0,False,8000,0.0022619105875492096,0.72
double_dqn,378,0.74418,21,-10.0,True,8000,0.002238515531644225,0.72
double_dqn,379,0.7435,1,10.0,True,8000,0.0025717972312122583,0.73
double_dqn,380,0.74282,7,4.0,True,8000,0.0018118397565558553,0.73
double_dqn,381,0.74214,40,-40.0,False,8000,0.0007706807809881866,0.72
double_dqn,382,0.74146,24,-13.0,True,8000,8.116694516502321e-05,0.73
double_dqn,383,0.74079,10,1.0,True,8000,0.0002330398710910231,0.73
double_dqn,384,0.74011,20,-9.0,True,8000,0.0004693366354331374,0.73
double_dqn,385,0.73943,7,4.0,True,8000,0.0005618373397737741,0.73
double_dqn,386,0.73875,17,-6.0,True,8000,0.00018922204617410898,0.74
double_dqn,387,0.73807,17,-6.0,True,8000,7.218974496936426e-05,0.74
double_dqn,388,0.73739,11,0.0,True,8000,7.599238597322255e-05,0.74
double_dqn,389,0.73671,1,10.0,True,8000,4.73971085739322e-05,0.75
double_dqn,390,0.73604,3,8.0,True,8000,0.00011383726086933166,0.75
double_dqn,391,0.73536,15,-4.0,True,8000,3.575302253011614e-05,0.75
double_dqn,392,0.73468,4,7.0,True,8000,0.00018264134996570647,0.75
double_dqn,393,0.734,7,4.0,True,8000,5.086255259811878e-05,0.75
double_dqn,394,0.73332,13,-2.0,True,8000,0.0019240148831158876,0.75
double_dqn,395,0.73264,2,9.0,True,8000,0.001486344262957573,0.75
double_dqn,396,0.73196,21,-10.0,True,8000,0.000952798523940146,0.76
double_dqn,397,0.73129,11,-20.0,False,8000,0.00042102369479835033,0.76
double_dqn,398,0.73061,11,0.0,True,8000,0.000532492296770215,0.76
double_dqn,399,0.72993,11,0.0,True,8000,0.0002890717005357146,0.76
double_dqn,400,0.72925,13,-2.0,True,8000,0.00023157276154961437,0.76
double_dqn,401,0.72857,11,0.0,True,8000,0.00036217219894751906,0.77
double_dqn,402,0.72789,10,1.0,True,8000,0.00015783320122864097,0.78
double_dqn,403,0.72721,20,-9.0,True,8000,0.000220056768739596,0.79
double_dqn,404,0.72654,9,2.0,True,8000,0.00024076466797851026,0.79
double_dqn,405,0.72586,3,8.0,True,8000,0.0003047322097700089,0.79
double_dqn,406,0.72518,18,-7.0,True,8000,4.841017653234303e-05,0.8
double_dqn,407,0.7245,11,0.0,True,8000,1.0463720172992907e-05,0.8
double_dqn,408,0.72382,11,0.0,True,8000,7.700265996390954e-06,0.8
double_dqn,409,0.72314,36,-25.0,True,8000,2.5100225684582256e-06,0.8
double_dqn,410,0.72246,4,7.0,True,8000,0.00042577425483614206,0.81
double_dqn,411,0.72179,11,0.0,True,8000,0.00021745124831795692,0.81
double_dqn,412,0.72111,9,2.0,True,8000,0.00014891837781760842,0.81
double_dqn,413,0.72043,24,-13.0,True,8000,7.431497942889109e-05,0.81
double_dqn,414,0.71975,2,-11.0,False,8000,0.00011371923028491437,0.8
double_dqn,415,0.71907,5,6.0,True,8000,0.00018085735791828483,0.8
double_dqn,416,0.71839,10,1.0,True,8000,0.00028947886312380433,0.8
double_dqn,417,0.71771,1,10.0,True,8000,0.00013928249245509505,0.8
double_dqn,418,0.71704,2,9.0,True,8000,0.0003210696449968964,0.8
double_dqn,419,0.71636,9,2.0,True,8000,0.00024333849432878196,0.81
double_dqn,420,0.71568,11,0.0,True,8000,0.00012161768972873688,0.81
double_dqn,421,0.715,10,1.0,True,8000,9.95528171188198e-05,0.81
double_dqn,422,0.71432,14,-3.0,True,8000,0.0005204390618018806,0.82
double_dqn,423,0.71364,12,-1.0,True,8000,0.00034933898132294416,0.83
double_dqn,424,0.71296,5,-14.0,False,8000,0.0007471854914911091,0.82
double_dqn,425,0.71229,11,0.0,True,8000,0.00021772607578895986,0.82
double_dqn,426,0.71161,15,-4.0,True,8000,0.00015260720101650804,0.82
double_dqn,427,0.71093,34,-23.0,True,8000,9.403975127497688e-05,0.82
double_dqn,428,0.71025,10,1.0,True,8000,0.00010130091686733067,0.83
double_dqn,429,0.70957,4,-13.0,False,8000,0.00037264139973558486,0.83
double_dqn,430,0.70889,1,10.0,True,8000,0.0003581398050300777,0.84
double_dqn,431,0.70821,5,6.0,True,8000,0.00018968322547152638,0.84
double_dqn,432,0.70754,8,3.0,True,8000,0.00013653823407366872,0.84
double_dqn,433,0.70686,25,-14.0,True,8000,0.00013556746125686914,0.84
double_dqn,434,0.70618,10,1.0,True,8000,3.283838304923847e-05,0.85
double_dqn,435,0.7055,22,-11.0,True,8000,0.00010699089034460485,0.86
double_dqn,436,0.70482,2,9.0,True,8000,0.00012538087321445346,0.86
double_dqn,437,0.70414,13,-2.0,True,8000,6.061212479835376e-05,0.86
double_dqn,438,0.70346,9,2.0,True,8000,5.3933410526951775e-05,0.86
double_dqn,439,0.70279,25,-14.0,True,8000,0.00011604092287598178,0.86
double_dqn,440,0.70211,28,-17.0,True,8000,7.740536238998175e-05,0.87
double_dqn,441,0.70143,8,3.0,True,8000,8.200488082366064e-05,0.88
double_dqn,442,0.70075,13,-2.0,True,8000,6.600339838769287e-05,0.88
double_dqn,443,0.70007,1,10.0,True,8000,7.320264558074996e-05,0.88
double_dqn,444,0.69939,11,0.0,True,8000,0.00011799563799286261,0.88
double_dqn,445,0.69871,25,-14.0,True,8000,9.840563870966434e-05,0.88
double_dqn,446,0.69804,22,-11.0,True,8000,8.508664177497849e-05,0.88
double_dqn,447,0.69736,7,4.0,True,8000,2.08992696570931e-05,0.89
double_dqn,448,0.69668,3,8.0,True,8000,3.994127473561093e-05,0.89
double_dqn,449,0.696,6,-15.0,False,8000,4.189408355159685e-05,0.88
double_dqn,450,0.69532,3,8.0,True,8000,3.955815191147849e-05,0.88
double_dqn,451,0.69464,5,6.0,True,8000,8.536427230865229e-06,0.88
double_dqn,452,0.69396,5,6.0,True,8000,2.1563440895988606e-05,0.88
double_dqn,453,0.69329,40,-40.0,False,8000,5.609461368294433e-06,0.87
double_dqn,454,0.69261,9,2.0,True,8000,0.00020115832739975303,0.87
double_dqn,455,0.69193,14,-3.0,True,8000,0.0001140539679909125,0.87
double_dqn,456,0.69125,14,-3.0,True,8000,0.00014687806833535433,0.87
double_dqn,457,0.69057,16,-5.0,True,8000,0.0001479124475736171,0.88
double_dqn,458,0.68989,40,-40.0,False,8000,6.236210174392909e-05,0.88
double_dqn,459,0.68921,17,-6.0,True,8000,0.00010370652307756245,0.88
double_dqn,460,0.68854,20,-9.0,True,8000,4.632389027392492e-05,0.89
double_dqn,461,0.68786,14,-3.0,True,8000,0.00017414514150004834,0.89
double_dqn,462,0.68718,8,3.0,True,8000,0.00015070551307871938,0.89
double_dqn,463,0.6865,11,0.0,True,8000,0.00011678657028824091,0.89
double_dqn,464,0.68582,8,3.0,True,8000,3.2556676160311326e-05,0.89
double_dqn,465,0.68514,24,-13.0,True,8000,0.00025153710157610476,0.89
double_dqn,466,0.68446,2,9.0,True,8000,8.834453183226287e-05,0.89
double_dqn,467,0.68379,6,5.0,True,8000,0.0001921819639392197,0.89
double_dqn,468,0.68311,4,7.0,True,8000,0.00025010775425471365,0.89
double_dqn,469,0.68243,2,9.0,True,8000,0.00017904932610690594,0.89
double_dqn,470,0.68175,12,-1.0,True,8000,8.512161730322987e-05,0.89
double_dqn,471,0.68107,11,0.0,True,8000,9.73205897025764e-05,0.89
double_dqn,472,0.68039,12,-1.0,True,8000,8.972262730821967e-05,0.9
double_dqn,473,0.67971,16,-5.0,True,8000,3.114332866971381e-05,0.9
double_dqn,474,0.67904,1,10.0,True,8000,3.1549028790323064e-05,0.91
double_dqn,475,0.67836,5,6.0,True,8000,4.8385816626250744e-05,0.91
double_dqn,476,0.67768,5,-14.0,False,8000,5.56768718524836e-05,0.9
double_dqn,477,0.677,5,6.0,True,8000,2.3834089006413706e-05,0.91
double_dqn,478,0.67632,4,7.0,True,8000,6.10071983828675e-05,0.91
double_dqn,479,0.67564,3,8.0,True,8000,1.7617412595427595e-05,0.91
double_dqn,480,0.67496,40,-29.0,True,8000,0.0008668557275086641,0.91
double_dqn,481,0.67429,8,3.0,True,8000,0.0003637970658019185,0.92
double_dqn,482,0.67361,12,-1.0,True,8000,0.00035876798210665584,0.92
double_dqn,483,0.67293,17,-6.0,True,8000,0.0005855403724126518,0.92
double_dqn,484,0.67225,3,8.0,True,8000,0.00013066749670542777,0.92
double_dqn,485,0.67157,11,0.0,True,8000,0.0003453336248639971,0.92
double_dqn,486,0.67089,2,9.0,True,8000,0.0002912136842496693,0.92
double_dqn,487,0.67021,8,3.0,True,8000,0.0002939651603810489,0.92
double_dqn,488,0.66954,4,7.0,True,8000,0.0007171874167397618,0.92
double_dqn,489,0.66886,32,-21.0,True,8000,0.0009880807483568788,0.92
double_dqn,490,0.66818,37,-26.0,True,8000,0.000899994105566293,0.92
double_dqn,491,0.6675,9,2.0,True,8000,0.0013035489246249199,0.92
double_dqn,492,0.66682,22,-11.0,True,8000,0.002715335227549076,0.92
double_dqn,493,0.66614,11,0.0,True,8000,0.0008831744780763984,0.92
double_dqn,494,0.66546,2,-11.0,False,8000,0.004165398422628641,0.91
double_dqn,495,0.66479,16,-5.0,True,8000,0.0008635572157800198,0.91
double_dqn,496,0.66411,2,9.0,True,8000,0.0017137868562713265,0.91
double_dqn,497,0.66343,25,-14.0,True,8000,0.0006697134813293815,0.92
double_dqn,498,0.66275,19,-8.0,True,8000,0.00039770768489688635,0.92
double_dqn,499,0.66207,30,-19.0,True,8000,0.0003949040547013283,0.92
double_dqn,500,0.66139,7,4.0,True,8000,0.00016484696243423969,0.92
double_dqn,501,0.66071,3,8.0,True,8000,0.0023017574567347765,0.92
double_dqn,502,0.66004,9,2.0,True,8000,0.0023567955940961838,0.92
double_dqn,503,0.65936,19,-8.0,True,8000,0.0019167594145983458,0.92
double_dqn,504,0.65868,11,0.0,True,8000,0.002186043420806527,0.92
double_dqn,505,0.658,40,-40.0,False,8000,0.0011472898768261075,0.91
double_dqn,506,0.65732,14,-3.0,True,8000,0.0006809316691942513,0.91
double_dqn,507,0.65664,12,-1.0,True,8000,0.0035494002513587475,0.91
double_dqn,508,0.65596,40,-40.0,False,8000,0.0007444817456416786,0.9
double_dqn,509,0.65529,27,-16.0,True,8000,0.00022176890342961997,0.9
double_dqn,510,0.65461,6,5.0,True,8000,0.00024099761503748596,0.9
double_dqn,511,0.65393,12,-1.0,True,8000,0.0002580871805548668,0.9
double_dqn,512,0.65325,17,-6.0,True,8000,0.0025372642558068037,0.9
double_dqn,513,0.65257,25,-14.0,True,8000,0.00043218189966864884,0.9
double_dqn,514,0.65189,22,-11.0,True,8000,0.0002938892866950482,0.91
double_dqn,515,0.65121,10,1.0,True,8000,0.0002681002370081842,0.91
double_dqn,516,0.65054,10,1.0,True,8000,9.029953798744828e-05,0.91
double_dqn,517,0.64986,6,5.0,True,8000,3.792737697949633e-05,0.91
double_dqn,518,0.64918,27,-16.0,True,8000,0.0030506160110235214,0.91
double_dqn,519,0.6485,13,-22.0,False,8000,0.0011485639261081815,0.9
double_dqn,520,0.64782,14,-3.0,True,8000,0.0004506820987444371,0.9
double_dqn,521,0.64714,13,-2.0,True,8000,0.0001484462118241936,0.9
double_dqn,522,0.64646,4,7.0,True,8000,0.0007088413112796843,0.9
double_dqn,523,0.64579,9,2.0,True,8000,0.00015213462756946683,0.9
double_dqn,524,0.64511,11,0.0,True,8000,0.0004621048574335873,0.91
double_dqn,525,0.64443,14,-3.0,True,8000,0.0008865972049534321,0.91
double_dqn,526,0.64375,3,8.0,True,8000,0.001124497503042221,0.91
double_dqn,527,0.64307,25,-14.0,True,8000,0.0027112835086882114,0.91
double_dqn,528,0.64239,21,-10.0,True,8000,0.0011978666298091412,0.91
double_dqn,529,0.64171,1,10.0,True,8000,0.001618015463463962,0.92
double_dqn,530,0.64104,6,5.0,True,8000,0.0011165596079081297,0.92
double_dqn,531,0.64036,2,-11.0,False,8000,0.0007441506022587419,0.91
double_dqn,532,0.63968,7,4.0,True,8000,0.00040556181920692325,0.91
double_dqn,533,0.639,15,-4.0,True,8000,0.0005057789967395365,0.91
double_dqn,534,0.63832,11,0.0,True,8000,0.00022916386660654098,0.91
double_dqn,535,0.63764,6,5.0,True,8000,0.0002207038050983101,0.91
double_dqn,536,0.63696,10,1.0,True,8000,0.0010218602837994695,0.91
double_dqn,537,0.63629,5,-14.0,False,8000,0.0005277837044559419,0.9
double_dqn,538,0.63561,17,-6.0,True,8000,0.000737493101041764,0.9
double_dqn,539,0.63493,9,2.0,True,8000,0.0007780076703056693,0.9
double_dqn,540,0.63425,20,-9.0,True,8000,0.00022940835333429277,0.9
double_dqn,541,0.63357,12,-1.0,True,8000,3.425780596444383e-05,0.9
double_dqn,542,0.63289,3,8.0,True,8000,6.81036981404759e-05,0.9
double_dqn,543,0.63221,5,6.0,True,8000,0.0001320656156167388,0.9
double_dqn,544,0.63154,18,-7.0,True,8000,8.561231516068801e-05,0.9
double_dqn,545,0.63086,3,-12.0,False,8000,7.963710959302261e-05,0.89
double_dqn,546,0.63018,12,-1.0,True,8000,0.0002386463456787169,0.89
double_dqn,547,0.6295,18,-7.0,True,8000,0.0006832028739154339,0.89
double_dqn,548,0.62882,40,-40.0,False,8000,9.782232518773526e-05,0.88
double_dqn,549,0.62814,27,-16.0,True,8000,0.00011302839266136289,0.89
double_dqn,550,0.62746,5,6.0,True,8000,5.800859071314335e-05,0.89
double_dqn,551,0.62679,6,5.0,True,8000,0.00016378717555198818,0.89
double_dqn,552,0.62611,6,5.0,True,8000,0.00035338723682798445,0.89
double_dqn,553,0.62543,11,0.0,True,8000,0.0002702953352127224,0.9
double_dqn,554,0.62475,7,4.0,True,8000,0.00017181379371322691,0.9
double_dqn,555,0.62407,7,4.0,True,8000,9.295264317188412e-05,0.9
double_dqn,556,0.62339,33,-22.0,True,8000,3.168774856021628e-05,0.9
double_dqn,557,0.62271,30,-19.0,True,8000,0.00013556453632190824,0.9
double_dqn,558,0.62204,17,-6.0,True,8000,0.00037368707126006484,0.91
double_dqn,559,0.62136,32,-21.0,True,8000,4.145404091104865e-05,0.91
double_dqn,560,0.62068,6,5.0,True,8000,6.0845512052765116e-05,0.91
double_dqn,561,0.62,31,-20.0,True,8000,1.7205418771482073e-05,0.91
double_dqn,562,0.61932,1,10.0,True,8000,2.1542100512306206e-05,0.91
double_dqn,563,0.61864,1,10.0,True,8000,2.047475936706178e-05,0.91
double_dqn,564,0.61796,17,-6.0,True,8000,3.348540485603735e-05,0.91
double_dqn,565,0.61729,15,-4.0,True,8000,0.0002497719251550734,0.91
double_dqn,566,0.61661,4,7.0,True,8000,0.0001266064791707322,0.91
double_dqn,567,0.61593,12,-1.0,True,8000,6.949105591047555e-05,0.91
double_dqn,568,0.61525,8,3.0,True,8000,8.749832340981811e-05,0.91
double_dqn,569,0.61457,12,-1.0,True,8000,2.7056796170654707e-05,0.91
double_dqn,570,0.61389,9,2.0,True,8000,1.417855492036324e-05,0.91
double_dqn,571,0.61321,10,1.0,True,8000,5.7950210248236544e-06,0.91
double_dqn,572,0.61254,15,-4.0,True,8000,4.773073669639416e-06,0.91
double_dqn,573,0.61186,13,-2.0,True,8000,8.033372978388797e-06,0.91
double_dqn,574,0.61118,2,9.0,True,8000,3.699262606460252e-06,0.91
double_dqn,575,0.6105,3,8.0,True,8000,4.211990017211065e-06,0.91
double_dqn,576,0.60982,17,-6.0,True,8000,0.00016823687474243343,0.92
double_dqn,577,0.60914,7,4.0,True,8000,0.00014246332284528762,0.92
double_dqn,578,0.60846,14,-3.0,True,8000,6.340895924950019e-05,0.92
double_dqn,579,0.60779,3,8.0,True,8000,0.00021929506328888237,0.92
double_dqn,580,0.60711,2,9.0,True,8000,0.00010606877913232893,0.92
double_dqn,581,0.60643,9,2.0,True,8000,7.198079401860014e-05,0.92
double_dqn,582,0.60575,6,-15.0,False,8000,0.00010153091716347262,0.91
double_dqn,583,0.60507,1,10.0,True,8000,5.554960807785392e-05,0.91
double_dqn,584,0.60439,16,-5.0,True,8000,2.3199556380859576e-05,0.91
double_dqn,585,0.60371,11,0.0,True,8000,1.9910636183340102e-05,0.91
double_dqn,586,0.60304,16,-5.0,True,8000,1.5106583305168897e-05,0.91
double_dqn,587,0.60236,11,0.0,True,8000,0.0002879890671465546,0.91
double_dqn,588,0.60168,14,-3.0,True,8000,0.0002514793013688177,0.91
double_dqn,589,0.601,7,4.0,True,8000,0.00013933313312008977,0.91
double_dqn,590,0.60032,17,-6.0,True,8000,0.0001066412078216672,0.91
double_dqn,591,0.59964,19,-8.0,True,8000,2.4676803150214255e-05,0.91
double_dqn,592,0.59896,6,5.0,True,8000,2.888158633140847e-05,0.91
double_dqn,593,0.59829,12,-1.0,True,8000,3.674389881780371e-05,0.91
double_dqn,594,0.59761,7,4.0,True,8000,1.574793532199692e-05,0.92
double_dqn,595,0.59693,17,-6.0,True,8000,0.0002358746132813394,0.92
double_dqn,596,0.59625,9,2.0,True,8000,0.0001348476653220132,0.92
double_dqn,597,0.59557,5,6.0,True,8000,0.0009874217212200165,0.92
double_dqn,598,0.59489,2,9.0,True,8000,0.00011623714817687869,0.92
double_dqn,599,0.59421,8,3.0,True,8000,0.00038227473851293325,0.92
double_dqn,600,0.59354,2,9.0,True,8000,0.00031508543179370463,0.92
double_dqn,601,0.59286,9,2.0,True,8000,0.00037747356691397727,0.92
double_dqn,602,0.59218,6,5.0,True,8000,0.0003691083111334592,0.92
double_dqn,603,0.5915,22,-11.0,True,8000,8.977144898381084e-05,0.92
double_dqn,604,0.59082,17,-6.0,True,8000,2.140457581845112e-05,0.92
double_dqn,605,0.59014,40,-40.0,False,8000,2.0291239707148634e-05,0.92
double_dqn,606,0.58946,5,6.0,True,8000,1.6422005501226522e-05,0.92
double_dqn,607,0.58879,6,5.0,True,8000,1.4029353224032093e-05,0.92
double_dqn,608,0.58811,13,-2.0,True,8000,9.485260306973942e-06,0.93
double_dqn,609,0.58743,6,5.0,True,8000,2.8494956495705992e-05,0.93
double_dqn,610,0.58675,12,-1.0,True,8000,1.487012195866555e-05,0.93
double_dqn,611,0.58607,10,1.0,True,8000,2.045493238256313e-05,0.93
double_dqn,612,0.58539,3,8.0,True,8000,1.6396730643464252e-05,0.93
double_dqn,613,0.58471,3,8.0,True,8000,8.200828233384527e-06,0.93
double_dqn,614,0.58404,2,9.0,True,8000,5.6319763643841725e-06,0.93
double_dqn,615,0.58336,10,1.0,True,8000,4.8383867579104844e-06,0.93
double_dqn,616,0.58268,16,-5.0,True,8000,4.899670238955878e-05,0.93
double_dqn,617,0.582,7,4.0,True,8000,3.490167000563815e-05,0.93
double_dqn,618,0.58132,13,-2.0,True,8000,5.528207839233801e-05,0.93
double_dqn,619,0.58064,3,8.0,True,8000,3.706965071614832e-05,0.94
double_dqn,620,0.57996,4,7.0,True,8000,7.702970469836146e-05,0.94
double_dqn,621,0.57929,24,-13.0,True,8000,9.370324551127851e-05,0.94
double_dqn,622,0.57861,1,-10.0,False,8000,3.999598993686959e-05,0.93
double_dqn,623,0.57793,29,-18.0,True,8000,3.672646562336013e-05,0.93
double_dqn,624,0.57725,3,-12.0,False,8000,3.7530098779825494e-05,0.92
double_dqn,625,0.57657,4,7.0,True,8000,6.77050047670491e-05,0.92
double_dqn,626,0.57589,3,8.0,True,8000,6.19495112914592e-05,0.92
double_dqn,627,0.57521,13,-2.0,True,8000,5.8562582125887275e-05,0.92
double_dqn,628,0.57454,5,6.0,True,8000,4.5093682274455205e-05,0.92
double_dqn,629,0.57386,14,-3.0,True,8000,9.476573904976249e-05,0.92
double_dqn,630,0.57318,4,7.0,True,8000,0.0015438967384397984,0.92
double_dqn,631,0.5725,5,6.0,True,8000,0.00024757409119047225,0.93
double_dqn,632,0.57182,18,-7.0,True,8000,0.00037308165337890387,0.93
double_dqn,633,0.57114,9,2.0,True,8000,0.0028852135874330997,0.93
double_dqn,634,0.57046,16,-5.0,True,8000,0.0004601904656738043,0.93
double_dqn,635,0.56979,6,5.0,True,8000,0.00038009401760064065,0.93
double_dqn,636,0.56911,18,-7.0,True,8000,0.0003113689599558711,0.93
double_dqn,637,0.56843,22,-11.0,True,8000,0.003246770706027746,0.94
double_dqn,638,0.56775,4,7.0,True,8000,0.0010853090789169073,0.94
double_dqn,639,0.56707,1,-10.0,False,8000,0.0006026363116689026,0.93
double_dqn,640,0.56639,10,1.0,True,8000,0.0003309375897515565,0.93
double_dqn,641,0.56571,7,4.0,True,8000,0.000252130557782948,0.93
double_dqn,642,0.56504,12,-1.0,True,8000,0.00021678631310351193,0.93
double_dqn,643,0.56436,7,4.0,True,8000,0.0003818142577074468,0.93
double_dqn,644,0.56368,17,-6.0,True,8000,0.00040173911838792264,0.93
double_dqn,645,0.563,8,3.0,True,8000,0.007711809128522873,0.94
double_dqn,646,0.56232,10,1.0,True,8000,0.0014108101604506373,0.94
double_dqn,647,0.56164,17,-6.0,True,8000,0.0017115025548264384,0.94
double_dqn,648,0.56096,11,0.0,True,8000,0.0036898686084896326,0.95
double_dqn,649,0.56029,23,-12.0,True,8000,0.0005806541303172708,0.95
double_dqn,650,0.55961,12,-1.0,True,8000,0.0008821791270747781,0.95
double_dqn,651,0.55893,11,0.0,True,8000,0.0009949089726433158,0.95
double_dqn,652,0.55825,33,-22.0,True,8000,0.00085162662435323,0.95
double_dqn,653,0.55757,2,9.0,True,8000,0.0004902186337858438,0.95
double_dqn,654,0.55689,16,-5.0,True,8000,0.00047087407438084483,0.95
double_dqn,655,0.55621,15,-4.0,True,8000,0.000561620166990906,0.95
double_dqn,656,0.55554,2,9.0,True,8000,0.00036346103297546506,0.95
double_dqn,657,0.55486,11,0.0,True,8000,0.0002382792445132509,0.95
double_dqn,658,0.55418,10,1.0,True,8000,0.00034359481651335955,0.95
double_dqn,659,0.5535,6,5.0,True,8000,0.00011994731903541833,0.95
double_dqn,660,0.55282,21,-10.0,True,8000,0.0006206899415701628,0.95
double_dqn,661,0.55214,4,7.0,True,8000,0.00040353217627853155,0.95
double_dqn,662,0.55146,4,7.0,True,8000,0.0013061001664027572,0.95
double_dqn,663,0.55079,10,1.0,True,8000,0.0005062090349383652,0.95
double_dqn,664,0.55011,25,-14.0,True,8000,0.00033165625063702464,0.95
double_dqn,665,0.54943,16,-5.0,True,8000,0.0005137925036251545,0.95
double_dqn,666,0.54875,4,7.0,True,8000,0.00026981165865436196,0.95
double_dqn,667,0.54807,35,-24.0,True,8000,0.00017459601804148406,0.95
double_dqn,668,0.54739,1,-10.0,False,8000,0.0016099815256893635,0.94
double_dqn,669,0.54671,7,4.0,True,8000,0.0012054112739861012,0.94
double_dqn,670,0.54604,4,7.0,True,8000,0.0007474130252376199,0.94
double_dqn,671,0.54536,18,-7.0,True,8000,0.0003373227082192898,0.94
double_dqn,672,0.54468,18,-7.0,True,8000,0.0002197580470237881,0.94
double_dqn,673,0.544,3,8.0,True,8000,0.0001435362355550751,0.94
double_dqn,674,0.54332,5,6.0,True,8000,0.00010651548655005172,0.94
double_dqn,675,0.54264,7,4.0,True,8000,9.70840483205393e-05,0.94
double_dqn,676,0.54196,18,-7.0,True,8000,2.9608258046209812e-05,0.94
double_dqn,677,0.54129,6,5.0,True,8000,3.439033025642857e-05,0.94
double_dqn,678,0.54061,21,-10.0,True,8000,0.0005772318108938634,0.94
double_dqn,679,0.53993,6,5.0,True,8000,0.0010910951532423496,0.94
double_dqn,680,0.53925,6,5.0,True,8000,0.002235955558717251,0.94
double_dqn,681,0.53857,13,-2.0,True,8000,0.0002085556334350258,0.94
double_dqn,682,0.53789,3,8.0,True,8000,0.0007851555710658431,0.95
double_dqn,683,0.53721,11,0.0,True,8000,0.00020932673942297697,0.95
double_dqn,684,0.53654,1,10.0,True,8000,0.00033380568493157625,0.95
double_dqn,685,0.53586,3,-12.0,False,8000,0.00021244764502625912,0.94
double_dqn,686,0.53518,15,-4.0,True,8000,0.0003466912603471428,0.94
double_dqn,687,0.5345,9,2.0,True,8000,0.00043286269647069275,0.94
double_dqn,688,0.53382,11,0.0,True,8000,8.838520443532616e-05,0.94
double_dqn,689,0.53314,14,-3.0,True,8000,0.0001596591027919203,0.94
double_dqn,690,0.53246,13,-2.0,True,8000,0.00032107956940308213,0.94
double_dqn,691,0.53179,5,6.0,True,8000,0.00019419690943323076,0.94
double_dqn,692,0.53111,6,5.0,True,8000,9.76131996139884e-05,0.94
double_dqn,693,0.53043,7,4.0,True,8000,0.0001313932880293578,0.94
double_dqn,694,0.52975,17,-6.0,True,8000,9.044097532751039e-05,0.94
double_dqn,695,0.52907,5,6.0,True,8000,7.873553113313392e-05,0.94
double_dqn,696,0.52839,13,-2.0,True,8000,0.00017528848547954112,0.94
double_dqn,697,0.52771,1,-10.0,False,8000,6.261900853132829e-05,0.93
double_dqn,698,0.52704,21,-10.0,True,8000,9.225198300555348e-05,0.93
double_dqn,699,0.52636,21,-10.0,True,8000,0.0002619992592372,0.93
double_dqn,700,0.52568,1,10.0,True,8000,0.00020872689492534846,0.93
double_dqn,701,0.525,14,-3.0,True,8000,3.490464587230235e-05,0.93
double_dqn,702,0.52432,2,9.0,True,8000,7.639116665814072e-05,0.93
double_dqn,703,0.52364,7,4.0,True,8000,7.78786197770387e-05,0.93
double_dqn,704,0.52296,32,-21.0,True,8000,1.6923941075219773e-05,0.93
double_dqn,705,0.52229,17,-6.0,True,8000,2.9948741939733736e-06,0.94
double_dqn,706,0.52161,3,8.0,True,8000,4.646835805033334e-06,0.94
double_dqn,707,0.52093,9,2.0,True,8000,5.115222847962286e-06,0.94
double_dqn,708,0.52025,3,8.0,True,8000,9.501784916210454e-06,0.94
double_dqn,709,0.51957,11,0.0,True,8000,0.00012271260493434966,0.94
double_dqn,710,0.51889,5,6.0,True,8000,5.702230191673152e-05,0.94
double_dqn,711,0.51821,15,-4.0,True,8000,7.386734068859369e-05,0.94
double_dqn,712,0.51754,12,-1.0,True,8000,9.555563156027347e-05,0.94
double_dqn,713,0.51686,1,10.0,True,8000,0.00011124792217742652,0.94
double_dqn,714,0.51618,6,5.0,True,8000,3.493476833682507e-05,0.94
double_dqn,715,0.5155,14,-3.0,True,8000,0.00011897401418536901,0.94
double_dqn,716,0.51482,12,-1.0,True,8000,0.00014780854689888656,0.94
double_dqn,717,0.51414,9,2.0,True,8000,0.0001237434771610424,0.94
double_dqn,718,0.51346,20,-9.0,True,8000,0.00042518469854258,0.94
double_dqn,719,0.51279,11,0.0,True,8000,0.00037634492036886513,0.94
double_dqn,720,0.51211,7,4.0,True,8000,0.00031465498614124954,0.94
double_dqn,721,0.51143,1,10.0,True,8000,0.0002785859687719494,0.94
double_dqn,722,0.51075,16,-5.0,True,8000,0.00010948794079013169,0.95
double_dqn,723,0.51007,4,7.0,True,8000,0.00025559720234014094,0.95
double_dqn,724,0.50939,3,8.0,True,8000,6.268812285270542e-05,0.96
double_dqn,725,0.50871,12,-1.0,True,8000,4.5978769776411355e-05,0.96
double_dqn,726,0.50804,7,4.0,True,8000,3.822632788796909e-05,0.96
double_dqn,727,0.50736,16,-5.0,True,8000,1.849630643846467e-05,0.96
double_dqn,728,0.50668,6,5.0,True,8000,1.1481174624350388e-05,0.96
double_dqn,729,0.506,25,-14.0,True,8000,0.000287989794742316,0.96
double_dqn,730,0.50532,17,-6.0,True,8000,0.00021811675105709583,0.96
double_dqn,731,0.50464,3,8.0,True,8000,0.00010744515748228878,0.96
double_dqn,732,0.50396,22,-11.0,True,8000,9.461642184760422e-05,0.96
double_dqn,733,0.50329,11,0.0,True,8000,4.297142004361376e-05,0.96
double_dqn,734,0.50261,7,4.0,True,8000,6.513929110951722e-05,0.96
double_dqn,735,0.50193,5,6.0,True,8000,2.7803171178675257e-05,0.96
double_dqn,736,0.50125,5,-14.0,False,8000,2.381382728344761e-05,0.95
double_dqn,737,0.50057,8,3.0,True,8000,0.00017922594270203263,0.95
double_dqn,738,0.49989,11,0.0,True,8000,2.3084538042894565e-05,0.95
double_dqn,739,0.49921,9,2.0,True,8000,0.00018240261124446988,0.96
double_dqn,740,0.49854,21,-10.0,True,8000,0.00010960963845718652,0.96
double_dqn,741,0.49786,8,3.0,True,8000,2.618147300381679e-05,0.96
double_dqn,742,0.49718,8,3.0,True,8000,3.1227544241119176e-05,0.96
double_dqn,743,0.4965,6,5.0,True,8000,1.318925842497265e-05,0.96
double_dqn,744,0.49582,1,10.0,True,8000,3.2154362997971475e-05,0.96
double_dqn,745,0.49514,27,-16.0,True,8000,1.7312033378402703e-05,0.96
double_dqn,746,0.49446,11,0.0,True,8000,2.106088686559815e-05,0.96
double_dqn,747,0.49379,21,-10.0,True,8000,7.805670611560345e-05,0.96
double_dqn,748,0.49311,23,-12.0,True,8000,2.9351580451475456e-05,0.96
double_dqn,749,0.49243,9,2.0,True,8000,2.0391853468026966e-05,0.96
double_dqn,750,0.49175,17,-6.0,True,8000,1.9703569705598056e-05,0.96
double_dqn,751,0.49107,6,5.0,True,8000,1.164171135314973e-05,0.96
double_dqn,752,0.49039,19,-8.0,True,8000,7.33030610717833e-05,0.96
double_dqn,753,0.48971,5,6.0,True,8000,1.3635655705002137e-05,0.96
double_dqn,754,0.48904,11,0.0,True,8000,0.00012575228174682707,0.96
double_dqn,755,0.48836,7,4.0,True,8000,9.563076309859753e-05,0.96
double_dqn,756,0.48768,2,9.0,True,8000,4.020198684884235e-05,0.96
double_dqn,757,0.487,4,7.0,True,8000,7.31277687009424e-05,0.96
double_dqn,758,0.48632,1,-10.0,False,8000,0.00011150811769766733,0.95
double_dqn,759,0.48564,1,10.0,True,8000,7.522755913669243e-05,0.95
double_dqn,760,0.48496,1,10.0,True,8000,6.211246363818645e-05,0.95
double_dqn,761,0.48429,13,-2.0,True,8000,2.414488699287176e-05,0.95
double_dqn,762,0.48361,16,-5.0,True,8000,6.941548781469464e-05,0.95
double_dqn,763,0.48293,3,8.0,True,8000,6.140836921986192e-05,0.95
double_dqn,764,0.48225,17,-6.0,True,8000,0.0002342192456126213,0.95
double_dqn,765,0.48157,6,5.0,True,8000,0.0007525599794462323,0.95
double_dqn,766,0.48089,19,-8.0,True,8000,0.0006174505688250065,0.95
double_dqn,767,0.48021,5,-14.0,False,8000,0.0007828226662240922,0.94
double_dqn,768,0.47954,8,3.0,True,8000,0.0008149764616973698,0.95
double_dqn,769,0.47886,27,-16.0,True,8000,0.00043987116077914834,0.95
double_dqn,770,0.47818,8,3.0,True,8000,0.0007312517263926566,0.95
double_dqn,771,0.4775,5,6.0,True,8000,0.00022340929717756808,0.95
double_dqn,772,0.47682,9,-18.0,False,8000,0.0002029227907769382,0.94
double_dqn,773,0.47614,6,5.0,True,8000,9.309249435318634e-05,0.94
double_dqn,774,0.47546,11,0.0,True,8000,0.0008061021799221635,0.94
double_dqn,775,0.47479,9,2.0,True,8000,0.00032561426633037627,0.94
double_dqn,776,0.47411,7,4.0,True,8000,4.4886732212034985e-05,0.94
double_dqn,777,0.47343,3,8.0,True,8000,0.000109869048174005,0.94
double_dqn,778,0.47275,7,4.0,True,8000,8.823545795166865e-05,0.94
double_dqn,779,0.47207,17,-6.0,True,8000,0.0006488008075393736,0.94
double_dqn,780,0.47139,13,-2.0,True,8000,0.00033062705188058317,0.94
double_dqn,781,0.47071,8,3.0,True,8000,0.00046183750964701176,0.94
double_dqn,782,0.47004,1,10.0,True,8000,0.0003753255004994571,0.94
double_dqn,783,0.46936,9,2.0,True,8000,0.00019825049093924463,0.94
double_dqn,784,0.46868,3,8.0,True,8000,0.0005443207919597626,0.94
double_dqn,785,0.468,2,-11.0,False,8000,0.0006798192043788731,0.94
double_dqn,786,0.46732,3,8.0,True,8000,0.00031208942527882755,0.94
double_dqn,787,0.46664,11,0.0,True,8000,0.0006841376889497042,0.94
double_dqn,788,0.46596,4,7.0,True,8000,0.0005228749359957874,0.94
double_dqn,789,0.46529,3,8.0,True,8000,0.0003788062313105911,0.94
double_dqn,790,0.46461,16,-5.0,True,8000,0.00030145703931339085,0.94
double_dqn,791,0.46393,17,-6.0,True,8000,0.00039672115235589445,0.94
double_dqn,792,0.46325,8,3.0,True,8000,0.00021862656285520643,0.94
double_dqn,793,0.46257,10,1.0,True,8000,0.00014033241313882172,0.94
double_dqn,794,0.46189,16,-5.0,True,8000,9.588670945959166e-05,0.94
double_dqn,795,0.46121,11,0.0,True,8000,0.00016323429008480161,0.94
double_dqn,796,0.46054,19,-8.0,True,8000,0.0006758490344509482,0.94
double_dqn,797,0.45986,11,0.0,True,8000,0.00025760280550457537,0.95
double_dqn,798,0.45918,5,6.0,True,8000,0.0007371012470684946,0.95
double_dqn,799,0.4585,5,6.0,True,8000,0.0003553398419171572,0.95
double_dqn,800,0.45782,4,7.0,True,8000,0.0008319520857185125,0.95
double_dqn,801,0.45714,6,5.0,True,8000,0.0012391217751428485,0.95
double_dqn,802,0.45646,14,-3.0,True,8000,0.0004277049156371504,0.95
double_dqn,803,0.45579,17,-6.0,True,8000,0.0008867823635227978,0.95
double_dqn,804,0.45511,16,-5.0,True,8000,0.00017408677376806736,0.95
double_dqn,805,0.45443,14,-3.0,True,8000,0.00011690198152791709,0.95
double_dqn,806,0.45375,4,7.0,True,8000,0.00013930592103861272,0.95
double_dqn,807,0.45307,5,6.0,True,8000,0.00013353265239857137,0.95
double_dqn,808,0.45239,6,5.0,True,8000,0.0001281950098928064,0.95
double_dqn,809,0.45171,8,3.0,True,8000,0.00026900545344688,0.95
double_dqn,810,0.45104,9,2.0,True,8000,0.0002884363057091832,0.95
double_dqn,811,0.45036,16,-5.0,True,8000,0.00048546900507062674,0.95
double_dqn,812,0.44968,8,3.0,True,8000,0.000135669790324755,0.95
double_dqn,813,0.449,14,-3.0,True,8000,0.00021150796965230256,0.95
double_dqn,814,0.44832,6,5.0,True,8000,0.00019352776871528476,0.95
double_dqn,815,0.44764,8,3.0,True,8000,0.00011105726298410445,0.95
double_dqn,816,0.44696,24,-13.0,True,8000,0.00016477254393976182,0.95
double_dqn,817,0.44629,17,-6.0,True,8000,9.948504157364368e-05,0.95
double_dqn,818,0.44561,10,1.0,True,8000,0.00015684419486206025,0.95
double_dqn,819,0.44493,4,7.0,True,8000,0.00012287053687032312,0.95
double_dqn,820,0.44425,2,9.0,True,8000,8.716399315744638e-05,0.95
double_dqn,821,0.44357,2,9.0,True,8000,0.00043307655141688883,0.95
double_dqn,822,0.44289,5,-14.0,False,8000,0.0002712818968575448,0.94
double_dqn,823,0.44221,4,7.0,True,8000,0.00035237829433754086,0.94
double_dqn,824,0.44154,11,0.0,True,8000,0.000283318106085062,0.94
double_dqn,825,0.44086,6,5.0,True,8000,0.00010625441063893959,0.94
double_dqn,826,0.44018,2,9.0,True,8000,0.00013606093125417829,0.94
double_dqn,827,0.4395,5,6.0,True,8000,8.443681872449815e-05,0.94
double_dqn,828,0.43882,10,1.0,True,8000,0.00011999500566162169,0.94
double_dqn,829,0.43814,7,4.0,True,8000,0.00011651705426629633,0.94
double_dqn,830,0.43746,3,-12.0,False,8000,0.00014373488374985754,0.93
double_dqn,831,0.43679,4,7.0,True,8000,0.000164178796694614,0.93
double_dqn,832,0.43611,7,4.0,True,8000,0.0003791357739828527,0.93
double_dqn,833,0.43543,6,5.0,True,8000,0.00018259974604006857,0.93
double_dqn,834,0.43475,4,7.0,True,8000,0.00011740962509065866,0.93
double_dqn,835,0.43407,8,3.0,True,8000,0.0026584374718368053,0.93
double_dqn,836,0.43339,11,0.0,True,8000,0.0019384168554097414,0.94
double_dqn,837,0.43271,17,-6.0,True,8000,0.0011854502372443676,0.94
double_dqn,838,0.43204,10,1.0,True,8000,0.0025349322240799665,0.94
double_dqn,839,0.43136,8,3.0,True,8000,0.0020176705438643694,0.94
double_dqn,840,0.43068,9,2.0,True,8000,0.0011509122559800744,0.94
double_dqn,841,0.43,3,8.0,True,8000,0.0013016262091696262,0.94
double_dqn,842,0.42932,5,6.0,True,8000,0.0011942526325583458,0.94
double_dqn,843,0.42864,4,7.0,True,8000,0.0012185047380626202,0.94
double_dqn,844,0.42796,5,6.0,True,8000,0.001780409598723054,0.94
double_dqn,845,0.42729,1,10.0,True,8000,0.0009134282590821385,0.94
double_dqn,846,0.42661,18,-7.0,True,8000,0.0008462162222713232,0.94
double_dqn,847,0.42593,11,0.0,True,8000,0.0010053637670353055,0.94
double_dqn,848,0.42525,5,6.0,True,8000,0.0012188786640763283,0.94
double_dqn,849,0.42457,14,-3.0,True,8000,0.002088257111608982,0.94
double_dqn,850,0.42389,4,7.0,True,8000,0.000916621123906225,0.94
double_dqn,851,0.42321,8,3.0,True,8000,0.0010277634719386697,0.94
double_dqn,852,0.42254,6,5.0,True,8000,0.0017124259611591697,0.94
double_dqn,853,0.42186,6,5.0,True,8000,0.0014518548268824816,0.94
double_dqn,854,0.42118,1,10.0,True,8000,0.0009369354811497033,0.94
double_dqn,855,0.4205,13,-2.0,True,8000,0.0008053291239775717,0.94
double_dqn,856,0.41982,5,6.0,True,8000,0.0003022223536390811,0.94
double_dqn,857,0.41914,11,0.0,True,8000,0.0005055173533037305,0.94
double_dqn,858,0.41846,9,2.0,True,8000,0.0003590548876672983,0.95
double_dqn,859,0.41779,3,8.0,True,8000,0.000971827597822994,0.95
double_dqn,860,0.41711,14,-3.0,True,8000,0.00014994230878073722,0.95
double_dqn,861,0.41643,11,0.0,True,8000,0.0006877640262246132,0.95
double_dqn,862,0.41575,7,4.0,True,8000,0.0015532260295003653,0.95
double_dqn,863,0.41507,14,-3.0,True,8000,0.00040857188287191093,0.95
double_dqn,864,0.41439,3,8.0,True,8000,0.0003933110274374485,0.95
double_dqn,865,0.41371,18,-7.0,True,8000,0.0036347289569675922,0.95
double_dqn,866,0.41304,8,3.0,True,8000,0.0004978709621354938,0.95
double_dqn,867,0.41236,1,10.0,True,8000,0.000753661326598376,0.96
double_dqn,868,0.41168,4,7.0,True,8000,0.001265543163754046,0.96
double_dqn,869,0.411,14,-3.0,True,8000,0.000891527917701751,0.96
double_dqn,870,0.41032,6,5.0,True,8000,0.00013703620061278343,0.96
double_dqn,871,0.40964,10,1.0,True,8000,0.00031297639361582696,0.96
double_dqn,872,0.40896,7,4.0,True,8000,7.794507837388664e-05,0.97
double_dqn,873,0.40829,14,-3.0,True,8000,0.0003102906921412796,0.97
double_dqn,874,0.40761,5,6.0,True,8000,0.0002543275186326355,0.97
double_dqn,875,0.40693,11,0.0,True,8000,0.00012170460831839591,0.97
double_dqn,876,0.40625,7,4.0,True,8000,0.00013662513811141253,0.97
double_dqn,877,0.40557,8,3.0,True,8000,0.0002187416102970019,0.97
double_dqn,878,0.40489,10,1.0,True,8000,0.00012641408829949796,0.97
double_dqn,879,0.40421,8,-17.0,False,8000,0.00011513728532008827,0.96
double_dqn,880,0.40354,14,-3.0,True,8000,0.00012702478852588683,0.96
double_dqn,881,0.40286,7,4.0,True,8000,7.522082887589931e-05,0.96
double_dqn,882,0.40218,8,3.0,True,8000,0.00013541356020141393,0.96
double_dqn,883,0.4015,15,-4.0,True,8000,8.704231004230678e-05,0.96
double_dqn,884,0.40082,7,4.0,True,8000,0.0006812946521677077,0.96
double_dqn,885,0.40014,10,1.0,True,8000,0.00021772916079498827,0.97
double_dqn,886,0.39946,6,5.0,True,8000,0.00017226315685547888,0.97
double_dqn,887,0.39879,1,10.0,True,8000,7.43522250559181e-05,0.97
double_dqn,888,0.39811,11,0.0,True,8000,0.00045945888268761337,0.97
double_dqn,889,0.39743,14,-3.0,True,8000,0.00032573449425399303,0.97
double_dqn,890,0.39675,8,3.0,True,8000,0.0008046599105000496,0.97
double_dqn,891,0.39607,7,4.0,True,8000,0.0005798042984679341,0.97
double_dqn,892,0.39539,1,10.0,True,8000,0.00032541551627218723,0.97
double_dqn,893,0.39471,4,7.0,True,8000,0.0007762399036437273,0.97
double_dqn,894,0.39404,28,-17.0,True,8000,0.0002078063989756629,0.97
double_dqn,895,0.39336,8,3.0,True,8000,7.954925240483135e-05,0.97
double_dqn,896,0.39268,10,1.0,True,8000,0.00010936131729977205,0.97
double_dqn,897,0.392,5,6.0,True,8000,0.00011118377005914226,0.97
double_dqn,898,0.39132,13,-2.0,True,8000,7.447352254530415e-05,0.97
double_dqn,899,0.39064,6,5.0,True,8000,0.0001484263048041612,0.97
double_dqn,900,0.38996,6,5.0,True,8000,0.00012172850256320089,0.97
double_dqn,901,0.38929,2,9.0,True,8000,5.4103446018416435e-05,0.97
double_dqn,902,0.38861,6,5.0,True,8000,2.8016051146551035e-05,0.97
double_dqn,903,0.38793,6,5.0,True,8000,2.9766613806714304e-05,0.97
double_dqn,904,0.38725,8,3.0,True,8000,2.1257990738376975e-05,0.97
double_dqn,905,0.38657,4,7.0,True,8000,2.97279329970479e-05,0.97
double_dqn,906,0.38589,5,6.0,True,8000,3.0380298994714394e-05,0.97
double_dqn,907,0.38521,13,-2.0,True,8000,3.543803177308291e-05,0.97
double_dqn,908,0.38454,1,10.0,True,8000,2.2479513063444756e-05,0.97
double_dqn,909,0.38386,7,4.0,True,8000,8.773888839641586e-05,0.97
double_dqn,910,0.38318,13,-2.0,True,8000,0.00013542099623009562,0.97
double_dqn,911,0.3825,19,-8.0,True,8000,8.330577111337334e-05,0.97
double_dqn,912,0.38182,6,5.0,True,8000,8.060764957917854e-05,0.97
double_dqn,913,0.38114,2,9.0,True,8000,6.289276643656194e-05,0.97
double_dqn,914,0.38046,3,8.0,True,8000,4.439927579369396e-05,0.97
double_dqn,915,0.37979,4,7.0,True,8000,3.5583681892603636e-05,0.97
double_dqn,916,0.37911,6,5.0,True,8000,0.0001189155736938119,0.97
double_dqn,917,0.37843,7,4.0,True,8000,2.085044252453372e-05,0.97
double_dqn,918,0.37775,5,6.0,True,8000,0.0001291958033107221,0.97
double_dqn,919,0.37707,9,2.0,True,8000,5.919604154769331e-05,0.97
double_dqn,920,0.37639,7,4.0,True,8000,6.778951501473784e-05,0.97
double_dqn,921,0.37571,8,3.0,True,8000,2.863021472876426e-05,0.97
double_dqn,922,0.37504,10,1.0,True,8000,5.152716767042875e-05,0.98
double_dqn,923,0.37436,8,3.0,True,8000,5.259488898445852e-05,0.98
double_dqn,924,0.37368,10,1.0,True,8000,0.00016082900401670486,0.98
double_dqn,925,0.373,2,9.0,True,8000,0.00021770964667666703,0.98
double_dqn,926,0.37232,12,-1.0,True,8000,9.001775470096618e-05,0.98
double_dqn,927,0.37164,16,-5.0,True,8000,6.794889486627653e-05,0.98
double_dqn,928,0.37096,1,10.0,True,8000,1.7850125004770234e-05,0.98
double_dqn,929,0.37029,4,7.0,True,8000,2.850553391908761e-05,0.98
double_dqn,930,0.36961,1,10.0,True,8000,0.00013868526730220765,0.99
double_dqn,931,0.36893,1,-10.0,False,8000,4.920203718938865e-05,0.98
double_dqn,932,0.36825,1,10.0,True,8000,4.625194560503587e-05,0.98
double_dqn,933,0.36757,6,5.0,True,8000,3.7272962799761444e-05,0.98
double_dqn,934,0.36689,7,4.0,True,8000,0.003975349944084883,0.98
double_dqn,935,0.36621,9,2.0,True,8000,0.0004352983960416168,0.98
double_dqn,936,0.36554,3,-12.0,False,8000,0.0015526035567745566,0.97
double_dqn,937,0.36486,8,3.0,True,8000,0.0008801203221082687,0.97
double_dqn,938,0.36418,2,-11.0,False,8000,0.0011886657448485494,0.96
double_dqn,939,0.3635,5,6.0,True,8000,0.00033580197487026453,0.96
double_dqn,940,0.36282,10,1.0,True,8000,0.0003145145601592958,0.96
double_dqn,941,0.36214,10,1.0,True,8000,0.00023675381089560688,0.96
double_dqn,942,0.36146,16,-5.0,True,8000,0.00011675046698655933,0.96
double_dqn,943,0.36079,10,1.0,True,8000,0.00017910439055413008,0.96
double_dqn,944,0.36011,6,5.0,True,8000,0.00013274619414005429,0.96
double_dqn,945,0.35943,5,6.0,True,8000,0.0002926730958279222,0.96
double_dqn,946,0.35875,7,4.0,True,8000,6.345509609673172e-05,0.96
double_dqn,947,0.35807,9,2.0,True,8000,0.00013163377298042178,0.96
double_dqn,948,0.35739,2,9.0,True,8000,0.00014338892651721835,0.96
double_dqn,949,0.35671,3,8.0,True,8000,0.00019828723452519625,0.96
double_dqn,950,0.35604,7,4.0,True,8000,0.0002060992264887318,0.96
double_dqn,951,0.35536,2,9.0,True,8000,0.00032098835799843073,0.96
double_dqn,952,0.35468,8,3.0,True,8000,0.00025057396851480007,0.96
double_dqn,953,0.354,3,8.0,True,8000,0.00014077847299631685,0.96
double_dqn,954,0.35332,14,-3.0,True,8000,0.00013142026728019118,0.96
double_dqn,955,0.35264,6,5.0,True,8000,0.00039446662412956357,0.96
double_dqn,956,0.35196,4,7.0,True,8000,0.0005877713556401432,0.96
double_dqn,957,0.35129,4,7.0,True,8000,0.0005080351256765425,0.96
double_dqn,958,0.35061,7,4.0,True,8000,0.0002570930519141257,0.96
double_dqn,959,0.34993,2,9.0,True,8000,0.00029819400515407324,0.96
double_dqn,960,0.34925,5,6.0,True,8000,0.00034979439806193113,0.96
double_dqn,961,0.34857,3,8.0,True,8000,0.00012000365677522495,0.96
double_dqn,962,0.34789,1,10.0,True,8000,0.00014987132453825325,0.96
double_dqn,963,0.34721,7,4.0,True,8000,0.00039349807775579393,0.96
double_dqn,964,0.34654,8,3.0,True,8000,0.00010605816351016983,0.96
double_dqn,965,0.34586,5,6.0,True,8000,4.405957224662416e-05,0.96
double_dqn,966,0.34518,6,5.0,True,8000,0.00022930493287276477,0.96
double_dqn,967,0.3445,4,7.0,True,8000,0.0001720319123705849,0.96
double_dqn,968,0.34382,4,7.0,True,8000,0.0001994939666474238,0.96
double_dqn,969,0.34314,11,0.0,True,8000,0.0002742969954852015,0.96
double_dqn,970,0.34246,6,5.0,True,8000,0.0002297276514582336,0.96
double_dqn,971,0.34179,8,3.0,True,8000,0.00018080443260259926,0.96
double_dqn,972,0.34111,9,2.0,True,8000,8.796347538009286e-05,0.96
double_dqn,973,0.34043,3,8.0,True,8000,0.00022474461002275348,0.96
double_dqn,974,0.33975,7,4.0,True,8000,0.00022346462355926633,0.96
double_dqn,975,0.33907,20,-9.0,True,8000,4.454307054402307e-05,0.96
double_dqn,976,0.33839,1,-10.0,False,8000,0.0001476850447943434,0.95
double_dqn,977,0.33771,3,8.0,True,8000,9.615864837542176e-05,0.95
double_dqn,978,0.33704,18,-7.0,True,8000,0.0001437221362721175,0.95
double_dqn,979,0.33636,11,0.0,True,8000,0.0001233452931046486,0.96
double_dqn,980,0.33568,15,-4.0,True,8000,0.00010138346260646358,0.96
double_dqn,981,0.335,1,10.0,True,8000,0.0001819696044549346,0.96
double_dqn,982,0.33432,10,1.0,True,8000,0.00014425463450606912,0.96
double_dqn,983,0.33364,4,7.0,True,8000,6.415855750674382e-05,0.96
double_dqn,984,0.33296,7,4.0,True,8000,0.00013068609405308962,0.96
double_dqn,985,0.33229,1,10.0,True,8000,6.100511382101104e-05,0.96
double_dqn,986,0.33161,5,6.0,True,8000,0.00026033809990622103,0.96
double_dqn,987,0.33093,3,8.0,True,8000,0.00019326034816913307,0.96
double_dqn,988,0.33025,14,-3.0,True,8000,7.502851804019883e-05,0.96
double_dqn,989,0.32957,11,0.0,True,8000,0.00010364347690483555,0.96
double_dqn,990,0.32889,1,10.0,True,8000,7.312459638342261e-05,0.96
double_dqn,991,0.32821,7,4.0,True,8000,7.74454019847326e-05,0.96
double_dqn,992,0.32754,5,6.0,True,8000,0.00033461471321061254,0.96
double_dqn,993,0.32686,1,10.0,True,8000,6.288993608905002e-05,0.96
double_dqn,994,0.32618,7,4.0,True,8000,0.00013113976456224918,0.96
double_dqn,995,0.3255,7,4.0,True,8000,2.8033857233822346e-05,0.96
double_dqn,996,0.32482,8,3.0,True,8000,2.3010514269117266e-05,0.96
double_dqn,997,0.32414,4,7.0,True,8000,2.7186844818061218e-05,0.96
double_dqn,998,0.32346,5,6.0,True,8000,2.75700913334731e-05,0.96
double_dqn,999,0.32279,10,1.0,True,8000,1.688960583123844e-05,0.96
double_dqn,1000,0.32211,6,5.0,True,8000,2.208586192864459e-05,0.96
double_dqn,1001,0.32143,1,10.0,True,8000,2.989541280840058e-05,0.96
double_dqn,1002,0.32075,11,0.0,True,8000,0.00010763267346192151,0.96
double_dqn,1003,0.32007,11,0.0,True,8000,0.00015257642371580005,0.96
double_dqn,1004,0.31939,3,8.0,True,8000,0.00011458521476015449,0.96
double_dqn,1005,0.31871,1,-10.0,False,8000,0.00016498118930030614,0.95
double_dqn,1006,0.31804,11,0.0,True,8000,9.509679512120783e-05,0.95
double_dqn,1007,0.31736,12,-1.0,True,8000,0.00020937652152497321,0.95
double_dqn,1008,0.31668,7,4.0,True,8000,0.0001186340959975496,0.95
double_dqn,1009,0.316,4,7.0,True,8000,0.00045009161112830043,0.95
double_dqn,1010,0.31532,6,5.0,True,8000,0.0009630422573536634,0.95
double_dqn,1011,0.31464,6,5.0,True,8000,0.00027538882568478584,0.95
double_dqn,1012,0.31396,6,5.0,True,8000,0.0010851232800632715,0.95
double_dqn,1013,0.31329,4,7.0,True,8000,0.0007138095679692924,0.95
double_dqn,1014,0.31261,6,5.0,True,8000,0.0006514735869131982,0.95
double_dqn,1015,0.31193,3,8.0,True,8000,0.00018741475651040673,0.95
double_dqn,1016,0.31125,7,4.0,True,8000,0.0006432776572182775,0.95
double_dqn,1017,0.31057,7,4.0,True,8000,0.0005313634173944592,0.95
double_dqn,1018,0.30989,6,5.0,True,8000,0.001100839814171195,0.95
double_dqn,1019,0.30921,4,7.0,True,8000,0.0008642798056825995,0.95
double_dqn,1020,0.30854,12,-1.0,True,8000,0.00021906678739469498,0.95
double_dqn,1021,0.30786,8,3.0,True,8000,0.00019943807274103165,0.95
double_dqn,1022,0.30718,8,3.0,True,8000,0.00015713160973973572,0.95
double_dqn,1023,0.3065,10,1.0,True,8000,0.00014198933786246926,0.95
double_dqn,1024,0.30582,4,7.0,True,8000,0.00012387461902108043,0.95
double_dqn,1025,0.30514,9,2.0,True,8000,4.298778367228806e-05,0.95
double_dqn,1026,0.30446,1,10.0,True,8000,4.669852205552161e-05,0.95
double_dqn,1027,0.30379,4,7.0,True,8000,0.00029981316765770316,0.95
double_dqn,1028,0.30311,3,8.0,True,8000,0.00047072151210159063,0.95
double_dqn,1029,0.30243,10,1.0,True,8000,0.00036469532642513514,0.95
double_dqn,1030,0.30175,6,5.0,True,8000,0.0004380340687930584,0.95
double_dqn,1031,0.30107,3,8.0,True,8000,0.00013948600098956376,0.96
double_dqn,1032,0.30039,3,8.0,True,8000,0.00039168476359918714,0.96
double_dqn,1033,0.29971,10,1.0,True,8000,0.0007870537228882313,0.96
double_dqn,1034,0.29904,12,-1.0,True,8000,0.0006181693752296269,0.96
double_dqn,1035,0.29836,8,3.0,True,8000,0.0007855187868699431,0.96
double_dqn,1036,0.29768,7,4.0,True,8000,0.0005404551629908383,0.97
double_dqn,1037,0.297,4,7.0,True,8000,0.0007914995076134801,0.97
double_dqn,1038,0.29632,5,6.0,True,8000,0.0012041653972119093,0.98
double_dqn,1039,0.29564,15,-4.0,True,8000,0.0008511675987392664,0.98
double_dqn,1040,0.29496,9,2.0,True,8000,0.0007035261951386929,0.98
double_dqn,1041,0.29429,8,3.0,True,8000,0.004378493409603834,0.98
double_dqn,1042,0.29361,7,4.0,True,8000,0.0007487490074709058,0.98
double_dqn,1043,0.29293,10,1.0,True,8000,0.001174065750092268,0.98
double_dqn,1044,0.29225,6,5.0,True,8000,0.0007047032122500241,0.98
double_dqn,1045,0.29157,1,10.0,True,8000,0.0014409685973078012,0.98
double_dqn,1046,0.29089,3,8.0,True,8000,0.002424408681690693,0.98
double_dqn,1047,0.29021,8,3.0,True,8000,0.0023940845858305693,0.98
double_dqn,1048,0.28954,11,0.0,True,8000,0.0015779567183926702,0.98
double_dqn,1049,0.28886,3,8.0,True,8000,0.0012137331068515778,0.98
double_dqn,1050,0.28818,7,4.0,True,8000,0.000983787002041936,0.98
double_dqn,1051,0.2875,7,4.0,True,8000,0.0014604971511289477,0.98
double_dqn,1052,0.28682,8,3.0,True,8000,0.01237558014690876,0.98
double_dqn,1053,0.28614,7,4.0,True,8000,0.0016923414077609777,0.98
double_dqn,1054,0.28546,2,9.0,True,8000,0.0033384752459824085,0.98
double_dqn,1055,0.28479,1,10.0,True,8000,0.0022500664927065372,0.98
double_dqn,1056,0.28411,6,5.0,True,8000,0.0027786188293248415,0.98
double_dqn,1057,0.28343,3,8.0,True,8000,0.0018651008140295744,0.98
double_dqn,1058,0.28275,9,2.0,True,8000,0.00048763214726932347,0.98
double_dqn,1059,0.28207,9,2.0,True,8000,0.0008927354938350618,0.98
double_dqn,1060,0.28139,5,6.0,True,8000,0.0017865062691271305,0.98
double_dqn,1061,0.28071,2,9.0,True,8000,0.0003442935412749648,0.98
double_dqn,1062,0.28004,5,6.0,True,8000,0.0007566529675386846,0.98
double_dqn,1063,0.27936,8,3.0,True,8000,0.0003652671293821186,0.98
double_dqn,1064,0.27868,8,3.0,True,8000,0.0008910467149689794,0.98
double_dqn,1065,0.278,7,4.0,True,8000,0.0006120891775935888,0.98
double_dqn,1066,0.27732,11,0.0,True,8000,0.0005381661467254162,0.98
double_dqn,1067,0.27664,5,6.0,True,8000,0.0004031024291180074,0.98
double_dqn,1068,0.27596,9,2.0,True,8000,0.00028880490572191775,0.98
double_dqn,1069,0.27529,11,0.0,True,8000,0.0010405761422589421,0.98
double_dqn,1070,0.27461,9,2.0,True,8000,0.0013214509235695004,0.98
double_dqn,1071,0.27393,1,10.0,True,8000,0.0009539389866404235,0.98
double_dqn,1072,0.27325,9,2.0,True,8000,0.000227247757720761,0.98
double_dqn,1073,0.27257,13,-2.0,True,8000,0.0014447628054767847,0.98
double_dqn,1074,0.27189,6,5.0,True,8000,0.0005569974891841412,0.98
double_dqn,1075,0.27121,4,7.0,True,8000,0.00037476938450708985,0.98
double_dqn,1076,0.27054,13,-2.0,True,8000,0.0008523024152964354,0.99
double_dqn,1077,0.26986,1,10.0,True,8000,0.0011266430374234915,0.99
double_dqn,1078,0.26918,6,5.0,True,8000,0.0005456944927573204,0.99
double_dqn,1079,0.2685,6,5.0,True,8000,0.0005928754690103233,0.99
double_dqn,1080,0.26782,8,3.0,True,8000,0.0005400748923420906,0.99
double_dqn,1081,0.26714,4,7.0,True,8000,0.00038489745929837227,0.99
double_dqn,1082,0.26646,7,4.0,True,8000,0.00026125452131964266,0.99
double_dqn,1083,0.26579,6,5.0,True,8000,0.00030375641654245555,0.99
double_dqn,1084,0.26511,2,9.0,True,8000,0.00016008860256988555,0.99
double_dqn,1085,0.26443,3,8.0,True,8000,0.00013539216888602823,0.99
double_dqn,1086,0.26375,3,8.0,True,8000,0.00010155967902392149,0.99
double_dqn,1087,0.26307,4,7.0,True,8000,4.49663566541858e-05,0.99
double_dqn,1088,0.26239,8,3.0,True,8000,0.00015241067740134895,0.99
double_dqn,1089,0.26171,2,9.0,True,8000,9.507234790362418e-05,0.99
double_dqn,1090,0.26104,5,6.0,True,8000,0.00011192110105184838,0.99
double_dqn,1091,0.26036,11,0.0,True,8000,5.423272159532644e-05,0.99
double_dqn,1092,0.25968,6,5.0,True,8000,4.018125036964193e-05,0.99
double_dqn,1093,0.259,5,6.0,True,8000,1.6397900253650732e-05,0.99
double_dqn,1094,0.25832,9,2.0,True,8000,0.00024161679903045297,0.99
double_dqn,1095,0.25764,9,2.0,True,8000,0.00011813082528533414,0.99
double_dqn,1096,0.25696,10,1.0,True,8000,0.00018731177260633558,0.99
double_dqn,1097,0.25629,5,6.0,True,8000,4.2550964280962944e-05,0.99
double_dqn,1098,0.25561,10,1.0,True,8000,0.00024301913799718022,0.99
double_dqn,1099,0.25493,3,8.0,True,8000,9.055263217305765e-05,0.99
double_dqn,1100,0.25425,9,2.0,True,8000,3.2902891689445823e-05,0.99
double_dqn,1101,0.25357,1,10.0,True,8000,4.475491004996002e-05,0.99
double_dqn,1102,0.25289,6,5.0,True,8000,8.555804379284382e-05,0.99
double_dqn,1103,0.25221,3,8.0,True,8000,0.00014575468958355486,0.99
double_dqn,1104,0.25154,1,10.0,True,8000,6.013313395669684e-05,0.99
double_dqn,1105,0.25086,5,6.0,True,8000,3.1289364414988086e-05,1.0
double_dqn,1106,0.25018,11,0.0,True,8000,9.869243513094261e-05,1.0
double_dqn,1107,0.2495,7,4.0,True,8000,6.225680408533663e-05,1.0
double_dqn,1108,0.24882,8,3.0,True,8000,6.23335872660391e-05,1.0
double_dqn,1109,0.24814,9,2.0,True,8000,5.072657950222492e-05,1.0
double_dqn,1110,0.24746,7,4.0,True,8000,0.00030996365239843726,1.0
double_dqn,1111,0.24679,1,10.0,True,8000,0.00021150996326468885,1.0
double_dqn,1112,0.24611,5,6.0,True,8000,0.00017217348795384169,1.0
double_dqn,1113,0.24543,12,-1.0,True,8000,6.233487511053681e-05,1.0
double_dqn,1114,0.24475,10,1.0,True,8000,3.878769348375499e-05,1.0
double_dqn,1115,0.24407,2,9.0,True,8000,3.03400829579914e-05,1.0
double_dqn,1116,0.24339,11,0.0,True,8000,2.224099080194719e-05,1.0
double_dqn,1117,0.24271,9,2.0,True,8000,1.4364034541358706e-05,1.0
double_dqn,1118,0.24204,5,6.0,True,8000,0.00010869613470276818,1.0
double_dqn,1119,0.24136,11,0.0,True,8000,5.894426431041211e-05,1.0
double_dqn,1120,0.24068,1,10.0,True,8000,7.582231046399102e-05,1.0
double_dqn,1121,0.24,9,2.0,True,8000,2.0577428585966118e-05,1.0
double_dqn,1122,0.23932,6,5.0,True,8000,3.791384369833395e-05,1.0
double_dqn,1123,0.23864,11,0.0,True,8000,5.418013461166993e-05,1.0
double_dqn,1124,0.23796,14,-3.0,True,8000,9.568972018314525e-05,1.0
double_dqn,1125,0.23729,8,3.0,True,8000,0.00010227352322544903,1.0
double_dqn,1126,0.23661,9,2.0,True,8000,0.00021630676928907633,1.0
double_dqn,1127,0.23593,5,6.0,True,8000,0.00015256025653798133,1.0
double_dqn,1128,0.23525,3,8.0,True,8000,7.180679676821455e-05,1.0
double_dqn,1129,0.23457,7,4.0,True,8000,6.0892532928846776e-05,1.0
double_dqn,1130,0.23389,5,6.0,True,8000,2.996410876221489e-05,1.0
double_dqn,1131,0.23321,8,3.0,True,8000,2.62815628957469e-05,1.0
double_dqn,1132,0.23254,7,4.0,True,8000,2.0469813534873538e-05,1.0
double_dqn,1133,0.23186,7,4.0,True,8000,3.770400144276209e-05,1.0
double_dqn,1134,0.23118,6,5.0,True,8000,3.36631310347002e-05,1.0
double_dqn,1135,0.2305,1,10.0,True,8000,2.6631048967828974e-05,1.0
double_dqn,1136,0.22982,9,2.0,True,8000,1.5119053387024906e-05,1.0
double_dqn,1137,0.22914,7,4.0,True,8000,2.345865868846886e-05,1.0
double_dqn,1138,0.22846,7,4.0,True,8000,3.9727805415168405e-05,1.0
double_dqn,1139,0.22779,3,8.0,True,8000,0.0001346279022982344,1.0
double_dqn,1140,0.22711,2,9.0,True,8000,0.00012523762416094542,1.0
double_dqn,1141,0.22643,5,6.0,True,8000,6.679103535134345e-05,1.0
double_dqn,1142,0.22575,7,4.0,True,8000,0.00010460179328219965,1.0
double_dqn,1143,0.22507,7,4.0,True,8000,4.697362601291388e-05,1.0
double_dqn,1144,0.22439,3,8.0,True,8000,6.225167453521863e-05,1.0
double_dqn,1145,0.22371,7,4.0,True,8000,1.569052619743161e-05,1.0
double_dqn,1146,0.22304,9,2.0,True,8000,4.352509495220147e-05,1.0
double_dqn,1147,0.22236,11,0.0,True,8000,4.8158624849747866e-05,1.0
double_dqn,1148,0.22168,6,5.0,True,8000,4.371761315269396e-05,1.0
double_dqn,1149,0.221,2,9.0,True,8000,2.1950605514575727e-05,1.0
double_dqn,1150,0.22032,6,5.0,True,8000,4.099026045878418e-05,1.0
double_dqn,1151,0.21964,1,10.0,True,8000,2.0024854165967554e-05,1.0
double_dqn,1152,0.21896,4,7.0,True,8000,5.492453965416644e-06,1.0
double_dqn,1153,0.21829,5,6.0,True,8000,5.6535491239628755e-06,1.0
double_dqn,1154,0.21761,6,5.0,True,8000,7.276132237166166e-06,1.0
double_dqn,1155,0.21693,7,4.0,True,8000,5.337694346962962e-06,1.0
double_dqn,1156,0.21625,6,5.0,True,8000,7.065816589602036e-06,1.0
double_dqn,1157,0.21557,8,3.0,True,8000,4.2857747757807374e-05,1.0
double_dqn,1158,0.21489,4,7.0,True,8000,5.150993092684075e-05,1.0
double_dqn,1159,0.21421,7,4.0,True,8000,5.920552212046459e-05,1.0
double_dqn,1160,0.21354,8,3.0,True,8000,1.0704279702622443e-05,1.0
double_dqn,1161,0.21286,9,2.0,True,8000,2.9186499887146056e-05,1.0
double_dqn,1162,0.21218,7,4.0,True,8000,2.514223706384655e-05,1.0
double_dqn,1163,0.2115,10,1.0,True,8000,1.5652851288905367e-05,1.0
double_dqn,1164,0.21082,4,7.0,True,8000,2.1117974029039033e-05,1.0
double_dqn,1165,0.21014,5,6.0,True,8000,1.2290467566344887e-05,1.0
double_dqn,1166,0.20946,7,4.0,True,8000,2.0845021936111152e-05,1.0
double_dqn,1167,0.20879,7,4.0,True,8000,1.743630309647415e-05,1.0
double_dqn,1168,0.20811,7,4.0,True,8000,1.665524541749619e-05,1.0
double_dqn,1169,0.20743,5,6.0,True,8000,1.0530317013035528e-05,1.0
double_dqn,1170,0.20675,6,5.0,True,8000,1.666880962147843e-05,1.0
double_dqn,1171,0.20607,6,5.0,True,8000,1.7521097106509842e-05,1.0
double_dqn,1172,0.20539,4,7.0,True,8000,1.18907519208733e-05,1.0
double_dqn,1173,0.20471,1,10.0,True,8000,3.4936980227939785e-05,1.0
double_dqn,1174,0.20404,1,10.0,True,8000,5.229288944974542e-05,1.0
double_dqn,1175,0.20336,6,5.0,True,8000,3.098130036960356e-05,1.0
double_dqn,1176,0.20268,8,3.0,True,8000,1.7872496755444445e-05,1.0
double_dqn,1177,0.202,3,8.0,True,8000,3.896551061188802e-05,1.0
double_dqn,1178,0.20132,3,8.0,True,8000,2.024080640694592e-05,1.0
double_dqn,1179,0.20064,8,3.0,True,8000,9.020455763675272e-06,1.0
double_dqn,1180,0.19996,6,5.0,True,8000,6.945786935830256e-06,1.0
double_dqn,1181,0.19929,11,0.0,True,8000,1.4581237337552011e-05,1.0
double_dqn,1182,0.19861,4,7.0,True,8000,6.26826749794418e-06,1.0
double_dqn,1183,0.19793,1,-10.0,False,8000,5.434349532151828e-06,0.99
double_dqn,1184,0.19725,2,9.0,True,8000,6.629513336520176e-06,0.99
double_dqn,1185,0.19657,3,8.0,True,8000,7.4739664341905154e-06,0.99
double_dqn,1186,0.19589,12,-1.0,True,8000,1.3723928532272112e-05,0.99
double_dqn,1187,0.19521,1,10.0,True,8000,3.1919444154482335e-06,0.99
double_dqn,1188,0.19454,8,3.0,True,8000,1.0618086889735423e-05,0.99
double_dqn,1189,0.19386,8,3.0,True,8000,3.840851150016533e-06,0.99
double_dqn,1190,0.19318,7,4.0,True,8000,5.735664672101848e-06,0.99
double_dqn,1191,0.1925,8,3.0,True,8000,3.6836085200775415e-05,0.99
double_dqn,1192,0.19182,8,3.0,True,8000,2.436132672301028e-05,0.99
double_dqn,1193,0.19114,6,5.0,True,8000,9.298429176851641e-06,0.99
double_dqn,1194,0.19046,3,8.0,True,8000,1.1141667528136168e-05,0.99
double_dqn,1195,0.18979,6,5.0,True,8000,1.1750850717362482e-05,0.99
double_dqn,1196,0.18911,1,10.0,True,8000,5.9032686294813175e-06,0.99
double_dqn,1197,0.18843,1,10.0,True,8000,8.66691152623389e-06,0.99
double_dqn,1198,0.18775,2,9.0,True,8000,8.329522643180098e-06,0.99
double_dqn,1199,0.18707,3,8.0,True,8000,1.0903710062848404e-05,0.99
double_dqn,1200,0.18639,8,3.0,True,8000,1.7305750589002855e-05,0.99
double_dqn,1201,0.18571,7,4.0,True,8000,2.5424164050491527e-05,0.99
double_dqn,1202,0.18504,6,5.0,True,8000,5.095875621918822e-06,0.99
double_dqn,1203,0.18436,5,6.0,True,8000,4.344952230894705e-06,0.99
double_dqn,1204,0.18368,11,0.0,True,8000,1.710613832983654e-05,0.99
double_dqn,1205,0.183,1,10.0,True,8000,8.571161743020639e-06,0.99
double_dqn,1206,0.18232,9,2.0,True,8000,1.5040987818792928e-05,0.99
double_dqn,1207,0.18164,6,5.0,True,8000,0.000378987577278167,0.99
double_dqn,1208,0.18096,1,10.0,True,8000,0.00011469114542705938,0.99
double_dqn,1209,0.18029,10,1.0,True,8000,5.2385381422936916e-05,0.99
double_dqn,1210,0.17961,2,9.0,True,8000,7.899526099208742e-05,0.99
double_dqn,1211,0.17893,1,10.0,True,8000,4.5567496272269636e-05,0.99
double_dqn,1212,0.17825,1,10.0,True,8000,8.029702439671382e-05,0.99
double_dqn,1213,0.17757,6,5.0,True,8000,0.00010762588499346748,0.99
double_dqn,1214,0.17689,7,4.0,True,8000,0.0001562145189382136,0.99
double_dqn,1215,0.17621,7,4.0,True,8000,0.00011612274101935327,0.99
double_dqn,1216,0.17554,1,10.0,True,8000,8.994586096378043e-05,0.99
double_dqn,1217,0.17486,6,5.0,True,8000,0.00014010845916345716,0.99
double_dqn,1218,0.17418,1,10.0,True,8000,8.396626799367368e-05,0.99
double_dqn,1219,0.1735,6,5.0,True,8000,0.00016514566959813237,0.99
double_dqn,1220,0.17282,5,6.0,True,8000,8.200871525332332e-05,0.99
double_dqn,1221,0.17214,6,5.0,True,8000,9.97961760731414e-05,0.99
double_dqn,1222,0.17146,7,4.0,True,8000,7.875059964135289e-05,0.99
double_dqn,1223,0.17079,6,5.0,True,8000,0.00010741072765085846,0.99
double_dqn,1224,0.17011,6,5.0,True,8000,0.00011160793656017631,0.99
double_dqn,1225,0.16943,12,-1.0,True,8000,5.6667216995265335e-05,0.99
double_dqn,1226,0.16875,1,10.0,True,8000,4.56572524853982e-05,0.99
double_dqn,1227,0.16807,2,9.0,True,8000,2.6537709345575422e-05,0.99
double_dqn,1228,0.16739,7,4.0,True,8000,4.505582546698861e-05,0.99
double_dqn,1229,0.16671,5,6.0,True,8000,3.1628598662791774e-05,0.99
double_dqn,1230,0.16604,5,6.0,True,8000,3.64872430509422e-05,0.99
double_dqn,1231,0.16536,5,6.0,True,8000,3.863618985633366e-05,0.99
double_dqn,1232,0.16468,1,10.0,True,8000,0.00013641489204019308,0.99
double_dqn,1233,0.164,4,7.0,True,8000,0.0007999075460247695,0.99
double_dqn,1234,0.16332,3,8.0,True,8000,0.00016464821237605065,0.99
double_dqn,1235,0.16264,2,9.0,True,8000,0.00012867925397586077,0.99
double_dqn,1236,0.16196,6,5.0,True,8000,0.00019229603640269488,0.99
double_dqn,1237,0.16129,2,9.0,True,8000,0.00020796785247512162,0.99
double_dqn,1238,0.16061,5,6.0,True,8000,0.0008910003234632313,0.99
double_dqn,1239,0.15993,7,4.0,True,8000,0.001147124683484435,0.99
double_dqn,1240,0.15925,1,10.0,True,8000,0.002220979891717434,0.99
double_dqn,1241,0.15857,4,7.0,True,8000,0.0006913273828104138,0.99
double_dqn,1242,0.15789,8,3.0,True,8000,0.0008061871048994362,0.99
double_dqn,1243,0.15721,9,2.0,True,8000,0.0006869505159556866,0.99
double_dqn,1244,0.15654,7,4.0,True,8000,0.0009518418228253722,0.99
double_dqn,1245,0.15586,5,6.0,True,8000,0.0006375589873641729,0.99
double_dqn,1246,0.15518,2,9.0,True,8000,0.0006284211413003504,0.99
double_dqn,1247,0.1545,5,6.0,True,8000,0.0005923231365159154,0.99
double_dqn,1248,0.15382,6,5.0,True,8000,0.0003772460331674665,0.99
double_dqn,1249,0.15314,6,5.0,True,8000,0.0007455679588019848,0.99
double_dqn,1250,0.15246,5,6.0,True,8000,0.0007820866885595024,0.99
double_dqn,1251,0.15179,6,5.0,True,8000,0.0004092676972504705,0.99
double_dqn,1252,0.15111,7,4.0,True,8000,0.001003498793579638,0.99
double_dqn,1253,0.15043,6,5.0,True,8000,0.0010907584801316261,0.99
double_dqn,1254,0.14975,6,5.0,True,8000,0.0007905330276116729,0.99
double_dqn,1255,0.14907,6,5.0,True,8000,0.0006187153048813343,0.99
double_dqn,1256,0.14839,7,4.0,True,8000,0.0013817959697917104,0.99
double_dqn,1257,0.14771,4,7.0,True,8000,0.0009239065111614764,0.99
double_dqn,1258,0.14704,6,5.0,True,8000,0.0003514962154440582,0.99
double_dqn,1259,0.14636,7,4.0,True,8000,0.0007181800901889801,0.99
double_dqn,1260,0.14568,3,8.0,True,8000,0.00046386258327402174,0.99
double_dqn,1261,0.145,5,6.0,True,8000,0.0004533770843409002,0.99
double_dqn,1262,0.14432,5,6.0,True,8000,0.0012250997824594378,0.99
double_dqn,1263,0.14364,6,5.0,True,8000,0.0009233001037500799,0.99
double_dqn,1264,0.14296,8,3.0,True,8000,0.0005146672483533621,0.99
double_dqn,1265,0.14229,7,4.0,True,8000,0.0021039440762251616,0.99
double_dqn,1266,0.14161,1,10.0,True,8000,0.0012818111572414637,0.99
double_dqn,1267,0.14093,6,5.0,True,8000,0.0004051798314321786,0.99
double_dqn,1268,0.14025,4,7.0,True,8000,0.0005393213359639049,0.99
double_dqn,1269,0.13957,8,3.0,True,8000,0.0024202559143304825,0.99
double_dqn,1270,0.13889,6,5.0,True,8000,0.0018602131167426705,0.99
double_dqn,1271,0.13821,8,3.0,True,8000,0.0027957172133028507,0.99
double_dqn,1272,0.13754,6,5.0,True,8000,0.0019421469187363982,0.99
double_dqn,1273,0.13686,5,6.0,True,8000,0.0007339329458773136,0.99
double_dqn,1274,0.13618,7,4.0,True,8000,0.00139617919921875,0.99
double_dqn,1275,0.1355,7,4.0,True,8000,0.0020290075335651636,0.99
double_dqn,1276,0.13482,4,7.0,True,8000,0.0011541947023943067,0.99
double_dqn,1277,0.13414,3,8.0,True,8000,0.0009264685213565826,0.99
double_dqn,1278,0.13346,4,7.0,True,8000,0.0008573003578931093,0.99
double_dqn,1279,0.13279,4,7.0,True,8000,0.0004890451673418283,0.99
double_dqn,1280,0.13211,3,8.0,True,8000,0.0005280041950754821,0.99
double_dqn,1281,0.13143,1,10.0,True,8000,0.0009757888037711382,0.99
double_dqn,1282,0.13075,7,4.0,True,8000,0.0004971881280653179,0.99
double_dqn,1283,0.13007,5,6.0,True,8000,0.000554392347112298,1.0
double_dqn,1284,0.12939,4,7.0,True,8000,0.00035779617610387504,1.0
double_dqn,1285,0.12871,3,8.0,True,8000,0.0001604269491508603,1.0
double_dqn,1286,0.12804,5,6.0,True,8000,0.000219125795410946,1.0
double_dqn,1287,0.12736,7,4.0,True,8000,0.0002687223022803664,1.0
double_dqn,1288,0.12668,6,5.0,True,8000,0.00033101902226917446,1.0
double_dqn,1289,0.126,6,5.0,True,8000,0.00038074434269219637,1.0
double_dqn,1290,0.12532,1,10.0,True,8000,0.0002804632531479001,1.0
double_dqn,1291,0.12464,8,3.0,True,8000,0.0016353148967027664,1.0
double_dqn,1292,0.12396,8,3.0,True,8000,0.0007683128933422267,1.0
double_dqn,1293,0.12329,5,6.0,True,8000,0.000596861878875643,1.0
double_dqn,1294,0.12261,5,6.0,True,8000,0.0004713559173978865,1.0
double_dqn,1295,0.12193,5,6.0,True,8000,0.0005715982406400144,1.0
double_dqn,1296,0.12125,3,8.0,True,8000,0.0003418991109356284,1.0
double_dqn,1297,0.12057,6,5.0,True,8000,0.0002092050708597526,1.0
double_dqn,1298,0.11989,4,7.0,True,8000,0.00010258778638672084,1.0
double_dqn,1299,0.11921,4,7.0,True,8000,0.00015873581287451088,1.0
double_dqn,1300,0.11854,5,6.0,True,8000,0.00011471092875581235,1.0
double_dqn,1301,0.11786,7,4.0,True,8000,4.0366001485381275e-05,1.0
double_dqn,1302,0.11718,2,9.0,True,8000,0.00018830870976671576,1.0
double_dqn,1303,0.1165,5,6.0,True,8000,0.00014297549205366522,1.0
double_dqn,1304,0.11582,1,10.0,True,8000,4.174861533101648e-05,1.0
double_dqn,1305,0.11514,5,6.0,True,8000,8.663747576065361e-05,1.0
double_dqn,1306,0.11446,4,7.0,True,8000,7.065173849696293e-05,1.0
double_dqn,1307,0.11379,7,4.0,True,8000,2.7353284167475067e-05,1.0
double_dqn,1308,0.11311,6,5.0,True,8000,1.488644011260476e-05,1.0
double_dqn,1309,0.11243,2,9.0,True,8000,2.2499974875245243e-05,1.0
double_dqn,1310,0.11175,6,5.0,True,8000,2.358351048314944e-05,1.0
double_dqn,1311,0.11107,1,10.0,True,8000,5.7410215958952904e-05,1.0
double_dqn,1312,0.11039,6,5.0,True,8000,0.0008299851906485856,1.0
double_dqn,1313,0.10971,6,5.0,True,8000,0.0007646185695193708,1.0
double_dqn,1314,0.10904,5,6.0,True,8000,0.0005749702686443925,1.0
double_dqn,1315,0.10836,2,9.0,True,8000,0.00023273596889339387,1.0
double_dqn,1316,0.10768,3,8.0,True,8000,0.00034278567181900144,1.0
double_dqn,1317,0.107,7,4.0,True,8000,0.00024704396491870284,1.0
double_dqn,1318,0.10632,7,4.0,True,8000,0.00023470420273952186,1.0
double_dqn,1319,0.10564,4,7.0,True,8000,0.00015500215522479266,1.0
double_dqn,1320,0.10496,3,8.0,True,8000,0.0002544075541663915,1.0
double_dqn,1321,0.10429,10,1.0,True,8000,0.00013324465544428676,1.0
double_dqn,1322,0.10361,10,1.0,True,8000,9.366586891701445e-05,1.0
double_dqn,1323,0.10293,3,8.0,True,8000,0.00010279175330651924,1.0
double_dqn,1324,0.10225,4,7.0,True,8000,0.00010286271572113037,1.0
double_dqn,1325,0.10157,3,8.0,True,8000,0.00013237445091363043,1.0
double_dqn,1326,0.10089,5,6.0,True,8000,0.00014551557251252234,1.0
double_dqn,1327,0.10021,7,4.0,True,8000,5.681979382643476e-05,1.0
double_dqn,1328,0.09954,6,5.0,True,8000,0.00027241549105383456,1.0
double_dqn,1329,0.09886,2,9.0,True,8000,6.501749157905579e-05,1.0
double_dqn,1330,0.09818,6,5.0,True,8000,5.6452900025760755e-05,1.0
double_dqn,1331,0.0975,8,3.0,True,8000,0.000628805486485362,1.0
double_dqn,1332,0.09682,5,6.0,True,8000,0.0006735334754921496,1.0
double_dqn,1333,0.09614,7,4.0,True,8000,0.00034939206670969725,1.0
double_dqn,1334,0.09546,3,8.0,True,8000,0.0003345755103509873,1.0
double_dqn,1335,0.09479,6,5.0,True,8000,0.00020764452347066253,1.0
double_dqn,1336,0.09411,2,9.0,True,8000,0.000525244337040931,1.0
double_dqn,1337,0.09343,7,4.0,True,8000,0.0001605942234164104,1.0
double_dqn,1338,0.09275,7,4.0,True,8000,0.0002017382939811796,1.0
double_dqn,1339,0.09207,6,5.0,True,8000,0.00019044155487790704,1.0
double_dqn,1340,0.09139,7,4.0,True,8000,0.0001050195496645756,1.0
double_dqn,1341,0.09071,6,5.0,True,8000,3.977225787821226e-05,1.0
double_dqn,1342,0.09004,5,6.0,True,8000,3.535300857038237e-05,1.0
double_dqn,1343,0.08936,7,4.0,True,8000,1.5631041605956852e-05,1.0
double_dqn,1344,0.08868,6,5.0,True,8000,3.348062455188483e-05,1.0
double_dqn,1345,0.088,7,4.0,True,8000,3.927547004423104e-05,1.0
double_dqn,1346,0.08732,6,5.0,True,8000,1.6177511497517116e-05,1.0
double_dqn,1347,0.08664,3,8.0,True,8000,1.6399706510128453e-05,1.0
double_dqn,1348,0.08596,5,6.0,True,8000,4.817150329472497e-05,1.0
double_dqn,1349,0.08529,4,7.0,True,8000,0.0003366021846886724,1.0
double_dqn,1350,0.08461,5,6.0,True,8000,0.00018967865617014468,1.0
double_dqn,1351,0.08393,6,5.0,True,8000,0.0003724308335222304,1.0
double_dqn,1352,0.08325,1,10.0,True,8000,0.00023835089814383537,1.0
double_dqn,1353,0.08257,3,8.0,True,8000,0.00028334150556474924,1.0
double_dqn,1354,0.08189,5,6.0,True,8000,0.00010489368287380785,1.0
double_dqn,1355,0.08121,6,5.0,True,8000,0.00018154601275455207,1.0
double_dqn,1356,0.08054,3,8.0,True,8000,0.00017385129467584193,1.0
double_dqn,1357,0.07986,3,8.0,True,8000,0.00011227352661080658,1.0
double_dqn,1358,0.07918,5,6.0,True,8000,9.03397667570971e-05,1.0
double_dqn,1359,0.0785,5,6.0,True,8000,0.00014356139581650496,1.0
double_dqn,1360,0.07782,6,5.0,True,8000,0.00010576065687928349,1.0
double_dqn,1361,0.07714,7,4.0,True,8000,5.347692422219552e-05,1.0
double_dqn,1362,0.07646,6,5.0,True,8000,5.965948002994992e-05,1.0
double_dqn,1363,0.07579,4,7.0,True,8000,6.0771410062443465e-05,1.0
double_dqn,1364,0.07511,4,7.0,True,8000,3.606548852985725e-05,1.0
double_dqn,1365,0.07443,5,6.0,True,8000,4.826830991078168e-05,1.0
double_dqn,1366,0.07375,3,8.0,True,8000,1.6701793356332928e-05,1.0
double_dqn,1367,0.07307,6,5.0,True,8000,0.0006269746227189898,1.0
double_dqn,1368,0.07239,1,10.0,True,8000,8.881739631760865e-05,1.0
double_dqn,1369,0.07171,7,4.0,True,8000,8.656688441988081e-05,1.0
double_dqn,1370,0.07104,5,6.0,True,8000,0.0002661398611962795,1.0
double_dqn,1371,0.07036,1,10.0,True,8000,6.593069701921195e-05,1.0
double_dqn,1372,0.06968,8,3.0,True,8000,0.00038109690649434924,1.0
double_dqn,1373,0.069,6,5.0,True,8000,0.0003657738561742008,1.0
double_dqn,1374,0.06832,7,4.0,True,8000,0.0003213356831111014,1.0
double_dqn,1375,0.06764,4,7.0,True,8000,0.0001755218836478889,1.0
double_dqn,1376,0.06696,6,5.0,True,8000,0.0002960632846225053,1.0
double_dqn,1377,0.06629,4,7.0,True,8000,0.00018345982243772596,1.0
double_dqn,1378,0.06561,2,9.0,True,8000,0.00013815215788781643,1.0
double_dqn,1379,0.06493,6,5.0,True,8000,0.00030463002622127533,1.0
double_dqn,1380,0.06425,5,6.0,True,8000,0.00019211981270927936,1.0
double_dqn,1381,0.06357,6,5.0,True,8000,0.00028479224420152605,1.0
double_dqn,1382,0.06289,5,6.0,True,8000,0.00028117067995481193,1.0
double_dqn,1383,0.06221,6,5.0,True,8000,0.00016950536519289017,1.0
double_dqn,1384,0.06154,4,7.0,True,8000,0.00018446767353452742,1.0
double_dqn,1385,0.06086,4,7.0,True,8000,0.0003930763341486454,1.0
double_dqn,1386,0.06018,5,6.0,True,8000,7.66851007938385e-05,1.0
double_dqn,1387,0.0595,6,5.0,True,8000,0.00029728806111961603,1.0
double_dqn,1388,0.05882,5,6.0,True,8000,0.0002947404864244163,1.0
double_dqn,1389,0.05814,1,10.0,True,8000,0.002149708801880479,1.0
double_dqn,1390,0.05746,8,3.0,True,8000,0.0004293386882636696,1.0
double_dqn,1391,0.05679,6,5.0,True,8000,0.0008415048359893262,1.0
double_dqn,1392,0.05611,5,6.0,True,8000,0.0009062804165296257,1.0
double_dqn,1393,0.05543,6,5.0,True,8000,0.0007937827613204718,1.0
double_dqn,1394,0.05475,1,10.0,True,8000,0.0003299980890005827,1.0
double_dqn,1395,0.05407,6,5.0,True,8000,0.0019778364803642035,1.0
double_dqn,1396,0.05339,2,9.0,True,8000,0.0003592279681470245,1.0
double_dqn,1397,0.05271,3,8.0,True,8000,0.0004820522153750062,1.0
double_dqn,1398,0.05204,7,4.0,True,8000,0.0011915049981325865,1.0
double_dqn,1399,0.05136,5,6.0,True,8000,0.0027773953042924404,1.0
double_dqn,1400,0.05068,2,9.0,True,8000,0.0011213435791432858,1.0
double_dqn,1401,0.05,2,9.0,True,8000,0.0005190244992263615,1.0
double_dqn,1402,0.05,5,6.0,True,8000,0.0009945133933797479,1.0
double_dqn,1403,0.05,3,8.0,True,8000,0.0015073535032570362,1.0
double_dqn,1404,0.05,4,7.0,True,8000,0.0010698949918150902,1.0
double_dqn,1405,0.05,7,4.0,True,8000,0.001107321586459875,1.0
double_dqn,1406,0.05,4,7.0,True,8000,0.0007374336710199714,1.0
double_dqn,1407,0.05,5,6.0,True,8000,0.0005697190063074231,1.0
double_dqn,1408,0.05,2,9.0,True,8000,0.00047613208880648017,1.0
double_dqn,1409,0.05,3,8.0,True,8000,0.0009110425598919392,1.0
double_dqn,1410,0.05,4,7.0,True,8000,0.0008838421781547368,1.0
double_dqn,1411,0.05,5,6.0,True,8000,0.00029253686079755425,1.0
double_dqn,1412,0.05,3,8.0,True,8000,0.00020384526578709483,1.0
double_dqn,1413,0.05,7,4.0,True,8000,0.0001746497000567615,1.0
double_dqn,1414,0.05,3,8.0,True,8000,0.0002631234237924218,1.0
double_dqn,1415,0.05,1,10.0,True,8000,0.00032824702793732285,1.0
double_dqn,1416,0.05,8,3.0,True,8000,0.0004131435707677156,1.0
double_dqn,1417,0.05,6,5.0,True,8000,0.0003243154496885836,1.0
double_dqn,1418,0.05,4,7.0,True,8000,0.0005634596454910934,1.0
double_dqn,1419,0.05,3,8.0,True,8000,0.00023245128977578133,1.0
double_dqn,1420,0.05,2,9.0,True,8000,0.000189651022083126,1.0
double_dqn,1421,0.05,1,10.0,True,8000,0.00022749192430637777,1.0
double_dqn,1422,0.05,5,6.0,True,8000,9.694495383882895e-05,1.0
double_dqn,1423,0.05,5,6.0,True,8000,0.00010713140363804996,1.0
double_dqn,1424,0.05,5,6.0,True,8000,7.952336454764009e-05,1.0
double_dqn,1425,0.05,7,4.0,True,8000,0.00019944347150158137,1.0
double_dqn,1426,0.05,3,8.0,True,8000,0.00023439308279193938,1.0
double_dqn,1427,0.05,4,7.0,True,8000,0.0003204920212738216,1.0
double_dqn,1428,0.05,4,7.0,True,8000,0.00026790480478666723,1.0
double_dqn,1429,0.05,8,3.0,True,8000,0.0001880372001323849,1.0
double_dqn,1430,0.05,1,10.0,True,8000,0.0010437344899401069,1.0
double_dqn,1431,0.05,5,6.0,True,8000,0.00015853017976041883,1.0
double_dqn,1432,0.05,2,9.0,True,8000,0.00029820739291608334,1.0
double_dqn,1433,0.05,5,6.0,True,8000,0.00029789036489091814,1.0
double_dqn,1434,0.05,5,6.0,True,8000,0.0006336683873087168,1.0
double_dqn,1435,0.05,4,7.0,True,8000,0.0007264348096214235,1.0
double_dqn,1436,0.05,5,6.0,True,8000,0.0003832903748843819,1.0
double_dqn,1437,0.05,6,5.0,True,8000,0.0003255385090596974,1.0
double_dqn,1438,0.05,4,7.0,True,8000,0.0010110095608979464,1.0
double_dqn,1439,0.05,6,5.0,True,8000,0.00047865763190202415,1.0
double_dqn,1440,0.05,6,5.0,True,8000,0.0007531360606662929,1.0
double_dqn,1441,0.05,6,5.0,True,8000,0.0004957548808306456,1.0
double_dqn,1442,0.05,1,10.0,True,8000,0.0002616431738715619,1.0
double_dqn,1443,0.05,5,6.0,True,8000,0.0001305805053561926,1.0
double_dqn,1444,0.05,10,1.0,True,8000,5.9175861679250374e-05,1.0
double_dqn,1445,0.05,4,7.0,True,8000,0.00011347602412570268,1.0
double_dqn,1446,0.05,6,5.0,True,8000,0.00013532463344745338,1.0
double_dqn,1447,0.05,7,4.0,True,8000,0.00013936345931142569,1.0
double_dqn,1448,0.05,5,6.0,True,8000,0.0001748920331010595,1.0
double_dqn,1449,0.05,1,10.0,True,8000,0.00017210846999660134,1.0
double_dqn,1450,0.05,3,8.0,True,8000,0.00013544640387408435,1.0
double_dqn,1451,0.05,1,10.0,True,8000,0.00015155415167100728,1.0
double_dqn,1452,0.05,6,5.0,True,8000,0.0008629676885902882,1.0
double_dqn,1453,0.05,8,3.0,True,8000,0.00026288212393410504,1.0
double_dqn,1454,0.05,5,6.0,True,8000,0.0001339949667453766,1.0
double_dqn,1455,0.05,6,5.0,True,8000,0.0001690062927082181,1.0
double_dqn,1456,0.05,3,8.0,True,8000,0.00011940007243538275,1.0
double_dqn,1457,0.05,8,3.0,True,8000,0.0001580574898980558,1.0
double_dqn,1458,0.05,1,10.0,True,8000,0.0001172879638033919,1.0
double_dqn,1459,0.05,5,6.0,True,8000,0.0006331217009574175,1.0
double_dqn,1460,0.05,3,8.0,True,8000,0.0004651972558349371,1.0
double_dqn,1461,0.05,4,7.0,True,8000,0.00027099536964669824,1.0
double_dqn,1462,0.05,4,7.0,True,8000,0.000384334271075204,1.0
double_dqn,1463,0.05,5,6.0,True,8000,0.0005372652667574584,1.0
double_dqn,1464,0.05,4,7.0,True,8000,0.00043989651021547616,1.0
double_dqn,1465,0.05,5,6.0,True,8000,0.000196154200239107,1.0
double_dqn,1466,0.05,7,4.0,True,8000,5.691844125976786e-05,1.0
double_dqn,1467,0.05,6,5.0,True,8000,6.986242078710347e-05,1.0
double_dqn,1468,0.05,7,4.0,True,8000,0.00024044697056524456,1.0
double_dqn,1469,0.05,5,6.0,True,8000,7.468636613339186e-05,1.0
double_dqn,1470,0.05,3,8.0,True,8000,0.00011454958439571783,1.0
double_dqn,1471,0.05,3,8.0,True,8000,5.872377005289309e-05,1.0
double_dqn,1472,0.05,5,6.0,True,8000,6.346414011204615e-05,1.0
double_dqn,1473,0.05,3,8.0,True,8000,9.30081369006075e-05,1.0
double_dqn,1474,0.05,6,5.0,True,8000,7.811965770088136e-05,1.0
double_dqn,1475,0.05,2,9.0,True,8000,7.786184141878039e-05,1.0
double_dqn,1476,0.05,4,7.0,True,8000,6.734771159244701e-05,1.0
double_dqn,1477,0.05,7,4.0,True,8000,2.543678965594154e-05,1.0
double_dqn,1478,0.05,2,9.0,True,8000,3.603554068831727e-05,1.0
double_dqn,1479,0.05,1,-10.0,False,8000,1.1726774573617149e-05,0.99
double_dqn,1480,0.05,7,4.0,True,8000,8.555655949749053e-05,0.99
double_dqn,1481,0.05,7,4.0,True,8000,0.0001359792659059167,0.99
double_dqn,1482,0.05,7,4.0,True,8000,6.797185051254928e-05,0.99
double_dqn,1483,0.05,4,7.0,True,8000,4.103272658539936e-05,0.99
double_dqn,1484,0.05,6,5.0,True,8000,4.945507680531591e-05,0.99
double_dqn,1485,0.05,3,8.0,True,8000,8.165287727024406e-05,0.99
double_dqn,1486,0.05,1,10.0,True,8000,5.936470188316889e-05,0.99
double_dqn,1487,0.05,1,10.0,True,8000,6.576546002179384e-05,0.99
double_dqn,1488,0.05,5,6.0,True,8000,0.00017461433890275657,0.99
double_dqn,1489,0.05,3,8.0,True,8000,2.8742531867465004e-05,0.99
double_dqn,1490,0.05,6,5.0,True,8000,2.6403917217976414e-05,0.99
double_dqn,1491,0.05,4,7.0,True,8000,3.82756807084661e-05,0.99
double_dqn,1492,0.05,4,7.0,True,8000,2.234378371213097e-05,0.99
double_dqn,1493,0.05,7,4.0,True,8000,2.5492519853287376e-05,0.99
double_dqn,1494,0.05,4,7.0,True,8000,1.4585818462364841e-05,0.99
double_dqn,1495,0.05,7,4.0,True,8000,2.023003798967693e-05,0.99
double_dqn,1496,0.05,4,7.0,True,8000,2.1375208234530874e-05,0.99
double_dqn,1497,0.05,6,5.0,True,8000,1.978507498279214e-05,0.99
double_dqn,1498,0.05,9,2.0,True,8000,1.298088682233356e-05,0.99
double_dqn,1499,0.05,1,10.0,True,8000,1.9556335246306844e-05,0.99
double_dqn,1500,0.05,2,9.0,True,8000,5.379467620514333e-05,0.99
double_dqn,1501,0.05,4,7.0,True,8000,1.6776020856923424e-05,0.99
double_dqn,1502,0.05,9,2.0,True,8000,8.371558942599222e-05,0.99
double_dqn,1503,0.05,1,10.0,True,8000,6.258124631131068e-05,0.99
double_dqn,1504,0.05,2,9.0,True,8000,0.00013976528134662658,0.99
double_dqn,1505,0.05,1,10.0,True,8000,3.4402855817461386e-05,0.99
double_dqn,1506,0.05,8,3.0,True,8000,6.447843770729378e-05,0.99
double_dqn,1507,0.05,4,7.0,True,8000,3.955698775826022e-05,0.99
double_dqn,1508,0.05,6,5.0,True,8000,6.273489270824939e-05,0.99
double_dqn,1509,0.05,3,8.0,True,8000,5.175077967578545e-05,0.99
double_dqn,1510,0.05,7,4.0,True,8000,5.309630432748236e-05,0.99
double_dqn,1511,0.05,2,9.0,True,8000,8.377399353776127e-05,0.99
double_dqn,1512,0.05,2,9.0,True,8000,3.0258735932875425e-05,0.99
double_dqn,1513,0.05,3,8.0,True,8000,5.901887925574556e-05,0.99
double_dqn,1514,0.05,6,5.0,True,8000,2.4042474251473323e-05,0.99
double_dqn,1515,0.05,3,8.0,True,8000,6.885206676088274e-05,0.99
double_dqn,1516,0.05,5,6.0,True,8000,1.6513789887540042e-05,0.99
double_dqn,1517,0.05,5,6.0,True,8000,1.9047778550884686e-05,0.99
double_dqn,1518,0.05,3,8.0,True,8000,2.8720256523229182e-05,0.99
double_dqn,1519,0.05,5,6.0,True,8000,7.892483154137153e-06,0.99
double_dqn,1520,0.05,5,6.0,True,8000,1.3617227523354813e-05,0.99
double_dqn,1521,0.05,5,6.0,True,8000,7.70923088566633e-06,0.99
double_dqn,1522,0.05,5,6.0,True,8000,3.878344614349771e-06,0.99
double_dqn,1523,0.05,7,4.0,True,8000,6.630491043324582e-06,0.99
double_dqn,1524,0.05,3,8.0,True,8000,1.0939201274595689e-05,0.99
double_dqn,1525,0.05,4,7.0,True,8000,6.305348961177515e-06,0.99
double_dqn,1526,0.05,6,5.0,True,8000,4.216243542032316e-05,0.99
double_dqn,1527,0.05,6,5.0,True,8000,2.6436287953401916e-05,0.99
double_dqn,1528,0.05,2,9.0,True,8000,3.796669261646457e-05,0.99
double_dqn,1529,0.05,5,6.0,True,8000,2.1566476789303124e-05,0.99
double_dqn,1530,0.05,4,7.0,True,8000,1.3707169273402542e-05,0.99
double_dqn,1531,0.05,5,6.0,True,8000,3.638270209194161e-05,0.99
double_dqn,1532,0.05,4,7.0,True,8000,1.9392406102269888e-05,0.99
double_dqn,1533,0.05,2,9.0,True,8000,2.8241760446690023e-05,0.99
double_dqn,1534,0.05,6,5.0,True,8000,4.4040734792361036e-05,0.99
double_dqn,1535,0.05,5,6.0,True,8000,1.0904112059506588e-05,0.99
double_dqn,1536,0.05,4,7.0,True,8000,3.357026798767038e-05,0.99
double_dqn,1537,0.05,5,6.0,True,8000,3.770186231122352e-05,0.99
double_dqn,1538,0.05,4,7.0,True,8000,9.672349551692605e-05,0.99
double_dqn,1539,0.05,4,7.0,True,8000,2.2591271772398613e-05,0.99
double_dqn,1540,0.05,4,7.0,True,8000,2.2526306565850973e-05,0.99
double_dqn,1541,0.05,7,4.0,True,8000,1.3268931979837362e-05,0.99
double_dqn,1542,0.05,6,5.0,True,8000,1.8749822629615664e-05,0.99
double_dqn,1543,0.05,4,7.0,True,8000,1.5870435163378716e-05,0.99
double_dqn,1544,0.05,5,6.0,True,8000,2.4197994207497686e-05,0.99
double_dqn,1545,0.05,5,6.0,True,8000,3.4779666748363525e-05,0.99
double_dqn,1546,0.05,5,6.0,True,8000,3.7744190194644034e-05,0.99
double_dqn,1547,0.05,6,5.0,True,8000,9.064836376637686e-06,0.99
double_dqn,1548,0.05,4,7.0,True,8000,2.1983112674206495e-05,0.99
double_dqn,1549,0.05,7,4.0,True,8000,2.235225838376209e-05,0.99
double_dqn,1550,0.05,4,7.0,True,8000,3.096161162829958e-05,0.99
double_dqn,1551,0.05,6,5.0,True,8000,2.1431340428534895e-05,0.99
double_dqn,1552,0.05,5,6.0,True,8000,4.619632818503305e-05,0.99
double_dqn,1553,0.05,4,7.0,True,8000,2.0637515262933448e-05,0.99
double_dqn,1554,0.05,4,7.0,True,8000,2.280115404573735e-05,0.99
double_dqn,1555,0.05,9,2.0,True,8000,2.584817229944747e-05,0.99
double_dqn,1556,0.05,6,5.0,True,8000,5.7296405429951847e-05,0.99
double_dqn,1557,0.05,6,5.0,True,8000,5.530464113689959e-05,0.99
double_dqn,1558,0.05,5,6.0,True,8000,2.985485116369091e-05,0.99
double_dqn,1559,0.05,5,6.0,True,8000,4.625799920177087e-05,0.99
double_dqn,1560,0.05,5,6.0,True,8000,5.2104594942647964e-05,0.99
double_dqn,1561,0.05,5,6.0,True,8000,3.411179568502121e-05,0.99
double_dqn,1562,0.05,4,7.0,True,8000,0.00012103693006793037,0.99
double_dqn,1563,0.05,3,8.0,True,8000,8.47963965497911e-05,0.99
double_dqn,1564,0.05,3,8.0,True,8000,6.171653512865305e-05,0.99
double_dqn,1565,0.05,4,7.0,True,8000,0.00011088588507845998,0.99
double_dqn,1566,0.05,5,6.0,True,8000,4.201919728075154e-05,0.99
double_dqn,1567,0.05,4,7.0,True,8000,4.408983659232035e-05,0.99
double_dqn,1568,0.05,7,4.0,True,8000,0.00027950017829425633,0.99
double_dqn,1569,0.05,2,9.0,True,8000,0.00017886536079458892,0.99
double_dqn,1570,0.05,6,5.0,True,8000,0.00015416117093991488,0.99
double_dqn,1571,0.05,4,7.0,True,8000,8.338056068168953e-05,0.99
double_dqn,1572,0.05,5,6.0,True,8000,0.0001333539403276518,0.99
double_dqn,1573,0.05,6,5.0,True,8000,0.00032872153678908944,0.99
double_dqn,1574,0.05,7,4.0,True,8000,6.59037905279547e-05,0.99
double_dqn,1575,0.05,7,4.0,True,8000,7.614908099640161e-05,0.99
double_dqn,1576,0.05,3,8.0,True,8000,5.0219736294820905e-05,0.99
double_dqn,1577,0.05,4,7.0,True,8000,6.2148756114766e-05,0.99
double_dqn,1578,0.05,2,9.0,True,8000,5.558055636356585e-05,0.99
double_dqn,1579,0.05,5,6.0,True,8000,4.3447897041914985e-05,1.0
double_dqn,1580,0.05,1,10.0,True,8000,2.393650902376976e-05,1.0
double_dqn,1581,0.05,1,10.0,True,8000,6.024277172400616e-05,1.0
double_dqn,1582,0.05,4,7.0,True,8000,4.528586214291863e-05,1.0
double_dqn,1583,0.05,3,8.0,True,8000,7.714332605246454e-05,1.0
double_dqn,1584,0.05,5,6.0,True,8000,7.39109018468298e-05,1.0
double_dqn,1585,0.05,3,8.0,True,8000,6.69249493512325e-05,1.0
double_dqn,1586,0.05,7,4.0,True,8000,3.490182280074805e-05,1.0
double_dqn,1587,0.05,5,6.0,True,8000,3.461169762886129e-05,1.0
double_dqn,1588,0.05,5,6.0,True,8000,2.5871224352158606e-05,1.0
double_dqn,1589,0.05,4,7.0,True,8000,2.922408930317033e-05,1.0
double_dqn,1590,0.05,7,4.0,True,8000,5.9101243095938116e-05,1.0
double_dqn,1591,0.05,7,4.0,True,8000,4.8730726120993495e-05,1.0
double_dqn,1592,0.05,4,7.0,True,8000,5.724994116462767e-05,1.0
double_dqn,1593,0.05,7,4.0,True,8000,5.576347030000761e-05,1.0
double_dqn,1594,0.05,7,4.0,True,8000,3.854948590742424e-05,1.0
double_dqn,1595,0.05,1,10.0,True,8000,3.672698949230835e-05,1.0
double_dqn,1596,0.05,1,10.0,True,8000,1.9106495528831147e-05,1.0
double_dqn,1597,0.05,3,8.0,True,8000,4.721102595794946e-05,1.0
double_dqn,1598,0.05,2,9.0,True,8000,1.861904820543714e-05,1.0
double_dqn,1599,0.05,4,7.0,True,8000,8.243605407187715e-05,1.0
double_dqn,1600,0.05,2,9.0,True,8000,4.649018228519708e-05,1.0
double_dqn,1601,0.05,5,6.0,True,8000,2.970365312648937e-05,1.0
double_dqn,1602,0.05,6,5.0,True,8000,4.037672988488339e-05,1.0
double_dqn,1603,0.05,4,7.0,True,8000,1.807460648706183e-05,1.0
double_dqn,1604,0.05,7,4.0,True,8000,1.8443166482029483e-05,1.0
double_dqn,1605,0.05,3,8.0,True,8000,4.400562102091499e-05,1.0
double_dqn,1606,0.05,1,10.0,True,8000,7.700886635575444e-05,1.0
double_dqn,1607,0.05,1,10.0,True,8000,6.625249079661444e-05,1.0
double_dqn,1608,0.05,4,7.0,True,8000,4.335088669904508e-05,1.0
double_dqn,1609,0.05,7,4.0,True,8000,2.7075389880337752e-05,1.0
double_dqn,1610,0.05,1,10.0,True,8000,2.2437512598116882e-05,1.0
double_dqn,1611,0.05,5,6.0,True,8000,1.4895575077389367e-05,1.0
double_dqn,1612,0.05,4,7.0,True,8000,2.375612166360952e-05,1.0
double_dqn,1613,0.05,5,6.0,True,8000,5.502753992914222e-06,1.0
double_dqn,1614,0.05,6,5.0,True,8000,1.4386725524673238e-05,1.0
double_dqn,1615,0.05,5,6.0,True,8000,7.826296496205032e-05,1.0
double_dqn,1616,0.05,7,4.0,True,8000,0.00019685905135702342,1.0
double_dqn,1617,0.05,8,3.0,True,8000,4.025933230877854e-05,1.0
double_dqn,1618,0.05,3,8.0,True,8000,3.742999251699075e-05,1.0
double_dqn,1619,0.05,6,5.0,True,8000,8.644019544590265e-05,1.0
double_dqn,1620,0.05,4,7.0,True,8000,2.2536491087521426e-05,1.0
double_dqn,1621,0.05,3,8.0,True,8000,2.974844755954109e-05,1.0
double_dqn,1622,0.05,4,7.0,True,8000,2.520540147088468e-05,1.0
double_dqn,1623,0.05,3,8.0,True,8000,2.4952956664492376e-05,1.0
double_dqn,1624,0.05,5,6.0,True,8000,1.9470218830974773e-05,1.0
double_dqn,1625,0.05,3,8.0,True,8000,2.8893173293909058e-05,1.0
double_dqn,1626,0.05,5,6.0,True,8000,3.240752266719937e-05,1.0
double_dqn,1627,0.05,7,4.0,True,8000,4.29564097430557e-05,1.0
double_dqn,1628,0.05,7,4.0,True,8000,5.048620005254634e-05,1.0
double_dqn,1629,0.05,2,9.0,True,8000,1.9386719941394404e-05,1.0
double_dqn,1630,0.05,5,6.0,True,8000,5.328599945642054e-05,1.0
double_dqn,1631,0.05,5,6.0,True,8000,9.801947453524917e-05,1.0
double_dqn,1632,0.05,6,5.0,True,8000,8.499241812387481e-05,1.0
double_dqn,1633,0.05,4,7.0,True,8000,0.00025412943796254694,1.0
double_dqn,1634,0.05,4,7.0,True,8000,0.00014242362522054464,1.0
double_dqn,1635,0.05,3,8.0,True,8000,0.00010372114775236696,1.0
double_dqn,1636,0.05,2,9.0,True,8000,7.622818520758301e-05,1.0
double_dqn,1637,0.05,6,5.0,True,8000,0.00015518954023718834,1.0
double_dqn,1638,0.05,6,5.0,True,8000,0.00015098862058948725,1.0
double_dqn,1639,0.05,5,6.0,True,8000,0.00013205317372921854,1.0
double_dqn,1640,0.05,7,4.0,True,8000,0.0001786041830200702,1.0
double_dqn,1641,0.05,5,6.0,True,8000,0.000526697258464992,1.0
double_dqn,1642,0.05,4,7.0,True,8000,9.310775203630328e-05,1.0
double_dqn,1643,0.05,1,10.0,True,8000,0.00013487394608091563,1.0
double_dqn,1644,0.05,7,4.0,True,8000,0.0002091037022182718,1.0
double_dqn,1645,0.05,6,5.0,True,8000,0.00012408263864926994,1.0
double_dqn,1646,0.05,3,8.0,True,8000,9.268754365621135e-05,1.0
double_dqn,1647,0.05,8,3.0,True,8000,0.00014437925710808486,1.0
double_dqn,1648,0.05,5,6.0,True,8000,4.5212131226435304e-05,1.0
double_dqn,1649,0.05,5,6.0,True,8000,0.00014037993969395757,1.0
double_dqn,1650,0.05,5,6.0,True,8000,8.948235335992649e-05,1.0
double_dqn,1651,0.05,2,9.0,True,8000,0.00010949462011922151,1.0
double_dqn,1652,0.05,1,10.0,True,8000,0.00014845056284684688,1.0
double_dqn,1653,0.05,3,8.0,True,8000,0.00013866637891624123,1.0
double_dqn,1654,0.05,6,5.0,True,8000,9.929887892212719e-05,1.0
double_dqn,1655,0.05,4,7.0,True,8000,5.29850585735403e-05,1.0
double_dqn,1656,0.05,7,4.0,True,8000,5.973341831122525e-05,1.0
double_dqn,1657,0.05,6,5.0,True,8000,8.794345194473863e-05,1.0
double_dqn,1658,0.05,7,4.0,True,8000,0.00010013383871410042,1.0
double_dqn,1659,0.05,2,9.0,True,8000,0.0002794768661260605,1.0
double_dqn,1660,0.05,5,6.0,True,8000,4.6552544517908245e-05,1.0
double_dqn,1661,0.05,7,4.0,True,8000,0.0001097188942367211,1.0
double_dqn,1662,0.05,2,9.0,True,8000,3.571598062990233e-05,1.0
double_dqn,1663,0.05,2,9.0,True,8000,0.00012677568884100765,1.0
double_dqn,1664,0.05,4,7.0,True,8000,0.000550158612895757,1.0
double_dqn,1665,0.05,4,7.0,True,8000,0.00012956111459061503,1.0
double_dqn,1666,0.05,3,8.0,True,8000,7.88847537478432e-05,1.0
double_dqn,1667,0.05,7,4.0,True,8000,3.0309367502923124e-05,1.0
double_dqn,1668,0.05,7,4.0,True,8000,9.191794379148632e-05,1.0
double_dqn,1669,0.05,5,6.0,True,8000,7.04506819602102e-05,1.0
double_dqn,1670,0.05,4,7.0,True,8000,7.27896549506113e-05,1.0
double_dqn,1671,0.05,6,5.0,True,8000,9.536659490549937e-05,1.0
double_dqn,1672,0.05,6,5.0,True,8000,0.00010928021947620437,1.0
double_dqn,1673,0.05,6,5.0,True,8000,3.261796155129559e-05,1.0
double_dqn,1674,0.05,5,6.0,True,8000,0.0006725513958372176,1.0
double_dqn,1675,0.05,3,8.0,True,8000,0.00029690511291846633,1.0
double_dqn,1676,0.05,4,7.0,True,8000,0.0010505827376618981,1.0
double_dqn,1677,0.05,7,4.0,True,8000,0.0011312304995954037,1.0
double_dqn,1678,0.05,6,5.0,True,8000,0.0005029159947298467,1.0
double_dqn,1679,0.05,9,2.0,True,8000,0.0005391729064285755,1.0
double_dqn,1680,0.05,3,8.0,True,8000,0.0006357044912874699,1.0
double_dqn,1681,0.05,2,9.0,True,8000,0.0008706997032277286,1.0
double_dqn,1682,0.05,3,8.0,True,8000,0.0006604766822420061,1.0
double_dqn,1683,0.05,4,7.0,True,8000,0.00019141787197440863,1.0
double_dqn,1684,0.05,6,5.0,True,8000,0.00044110516319051385,1.0
double_dqn,1685,0.05,6,5.0,True,8000,0.000166578363860026,1.0
double_dqn,1686,0.05,6,5.0,True,8000,8.22431466076523e-05,1.0
double_dqn,1687,0.05,3,8.0,True,8000,8.261981565738097e-05,1.0
double_dqn,1688,0.05,5,6.0,True,8000,0.0001708401832729578,1.0
double_dqn,1689,0.05,5,6.0,True,8000,0.00022753194207325578,1.0
double_dqn,1690,0.05,2,9.0,True,8000,0.0002064937725663185,1.0
double_dqn,1691,0.05,2,9.0,True,8000,0.000150884865433909,1.0
double_dqn,1692,0.05,4,7.0,True,8000,0.00016125582624226809,1.0
double_dqn,1693,0.05,4,7.0,True,8000,0.00021511972590815276,1.0
double_dqn,1694,0.05,3,8.0,True,8000,0.00023980109835974872,1.0
double_dqn,1695,0.05,5,6.0,True,8000,0.0006541420589201152,1.0
double_dqn,1696,0.05,4,7.0,True,8000,0.00029783177888020873,1.0
double_dqn,1697,0.05,2,9.0,True,8000,5.307463652570732e-05,1.0
double_dqn,1698,0.05,8,3.0,True,8000,7.185656431829557e-05,1.0
double_dqn,1699,0.05,4,7.0,True,8000,3.9638627640670165e-05,1.0
double_dqn,1700,0.05,7,4.0,True,8000,0.00015628617256879807,1.0
double_dqn,1701,0.05,6,5.0,True,8000,0.0003255393239669502,1.0
double_dqn,1702,0.05,2,9.0,True,8000,0.00023883313406258821,1.0
double_dqn,1703,0.05,1,10.0,True,8000,0.0003100887988694012,1.0
double_dqn,1704,0.05,7,4.0,True,8000,0.0007098880014382303,1.0
double_dqn,1705,0.05,6,5.0,True,8000,0.0005904862773604691,1.0
double_dqn,1706,0.05,5,6.0,True,8000,0.0003813743242062628,1.0
double_dqn,1707,0.05,6,5.0,True,8000,0.00017162130097858608,1.0
double_dqn,1708,0.05,3,8.0,True,8000,0.0001436470920452848,1.0
double_dqn,1709,0.05,6,5.0,True,8000,0.00019201899704057723,1.0
double_dqn,1710,0.05,9,2.0,True,8000,0.0003361007838975638,1.0
double_dqn,1711,0.05,10,1.0,True,8000,0.0004702424048446119,1.0
double_dqn,1712,0.05,5,6.0,True,8000,0.000433482404332608,1.0
double_dqn,1713,0.05,5,6.0,True,8000,0.0004496056935749948,1.0
double_dqn,1714,0.05,3,8.0,True,8000,0.001138548832386732,1.0
double_dqn,1715,0.05,6,5.0,True,8000,0.001070803264155984,1.0
double_dqn,1716,0.05,5,6.0,True,8000,0.0009438160341233015,1.0
double_dqn,1717,0.05,6,5.0,True,8000,0.00048493113717995584,1.0
double_dqn,1718,0.05,3,8.0,True,8000,0.000307705340674147,1.0
double_dqn,1719,0.05,1,10.0,True,8000,0.0004993467591702938,1.0
double_dqn,1720,0.05,6,5.0,True,8000,0.0005800178623758256,1.0
double_dqn,1721,0.05,3,8.0,True,8000,0.0004885619855485857,1.0
double_dqn,1722,0.05,3,8.0,True,8000,0.0007882033823989332,1.0
double_dqn,1723,0.05,5,6.0,True,8000,0.00035405094968155026,1.0
double_dqn,1724,0.05,5,6.0,True,8000,0.000264826143393293,1.0
double_dqn,1725,0.05,3,8.0,True,8000,0.00018338994414079934,1.0
double_dqn,1726,0.05,3,8.0,True,8000,0.0003085114876739681,1.0
double_dqn,1727,0.05,6,5.0,True,8000,0.00023440009681507945,1.0
double_dqn,1728,0.05,5,6.0,True,8000,0.0002855320635717362,1.0
double_dqn,1729,0.05,3,8.0,True,8000,0.0009704729891382158,1.0
double_dqn,1730,0.05,5,6.0,True,8000,0.0002488125755917281,1.0
double_dqn,1731,0.05,6,5.0,True,8000,0.0015526507049798965,1.0
double_dqn,1732,0.05,5,6.0,True,8000,0.003550581634044647,1.0
double_dqn,1733,0.05,5,6.0,True,8000,0.003489113412797451,1.0
double_dqn,1734,0.05,5,6.0,True,8000,0.0034362629521638155,1.0
double_dqn,1735,0.05,6,5.0,True,8000,0.012844841927289963,1.0
double_dqn,1736,0.05,3,8.0,True,8000,0.010143771767616272,1.0
double_dqn,1737,0.05,2,9.0,True,8000,0.004044405184686184,1.0
double_dqn,1738,0.05,5,6.0,True,8000,0.006349489558488131,1.0
double_dqn,1739,0.05,5,6.0,True,8000,0.00805174745619297,1.0
double_dqn,1740,0.05,2,9.0,True,8000,0.00585729256272316,1.0
double_dqn,1741,0.05,8,3.0,True,8000,0.0011926087317988276,1.0
double_dqn,1742,0.05,7,4.0,True,8000,0.003129072254523635,1.0
double_dqn,1743,0.05,5,6.0,True,8000,0.004747360944747925,1.0
double_dqn,1744,0.05,5,6.0,True,8000,0.002689962973818183,1.0
double_dqn,1745,0.05,6,5.0,True,8000,0.0022439518943428993,1.0
double_dqn,1746,0.05,6,5.0,True,8000,0.0031779168639332056,1.0
double_dqn,1747,0.05,5,6.0,True,8000,0.002395360264927149,1.0
double_dqn,1748,0.05,6,5.0,True,8000,0.003497921396046877,1.0
double_dqn,1749,0.05,7,4.0,True,8000,0.0014452235773205757,1.0
double_dqn,1750,0.05,6,5.0,True,8000,0.0026703199837356806,1.0
double_dqn,1751,0.05,6,5.0,True,8000,0.001676799263805151,1.0
double_dqn,1752,0.05,5,6.0,True,8000,0.0014890312450006604,1.0
double_dqn,1753,0.05,5,6.0,True,8000,0.0010756079573184252,1.0
double_dqn,1754,0.05,1,10.0,True,8000,0.00040722909034229815,1.0
double_dqn,1755,0.05,4,7.0,True,8000,0.0009534980054013431,1.0
double_dqn,1756,0.05,6,5.0,True,8000,0.0017201501177623868,1.0
double_dqn,1757,0.05,6,5.0,True,8000,0.0008327201940119267,1.0
double_dqn,1758,0.05,6,5.0,True,8000,0.0014632877428084612,1.0
double_dqn,1759,0.05,5,6.0,True,8000,0.0024187052622437477,1.0
double_dqn,1760,0.05,6,5.0,True,8000,0.001319882576353848,1.0
double_dqn,1761,0.05,2,9.0,True,8000,0.00240508746355772,1.0
double_dqn,1762,0.05,6,5.0,True,8000,0.0011551394127309322,1.0
double_dqn,1763,0.05,2,9.0,True,8000,0.0012992460979148746,1.0
double_dqn,1764,0.05,9,2.0,True,8000,0.0010348109062761068,1.0
double_dqn,1765,0.05,3,8.0,True,8000,0.0007227585883811116,1.0
double_dqn,1766,0.05,6,5.0,True,8000,0.0003682717797346413,1.0
double_dqn,1767,0.05,4,7.0,True,8000,0.0002749758423306048,1.0
double_dqn,1768,0.05,5,6.0,True,8000,0.00045632669935002923,1.0
double_dqn,1769,0.05,3,8.0,True,8000,0.00034062727354466915,1.0
double_dqn,1770,0.05,7,4.0,True,8000,0.00030956705450080335,1.0
double_dqn,1771,0.05,9,2.0,True,8000,0.00039056228706613183,1.0
double_dqn,1772,0.05,6,5.0,True,8000,0.00018049190111923963,1.0
double_dqn,1773,0.05,3,8.0,True,8000,0.00028481800109148026,1.0
double_dqn,1774,0.05,5,6.0,True,8000,0.00013909704284742475,1.0
double_dqn,1775,0.05,2,9.0,True,8000,0.00011870438902406022,1.0
double_dqn,1776,0.05,6,5.0,True,8000,6.091027898946777e-05,1.0
double_dqn,1777,0.05,6,5.0,True,8000,9.424707241123542e-05,1.0
double_dqn,1778,0.05,4,7.0,True,8000,0.00010608794400468469,1.0
double_dqn,1779,0.05,6,5.0,True,8000,5.382481322158128e-05,1.0
double_dqn,1780,0.05,4,7.0,True,8000,0.00019582330423872918,1.0
double_dqn,1781,0.05,6,5.0,True,8000,0.0010421409970149398,1.0
double_dqn,1782,0.05,3,8.0,True,8000,0.00045598993892781436,1.0
double_dqn,1783,0.05,8,3.0,True,8000,0.000407537940191105,1.0
double_dqn,1784,0.05,5,6.0,True,8000,0.0003556370211299509,1.0
double_dqn,1785,0.05,5,6.0,True,8000,0.00033722087391652167,1.0
double_dqn,1786,0.05,7,4.0,True,8000,0.00031693250639364123,1.0
double_dqn,1787,0.05,7,4.0,True,8000,0.0003320481046102941,1.0
double_dqn,1788,0.05,5,6.0,True,8000,0.00020075024804100394,1.0
double_dqn,1789,0.05,3,8.0,True,8000,0.0002242670743726194,1.0
double_dqn,1790,0.05,5,6.0,True,8000,7.497501792386174e-05,1.0
double_dqn,1791,0.05,1,10.0,True,8000,0.0001516151532996446,1.0
double_dqn,1792,0.05,6,5.0,True,8000,5.9392128605395555e-05,1.0
double_dqn,1793,0.05,2,9.0,True,8000,6.221270450623706e-05,1.0
double_dqn,1794,0.05,6,5.0,True,8000,3.5543867852538824e-05,1.0
double_dqn,1795,0.05,6,5.0,True,8000,4.15462491218932e-05,1.0
double_dqn,1796,0.05,1,10.0,True,8000,3.0997831345302984e-05,1.0
double_dqn,1797,0.05,5,6.0,True,8000,1.8261691366205923e-05,1.0
double_dqn,1798,0.05,4,7.0,True,8000,3.688053402584046e-05,1.0
double_dqn,1799,0.05,6,5.0,True,8000,2.4923589080572128e-05,1.0
double_dqn,1800,0.05,7,4.0,True,8000,1.759542828949634e-05,1.0
double_dqn,1801,0.05,6,5.0,True,8000,1.3747810044151265e-05,1.0
double_dqn,1802,0.05,4,7.0,True,8000,0.000307248265016824,1.0
double_dqn,1803,0.05,8,3.0,True,8000,0.0002896099758800119,1.0
double_dqn,1804,0.05,1,10.0,True,8000,0.00014545911108143628,1.0
double_dqn,1805,0.05,7,4.0,True,8000,0.00017110917542595416,1.0
double_dqn,1806,0.05,3,8.0,True,8000,6.50349902571179e-05,1.0
double_dqn,1807,0.05,3,8.0,True,8000,0.00012439808051567525,1.0
double_dqn,1808,0.05,7,4.0,True,8000,0.00012334292114246637,1.0
double_dqn,1809,0.05,6,5.0,True,8000,0.00011910261673619971,1.0
double_dqn,1810,0.05,1,10.0,True,8000,4.5351342123467475e-05,1.0
double_dqn,1811,0.05,6,5.0,True,8000,5.2624855015892535e-05,1.0
double_dqn,1812,0.05,5,6.0,True,8000,3.422196823521517e-05,1.0
double_dqn,1813,0.05,6,5.0,True,8000,1.5723771866760217e-05,1.0
double_dqn,1814,0.05,4,7.0,True,8000,2.377825694566127e-05,1.0
double_dqn,1815,0.05,6,5.0,True,8000,1.2148624591645785e-05,1.0
double_dqn,1816,0.05,4,7.0,True,8000,2.932399365818128e-05,1.0
double_dqn,1817,0.05,2,9.0,True,8000,2.0055096683790907e-05,1.0
double_dqn,1818,0.05,8,3.0,True,8000,9.189450793201104e-06,1.0
double_dqn,1819,0.05,4,7.0,True,8000,1.3888939065509476e-05,1.0
double_dqn,1820,0.05,3,8.0,True,8000,1.7021317034959793e-05,1.0
double_dqn,1821,0.05,4,7.0,True,8000,2.9150109185138717e-05,1.0
double_dqn,1822,0.05,6,5.0,True,8000,5.696995140169747e-05,1.0
double_dqn,1823,0.05,3,8.0,True,8000,3.88959379051812e-05,1.0
double_dqn,1824,0.05,4,7.0,True,8000,0.00040744830039329827,1.0
double_dqn,1825,0.05,5,6.0,True,8000,0.00010612045298330486,1.0
double_dqn,1826,0.05,8,3.0,True,8000,0.00010296340042259544,1.0
double_dqn,1827,0.05,4,7.0,True,8000,0.00013388285879045725,1.0
double_dqn,1828,0.05,1,10.0,True,8000,0.00016489351401105523,1.0
double_dqn,1829,0.05,6,5.0,True,8000,9.241564112016931e-05,1.0
double_dqn,1830,0.05,5,6.0,True,8000,6.181528442539275e-05,1.0
double_dqn,1831,0.05,4,7.0,True,8000,3.69778681488242e-05,1.0
double_dqn,1832,0.05,2,9.0,True,8000,5.5139003961812705e-05,1.0
double_dqn,1833,0.05,4,7.0,True,8000,2.409748049103655e-05,1.0
double_dqn,1834,0.05,5,6.0,True,8000,1.5167113815550692e-05,1.0
double_dqn,1835,0.05,7,4.0,True,8000,6.5317067310388666e-06,1.0
double_dqn,1836,0.05,10,1.0,True,8000,0.00011590561189223081,1.0
double_dqn,1837,0.05,3,8.0,True,8000,1.7900012608151883e-05,1.0
double_dqn,1838,0.05,8,3.0,True,8000,1.2054464605171233e-05,1.0
double_dqn,1839,0.05,2,9.0,True,8000,4.550336598185822e-06,1.0
double_dqn,1840,0.05,7,4.0,True,8000,7.646479389222804e-06,1.0
double_dqn,1841,0.05,1,10.0,True,8000,8.59144074638607e-06,1.0
double_dqn,1842,0.05,6,5.0,True,8000,5.857942596776411e-06,1.0
double_dqn,1843,0.05,5,6.0,True,8000,1.2555721696116962e-05,1.0
double_dqn,1844,0.05,3,8.0,True,8000,3.996145096607506e-06,1.0
double_dqn,1845,0.05,6,5.0,True,8000,6.194233719725162e-05,1.0
double_dqn,1846,0.05,6,5.0,True,8000,7.546205597463995e-05,1.0
double_dqn,1847,0.05,4,7.0,True,8000,5.1818351494148374e-05,1.0
double_dqn,1848,0.05,5,6.0,True,8000,7.782131433486938e-05,1.0
double_dqn,1849,0.05,3,8.0,True,8000,4.487433034228161e-05,1.0
double_dqn,1850,0.05,7,4.0,True,8000,0.0001540885423310101,1.0
double_dqn,1851,0.05,5,6.0,True,8000,2.0610592400771566e-05,1.0
double_dqn,1852,0.05,2,9.0,True,8000,4.7108296712394804e-05,1.0
double_dqn,1853,0.05,5,6.0,True,8000,1.4790214663662482e-05,1.0
double_dqn,1854,0.05,2,9.0,True,8000,1.9076742319157347e-05,1.0
double_dqn,1855,0.05,5,6.0,True,8000,1.555850940349046e-05,1.0
double_dqn,1856,0.05,3,8.0,True,8000,8.486234946758486e-06,1.0
double_dqn,1857,0.05,7,4.0,True,8000,1.7109556210925803e-05,1.0
double_dqn,1858,0.05,1,10.0,True,8000,8.70687381393509e-06,1.0
double_dqn,1859,0.05,3,8.0,True,8000,1.426414746674709e-05,1.0
double_dqn,1860,0.05,5,6.0,True,8000,1.3228149327915162e-05,1.0
double_dqn,1861,0.05,1,10.0,True,8000,6.459332780650584e-06,1.0
double_dqn,1862,0.05,5,6.0,True,8000,9.149382094619796e-06,1.0
double_dqn,1863,0.05,5,6.0,True,8000,2.4848730390658602e-05,1.0
double_dqn,1864,0.05,4,7.0,True,8000,2.6027712010545656e-05,1.0
double_dqn,1865,0.05,6,5.0,True,8000,3.300478056189604e-05,1.0
double_dqn,1866,0.05,8,3.0,True,8000,9.530305760563351e-06,1.0
double_dqn,1867,0.05,6,5.0,True,8000,7.072772132232785e-05,1.0
double_dqn,1868,0.05,3,8.0,True,8000,4.20666292484384e-05,1.0
double_dqn,1869,0.05,2,9.0,True,8000,5.034249625168741e-05,1.0
double_dqn,1870,0.05,6,5.0,True,8000,2.934986878244672e-05,1.0
double_dqn,1871,0.05,6,5.0,True,8000,2.400827725068666e-05,1.0
double_dqn,1872,0.05,4,7.0,True,8000,1.3938499250798486e-05,1.0
double_dqn,1873,0.05,6,5.0,True,8000,2.0973548089386895e-05,1.0
double_dqn,1874,0.05,7,4.0,True,8000,2.963454244309105e-05,1.0
double_dqn,1875,0.05,4,7.0,True,8000,2.874646997952368e-05,1.0
double_dqn,1876,0.05,3,8.0,True,8000,3.109866156592034e-05,1.0
double_dqn,1877,0.05,5,6.0,True,8000,3.362798452144489e-05,1.0
double_dqn,1878,0.05,2,9.0,True,8000,2.488934842403978e-05,1.0
double_dqn,1879,0.05,6,5.0,True,8000,2.0340363334980793e-05,1.0
double_dqn,1880,0.05,6,5.0,True,8000,1.0813013432198204e-05,1.0
double_dqn,1881,0.05,1,10.0,True,8000,1.9394889022805728e-05,1.0
double_dqn,1882,0.05,8,3.0,True,8000,2.756417052296456e-05,1.0
double_dqn,1883,0.05,2,9.0,True,8000,1.574833004269749e-05,1.0
double_dqn,1884,0.05,2,9.0,True,8000,9.72826273937244e-06,1.0
double_dqn,1885,0.05,6,5.0,True,8000,4.510658982326277e-06,1.0
double_dqn,1886,0.05,4,7.0,True,8000,4.128185992158251e-06,1.0
double_dqn,1887,0.05,2,9.0,True,8000,5.413442522694822e-06,1.0
double_dqn,1888,0.05,4,7.0,True,8000,3.856383500533411e-06,1.0
double_dqn,1889,0.05,6,5.0,True,8000,9.521294487058185e-06,1.0
double_dqn,1890,0.05,3,8.0,True,8000,4.659347905544564e-05,1.0
double_dqn,1891,0.05,6,5.0,True,8000,1.8689532225835137e-05,1.0
double_dqn,1892,0.05,1,10.0,True,8000,2.8055821530870162e-05,1.0
double_dqn,1893,0.05,5,6.0,True,8000,4.3021711462643e-05,1.0
double_dqn,1894,0.05,6,5.0,True,8000,1.8583101336844265e-05,1.0
double_dqn,1895,0.05,5,6.0,True,8000,1.8930442820419557e-05,1.0
double_dqn,1896,0.05,3,8.0,True,8000,1.6780524674686603e-05,1.0
double_dqn,1897,0.05,2,9.0,True,8000,7.187632036220748e-06,1.0
double_dqn,1898,0.05,2,9.0,True,8000,1.2926668205182068e-05,1.0
double_dqn,1899,0.05,2,9.0,True,8000,7.244471817102749e-06,1.0
double_dqn,1900,0.05,5,6.0,True,8000,7.889040716690943e-06,1.0
double_dqn,1901,0.05,3,8.0,True,8000,1.2341163710516412e-05,1.0
double_dqn,1902,0.05,6,5.0,True,8000,8.298407919937745e-06,1.0
double_dqn,1903,0.05,5,6.0,True,8000,5.265251274977345e-06,1.0
double_dqn,1904,0.05,4,7.0,True,8000,7.2573666329844855e-06,1.0
double_dqn,1905,0.05,3,8.0,True,8000,6.860022381260933e-07,1.0
double_dqn,1906,0.05,8,3.0,True,8000,1.1170717471031821e-06,1.0
double_dqn,1907,0.05,4,7.0,True,8000,2.6931163574772654e-06,1.0
double_dqn,1908,0.05,4,7.0,True,8000,1.9476324268907774e-06,1.0
double_dqn,1909,0.05,5,6.0,True,8000,4.575526418193476e-06,1.0
double_dqn,1910,0.05,6,5.0,True,8000,1.8880156858358532e-05,1.0
double_dqn,1911,0.05,6,5.0,True,8000,2.9575439839391038e-05,1.0
double_dqn,1912,0.05,1,10.0,True,8000,2.9804910809616558e-05,1.0
double_dqn,1913,0.05,5,6.0,True,8000,2.4945762561401352e-05,1.0
double_dqn,1914,0.05,5,6.0,True,8000,5.926542871748097e-05,1.0
double_dqn,1915,0.05,7,4.0,True,8000,1.4597204426536337e-05,1.0
double_dqn,1916,0.05,7,4.0,True,8000,6.369951734086499e-06,1.0
double_dqn,1917,0.05,5,6.0,True,8000,3.2112806366058066e-05,1.0
double_dqn,1918,0.05,3,8.0,True,8000,2.173886059608776e-05,1.0
double_dqn,1919,0.05,1,10.0,True,8000,2.231009966635611e-05,1.0
double_dqn,1920,0.05,5,6.0,True,8000,1.932893428602256e-05,1.0
double_dqn,1921,0.05,5,6.0,True,8000,2.8774244128726423e-05,1.0
double_dqn,1922,0.05,5,6.0,True,8000,1.2524436897365376e-05,1.0
double_dqn,1923,0.05,8,3.0,True,8000,6.682669209112646e-06,1.0
double_dqn,1924,0.05,4,7.0,True,8000,5.6347635108977556e-05,1.0
double_dqn,1925,0.05,5,6.0,True,8000,1.8955464838654734e-05,1.0
double_dqn,1926,0.05,4,7.0,True,8000,1.052406969392905e-05,1.0
double_dqn,1927,0.05,6,5.0,True,8000,1.850056287366897e-05,1.0
double_dqn,1928,0.05,1,10.0,True,8000,7.052762157400139e-06,1.0
double_dqn,1929,0.05,4,7.0,True,8000,8.429958143096883e-06,1.0
double_dqn,1930,0.05,4,7.0,True,8000,7.779155566822737e-06,1.0
double_dqn,1931,0.05,7,4.0,True,8000,4.895943675364833e-06,1.0
double_dqn,1932,0.05,6,5.0,True,8000,1.8139446638087975e-06,1.0
double_dqn,1933,0.05,7,4.0,True,8000,2.2880999495100696e-06,1.0
double_dqn,1934,0.05,4,7.0,True,8000,1.0573889994702768e-05,1.0
double_dqn,1935,0.05,4,7.0,True,8000,5.424723894975614e-06,1.0
double_dqn,1936,0.05,5,6.0,True,8000,4.541258931567427e-06,1.0
double_dqn,1937,0.05,5,6.0,True,8000,3.57275575879612e-06,1.0
double_dqn,1938,0.05,3,8.0,True,8000,2.8237868718861137e-06,1.0
double_dqn,1939,0.05,1,10.0,True,8000,3.3300593713647686e-06,1.0
double_dqn,1940,0.05,4,7.0,True,8000,3.333350832690485e-06,1.0
double_dqn,1941,0.05,7,4.0,True,8000,5.5006939874147065e-06,1.0
double_dqn,1942,0.05,3,8.0,True,8000,8.982630788523238e-06,1.0
double_dqn,1943,0.05,3,8.0,True,8000,5.422330559667898e-06,1.0
double_dqn,1944,0.05,7,4.0,True,8000,8.638483450340573e-06,1.0
double_dqn,1945,0.05,7,4.0,True,8000,5.170217718841741e-06,1.0
double_dqn,1946,0.05,5,6.0,True,8000,2.1799112801090814e-05,1.0
double_dqn,1947,0.05,5,6.0,True,8000,2.8026474865328055e-06,1.0
double_dqn,1948,0.05,5,6.0,True,8000,2.3571299152536085e-06,1.0
double_dqn,1949,0.05,4,7.0,True,8000,4.765653102367651e-06,1.0
double_dqn,1950,0.05,9,2.0,True,8000,5.8238792917109095e-06,1.0
double_dqn,1951,0.05,6,5.0,True,8000,6.386828772519948e-06,1.0
double_dqn,1952,0.05,7,4.0,True,8000,2.8225458663655445e-06,1.0
double_dqn,1953,0.05,3,8.0,True,8000,3.4022191357507836e-06,1.0
double_dqn,1954,0.05,6,5.0,True,8000,9.928202416631393e-06,1.0
double_dqn,1955,0.05,4,7.0,True,8000,4.4675929530058056e-05,1.0
double_dqn,1956,0.05,3,8.0,True,8000,3.484298940747976e-05,1.0
double_dqn,1957,0.05,8,3.0,True,8000,1.1250106581428554e-05,1.0
double_dqn,1958,0.05,6,5.0,True,8000,1.1510235708556138e-05,1.0
double_dqn,1959,0.05,5,6.0,True,8000,8.700541911821347e-06,1.0
double_dqn,1960,0.05,1,10.0,True,8000,8.915180842450354e-06,1.0
double_dqn,1961,0.05,5,6.0,True,8000,8.197120223485399e-06,1.0
double_dqn,1962,0.05,3,8.0,True,8000,3.853932412312133e-06,1.0
double_dqn,1963,0.05,6,5.0,True,8000,2.2164761048770742e-06,1.0
double_dqn,1964,0.05,6,5.0,True,8000,1.9540407265594695e-06,1.0
double_dqn,1965,0.05,3,8.0,True,8000,5.575723662332166e-06,1.0
double_dqn,1966,0.05,5,6.0,True,8000,4.606870788848028e-06,1.0
double_dqn,1967,0.05,2,9.0,True,8000,3.705299604916945e-06,1.0
double_dqn,1968,0.05,5,6.0,True,8000,1.5720681858510943e-06,1.0
double_dqn,1969,0.05,4,7.0,True,8000,3.567300609574886e-06,1.0
double_dqn,1970,0.05,5,6.0,True,8000,1.1175611689395737e-06,1.0
double_dqn,1971,0.05,7,4.0,True,8000,1.0609255696181208e-06,1.0
double_dqn,1972,0.05,6,5.0,True,8000,8.278643122139329e-07,1.0
double_dqn,1973,0.05,6,5.0,True,8000,9.0857798795696e-07,1.0
double_dqn,1974,0.05,7,4.0,True,8000,5.548953936340695e-07,1.0
double_dqn,1975,0.05,6,5.0,True,8000,4.2519318412814755e-06,1.0
double_dqn,1976,0.05,5,6.0,True,8000,4.208898189972388e-06,1.0
double_dqn,1977,0.05,3,8.0,True,8000,3.866713086608797e-06,1.0
double_dqn,1978,0.05,5,6.0,True,8000,3.191512178091216e-06,1.0
double_dqn,1979,0.05,1,10.0,True,8000,5.117512046126649e-06,1.0
double_dqn,1980,0.05,7,4.0,True,8000,3.973118509748019e-06,1.0
double_dqn,1981,0.05,1,10.0,True,8000,3.5219591154600494e-06,1.0
double_dqn,1982,0.05,3,8.0,True,8000,1.463546254854009e-06,1.0
double_dqn,1983,0.05,3,8.0,True,8000,1.306062131334329e-06,1.0
double_dqn,1984,0.05,6,5.0,True,8000,4.76359582535224e-06,1.0
double_dqn,1985,0.05,6,5.0,True,8000,2.5480730982962996e-06,1.0
double_dqn,1986,0.05,3,8.0,True,8000,5.081785275251605e-06,1.0
double_dqn,1987,0.05,2,9.0,True,8000,3.1377758205053397e-06,1.0
double_dqn,1988,0.05,4,7.0,True,8000,2.011293872783426e-06,1.0
double_dqn,1989,0.05,3,8.0,True,8000,3.326695832583937e-06,1.0
double_dqn,1990,0.05,7,4.0,True,8000,3.13504688165267e-06,1.0
double_dqn,1991,0.05,4,7.0,True,8000,2.382691036473261e-06,1.0
double_dqn,1992,0.05,8,3.0,True,8000,2.9078680654492928e-06,1.0
double_dqn,1993,0.05,2,9.0,True,8000,2.28767180487921e-06,1.0
double_dqn,1994,0.05,3,8.0,True,8000,1.8435920310366782e-06,1.0
double_dqn,1995,0.05,2,9.0,True,8000,2.09906079362554e-06,1.0
double_dqn,1996,0.05,6,5.0,True,8000,6.07150013820501e-07,1.0
double_dqn,1997,0.05,4,7.0,True,8000,1.001526561594801e-05,1.0
double_dqn,1998,0.05,5,6.0,True,8000,2.118227530445438e-05,1.0
double_dqn,1999,0.05,4,7.0,True,8000,3.950432073906995e-06,1.0
double_dqn,2000,0.05,2,9.0,True,8000,1.5763127521495335e-05,1.0
double_dqn,2001,0.05,5,6.0,True,8000,3.842488877126016e-05,1.0
double_dqn,2002,0.05,4,7.0,True,8000,3.7751212857983774e-06,1.0
double_dqn,2003,0.05,5,6.0,True,8000,4.4817472371505573e-05,1.0
double_dqn,2004,0.05,6,5.0,True,8000,1.0023446520790458e-05,1.0
double_dqn,2005,0.05,6,5.0,True,8000,1.2687512025877368e-05,1.0
double_dqn,2006,0.05,6,5.0,True,8000,1.9375194824533537e-05,1.0
double_dqn,2007,0.05,6,5.0,True,8000,8.707863344170619e-06,1.0
double_dqn,2008,0.05,4,7.0,True,8000,1.4226543498807587e-05,1.0
double_dqn,2009,0.05,5,6.0,True,8000,1.9726903701666743e-06,1.0
double_dqn,2010,0.05,4,7.0,True,8000,3.2060197554528713e-06,1.0
double_dqn,2011,0.05,6,5.0,True,8000,9.945470083039254e-06,1.0
double_dqn,2012,0.05,4,7.0,True,8000,4.465754955162993e-06,1.0
double_dqn,2013,0.05,7,4.0,True,8000,8.070416697592009e-06,1.0
double_dqn,2014,0.05,5,6.0,True,8000,2.7696469260263257e-06,1.0
double_dqn,2015,0.05,4,7.0,True,8000,1.248435069101106e-06,1.0
double_dqn,2016,0.05,3,8.0,True,8000,3.4928336845041486e-06,1.0
double_dqn,2017,0.05,3,8.0,True,8000,2.432604787827586e-06,1.0
double_dqn,2018,0.05,6,5.0,True,8000,2.6815998808160657e-06,1.0
double_dqn,2019,0.05,1,10.0,True,8000,6.149345608719159e-06,1.0
double_dqn,2020,0.05,5,6.0,True,8000,9.582032362231985e-06,1.0
double_dqn,2021,0.05,6,5.0,True,8000,3.967709744756576e-06,1.0
double_dqn,2022,0.05,2,9.0,True,8000,1.112371410272317e-05,1.0
double_dqn,2023,0.05,5,6.0,True,8000,6.331699296424631e-06,1.0
double_dqn,2024,0.05,4,7.0,True,8000,8.755871931498405e-06,1.0
double_dqn,2025,0.05,5,6.0,True,8000,6.5790500229923055e-06,1.0
double_dqn,2026,0.05,6,5.0,True,8000,2.3546901957161026e-06,1.0
double_dqn,2027,0.05,4,7.0,True,8000,4.293558504286921e-06,1.0
double_dqn,2028,0.05,1,10.0,True,8000,3.2710961477278033e-06,1.0
double_dqn,2029,0.05,4,7.0,True,8000,1.933636212925194e-06,1.0
double_dqn,2030,0.05,5,6.0,True,8000,1.5250361684593372e-06,1.0
double_dqn,2031,0.05,4,7.0,True,8000,1.3276044228405226e-06,1.0
double_dqn,2032,0.05,2,9.0,True,8000,1.5914287132545724e-06,1.0
double_dqn,2033,0.05,8,3.0,True,8000,2.449265366522013e-06,1.0
double_dqn,2034,0.05,2,9.0,True,8000,2.9432540031848475e-06,1.0
double_dqn,2035,0.05,3,8.0,True,8000,2.402108748356113e-06,1.0
double_dqn,2036,0.05,5,6.0,True,8000,1.6928319155340432e-06,1.0
double_dqn,2037,0.05,5,6.0,True,8000,1.6411818251071963e-06,1.0
double_dqn,2038,0.05,3,8.0,True,8000,1.7437433825762128e-06,1.0
double_dqn,2039,0.05,1,10.0,True,8000,1.8719410945777781e-06,1.0
double_dqn,2040,0.05,4,7.0,True,8000,9.131777005677577e-07,1.0
double_dqn,2041,0.05,1,10.0,True,8000,5.881507831873023e-07,1.0
double_dqn,2042,0.05,3,8.0,True,8000,7.73362899053609e-07,1.0
double_dqn,2043,0.05,7,4.0,True,8000,3.275853828199615e-07,1.0
double_dqn,2044,0.05,3,8.0,True,8000,6.461579573624476e-07,1.0
double_dqn,2045,0.05,7,4.0,True,8000,1.520909563623718e-06,1.0
double_dqn,2046,0.05,5,6.0,True,8000,7.58534906708519e-06,1.0
double_dqn,2047,0.05,5,6.0,True,8000,3.739057319762651e-06,1.0
double_dqn,2048,0.05,5,6.0,True,8000,2.1249306882964447e-06,1.0
double_dqn,2049,0.05,7,4.0,True,8000,5.427904397947714e-06,1.0
double_dqn,2050,0.05,4,7.0,True,8000,2.307486511199386e-06,1.0
double_dqn,2051,0.05,2,9.0,True,8000,4.525810709310463e-06,1.0
double_dqn,2052,0.05,6,5.0,True,8000,6.9092484409338795e-06,1.0
double_dqn,2053,0.05,3,8.0,True,8000,4.1425464587518945e-06,1.0
double_dqn,2054,0.05,6,5.0,True,8000,1.3910141660744557e-06,1.0
double_dqn,2055,0.05,5,6.0,True,8000,1.997455910895951e-06,1.0
double_dqn,2056,0.05,2,9.0,True,8000,3.914942681149114e-06,1.0
double_dqn,2057,0.05,4,7.0,True,8000,5.066228368377779e-06,1.0
double_dqn,2058,0.05,7,4.0,True,8000,2.2564925075130304e-06,1.0
double_dqn,2059,0.05,5,6.0,True,8000,3.0607143344241194e-06,1.0
double_dqn,2060,0.05,5,6.0,True,8000,4.861738034378504e-06,1.0
double_dqn,2061,0.05,3,8.0,True,8000,3.7649122077709762e-06,1.0
double_dqn,2062,0.05,5,6.0,True,8000,2.9973036816954846e-06,1.0
double_dqn,2063,0.05,5,6.0,True,8000,2.4499913706677034e-06,1.0
double_dqn,2064,0.05,7,4.0,True,8000,5.259809768176638e-06,1.0
double_dqn,2065,0.05,4,7.0,True,8000,1.3287564797792584e-05,1.0
double_dqn,2066,0.05,2,9.0,True,8000,4.9718078116711695e-06,1.0
double_dqn,2067,0.05,7,4.0,True,8000,2.3728503947495483e-05,1.0
double_dqn,2068,0.05,10,1.0,True,8000,3.3978150895563886e-05,1.0
double_dqn,2069,0.05,4,7.0,True,8000,5.725637311115861e-05,1.0
double_dqn,2070,0.05,6,5.0,True,8000,5.414738188846968e-05,1.0
double_dqn,2071,0.05,3,8.0,True,8000,5.94375524087809e-06,1.0
double_dqn,2072,0.05,5,6.0,True,8000,4.4935957703273743e-05,1.0
double_dqn,2073,0.05,5,6.0,True,8000,8.082200110948179e-06,1.0
double_dqn,2074,0.05,5,6.0,True,8000,6.300203676801175e-05,1.0
double_dqn,2075,0.05,4,7.0,True,8000,0.00011205454939045012,1.0
double_dqn,2076,0.05,7,4.0,True,8000,2.500771006452851e-05,1.0
double_dqn,2077,0.05,5,6.0,True,8000,2.4403743736911565e-05,1.0
double_dqn,2078,0.05,1,10.0,True,8000,5.375206455937587e-05,1.0
double_dqn,2079,0.05,8,3.0,True,8000,6.253818719414994e-05,1.0
double_dqn,2080,0.05,6,5.0,True,8000,0.00032991380430758,1.0
double_dqn,2081,0.05,3,8.0,True,8000,0.00017236215353477746,1.0
double_dqn,2082,0.05,2,9.0,True,8000,0.00011922451813006774,1.0
double_dqn,2083,0.05,5,6.0,True,8000,0.00013760173169430345,1.0
double_dqn,2084,0.05,10,1.0,True,8000,0.0003207270638085902,1.0
double_dqn,2085,0.05,6,5.0,True,8000,0.0008206688216887414,1.0
double_dqn,2086,0.05,4,7.0,True,8000,0.0005704296054318547,1.0
double_dqn,2087,0.05,6,5.0,True,8000,0.0003155673621222377,1.0
double_dqn,2088,0.05,6,5.0,True,8000,0.0011362247169017792,1.0
double_dqn,2089,0.05,6,5.0,True,8000,0.0017473975894972682,1.0
double_dqn,2090,0.05,3,8.0,True,8000,0.002985068829730153,1.0
double_dqn,2091,0.05,2,9.0,True,8000,0.0008665136992931366,1.0
double_dqn,2092,0.05,4,7.0,True,8000,0.0025980963837355375,1.0
double_dqn,2093,0.05,6,5.0,True,8000,0.001050319755449891,1.0
double_dqn,2094,0.05,5,6.0,True,8000,0.0030893387738615274,1.0
double_dqn,2095,0.05,5,6.0,True,8000,0.0034166094847023487,1.0
double_dqn,2096,0.05,6,5.0,True,8000,0.00286136195063591,1.0
double_dqn,2097,0.05,7,4.0,True,8000,0.0012631540885195136,1.0
double_dqn,2098,0.05,4,7.0,True,8000,0.0006255879416130483,1.0
double_dqn,2099,0.05,5,6.0,True,8000,0.0017911405302584171,1.0
double_dqn,2100,0.05,5,6.0,True,8000,0.0012041275622323155,1.0
double_dqn,2101,0.05,6,5.0,True,8000,0.0008789470884948969,1.0
double_dqn,2102,0.05,5,6.0,True,8000,0.0006128917448222637,1.0
double_dqn,2103,0.05,2,9.0,True,8000,0.0005212477408349514,1.0
double_dqn,2104,0.05,1,10.0,True,8000,0.0009635534952394664,1.0
double_dqn,2105,0.05,4,7.0,True,8000,0.000100557146652136,1.0
double_dqn,2106,0.05,5,6.0,True,8000,9.913879330269992e-05,1.0
double_dqn,2107,0.05,3,8.0,True,8000,0.00023892174067441374,1.0
double_dqn,2108,0.05,4,7.0,True,8000,0.0007329033105634153,1.0
double_dqn,2109,0.05,4,7.0,True,8000,0.00037429024814628065,1.0
double_dqn,2110,0.05,4,7.0,True,8000,0.0006221517105586827,1.0
double_dqn,2111,0.05,6,5.0,True,8000,0.0005171885713934898,1.0
double_dqn,2112,0.05,8,3.0,True,8000,0.00039130987715907395,1.0
double_dqn,2113,0.05,5,6.0,True,8000,0.0002480543334968388,1.0
double_dqn,2114,0.05,6,5.0,True,8000,0.00025309936609119177,1.0
double_dqn,2115,0.05,4,7.0,True,8000,0.0002213010156992823,1.0
double_dqn,2116,0.05,3,8.0,True,8000,0.00034562067594379187,1.0
double_dqn,2117,0.05,7,4.0,True,8000,5.7132390793412924e-05,1.0
double_dqn,2118,0.05,5,6.0,True,8000,0.0003471491509117186,1.0
double_dqn,2119,0.05,5,6.0,True,8000,0.00031421755556948483,1.0
double_dqn,2120,0.05,4,7.0,True,8000,0.0002914286742452532,1.0
double_dqn,2121,0.05,4,7.0,True,8000,0.0005138166015967727,1.0
double_dqn,2122,0.05,3,8.0,True,8000,0.00036569879739545286,1.0
double_dqn,2123,0.05,6,5.0,True,8000,0.00018525375344324857,1.0
double_dqn,2124,0.05,6,5.0,True,8000,0.000176549656316638,1.0
double_dqn,2125,0.05,6,5.0,True,8000,5.57864987058565e-05,1.0
double_dqn,2126,0.05,4,7.0,True,8000,7.755837577860802e-05,1.0
double_dqn,2127,0.05,4,7.0,True,8000,8.639855514047667e-05,1.0
double_dqn,2128,0.05,4,7.0,True,8000,9.01762759895064e-05,1.0
double_dqn,2129,0.05,3,8.0,True,8000,0.000204096722882241,1.0
double_dqn,2130,0.05,2,9.0,True,8000,0.00023094183416105807,1.0
double_dqn,2131,0.05,4,7.0,True,8000,0.00014314906729850918,1.0
double_dqn,2132,0.05,5,6.0,True,8000,0.00020583650621119887,1.0
double_dqn,2133,0.05,3,8.0,True,8000,0.00023210282961372286,1.0
double_dqn,2134,0.05,6,5.0,True,8000,0.00040978824836201966,1.0
double_dqn,2135,0.05,3,8.0,True,8000,0.00033542816527187824,1.0
double_dqn,2136,0.05,9,2.0,True,8000,0.00030724916723556817,1.0
double_dqn,2137,0.05,3,8.0,True,8000,0.00030238411272875965,1.0
double_dqn,2138,0.05,5,6.0,True,8000,8.327131217811257e-05,1.0
double_dqn,2139,0.05,4,7.0,True,8000,0.000143742305226624,1.0
double_dqn,2140,0.05,6,5.0,True,8000,4.954933319822885e-05,1.0
double_dqn,2141,0.05,5,6.0,True,8000,5.0738395657390356e-05,1.0
double_dqn,2142,0.05,3,8.0,True,8000,4.9711670726537704e-05,1.0
double_dqn,2143,0.05,6,5.0,True,8000,4.3377982365200296e-05,1.0
double_dqn,2144,0.05,6,5.0,True,8000,0.001411186414770782,1.0
double_dqn,2145,0.05,6,5.0,True,8000,9.54233983065933e-05,1.0
double_dqn,2146,0.05,9,2.0,True,8000,0.00018096918938681483,1.0
double_dqn,2147,0.05,1,10.0,True,8000,0.0003019406576640904,1.0
double_dqn,2148,0.05,7,4.0,True,8000,0.000181266397703439,1.0
double_dqn,2149,0.05,5,6.0,True,8000,0.00013007364759687334,1.0
double_dqn,2150,0.05,6,5.0,True,8000,0.0013175024650990963,1.0
double_dqn,2151,0.05,6,5.0,True,8000,0.00017616908007767051,1.0
double_dqn,2152,0.05,2,9.0,True,8000,0.0002497656678315252,1.0
double_dqn,2153,0.05,3,8.0,True,8000,0.00025666950386948884,1.0
double_dqn,2154,0.05,2,9.0,True,8000,0.00022050982806831598,1.0
double_dqn,2155,0.05,3,8.0,True,8000,0.000605380570050329,1.0
double_dqn,2156,0.05,5,6.0,True,8000,0.0006155938608571887,1.0
double_dqn,2157,0.05,6,5.0,True,8000,0.00010598036169540137,1.0
double_dqn,2158,0.05,6,5.0,True,8000,0.0002811361919157207,1.0
double_dqn,2159,0.05,3,8.0,True,8000,0.00021488775382749736,1.0
double_dqn,2160,0.05,1,10.0,True,8000,0.00027714361203834414,1.0
double_dqn,2161,0.05,7,4.0,True,8000,0.0005116501706652343,1.0
double_dqn,2162,0.05,6,5.0,True,8000,0.0006403356674127281,1.0
double_dqn,2163,0.05,6,5.0,True,8000,0.0008244329364970326,1.0
double_dqn,2164,0.05,6,5.0,True,8000,0.00012599112233147025,1.0
double_dqn,2165,0.05,6,5.0,True,8000,0.0003908660728484392,1.0
double_dqn,2166,0.05,7,4.0,True,8000,0.0001411592966178432,1.0
double_dqn,2167,0.05,4,7.0,True,8000,0.0013489500852301717,1.0
double_dqn,2168,0.05,2,9.0,True,8000,8.711112604942173e-05,1.0
double_dqn,2169,0.05,5,6.0,True,8000,0.00010280028072884306,1.0
double_dqn,2170,0.05,10,1.0,True,8000,0.0005308085237629712,1.0
double_dqn,2171,0.05,5,6.0,True,8000,0.00028742558788508177,1.0
double_dqn,2172,0.05,5,6.0,True,8000,0.0005895566428080201,1.0
double_dqn,2173,0.05,6,5.0,True,8000,0.0001603009586688131,1.0
double_dqn,2174,0.05,4,7.0,True,8000,0.00019898060418199748,1.0
double_dqn,2175,0.05,4,7.0,True,8000,0.000260193512076512,1.0
double_dqn,2176,0.05,4,7.0,True,8000,0.0001852606364991516,1.0
double_dqn,2177,0.05,6,5.0,True,8000,0.00041854375740513206,1.0
double_dqn,2178,0.05,4,7.0,True,8000,0.0008833994506858289,1.0
double_dqn,2179,0.05,2,9.0,True,8000,0.00010508283594390377,1.0
double_dqn,2180,0.05,5,6.0,True,8000,0.00013226344890426844,1.0
double_dqn,2181,0.05,1,10.0,True,8000,0.00023457988572772592,1.0
double_dqn,2182,0.05,4,7.0,True,8000,0.00019528920529410243,1.0
double_dqn,2183,0.05,4,7.0,True,8000,4.8668105591787025e-05,1.0
double_dqn,2184,0.05,8,3.0,True,8000,4.11627406720072e-05,1.0
double_dqn,2185,0.05,2,9.0,True,8000,0.00010540053335716948,1.0
double_dqn,2186,0.05,5,6.0,True,8000,0.00022840575547888875,1.0
double_dqn,2187,0.05,1,10.0,True,8000,6.356413359753788e-05,1.0
double_dqn,2188,0.05,7,4.0,True,8000,7.529164577135816e-05,1.0
double_dqn,2189,0.05,8,3.0,True,8000,0.0001083589595509693,1.0
double_dqn,2190,0.05,1,10.0,True,8000,8.209431689465418e-05,1.0
double_dqn,2191,0.05,7,4.0,True,8000,3.705899871420115e-05,1.0
double_dqn,2192,0.05,2,9.0,True,8000,0.00013562085223384202,1.0
double_dqn,2193,0.05,5,6.0,True,8000,0.00040636249468661845,1.0
double_dqn,2194,0.05,5,6.0,True,8000,0.0001833546266425401,1.0
double_dqn,2195,0.05,5,6.0,True,8000,0.00030603731283918023,1.0
double_dqn,2196,0.05,5,6.0,True,8000,0.00012945792695973068,1.0
double_dqn,2197,0.05,3,8.0,True,8000,0.00013965393009129912,1.0
double_dqn,2198,0.05,5,6.0,True,8000,0.00010860550537472591,1.0
double_dqn,2199,0.05,4,7.0,True,8000,7.883856596890837e-05,1.0
double_dqn,2200,0.05,1,10.0,True,8000,5.1975614042021334e-05,1.0
dueling_dqn,1,1.0,20,-9.0,True,20,,1.0
dueling_dqn,2,0.99932,40,-40.0,False,60,,0.5
dueling_dqn,3,0.99864,40,-40.0,False,100,1.3564649820327759,0.3333333333333333
dueling_dqn,4,0.99796,10,1.0,True,110,1.0916208028793335,0.5
dueling_dqn,5,0.99729,19,-8.0,True,129,0.03924979269504547,0.6
dueling_dqn,6,0.99661,40,-40.0,False,169,4.853471279144287,0.5
dueling_dqn,7,0.99593,16,-5.0,True,185,1.8352636098861694,0.5714285714285714
dueling_dqn,8,0.99525,40,-40.0,False,225,1.1616379022598267,0.5
dueling_dqn,9,0.99457,40,-40.0,False,265,3.997837543487549,0.4444444444444444
dueling_dqn,10,0.99389,40,-40.0,False,305,1.3177845478057861,0.4
dueling_dqn,11,0.99321,16,-5.0,True,321,1.5620276927947998,0.45454545454545453
dueling_dqn,12,0.99254,34,-23.0,True,355,0.7490578889846802,0.5
dueling_dqn,13,0.99186,39,-48.0,False,394,1.1767915487289429,0.46153846153846156
dueling_dqn,14,0.99118,40,-40.0,False,434,1.2810370922088623,0.42857142857142855
dueling_dqn,15,0.9905,40,-40.0,False,474,2.58927583694458,0.4
dueling_dqn,16,0.98982,16,-25.0,False,490,1.1697646379470825,0.375
dueling_dqn,17,0.98914,9,2.0,True,499,0.9179777503013611,0.4117647058823529
dueling_dqn,18,0.98846,17,-6.0,True,516,1.358521580696106,0.4444444444444444
dueling_dqn,19,0.98779,12,-21.0,False,528,1.741235375404358,0.42105263157894735
dueling_dqn,20,0.98711,16,-25.0,False,544,0.7539029121398926,0.4
dueling_dqn,21,0.98643,40,-40.0,False,584,1.9525065422058105,0.38095238095238093
dueling_dqn,22,0.98575,31,-20.0,True,615,1.7912901639938354,0.4090909090909091
dueling_dqn,23,0.98507,40,-40.0,False,655,0.5639994144439697,0.391304347826087
dueling_dqn,24,0.98439,40,-40.0,False,695,0.5127629041671753,0.375
dueling_dqn,25,0.98371,40,-40.0,False,735,0.2893604636192322,0.36
dueling_dqn,26,0.98304,21,-10.0,True,756,0.08946577459573746,0.38461538461538464
dueling_dqn,27,0.98236,40,-40.0,False,796,0.20825207233428955,0.37037037037037035
dueling_dqn,28,0.98168,40,-40.0,False,836,0.053926754742860794,0.35714285714285715
dueling_dqn,29,0.981,40,-40.0,False,876,0.4355924725532532,0.3448275862068966
dueling_dqn,30,0.98032,40,-40.0,False,916,0.0797797292470932,0.3333333333333333
dueling_dqn,31,0.97964,21,-10.0,True,937,0.05250072479248047,0.3548387096774194
dueling_dqn,32,0.97896,40,-29.0,True,977,0.2196800708770752,0.375
dueling_dqn,33,0.97829,33,-22.0,True,1010,0.07409537583589554,0.3939393939393939
dueling_dqn,34,0.97761,18,-27.0,False,1028,0.06636833399534225,0.38235294117647056
dueling_dqn,35,0.97693,23,-12.0,True,1051,0.041422754526138306,0.4
dueling_dqn,36,0.97625,31,-40.0,False,1082,0.09460555016994476,0.3888888888888889
dueling_dqn,37,0.97557,23,-32.0,False,1105,0.045157983899116516,0.3783783783783784
dueling_dqn,38,0.97489,40,-40.0,False,1145,0.019418347626924515,0.3684210526315789
dueling_dqn,39,0.97421,5,6.0,True,1150,0.020295286551117897,0.38461538461538464
dueling_dqn,40,0.97354,40,-40.0,False,1190,0.04019146040081978,0.375
dueling_dqn,41,0.97286,40,-40.0,False,1230,0.02112947404384613,0.36585365853658536
dueling_dqn,42,0.97218,40,-40.0,False,1270,0.08382722735404968,0.35714285714285715
dueling_dqn,43,0.9715,40,-40.0,False,1310,0.011068415828049183,0.3488372093023256
dueling_dqn,44,0.97082,40,-40.0,False,1350,0.00746885733678937,0.3409090909090909
dueling_dqn,45,0.97014,40,-40.0,False,1390,0.013866379857063293,0.3333333333333333
dueling_dqn,46,0.96946,30,-19.0,True,1420,0.01416566502302885,0.34782608695652173
dueling_dqn,47,0.96879,11,0.0,True,1431,0.002464334713295102,0.3617021276595745
dueling_dqn,48,0.96811,40,-40.0,False,1471,0.033958278596401215,0.3541666666666667
dueling_dqn,49,0.96743,40,-40.0,False,1511,0.002022701082751155,0.3469387755102041
dueling_dqn,50,0.96675,18,-7.0,True,1529,0.001725795678794384,0.36
dueling_dqn,51,0.96607,6,-15.0,False,1535,0.0007983900723047554,0.35294117647058826
dueling_dqn,52,0.96539,40,-40.0,False,1575,0.00806432869285345,0.34615384615384615
dueling_dqn,53,0.96471,40,-40.0,False,1615,0.0010549731086939573,0.33962264150943394
dueling_dqn,54,0.96404,11,-20.0,False,1626,0.0007582128164358437,0.3333333333333333
dueling_dqn,55,0.96336,27,-16.0,True,1653,0.00021600854233838618,0.34545454545454546
dueling_dqn,56,0.96268,7,4.0,True,1660,0.0003203966480214149,0.35714285714285715
dueling_dqn,57,0.962,9,2.0,True,1669,0.004571910481899977,0.3684210526315789
dueling_dqn,58,0.96132,25,-34.0,False,1694,0.0007967260899022222,0.3620689655172414
dueling_dqn,59,0.96064,40,-40.0,False,1734,0.0005339680938050151,0.3559322033898305
dueling_dqn,60,0.95996,29,-38.0,False,1763,8.160930883605033e-05,0.35
dueling_dqn,61,0.95929,37,-46.0,False,1800,0.0005858209915459156,0.3442622950819672
dueling_dqn,62,0.95861,35,-44.0,False,1835,0.00011677828297251835,0.3387096774193548
dueling_dqn,63,0.95793,40,-40.0,False,1875,0.0006540312897413969,0.3333333333333333
dueling_dqn,64,0.95725,40,-40.0,False,1915,0.000268975185463205,0.328125
dueling_dqn,65,0.95657,32,-41.0,False,1947,0.00019588884606491774,0.3230769230769231
dueling_dqn,66,0.95589,9,-18.0,False,1956,0.0013024816289544106,0.3181818181818182
dueling_dqn,67,0.95521,19,-28.0,False,1975,0.001062569790519774,0.31343283582089554
dueling_dqn,68,0.95454,40,-49.0,False,2015,0.00012566795339807868,0.3088235294117647
dueling_dqn,69,0.95386,21,-30.0,False,2036,0.0005738841136917472,0.30434782608695654
dueling_dqn,70,0.95318,10,1.0,True,2046,9.935662819771096e-05,0.3142857142857143
dueling_dqn,71,0.9525,4,-13.0,False,2050,8.316758612636477e-05,0.30985915492957744
dueling_dqn,72,0.95182,40,-40.0,False,2090,0.0004860413318965584,0.3055555555555556
dueling_dqn,73,0.95114,37,-26.0,True,2127,0.00029743395862169564,0.3150684931506849
dueling_dqn,74,0.95046,15,-24.0,False,2142,5.4280659242067486e-05,0.3108108108108108
dueling_dqn,75,0.94979,30,-19.0,True,2172,0.0002067276363959536,0.32
dueling_dqn,76,0.94911,1,10.0,True,2173,0.00017363077495247126,0.32894736842105265
dueling_dqn,77,0.94843,30,-39.0,False,2203,4.547484786598943e-05,0.3246753246753247
dueling_dqn,78,0.94775,40,-40.0,False,2243,7.599238597322255e-05,0.32051282051282054
dueling_dqn,79,0.94707,29,-38.0,False,2272,0.0001996763312490657,0.31645569620253167
dueling_dqn,80,0.94639,40,-40.0,False,2312,1.1780475688283332e-05,0.3125
dueling_dqn,81,0.94571,40,-40.0,False,2352,2.495710305083776e-06,0.30864197530864196
dueling_dqn,82,0.94504,9,-18.0,False,2361,4.014243586425437e-06,0.3048780487804878
dueling_dqn,83,0.94436,1,10.0,True,2362,6.442291578423465e-06,0.3132530120481928
dueling_dqn,84,0.94368,1,10.0,True,2363,1.6445194432890275e-06,0.32142857142857145
dueling_dqn,85,0.943,6,5.0,True,2369,4.628983515431173e-05,0.32941176470588235
dueling_dqn,86,0.94232,18,-27.0,False,2387,1.025940764520783e-05,0.32558139534883723
dueling_dqn,87,0.94164,40,-40.0,False,2427,2.6670584247767692e-06,0.3218390804597701
dueling_dqn,88,0.94096,40,-40.0,False,2467,2.7394429707783274e-05,0.3181818181818182
dueling_dqn,89,0.94029,9,2.0,True,2476,1.920268732646946e-05,0.3258426966292135
dueling_dqn,90,0.93961,9,-18.0,False,2485,1.0154228220926598e-05,0.32222222222222224
dueling_dqn,91,0.93893,40,-40.0,False,2525,4.106438154849457e-06,0.31868131868131866
dueling_dqn,92,0.93825,12,-1.0,True,2537,1.6689355106791481e-06,0.32608695652173914
dueling_dqn,93,0.93757,29,-18.0,True,2566,9.529487215331756e-06,0.3333333333333333
dueling_dqn,94,0.93689,9,2.0,True,2575,8.174351933121216e-06,0.3404255319148936
dueling_dqn,95,0.93621,23,-12.0,True,2598,2.184488948842045e-06,0.3473684210526316
dueling_dqn,96,0.93554,23,-12.0,True,2621,2.7570001748244977e-06,0.3541666666666667
dueling_dqn,97,0.93486,40,-40.0,False,2661,6.105577767812065e-07,0.35051546391752575
dueling_dqn,98,0.93418,1,10.0,True,2662,1.4474959471044713e-06,0.35714285714285715
dueling_dqn,99,0.9335,1,-10.0,False,2663,1.3331609807210043e-06,0.35353535353535354
dueling_dqn,100,0.93282,40,-40.0,False,2703,5.427242513178498e-07,0.35
dueling_dqn,101,0.93214,40,-40.0,False,2743,1.6014189441193594e-06,0.34
dueling_dqn,102,0.93146,14,-3.0,True,2757,1.3637236406793818e-07,0.35
dueling_dqn,103,0.93079,40,-40.0,False,2797,1.0529157634664443e-06,0.35
dueling_dqn,104,0.93011,40,-29.0,True,2837,3.5543857279662916e-07,0.35
dueling_dqn,105,0.92943,35,-24.0,True,2872,6.586784024875669e-07,0.35
dueling_dqn,106,0.92875,1,-10.0,False,2873,5.146741273165389e-07,0.35
dueling_dqn,107,0.92807,23,-12.0,True,2896,1.822717052846201e-07,0.35
dueling_dqn,108,0.92739,3,-12.0,False,2899,1.6320252882451314e-07,0.35
dueling_dqn,109,0.92671,25,-14.0,True,2924,5.0265903439594695e-08,0.36
dueling_dqn,110,0.92604,40,-40.0,False,2964,9.648730383560178e-07,0.36
dueling_dqn,111,0.92536,33,-42.0,False,2997,9.08075463712521e-08,0.35
dueling_dqn,112,0.92468,27,-36.0,False,3024,9.992427330018927e-09,0.34
dueling_dqn,113,0.924,40,-40.0,False,3064,4.937014068673307e-07,0.34
dueling_dqn,114,0.92332,18,-7.0,True,3082,2.038543840399143e-07,0.35
dueling_dqn,115,0.92264,24,-13.0,True,3106,4.023669220032389e-08,0.36
dueling_dqn,116,0.92196,40,-40.0,False,3146,8.127626571763358e-09,0.36
dueling_dqn,117,0.92129,13,-2.0,True,3159,4.028398503663766e-09,0.36
dueling_dqn,118,0.92061,2,-11.0,False,3161,6.358343629386809e-09,0.35
dueling_dqn,119,0.91993,40,-40.0,False,3201,1.776867719627262e-08,0.35
dueling_dqn,120,0.91925,11,0.0,True,3212,1.5953615317698677e-08,0.36
dueling_dqn,121,0.91857,27,-16.0,True,3239,5.742430086996819e-09,0.37
dueling_dqn,122,0.91789,2,-11.0,False,3241,2.3849446861845536e-09,0.36
dueling_dqn,123,0.91721,38,-27.0,True,3279,7.067319529596716e-08,0.37
dueling_dqn,124,0.91654,6,5.0,True,3285,4.6245034468483937e-08,0.38
dueling_dqn,125,0.91586,1,-10.0,False,3286,2.7996929219398226e-08,0.38
dueling_dqn,126,0.91518,14,-23.0,False,3300,1.2499408619248698e-08,0.37
dueling_dqn,127,0.9145,7,4.0,True,3307,1.0656968640887499e-08,0.38
dueling_dqn,128,0.91382,20,-9.0,True,3327,3.082531563336488e-09,0.39
dueling_dqn,129,0.91314,40,-40.0,False,3367,1.188834133358796e-07,0.39
dueling_dqn,130,0.91246,40,-40.0,False,3407,5.412967407636415e-09,0.39
dueling_dqn,131,0.91179,40,-29.0,True,3447,9.408547274603052e-10,0.39
dueling_dqn,132,0.91111,3,8.0,True,3450,4.730882352532717e-10,0.39
dueling_dqn,133,0.91043,24,-13.0,True,3474,2.357890238613436e-08,0.39
dueling_dqn,134,0.90975,1,-10.0,False,3475,2.077750949069923e-08,0.39
dueling_dqn,135,0.90907,17,-26.0,False,3492,9.780450227481197e-09,0.38
dueling_dqn,136,0.90839,14,-23.0,False,3506,4.173174694699355e-09,0.38
dueling_dqn,137,0.90771,40,-40.0,False,3546,3.719959895676084e-10,0.38
dueling_dqn,138,0.90704,18,-7.0,True,3564,3.6954393323185286e-08,0.39
dueling_dqn,139,0.90636,9,2.0,True,3573,2.4608102222600792e-08,0.39
dueling_dqn,140,0.90568,40,-40.0,False,3613,1.3000880372260326e-09,0.39
dueling_dqn,141,0.905,5,-14.0,False,3618,9.087011143549262e-10,0.39
dueling_dqn,142,0.90432,40,-40.0,False,3658,2.2001611643673868e-10,0.39
dueling_dqn,143,0.90364,40,-40.0,False,3698,9.961116376189239e-10,0.39
dueling_dqn,144,0.90296,20,-9.0,True,3718,3.0613178658711604e-10,0.4
dueling_dqn,145,0.90229,40,-40.0,False,3758,4.457162416926508e-11,0.4
dueling_dqn,146,0.90161,29,-18.0,True,3787,1.9114367866279736e-09,0.4
dueling_dqn,147,0.90093,25,-34.0,False,3812,1.8334095353012003e-10,0.39
dueling_dqn,148,0.90025,3,-12.0,False,3815,1.7643692062918603e-10,0.39
dueling_dqn,149,0.89957,21,-30.0,False,3836,4.5829229300409224e-11,0.39
dueling_dqn,150,0.89889,40,-40.0,False,3876,1.728675425027859e-09,0.38
dueling_dqn,151,0.89821,12,-1.0,True,3888,1.0019538532191063e-09,0.39
dueling_dqn,152,0.89754,8,3.0,True,3896,4.609246873066297e-10,0.4
dueling_dqn,153,0.89686,17,-26.0,False,3913,1.18998200182574e-10,0.4
dueling_dqn,154,0.89618,40,-40.0,False,3953,1.3831935596897438e-11,0.4
dueling_dqn,155,0.8955,40,-40.0,False,3993,3.587333208265875e-10,0.39
dueling_dqn,156,0.89482,39,-48.0,False,4032,2.2180701719776152e-11,0.38
dueling_dqn,157,0.89414,11,0.0,True,4043,7.649214595062404e-12,0.38
dueling_dqn,158,0.89346,2,9.0,True,4045,1.4213519250461104e-11,0.39
dueling_dqn,159,0.89279,10,-19.0,False,4055,7.543743407723014e-12,0.39
dueling_dqn,160,0.89211,40,-40.0,False,4095,9.792761046512055e-11,0.39
dueling_dqn,161,0.89143,40,-40.0,False,4135,8.713918475677929e-12,0.39
dueling_dqn,162,0.89075,16,-5.0,True,4151,3.389954983390453e-12,0.4
dueling_dqn,163,0.89007,2,9.0,True,4153,3.5820790778018363e-12,0.41
dueling_dqn,164,0.88939,40,-40.0,False,4193,8.843592524954147e-11,0.41
dueling_dqn,165,0.88871,40,-40.0,False,4233,2.90656387846866e-12,0.41
dueling_dqn,166,0.88804,40,-40.0,False,4273,2.0773444076027658e-10,0.41
dueling_dqn,167,0.88736,4,7.0,True,4277,9.193290573250579e-11,0.42
dueling_dqn,168,0.88668,14,-3.0,True,4291,3.549893712317953e-11,0.43
dueling_dqn,169,0.886,40,-40.0,False,4331,1.1468603844377867e-12,0.43
dueling_dqn,170,0.88532,2,9.0,True,4333,7.313594174718219e-13,0.43
dueling_dqn,171,0.88464,17,-26.0,False,4350,4.2138514899647816e-13,0.43
dueling_dqn,172,0.88396,40,-40.0,False,4390,1.0823120177860801e-11,0.43
dueling_dqn,173,0.88329,9,-18.0,False,4399,9.91573489983466e-12,0.42
dueling_dqn,174,0.88261,6,5.0,True,4405,5.670186542516831e-12,0.43
dueling_dqn,175,0.88193,40,-40.0,False,4445,2.911559882079473e-13,0.42
dueling_dqn,176,0.88125,20,-9.0,True,4465,6.593736667781513e-11,0.42
dueling_dqn,177,0.88057,32,-21.0,True,4497,2.6361135496699717e-12,0.43
dueling_dqn,178,0.87989,31,-40.0,False,4528,3.6426417437951386e-13,0.43
dueling_dqn,179,0.87921,40,-40.0,False,4568,1.4891310406994762e-11,0.43
dueling_dqn,180,0.87854,17,-6.0,True,4585,3.2023272922288015e-12,0.44
dueling_dqn,181,0.87786,15,-4.0,True,4600,1.2176926134088717e-12,0.45
dueling_dqn,182,0.87718,20,-9.0,True,4620,2.469136006766348e-13,0.46
dueling_dqn,183,0.8765,23,-12.0,True,4643,1.7119639039719914e-13,0.46
dueling_dqn,184,0.87582,23,-12.0,True,4666,1.0838663300205553e-11,0.46
dueling_dqn,185,0.87514,19,-8.0,True,4685,3.4029445927785673e-12,0.46
dueling_dqn,186,0.87446,40,-40.0,False,4725,1.2811973704174306e-13,0.46
dueling_dqn,187,0.87379,12,-1.0,True,4737,1.755817713444685e-13,0.47
dueling_dqn,188,0.87311,5,6.0,True,4742,1.971756091734278e-13,0.48
dueling_dqn,189,0.87243,23,-12.0,True,4765,5.537958980283975e-12,0.48
dueling_dqn,190,0.87175,28,-17.0,True,4793,4.211075932403219e-13,0.49
dueling_dqn,191,0.87107,29,-18.0,True,4822,1.3877787807814457e-13,0.5
dueling_dqn,192,0.87039,40,-40.0,False,4862,7.654987754790454e-14,0.49
dueling_dqn,193,0.86971,40,-40.0,False,4902,1.2234657731369225e-13,0.48
dueling_dqn,194,0.86904,22,-11.0,True,4924,6.755707104844078e-14,0.48
dueling_dqn,195,0.86836,34,-43.0,False,4958,1.2301271112846734e-13,0.47
dueling_dqn,196,0.86768,34,-23.0,True,4992,2.18103313187612e-13,0.47
dueling_dqn,197,0.867,21,-10.0,True,5013,1.1074474670635936e-13,0.48
dueling_dqn,198,0.86632,40,-40.0,False,5053,1.3389289676979388e-13,0.47
dueling_dqn,199,0.86564,24,-13.0,True,5077,2.4386048735891563e-13,0.48
dueling_dqn,200,0.86496,14,-3.0,True,5091,9.947598300641403e-14,0.49
dueling_dqn,201,0.86429,3,8.0,True,5094,1.088573675644966e-13,0.5
dueling_dqn,202,0.86361,40,-29.0,True,5134,6.45039577307216e-14,0.5
dueling_dqn,203,0.86293,40,-40.0,False,5174,3.019806626980426e-13,0.5
dueling_dqn,204,0.86225,40,-40.0,False,5214,4.363176486776865e-14,0.49
dueling_dqn,205,0.86157,7,4.0,True,5221,1.2878587085651816e-13,0.49
dueling_dqn,206,0.86089,37,-26.0,True,5258,7.127631818093505e-14,0.5
dueling_dqn,207,0.86021,40,-40.0,False,5298,1.021405182655144e-13,0.49
dueling_dqn,208,0.85954,11,0.0,True,5309,1.3944401189291966e-13,0.5
dueling_dqn,209,0.85886,7,4.0,True,5316,6.766809335090329e-14,0.5
dueling_dqn,210,0.85818,25,-14.0,True,5341,8.798517470154366e-14,0.51
dueling_dqn,211,0.8575,34,-23.0,True,5375,1.592614928824787e-13,0.52
dueling_dqn,212,0.85682,17,-6.0,True,5392,1.13464793116691e-13,0.53
dueling_dqn,213,0.85614,23,-32.0,False,5415,7.205347429817266e-14,0.53
dueling_dqn,214,0.85546,17,-6.0,True,5432,8.509859483751825e-14,0.53
dueling_dqn,215,0.85479,32,-21.0,True,5464,4.428124533717437e-13,0.53
dueling_dqn,216,0.85411,27,-16.0,True,5491,9.764411501578252e-14,0.54
dueling_dqn,217,0.85343,18,-7.0,True,5509,6.539213615042172e-14,0.54
dueling_dqn,218,0.85275,22,-11.0,True,5531,5.0681681074138396e-14,0.55
dueling_dqn,219,0.85207,40,-40.0,False,5571,1.769140389740187e-13,0.55
dueling_dqn,220,0.85139,21,-30.0,False,5592,1.5681900222830336e-13,0.54
dueling_dqn,221,0.85071,9,2.0,True,5601,5.639932965095795e-14,0.54
dueling_dqn,222,0.85004,7,4.0,True,5608,5.3512749786932545e-14,0.55
dueling_dqn,223,0.84936,15,-4.0,True,5623,1.1113332476497817e-13,0.55
dueling_dqn,224,0.84868,27,-16.0,True,5650,6.894484982922222e-14,0.55
dueling_dqn,225,0.848,40,-40.0,False,5690,1.8030021919912542e-13,0.55
dueling_dqn,226,0.84732,39,-28.0,True,5729,2.7644553313166398e-14,0.56
dueling_dqn,227,0.84664,31,-20.0,True,5760,7.838174553853605e-14,0.56
dueling_dqn,228,0.84596,28,-37.0,False,5788,1.2234657731369225e-13,0.55
dueling_dqn,229,0.84529,20,-9.0,True,5808,6.122879980807738e-14,0.56
dueling_dqn,230,0.84461,25,-34.0,False,5833,3.297362383136715e-14,0.56
dueling_dqn,231,0.84393,11,0.0,True,5844,3.042011087472929e-14,0.56
dueling_dqn,232,0.84325,5,6.0,True,5849,6.888933867799096e-14,0.56
dueling_dqn,233,0.84257,12,-21.0,False,5861,1.0125233984581428e-13,0.55
dueling_dqn,234,0.84189,20,-29.0,False,5881,1.1834977442504169e-13,0.55
dueling_dqn,235,0.84121,12,-1.0,True,5893,9.708900350346994e-14,0.56
dueling_dqn,236,0.84054,28,-17.0,True,5921,1.6631140908884845e-13,0.57
dueling_dqn,237,0.83986,29,-18.0,True,5950,1.8346435481930712e-13,0.58
dueling_dqn,238,0.83918,40,-40.0,False,5990,1.1302070390684094e-13,0.57
dueling_dqn,239,0.8385,40,-40.0,False,6030,1.212363542890671e-13,0.56
dueling_dqn,240,0.83782,20,-9.0,True,6050,3.5638159090467525e-14,0.57
dueling_dqn,241,0.83714,1,-10.0,False,6051,1.0613732115416497e-13,0.57
dueling_dqn,242,0.83646,40,-40.0,False,6091,1.2256862191861728e-13,0.57
dueling_dqn,243,0.83579,22,-11.0,True,6113,5.140332604014475e-14,0.58
dueling_dqn,244,0.83511,40,-40.0,False,6153,9.320322291728189e-14,0.57
dueling_dqn,245,0.83443,40,-40.0,False,6193,2.1582735598713043e-13,0.57
dueling_dqn,246,0.83375,39,-48.0,False,6232,3.15636405900932e-13,0.56
dueling_dqn,247,0.83307,24,-13.0,True,6256,7.432943149865423e-14,0.57
dueling_dqn,248,0.83239,14,-3.0,True,6270,4.1838754682999024e-13,0.58
dueling_dqn,249,0.83171,13,-2.0,True,6283,4.2676973066591017e-13,0.59
dueling_dqn,250,0.83104,20,-9.0,True,6303,1.6187051699034782e-13,0.6
dueling_dqn,251,0.83036,27,-16.0,True,6330,9.614531393253856e-14,0.6
dueling_dqn,252,0.82968,40,-40.0,False,6370,5.01432229071952e-13,0.59
dueling_dqn,253,0.829,10,-19.0,False,6380,3.5638159090467525e-13,0.59
dueling_dqn,254,0.82832,10,1.0,True,6390,3.4744429555644274e-13,0.6
dueling_dqn,255,0.82764,40,-29.0,True,6430,1.5959455978986625e-13,0.61
dueling_dqn,256,0.82696,32,-41.0,False,6462,2.5224267119483557e-13,0.61
dueling_dqn,257,0.82629,2,9.0,True,6464,1.5736301151036969e-12,0.61
dueling_dqn,258,0.82561,8,3.0,True,6472,1.3543610677402285e-12,0.61
dueling_dqn,259,0.82493,12,-1.0,True,6484,4.796163466380676e-13,0.62
dueling_dqn,260,0.82425,17,-6.0,True,6501,4.545253062815391e-13,0.63
dueling_dqn,261,0.82357,40,-40.0,False,6541,2.277067423506196e-13,0.63
dueling_dqn,262,0.82289,23,-12.0,True,6564,2.5637825196156427e-12,0.63
dueling_dqn,263,0.82221,14,-3.0,True,6578,7.412404023909858e-13,0.63
dueling_dqn,264,0.82154,29,-18.0,True,6607,7.102096688527126e-13,0.64
dueling_dqn,265,0.82086,28,-17.0,True,6635,1.8317569683290458e-12,0.65
dueling_dqn,266,0.82018,4,-13.0,False,6639,9.50350909079134e-13,0.65
dueling_dqn,267,0.8195,7,4.0,True,6646,1.1728951143652466e-12,0.65
dueling_dqn,268,0.81882,5,-14.0,False,6651,1.4414025528708407e-12,0.64
dueling_dqn,269,0.81814,21,-10.0,True,6672,1.1741718708435656e-12,0.65
dueling_dqn,270,0.81746,10,-19.0,False,6682,2.581046487648564e-12,0.64
dueling_dqn,271,0.81679,40,-40.0,False,6722,2.4864554859505006e-12,0.64
dueling_dqn,272,0.81611,25,-14.0,True,6747,5.778155731661627e-13,0.65
dueling_dqn,273,0.81543,2,9.0,True,6749,9.92317339409965e-13,0.66
dueling_dqn,274,0.81475,10,1.0,True,6759,5.710987238671805e-13,0.66
dueling_dqn,275,0.81407,40,-40.0,False,6799,1.3205547766403924e-12,0.66
dueling_dqn,276,0.81339,3,-12.0,False,6802,2.573719015686038e-12,0.65
dueling_dqn,277,0.81271,7,4.0,True,6809,8.838485499040871e-13,0.65
dueling_dqn,278,0.81204,19,-8.0,True,6828,2.543576460567465e-12,0.66
dueling_dqn,279,0.81136,17,-6.0,True,6845,4.317657342767234e-12,0.67
dueling_dqn,280,0.81068,29,-18.0,True,6874,8.949341268049693e-12,0.67
dueling_dqn,281,0.81,10,1.0,True,6884,5.252354107199153e-12,0.67
dueling_dqn,282,0.80932,31,-20.0,True,6915,6.221134718487065e-12,0.67
dueling_dqn,283,0.80864,16,-5.0,True,6931,2.8115898498271008e-11,0.67
dueling_dqn,284,0.80796,40,-40.0,False,6971,2.138222932046574e-11,0.66
dueling_dqn,285,0.80729,8,3.0,True,6979,1.7115808770284957e-11,0.66
dueling_dqn,286,0.80661,1,-10.0,False,6980,1.5822287924294187e-11,0.66
dueling_dqn,287,0.80593,17,-6.0,True,6997,3.5940861398131574e-11,0.66
dueling_dqn,288,0.80525,29,-18.0,True,7026,1.744471234133016e-11,0.66
dueling_dqn,289,0.80457,10,1.0,True,7036,1.223665613281355e-11,0.66
dueling_dqn,290,0.80389,27,-36.0,False,7063,3.6770586575585185e-11,0.65
dueling_dqn,291,0.80321,40,-40.0,False,7103,2.8940044805025877e-10,0.64
dueling_dqn,292,0.80254,11,0.0,True,7114,3.0505775683309366e-10,0.65
dueling_dqn,293,0.80186,34,-23.0,True,7148,2.2821011746998465e-10,0.66
dueling_dqn,294,0.80118,6,5.0,True,7154,1.5164763889075061e-10,0.66
dueling_dqn,295,0.8005,19,-8.0,True,7173,1.5289380872474112e-10,0.67
dueling_dqn,296,0.79982,12,-21.0,False,7185,2.0401613731735324e-10,0.66
dueling_dqn,297,0.79914,33,-22.0,True,7218,5.329672814191611e-10,0.66
dueling_dqn,298,0.79846,9,2.0,True,7227,2.489161543550722e-09,0.67
dueling_dqn,299,0.79779,36,-25.0,True,7263,8.890609359823998e-10,0.67
dueling_dqn,300,0.79711,7,4.0,True,7270,9.126845945672812e-09,0.67
dueling_dqn,301,0.79643,16,-5.0,True,7286,3.0989241395218414e-08,0.67
dueling_dqn,302,0.79575,40,-40.0,False,7326,4.304177423364308e-07,0.66
dueling_dqn,303,0.79507,8,3.0,True,7334,2.7548273351385433e-07,0.67
dueling_dqn,304,0.79439,3,8.0,True,7337,1.5840795697386056e-07,0.68
dueling_dqn,305,0.79371,37,-26.0,True,7374,1.721091166473343e-06,0.68
dueling_dqn,306,0.79304,9,2.0,True,7383,1.2966421536475536e-06,0.68
dueling_dqn,307,0.79236,13,-2.0,True,7396,2.3228838017530506e-06,0.69
dueling_dqn,308,0.79168,15,-4.0,True,7411,2.2132101094030077e-06,0.69
dueling_dqn,309,0.791,40,-40.0,False,7451,6.71912448524381e-06,0.68
dueling_dqn,310,0.79032,17,-6.0,True,7468,1.7378903066855855e-05,0.68
dueling_dqn,311,0.78964,20,-9.0,True,7488,4.2388470319565386e-05,0.68
dueling_dqn,312,0.78896,5,6.0,True,7493,3.6304565583122894e-05,0.68
dueling_dqn,313,0.78829,1,-10.0,False,7494,0.00011852940951939672,0.68
dueling_dqn,314,0.78761,36,-25.0,True,7530,0.00012760315439663827,0.68
dueling_dqn,315,0.78693,16,-5.0,True,7546,0.0001527408603578806,0.68
dueling_dqn,316,0.78625,40,-40.0,False,7586,0.0028057685121893883,0.67
dueling_dqn,317,0.78557,26,-35.0,False,7612,0.0062527721747756,0.66
dueling_dqn,318,0.78489,4,-13.0,False,7616,0.0020740823820233345,0.65
dueling_dqn,319,0.78421,8,3.0,True,7624,0.001922214636579156,0.66
dueling_dqn,320,0.78354,6,5.0,True,7630,0.001571038388647139,0.67
dueling_dqn,321,0.78286,24,-13.0,True,7654,0.002602027030661702,0.67
dueling_dqn,322,0.78218,31,-20.0,True,7685,0.0011396646732464433,0.67
dueling_dqn,323,0.7815,13,-2.0,True,7698,0.0009277659701183438,0.67
dueling_dqn,324,0.78082,29,-18.0,True,7727,0.0002858250227291137,0.67
dueling_dqn,325,0.78014,9,2.0,True,7736,0.0006875208346173167,0.68
dueling_dqn,326,0.77946,32,-21.0,True,7768,0.000727316364645958,0.68
dueling_dqn,327,0.77879,9,2.0,True,7777,0.00038002425571903586,0.68
dueling_dqn,328,0.77811,40,-40.0,False,7817,0.0001440175692550838,0.68
dueling_dqn,329,0.77743,40,-40.0,False,7857,1.0348629984946456e-05,0.67
dueling_dqn,330,0.77675,40,-40.0,False,7897,4.9170106649398804e-05,0.67
dueling_dqn,331,0.77607,35,-24.0,True,7932,2.0992365534766577e-05,0.67
dueling_dqn,332,0.77539,9,2.0,True,7941,4.739084397442639e-05,0.67
dueling_dqn,333,0.77471,2,9.0,True,7943,5.702609632862732e-05,0.68
dueling_dqn,334,0.77404,15,-4.0,True,7958,1.1019829798897263e-05,0.69
dueling_dqn,335,0.77336,29,-38.0,False,7987,0.0002762614458333701,0.68
dueling_dqn,336,0.77268,10,1.0,True,7997,0.00010972812015097588,0.68
dueling_dqn,337,0.772,1,10.0,True,7998,0.00017929438035935163,0.68
dueling_dqn,338,0.77132,4,-13.0,False,8000,0.00017408332496415824,0.68
dueling_dqn,339,0.77064,10,1.0,True,8000,9.093379776459187e-05,0.69
dueling_dqn,340,0.76996,10,1.0,True,8000,0.0001207949680974707,0.69
dueling_dqn,341,0.76929,4,-13.0,False,8000,8.311061537824571e-05,0.69
dueling_dqn,342,0.76861,6,5.0,True,8000,5.2228795539122075e-05,0.7
dueling_dqn,343,0.76793,40,-40.0,False,8000,0.0003728571755345911,0.69
dueling_dqn,344,0.76725,20,-9.0,True,8000,0.0002482137060724199,0.7
dueling_dqn,345,0.76657,28,-17.0,True,8000,0.0004469152772799134,0.71
dueling_dqn,346,0.76589,1,10.0,True,8000,0.00040213699685409665,0.72
dueling_dqn,347,0.76521,4,7.0,True,8000,0.0004881690547335893,0.72
dueling_dqn,348,0.76454,16,-5.0,True,8000,0.0004949897993355989,0.72
dueling_dqn,349,0.76386,5,6.0,True,8000,0.0006140155019238591,0.72
dueling_dqn,350,0.76318,26,-15.0,True,8000,0.0011574954260140657,0.72
dueling_dqn,351,0.7625,20,-9.0,True,8000,0.0004756728303618729,0.72
dueling_dqn,352,0.76182,12,-1.0,True,8000,0.0005795719916932285,0.73
dueling_dqn,353,0.76114,30,-19.0,True,8000,0.00020248102373443544,0.74
dueling_dqn,354,0.76046,12,-1.0,True,8000,0.0002423613186692819,0.74
dueling_dqn,355,0.75979,35,-24.0,True,8000,0.0001202977291541174,0.74
dueling_dqn,356,0.75911,10,1.0,True,8000,8.679412712808698e-05,0.75
dueling_dqn,357,0.75843,14,-3.0,True,8000,0.00017481840041000396,0.75
dueling_dqn,358,0.75775,6,-15.0,False,8000,0.00010235440277028829,0.74
dueling_dqn,359,0.75707,6,-15.0,False,8000,9.73864589468576e-05,0.73
dueling_dqn,360,0.75639,12,-21.0,False,8000,0.00010581707465462387,0.72
dueling_dqn,361,0.75571,40,-40.0,False,8000,0.00019411719404160976,0.72
dueling_dqn,362,0.75504,38,-27.0,True,8000,0.00013795398990623653,0.72
dueling_dqn,363,0.75436,3,8.0,True,8000,0.0002256492734886706,0.72
dueling_dqn,364,0.75368,3,8.0,True,8000,0.00021852101781405509,0.72
dueling_dqn,365,0.753,1,10.0,True,8000,0.00023172234068624675,0.72
dueling_dqn,366,0.75232,37,-26.0,True,8000,0.0007900582277216017,0.73
dueling_dqn,367,0.75164,16,-5.0,True,8000,0.0008872507605701685,0.73
dueling_dqn,368,0.75096,40,-40.0,False,8000,0.0015588782262057066,0.73
dueling_dqn,369,0.75029,10,1.0,True,8000,0.000905584660358727,0.73
dueling_dqn,370,0.74961,24,-13.0,True,8000,0.0002966524916701019,0.74
dueling_dqn,371,0.74893,15,-4.0,True,8000,0.00020239409059286118,0.75
dueling_dqn,372,0.74825,21,-10.0,True,8000,0.0003023581230081618,0.75
dueling_dqn,373,0.74757,17,-6.0,True,8000,0.0005959661211818457,0.75
dueling_dqn,374,0.74689,9,2.0,True,8000,0.0005472996854223311,0.75
dueling_dqn,375,0.74621,8,3.0,True,8000,0.0002971694339066744,0.76
dueling_dqn,376,0.74554,11,0.0,True,8000,0.000543720496352762,0.77
dueling_dqn,377,0.74486,18,-7.0,True,8000,0.0002965695457533002,0.77
dueling_dqn,378,0.74418,5,6.0,True,8000,0.0008622271125204861,0.77
dueling_dqn,379,0.7435,1,10.0,True,8000,0.0005639510345645249,0.77
dueling_dqn,380,0.74282,6,5.0,True,8000,0.00036999661824665964,0.77
dueling_dqn,381,0.74214,14,-3.0,True,8000,0.00100506073795259,0.77
dueling_dqn,382,0.74146,22,-11.0,True,8000,0.0006850289064459503,0.77
dueling_dqn,383,0.74079,7,4.0,True,8000,0.001076517510227859,0.77
dueling_dqn,384,0.74011,26,-15.0,True,8000,0.00026852398877963424,0.78
dueling_dqn,385,0.73943,10,1.0,True,8000,0.0002762565272860229,0.78
dueling_dqn,386,0.73875,14,-3.0,True,8000,0.0003237155615352094,0.79
dueling_dqn,387,0.73807,10,1.0,True,8000,0.0003524096682667732,0.79
dueling_dqn,388,0.73739,37,-26.0,True,8000,0.00037433026591315866,0.79
dueling_dqn,389,0.73671,2,9.0,True,8000,0.00017198703426402062,0.79
dueling_dqn,390,0.73604,7,4.0,True,8000,0.0006484269979409873,0.8
dueling_dqn,391,0.73536,31,-20.0,True,8000,0.00018826949235517532,0.81
dueling_dqn,392,0.73468,31,-20.0,True,8000,0.002082065911963582,0.81
dueling_dqn,393,0.734,14,-3.0,True,8000,0.0005265800864435732,0.81
dueling_dqn,394,0.73332,6,5.0,True,8000,0.0005279431352391839,0.81
dueling_dqn,395,0.73264,5,6.0,True,8000,0.0005939530674368143,0.81
dueling_dqn,396,0.73196,8,3.0,True,8000,0.001117322826758027,0.82
dueling_dqn,397,0.73129,3,8.0,True,8000,0.0005487458547577262,0.82
dueling_dqn,398,0.73061,34,-23.0,True,8000,0.00015149021055549383,0.82
dueling_dqn,399,0.72993,10,1.0,True,8000,8.134868403431028e-05,0.82
dueling_dqn,400,0.72925,8,3.0,True,8000,4.4515851186588407e-05,0.82
dueling_dqn,401,0.72857,40,-40.0,False,8000,0.0005478219245560467,0.81
dueling_dqn,402,0.72789,24,-33.0,False,8000,0.00012966424401383847,0.81
dueling_dqn,403,0.72721,27,-16.0,True,8000,3.467008355073631e-05,0.81
dueling_dqn,404,0.72654,11,0.0,True,8000,2.1066338376840577e-05,0.81
dueling_dqn,405,0.72586,5,6.0,True,8000,2.507768112991471e-05,0.81
dueling_dqn,406,0.72518,12,-1.0,True,8000,0.0004973970935679972,0.81
dueling_dqn,407,0.7245,10,-19.0,False,8000,0.0002651336253620684,0.8
dueling_dqn,408,0.72382,2,9.0,True,8000,0.0003159056359436363,0.8
dueling_dqn,409,0.72314,40,-40.0,False,8000,4.344117405707948e-05,0.8
dueling_dqn,410,0.72246,9,2.0,True,8000,2.3532675186288543e-05,0.8
dueling_dqn,411,0.72179,23,-12.0,True,8000,3.0016467462701257e-06,0.8
dueling_dqn,412,0.72111,18,-7.0,True,8000,0.00034304941073060036,0.8
dueling_dqn,413,0.72043,8,3.0,True,8000,0.00032913050381466746,0.81
dueling_dqn,414,0.71975,3,-12.0,False,8000,0.00026180566055700183,0.8
dueling_dqn,415,0.71907,13,-2.0,True,8000,0.0002729964326135814,0.8
dueling_dqn,416,0.71839,14,-3.0,True,8000,0.00018589445971883833,0.81
dueling_dqn,417,0.71771,1,10.0,True,8000,0.00015785546565894037,0.82
dueling_dqn,418,0.71704,2,9.0,True,8000,0.00012503530888352543,0.83
dueling_dqn,419,0.71636,40,-40.0,False,8000,0.00010556901543168351,0.82
dueling_dqn,420,0.71568,19,-8.0,True,8000,0.0005208189832046628,0.82
dueling_dqn,421,0.715,17,-6.0,True,8000,0.00025178471696563065,0.82
dueling_dqn,422,0.71432,8,3.0,True,8000,0.00021764816483482718,0.82
dueling_dqn,423,0.71364,15,-4.0,True,8000,0.00013711284555029124,0.82
dueling_dqn,424,0.71296,8,3.0,True,8000,6.65962797938846e-05,0.82
dueling_dqn,425,0.71229,33,-22.0,True,8000,0.00016247358871623874,0.82
dueling_dqn,426,0.71161,15,-4.0,True,8000,0.0009982186602428555,0.82
dueling_dqn,427,0.71093,28,-17.0,True,8000,0.0015188948018476367,0.82
dueling_dqn,428,0.71025,21,-10.0,True,8000,0.0027157235890626907,0.83
dueling_dqn,429,0.70957,40,-29.0,True,8000,0.000441294425399974,0.84
dueling_dqn,430,0.70889,8,3.0,True,8000,0.0019121684599667788,0.85
dueling_dqn,431,0.70821,17,-6.0,True,8000,0.0028857169672846794,0.85
dueling_dqn,432,0.70754,1,-10.0,False,8000,0.0011259960010647774,0.84
dueling_dqn,433,0.70686,27,-16.0,True,8000,0.00033240116317756474,0.84
dueling_dqn,434,0.70618,40,-40.0,False,8000,0.00031480295001529157,0.83
dueling_dqn,435,0.7055,9,2.0,True,8000,0.0001418346946593374,0.84
dueling_dqn,436,0.70482,2,9.0,True,8000,0.00018933961109723896,0.84
dueling_dqn,437,0.70414,39,-28.0,True,8000,8.664778579259291e-05,0.84
dueling_dqn,438,0.70346,11,0.0,True,8000,8.240771421696991e-05,0.85
dueling_dqn,439,0.70279,2,9.0,True,8000,5.091948696644977e-05,0.85
dueling_dqn,440,0.70211,19,-8.0,True,8000,3.642310548457317e-05,0.85
dueling_dqn,441,0.70143,23,-12.0,True,8000,6.381508137565106e-05,0.86
dueling_dqn,442,0.70075,24,-13.0,True,8000,8.803568198345602e-05,0.86
dueling_dqn,443,0.70007,3,8.0,True,8000,7.03613695804961e-05,0.87
dueling_dqn,444,0.69939,27,-16.0,True,8000,3.654509418993257e-05,0.87
dueling_dqn,445,0.69871,19,-8.0,True,8000,1.5468200217583217e-05,0.87
dueling_dqn,446,0.69804,40,-40.0,False,8000,0.00011497690866235644,0.86
dueling_dqn,447,0.69736,17,-6.0,True,8000,2.467343074386008e-05,0.86
dueling_dqn,448,0.69668,7,4.0,True,8000,2.7038913685828447e-05,0.86
dueling_dqn,449,0.696,2,-11.0,False,8000,1.7175707398564555e-05,0.85
dueling_dqn,450,0.69532,1,10.0,True,8000,2.81077554973308e-05,0.85
dueling_dqn,451,0.69464,16,-5.0,True,8000,1.3608138033305295e-05,0.85
dueling_dqn,452,0.69396,10,1.0,True,8000,1.2862351468356792e-05,0.85
dueling_dqn,453,0.69329,27,-16.0,True,8000,2.9271732273628004e-06,0.85
dueling_dqn,454,0.69261,12,-1.0,True,8000,2.5155675302812597e-06,0.85
dueling_dqn,455,0.69193,37,-26.0,True,8000,2.447677616146393e-05,0.85
dueling_dqn,456,0.69125,26,-15.0,True,8000,2.6439416615176015e-05,0.85
dueling_dqn,457,0.69057,28,-17.0,True,8000,4.247938340995461e-05,0.85
dueling_dqn,458,0.68989,9,2.0,True,8000,2.6881685698754154e-05,0.86
dueling_dqn,459,0.68921,31,-20.0,True,8000,0.0009629076230339706,0.87
dueling_dqn,460,0.68854,10,1.0,True,8000,0.0006621726788580418,0.88
dueling_dqn,461,0.68786,40,-40.0,False,8000,0.00023658528516534716,0.88
dueling_dqn,462,0.68718,9,2.0,True,8000,0.00020418994245119393,0.88
dueling_dqn,463,0.6865,5,6.0,True,8000,8.278584573417902e-05,0.88
dueling_dqn,464,0.68582,3,8.0,True,8000,7.229353650473058e-05,0.88
dueling_dqn,465,0.68514,33,-22.0,True,8000,0.00026761123444885015,0.88
dueling_dqn,466,0.68446,4,7.0,True,8000,0.00015841009735595435,0.88
dueling_dqn,467,0.68379,5,6.0,True,8000,0.0001314270921284333,0.88
dueling_dqn,468,0.68311,10,1.0,True,8000,6.585522351088002e-05,0.89
dueling_dqn,469,0.68243,3,8.0,True,8000,5.85220186621882e-05,0.89
dueling_dqn,470,0.68175,13,-2.0,True,8000,1.3403182492766064e-05,0.89
dueling_dqn,471,0.68107,5,6.0,True,8000,8.202757453545928e-05,0.89
dueling_dqn,472,0.68039,13,-2.0,True,8000,5.260656325845048e-05,0.89
dueling_dqn,473,0.67971,13,-2.0,True,8000,2.2907464881427586e-05,0.89
dueling_dqn,474,0.67904,1,10.0,True,8000,2.782493902486749e-05,0.89
dueling_dqn,475,0.67836,3,8.0,True,8000,1.5806255760253407e-05,0.89
dueling_dqn,476,0.67768,8,3.0,True,8000,0.00012391329801175743,0.89
dueling_dqn,477,0.677,20,-9.0,True,8000,5.434813647298142e-05,0.89
dueling_dqn,478,0.67632,31,-20.0,True,8000,0.0005281438934616745,0.89
dueling_dqn,479,0.67564,8,3.0,True,8000,0.0002867222356144339,0.89
dueling_dqn,480,0.67496,1,-10.0,False,8000,0.00010225146252196282,0.88
dueling_dqn,481,0.67429,11,0.0,True,8000,0.00022063087089918554,0.88
dueling_dqn,482,0.67361,23,-12.0,True,8000,0.00010588455916149542,0.88
dueling_dqn,483,0.67293,7,4.0,True,8000,0.0004625308501999825,0.88
dueling_dqn,484,0.67225,1,10.0,True,8000,0.0003641759685706347,0.88
dueling_dqn,485,0.67157,21,-10.0,True,8000,0.00042464392026886344,0.88
dueling_dqn,486,0.67089,18,-7.0,True,8000,0.00040525206713937223,0.88
dueling_dqn,487,0.67021,4,7.0,True,8000,0.000504671479575336,0.88
dueling_dqn,488,0.66954,9,2.0,True,8000,0.0003427418414503336,0.88
dueling_dqn,489,0.66886,4,7.0,True,8000,0.0003024219477083534,0.88
dueling_dqn,490,0.66818,7,4.0,True,8000,0.0009323050617240369,0.88
dueling_dqn,491,0.6675,13,-2.0,True,8000,0.0004418474272824824,0.88
dueling_dqn,492,0.66682,3,-12.0,False,8000,0.00044901043293066323,0.87
dueling_dqn,493,0.66614,32,-21.0,True,8000,0.00030069725471548736,0.87
dueling_dqn,494,0.66546,15,-4.0,True,8000,6.309802847681567e-05,0.87
dueling_dqn,495,0.66479,9,2.0,True,8000,9.105453500524163e-05,0.87
dueling_dqn,496,0.66411,2,9.0,True,8000,0.00017136329552158713,0.87
dueling_dqn,497,0.66343,19,-8.0,True,8000,3.152287536067888e-05,0.87
dueling_dqn,498,0.66275,19,-8.0,True,8000,1.620041257410776e-05,0.87
dueling_dqn,499,0.66207,32,-21.0,True,8000,0.0005372138693928719,0.87
dueling_dqn,500,0.66139,16,-5.0,True,8000,0.00012468644126784056,0.87
dueling_dqn,501,0.66071,1,10.0,True,8000,0.00017075889627449214,0.88
dueling_dqn,502,0.66004,24,-13.0,True,8000,0.00028728265897370875,0.89
dueling_dqn,503,0.65936,7,4.0,True,8000,9.007355401990935e-05,0.89
dueling_dqn,504,0.65868,6,5.0,True,8000,0.0005050845211371779,0.89
dueling_dqn,505,0.658,14,-3.0,True,8000,0.00042433003545738757,0.89
dueling_dqn,506,0.65732,34,-23.0,True,8000,0.00045700068585574627,0.89
dueling_dqn,507,0.65664,29,-18.0,True,8000,0.00014891184400767088,0.9
dueling_dqn,508,0.65596,5,6.0,True,8000,0.00010914300219155848,0.9
dueling_dqn,509,0.65529,26,-15.0,True,8000,7.187906885519624e-05,0.91
dueling_dqn,510,0.65461,3,8.0,True,8000,8.411439193878323e-05,0.91
dueling_dqn,511,0.65393,9,2.0,True,8000,1.3874873729946557e-05,0.91
dueling_dqn,512,0.65325,24,-13.0,True,8000,0.0005177606944926083,0.91
dueling_dqn,513,0.65257,24,-13.0,True,8000,0.0005440075183287263,0.91
dueling_dqn,514,0.65189,31,-20.0,True,8000,0.0013881797203794122,0.92
dueling_dqn,515,0.65121,15,-4.0,True,8000,0.0008958972175605595,0.92
dueling_dqn,516,0.65054,9,2.0,True,8000,0.001118370913900435,0.92
dueling_dqn,517,0.64986,8,3.0,True,8000,0.0011630880180746317,0.92
dueling_dqn,518,0.64918,9,-18.0,False,8000,0.0010121342493221164,0.91
dueling_dqn,519,0.6485,18,-7.0,True,8000,0.0007088147103786469,0.92
dueling_dqn,520,0.64782,9,2.0,True,8000,0.00042093649972230196,0.92
dueling_dqn,521,0.64714,10,1.0,True,8000,0.0002660510945133865,0.92
dueling_dqn,522,0.64646,5,6.0,True,8000,0.0006816350505687296,0.92
dueling_dqn,523,0.64579,39,-28.0,True,8000,0.00037767100729979575,0.92
dueling_dqn,524,0.64511,15,-4.0,True,8000,0.0020445892587304115,0.92
dueling_dqn,525,0.64443,3,8.0,True,8000,0.0008692739647813141,0.92
dueling_dqn,526,0.64375,2,9.0,True,8000,0.0017351011047139764,0.92
dueling_dqn,527,0.64307,11,0.0,True,8000,0.0032748717349022627,0.92
dueling_dqn,528,0.64239,10,-19.0,False,8000,0.0008821601513773203,0.91
dueling_dqn,529,0.64171,1,10.0,True,8000,0.000768556259572506,0.91
dueling_dqn,530,0.64104,5,6.0,True,8000,0.0006837031105533242,0.91
dueling_dqn,531,0.64036,29,-18.0,True,8000,0.001162513974122703,0.91
dueling_dqn,532,0.63968,33,-22.0,True,8000,0.00017366315296385437,0.92
dueling_dqn,533,0.639,18,-7.0,True,8000,0.0007646301528438926,0.92
dueling_dqn,534,0.63832,15,-4.0,True,8000,0.0008685026550665498,0.93
dueling_dqn,535,0.63764,4,-13.0,False,8000,0.0007028786349110305,0.92
dueling_dqn,536,0.63696,11,0.0,True,8000,0.0004250713682267815,0.92
dueling_dqn,537,0.63629,20,-9.0,True,8000,0.0002599256986286491,0.92
dueling_dqn,538,0.63561,9,2.0,True,8000,0.00013300932187121361,0.92
dueling_dqn,539,0.63493,3,-12.0,False,8000,0.00021060372819192708,0.91
dueling_dqn,540,0.63425,16,-5.0,True,8000,9.645487443776801e-05,0.91
dueling_dqn,541,0.63357,18,-7.0,True,8000,0.0002404909610049799,0.91
dueling_dqn,542,0.63289,1,10.0,True,8000,6.946606299607083e-05,0.91
dueling_dqn,543,0.63221,10,1.0,True,8000,0.00011560321581782773,0.91
dueling_dqn,544,0.63154,13,-2.0,True,8000,0.00014780940546188504,0.91
dueling_dqn,545,0.63086,21,-10.0,True,8000,7.044951780699193e-05,0.91
dueling_dqn,546,0.63018,4,7.0,True,8000,0.00010790956730488688,0.92
dueling_dqn,547,0.6295,3,8.0,True,8000,0.00011106792226200923,0.92
dueling_dqn,548,0.62882,9,2.0,True,8000,9.182022768072784e-05,0.92
dueling_dqn,549,0.62814,8,3.0,True,8000,5.4176984122022986e-05,0.93
dueling_dqn,550,0.62746,5,6.0,True,8000,0.00011482580885058269,0.93
dueling_dqn,551,0.62679,9,2.0,True,8000,7.169989112298936e-05,0.93
dueling_dqn,552,0.62611,9,2.0,True,8000,0.00014221288438420743,0.93
dueling_dqn,553,0.62543,24,-13.0,True,8000,0.00011615191760938615,0.93
dueling_dqn,554,0.62475,4,7.0,True,8000,8.913686906453222e-05,0.93
dueling_dqn,555,0.62407,5,6.0,True,8000,7.742904563201591e-05,0.93
dueling_dqn,556,0.62339,34,-23.0,True,8000,3.052155443583615e-05,0.93
dueling_dqn,557,0.62271,12,-1.0,True,8000,2.7791105821961537e-05,0.93
dueling_dqn,558,0.62204,2,9.0,True,8000,1.0350204320275225e-05,0.93
dueling_dqn,559,0.62136,13,-2.0,True,8000,2.461944313836284e-05,0.93
dueling_dqn,560,0.62068,11,0.0,True,8000,0.000475824112072587,0.93
dueling_dqn,561,0.62,12,-1.0,True,8000,0.00012250605504959822,0.94
dueling_dqn,562,0.61932,2,9.0,True,8000,0.00025172423920594156,0.94
dueling_dqn,563,0.61864,4,7.0,True,8000,0.0004891950520686805,0.94
dueling_dqn,564,0.61796,9,2.0,True,8000,0.00039607996586710215,0.94
dueling_dqn,565,0.61729,3,8.0,True,8000,0.0004364984924905002,0.94
dueling_dqn,566,0.61661,16,-5.0,True,8000,0.00013710284838452935,0.94
dueling_dqn,567,0.61593,31,-20.0,True,8000,0.0003203001688234508,0.94
dueling_dqn,568,0.61525,6,5.0,True,8000,0.00025620823726058006,0.94
dueling_dqn,569,0.61457,4,7.0,True,8000,0.00020293574198149145,0.94
dueling_dqn,570,0.61389,1,10.0,True,8000,0.0003460844454821199,0.94
dueling_dqn,571,0.61321,8,3.0,True,8000,0.0002320485218660906,0.94
dueling_dqn,572,0.61254,7,4.0,True,8000,0.0003848298511002213,0.94
dueling_dqn,573,0.61186,5,6.0,True,8000,0.0005512820207513869,0.94
dueling_dqn,574,0.61118,2,9.0,True,8000,0.00022134566097520292,0.94
dueling_dqn,575,0.6105,12,-1.0,True,8000,0.0006567661184817553,0.94
dueling_dqn,576,0.60982,17,-6.0,True,8000,0.0017752302810549736,0.94
dueling_dqn,577,0.60914,14,-3.0,True,8000,0.002828673692420125,0.94
dueling_dqn,578,0.60846,16,-5.0,True,8000,0.0027483273297548294,0.94
dueling_dqn,579,0.60779,25,-14.0,True,8000,0.0007888582767918706,0.94
dueling_dqn,580,0.60711,3,8.0,True,8000,0.0009355355286970735,0.95
dueling_dqn,581,0.60643,18,-7.0,True,8000,0.00025445842766202986,0.95
dueling_dqn,582,0.60575,6,5.0,True,8000,5.474068166222423e-05,0.95
dueling_dqn,583,0.60507,1,10.0,True,8000,9.290893649449572e-05,0.95
dueling_dqn,584,0.60439,8,3.0,True,8000,7.05692800693214e-05,0.95
dueling_dqn,585,0.60371,5,6.0,True,8000,8.599526336183771e-05,0.95
dueling_dqn,586,0.60304,11,0.0,True,8000,4.9078927986556664e-05,0.95
dueling_dqn,587,0.60236,3,8.0,True,8000,5.617445640382357e-05,0.95
dueling_dqn,588,0.60168,18,-7.0,True,8000,2.161639349651523e-05,0.95
dueling_dqn,589,0.601,16,-5.0,True,8000,8.240514034696389e-06,0.95
dueling_dqn,590,0.60032,10,1.0,True,8000,0.0004227236786391586,0.95
dueling_dqn,591,0.59964,20,-9.0,True,8000,0.00011348624684615061,0.95
dueling_dqn,592,0.59896,6,5.0,True,8000,0.00015404130681417882,0.96
dueling_dqn,593,0.59829,6,5.0,True,8000,0.00014057975204195827,0.96
dueling_dqn,594,0.59761,6,5.0,True,8000,0.00014746988017577678,0.96
dueling_dqn,595,0.59693,26,-15.0,True,8000,0.0001805517531465739,0.96
dueling_dqn,596,0.59625,6,5.0,True,8000,0.00015388250176329166,0.96
dueling_dqn,597,0.59557,11,0.0,True,8000,9.699907241156325e-05,0.96
dueling_dqn,598,0.59489,3,8.0,True,8000,5.088859688839875e-05,0.96
dueling_dqn,599,0.59421,15,-4.0,True,8000,0.0002754735469352454,0.96
dueling_dqn,600,0.59354,8,3.0,True,8000,0.00020685406343545765,0.96
dueling_dqn,601,0.59286,9,2.0,True,8000,0.00010614938219077885,0.96
dueling_dqn,602,0.59218,19,-8.0,True,8000,8.526722376700491e-05,0.96
dueling_dqn,603,0.5915,15,-4.0,True,8000,0.0003810626803897321,0.96
dueling_dqn,604,0.59082,6,5.0,True,8000,0.0001980164961423725,0.96
dueling_dqn,605,0.59014,5,6.0,True,8000,0.0002098113182000816,0.96
dueling_dqn,606,0.58946,18,-7.0,True,8000,0.00016041778144426644,0.96
dueling_dqn,607,0.58879,36,-25.0,True,8000,0.00019307160982862115,0.96
dueling_dqn,608,0.58811,2,-11.0,False,8000,8.326162787852809e-05,0.95
dueling_dqn,609,0.58743,12,-1.0,True,8000,0.00012237776536494493,0.95
dueling_dqn,610,0.58675,6,5.0,True,8000,9.266931738238782e-05,0.95
dueling_dqn,611,0.58607,10,1.0,True,8000,6.009919161442667e-05,0.95
dueling_dqn,612,0.58539,4,7.0,True,8000,3.6553006793837994e-05,0.95
dueling_dqn,613,0.58471,9,2.0,True,8000,8.591328514739871e-05,0.95
dueling_dqn,614,0.58404,8,3.0,True,8000,3.814783849520609e-05,0.95
dueling_dqn,615,0.58336,16,-5.0,True,8000,2.605447662062943e-05,0.95
dueling_dqn,616,0.58268,13,-2.0,True,8000,0.00012599378533195704,0.95
dueling_dqn,617,0.582,8,3.0,True,8000,0.00016435683937743306,0.95
dueling_dqn,618,0.58132,17,-6.0,True,8000,0.0001621925475774333,0.96
dueling_dqn,619,0.58064,13,-2.0,True,8000,4.993038237444125e-05,0.96
dueling_dqn,620,0.57996,1,10.0,True,8000,5.21326728630811e-05,0.96
dueling_dqn,621,0.57929,7,4.0,True,8000,0.0001164748246083036,0.96
dueling_dqn,622,0.57861,13,-2.0,True,8000,4.763129254570231e-05,0.96
dueling_dqn,623,0.57793,14,-3.0,True,8000,0.0001109462755266577,0.96
dueling_dqn,624,0.57725,6,5.0,True,8000,7.929459388833493e-05,0.96
dueling_dqn,625,0.57657,9,2.0,True,8000,6.883595051476732e-05,0.96
dueling_dqn,626,0.57589,8,3.0,True,8000,3.081340400967747e-05,0.96
dueling_dqn,627,0.57521,18,-7.0,True,8000,5.677608714904636e-05,0.96
dueling_dqn,628,0.57454,8,3.0,True,8000,7.247548637678847e-05,0.97
dueling_dqn,629,0.57386,13,-2.0,True,8000,0.00012995093129575253,0.97
dueling_dqn,630,0.57318,6,5.0,True,8000,0.00016071769641712308,0.97
dueling_dqn,631,0.5725,5,6.0,True,8000,0.00015478917339351028,0.97
dueling_dqn,632,0.57182,4,7.0,True,8000,0.00023301826149690896,0.97
dueling_dqn,633,0.57114,11,0.0,True,8000,8.040736429393291e-05,0.97
dueling_dqn,634,0.57046,17,-6.0,True,8000,2.911781848524697e-05,0.97
dueling_dqn,635,0.56979,16,-5.0,True,8000,1.58015318447724e-05,0.98
dueling_dqn,636,0.56911,11,0.0,True,8000,4.078855272382498e-05,0.98
dueling_dqn,637,0.56843,4,7.0,True,8000,6.120533362263814e-05,0.98
dueling_dqn,638,0.56775,7,4.0,True,8000,2.6378977054264396e-05,0.98
dueling_dqn,639,0.56707,1,-10.0,False,8000,5.165140100871213e-05,0.98
dueling_dqn,640,0.56639,1,10.0,True,8000,3.5153760109096766e-05,0.98
dueling_dqn,641,0.56571,3,8.0,True,8000,3.461366577539593e-05,0.98
dueling_dqn,642,0.56504,11,0.0,True,8000,3.2894608011702076e-05,0.98
dueling_dqn,643,0.56436,13,-2.0,True,8000,2.4392400518991053e-05,0.98
dueling_dqn,644,0.56368,4,-13.0,False,8000,3.519473102642223e-05,0.97
dueling_dqn,645,0.563,20,-9.0,True,8000,0.0002161905140383169,0.97
dueling_dqn,646,0.56232,6,5.0,True,8000,0.00021800216927658767,0.97
dueling_dqn,647,0.56164,19,-8.0,True,8000,0.00010457284952281043,0.97
dueling_dqn,648,0.56096,17,-6.0,True,8000,8.829124999465421e-05,0.97
dueling_dqn,649,0.56029,4,7.0,True,8000,4.692533548222855e-05,0.97
dueling_dqn,650,0.55961,7,4.0,True,8000,3.902293974533677e-05,0.97
dueling_dqn,651,0.55893,8,3.0,True,8000,2.020408101088833e-05,0.97
dueling_dqn,652,0.55825,16,-5.0,True,8000,2.9164901206968352e-05,0.97
dueling_dqn,653,0.55757,1,10.0,True,8000,2.0080889953533188e-05,0.97
dueling_dqn,654,0.55689,15,-24.0,False,8000,7.295484465430491e-06,0.96
dueling_dqn,655,0.55621,12,-1.0,True,8000,6.3994193624239415e-06,0.96
dueling_dqn,656,0.55554,1,10.0,True,8000,1.3710510756936856e-05,0.96
dueling_dqn,657,0.55486,8,3.0,True,8000,2.3021337256068364e-05,0.96
dueling_dqn,658,0.55418,6,5.0,True,8000,6.914662662893534e-06,0.96
dueling_dqn,659,0.5535,4,7.0,True,8000,3.236098928027786e-05,0.96
dueling_dqn,660,0.55282,10,1.0,True,8000,0.00015917426208034158,0.96
dueling_dqn,661,0.55214,2,9.0,True,8000,7.715065294178203e-05,0.96
dueling_dqn,662,0.55146,3,8.0,True,8000,5.6712975492700934e-05,0.96
dueling_dqn,663,0.55079,18,-7.0,True,8000,7.233473297674209e-05,0.96
dueling_dqn,664,0.55011,14,-3.0,True,8000,0.00010523463424760848,0.96
dueling_dqn,665,0.54943,16,-5.0,True,8000,6.164354999782518e-05,0.96
dueling_dqn,666,0.54875,2,9.0,True,8000,7.08532752469182e-05,0.96
dueling_dqn,667,0.54807,4,7.0,True,8000,0.00016203313134610653,0.96
dueling_dqn,668,0.54739,11,0.0,True,8000,7.788287621224299e-05,0.96
dueling_dqn,669,0.54671,7,4.0,True,8000,3.673713581520133e-05,0.96
dueling_dqn,670,0.54604,6,5.0,True,8000,4.94151609018445e-05,0.96
dueling_dqn,671,0.54536,22,-11.0,True,8000,7.594078488182276e-05,0.96
dueling_dqn,672,0.54468,18,-7.0,True,8000,3.865833059535362e-05,0.96
dueling_dqn,673,0.544,5,6.0,True,8000,0.00012842437718063593,0.96
dueling_dqn,674,0.54332,7,4.0,True,8000,7.434928556904197e-05,0.96
dueling_dqn,675,0.54264,5,6.0,True,8000,6.456363917095587e-05,0.96
dueling_dqn,676,0.54196,16,-5.0,True,8000,0.00025070784613490105,0.96
dueling_dqn,677,0.54129,8,3.0,True,8000,0.00011864008411066607,0.96
dueling_dqn,678,0.54061,13,-2.0,True,8000,0.0007843106868676841,0.96
dueling_dqn,679,0.53993,20,-9.0,True,8000,0.00027448328910395503,0.96
dueling_dqn,680,0.53925,17,-6.0,True,8000,0.000678585609421134,0.96
dueling_dqn,681,0.53857,17,-6.0,True,8000,0.00023143558064475656,0.96
dueling_dqn,682,0.53789,2,9.0,True,8000,0.0007200741092674434,0.96
dueling_dqn,683,0.53721,1,-10.0,False,8000,0.000497839821036905,0.95
dueling_dqn,684,0.53654,1,10.0,True,8000,0.0006761567201465368,0.95
dueling_dqn,685,0.53586,16,-5.0,True,8000,0.0009016709518618882,0.95
dueling_dqn,686,0.53518,13,-2.0,True,8000,0.00018006001482717693,0.95
dueling_dqn,687,0.5345,10,1.0,True,8000,0.00038286333438009024,0.95
dueling_dqn,688,0.53382,4,7.0,True,8000,0.00020042050164192915,0.95
dueling_dqn,689,0.53314,27,-16.0,True,8000,0.001055890810675919,0.95
dueling_dqn,690,0.53246,16,-5.0,True,8000,0.000816074782051146,0.95
dueling_dqn,691,0.53179,21,-10.0,True,8000,0.001029816223308444,0.95
dueling_dqn,692,0.53111,12,-1.0,True,8000,0.0010499419877305627,0.95
dueling_dqn,693,0.53043,4,7.0,True,8000,0.00045566968037746847,0.95
dueling_dqn,694,0.52975,8,3.0,True,8000,0.0003215525357518345,0.95
dueling_dqn,695,0.52907,7,4.0,True,8000,0.000431325810495764,0.95
dueling_dqn,696,0.52839,7,4.0,True,8000,0.0005805626278743148,0.95
dueling_dqn,697,0.52771,16,-5.0,True,8000,0.0003814895753748715,0.95
dueling_dqn,698,0.52704,1,-10.0,False,8000,0.00011892445763805881,0.94
dueling_dqn,699,0.52636,13,-2.0,True,8000,0.00033713653101585805,0.94
dueling_dqn,700,0.52568,1,10.0,True,8000,0.0003018334391526878,0.94
dueling_dqn,701,0.525,20,-9.0,True,8000,0.00016873267304617912,0.94
dueling_dqn,702,0.52432,2,9.0,True,8000,0.0004737375711556524,0.94
dueling_dqn,703,0.52364,9,2.0,True,8000,0.00039942903094924986,0.94
dueling_dqn,704,0.52296,6,5.0,True,8000,0.000243252536165528,0.94
dueling_dqn,705,0.52229,11,0.0,True,8000,0.000694799586199224,0.94
dueling_dqn,706,0.52161,10,1.0,True,8000,0.0006399396806955338,0.94
dueling_dqn,707,0.52093,28,-17.0,True,8000,0.000472139596240595,0.94
dueling_dqn,708,0.52025,12,-1.0,True,8000,0.0008269042591564357,0.95
dueling_dqn,709,0.51957,17,-6.0,True,8000,0.00035033331369049847,0.95
dueling_dqn,710,0.51889,7,4.0,True,8000,0.0003823699662461877,0.95
dueling_dqn,711,0.51821,4,7.0,True,8000,0.000309490947984159,0.95
dueling_dqn,712,0.51754,8,3.0,True,8000,0.0002129596541635692,0.95
dueling_dqn,713,0.51686,1,10.0,True,8000,0.00024587774532847106,0.95
dueling_dqn,714,0.51618,5,6.0,True,8000,0.0002124059828929603,0.95
dueling_dqn,715,0.5155,8,3.0,True,8000,0.0001690759090706706,0.95
dueling_dqn,716,0.51482,8,3.0,True,8000,0.00024018195108510554,0.95
dueling_dqn,717,0.51414,18,-7.0,True,8000,0.00012052660167682916,0.95
dueling_dqn,718,0.51346,14,-3.0,True,8000,6.855714309494942e-05,0.95
dueling_dqn,719,0.51279,10,1.0,True,8000,0.0006792020285502076,0.95
dueling_dqn,720,0.51211,4,7.0,True,8000,0.0008077154052443802,0.95
dueling_dqn,721,0.51143,4,7.0,True,8000,0.0008684518979862332,0.95
dueling_dqn,722,0.51075,9,2.0,True,8000,0.0019078499171882868,0.95
dueling_dqn,723,0.51007,10,1.0,True,8000,0.0013111393200233579,0.95
dueling_dqn,724,0.50939,5,6.0,True,8000,0.000601050560362637,0.95
dueling_dqn,725,0.50871,13,-2.0,True,8000,0.0006249450379982591,0.95
dueling_dqn,726,0.50804,18,-7.0,True,8000,8.716537558939308e-05,0.95
dueling_dqn,727,0.50736,14,-3.0,True,8000,0.0005289025721140206,0.95
dueling_dqn,728,0.50668,12,-1.0,True,8000,0.0002578530984465033,0.95
dueling_dqn,729,0.506,11,0.0,True,8000,0.001727687194943428,0.95
dueling_dqn,730,0.50532,4,-13.0,False,8000,0.0006121275364421308,0.94
dueling_dqn,731,0.50464,4,7.0,True,8000,0.00097651471151039,0.94
dueling_dqn,732,0.50396,8,3.0,True,8000,0.0004331425006967038,0.94
dueling_dqn,733,0.50329,10,1.0,True,8000,0.0005901062395423651,0.94
dueling_dqn,734,0.50261,16,-5.0,True,8000,0.00024509269860573113,0.94
dueling_dqn,735,0.50193,3,8.0,True,8000,0.00028149355784989893,0.94
dueling_dqn,736,0.50125,10,1.0,True,8000,0.0008159719873219728,0.94
dueling_dqn,737,0.50057,11,0.0,True,8000,0.0003031313535757363,0.94
dueling_dqn,738,0.49989,8,3.0,True,8000,0.0005262746708467603,0.94
dueling_dqn,739,0.49921,9,2.0,True,8000,0.0010543974349275231,0.95
dueling_dqn,740,0.49854,21,-10.0,True,8000,0.0007288219640031457,0.95
dueling_dqn,741,0.49786,6,5.0,True,8000,0.0015575913712382317,0.95
dueling_dqn,742,0.49718,14,-3.0,True,8000,0.0004981692181900144,0.95
dueling_dqn,743,0.4965,7,4.0,True,8000,0.00019868227536790073,0.95
dueling_dqn,744,0.49582,3,8.0,True,8000,0.00019639333186205477,0.96
dueling_dqn,745,0.49514,7,4.0,True,8000,0.00021610409021377563,0.96
dueling_dqn,746,0.49446,6,5.0,True,8000,9.316326031694189e-05,0.96
dueling_dqn,747,0.49379,10,1.0,True,8000,6.713201582897455e-05,0.96
dueling_dqn,748,0.49311,11,0.0,True,8000,4.321329470258206e-05,0.96
dueling_dqn,749,0.49243,22,-11.0,True,8000,5.73107945456286e-06,0.96
dueling_dqn,750,0.49175,34,-23.0,True,8000,0.00024454406229779124,0.96
dueling_dqn,751,0.49107,12,-1.0,True,8000,0.0001141449756687507,0.96
dueling_dqn,752,0.49039,18,-7.0,True,8000,0.00038235794636420906,0.96
dueling_dqn,753,0.48971,10,1.0,True,8000,0.0008847858989611268,0.96
dueling_dqn,754,0.48904,11,0.0,True,8000,0.0004927219124510884,0.97
dueling_dqn,755,0.48836,3,8.0,True,8000,0.0014299266040325165,0.97
dueling_dqn,756,0.48768,2,9.0,True,8000,0.0006361546693369746,0.97
dueling_dqn,757,0.487,4,7.0,True,8000,0.00040603819070383906,0.97
dueling_dqn,758,0.48632,6,5.0,True,8000,0.00045827997382730246,0.97
dueling_dqn,759,0.48564,1,10.0,True,8000,0.0009628850966691971,0.97
dueling_dqn,760,0.48496,1,10.0,True,8000,0.0013575005577877164,0.97
dueling_dqn,761,0.48429,16,-5.0,True,8000,0.0015169974649325013,0.97
dueling_dqn,762,0.48361,11,0.0,True,8000,0.0011571767972782254,0.97
dueling_dqn,763,0.48293,10,1.0,True,8000,0.0019914384465664625,0.97
dueling_dqn,764,0.48225,8,3.0,True,8000,0.0006346309091895819,0.97
dueling_dqn,765,0.48157,9,2.0,True,8000,0.0018241975922137499,0.97
dueling_dqn,766,0.48089,7,4.0,True,8000,0.0011036742944270372,0.97
dueling_dqn,767,0.48021,8,3.0,True,8000,0.0011157491244375706,0.97
dueling_dqn,768,0.47954,9,2.0,True,8000,0.0007685443270020187,0.97
dueling_dqn,769,0.47886,14,-3.0,True,8000,0.0005198217695578933,0.97
dueling_dqn,770,0.47818,12,-1.0,True,8000,0.0009095239220187068,0.97
dueling_dqn,771,0.4775,8,3.0,True,8000,0.0006820817943662405,0.97
dueling_dqn,772,0.47682,5,6.0,True,8000,0.00021730459411628544,0.97
dueling_dqn,773,0.47614,16,-5.0,True,8000,0.0001835431030485779,0.97
dueling_dqn,774,0.47546,19,-8.0,True,8000,0.0001977370702661574,0.97
dueling_dqn,775,0.47479,30,-19.0,True,8000,5.7169065257767215e-05,0.97
dueling_dqn,776,0.47411,3,8.0,True,8000,0.00017145281890407205,0.97
dueling_dqn,777,0.47343,4,7.0,True,8000,0.0001264764869119972,0.97
dueling_dqn,778,0.47275,6,5.0,True,8000,3.800269769271836e-05,0.97
dueling_dqn,779,0.47207,5,6.0,True,8000,0.000305365800159052,0.97
dueling_dqn,780,0.47139,12,-1.0,True,8000,0.00014091504272073507,0.97
dueling_dqn,781,0.47071,5,6.0,True,8000,8.694744610693306e-05,0.97
dueling_dqn,782,0.47004,1,10.0,True,8000,0.0001734332909109071,0.97
dueling_dqn,783,0.46936,7,4.0,True,8000,4.523356619756669e-05,0.98
dueling_dqn,784,0.46868,3,8.0,True,8000,8.366680413018912e-05,0.98
dueling_dqn,785,0.468,14,-3.0,True,8000,7.352874672506005e-05,0.98
dueling_dqn,786,0.46732,5,6.0,True,8000,1.9151386368321255e-05,0.98
dueling_dqn,787,0.46664,17,-6.0,True,8000,1.3551694792113267e-05,0.98
dueling_dqn,788,0.46596,3,8.0,True,8000,1.996738137677312e-05,0.98
dueling_dqn,789,0.46529,1,10.0,True,8000,1.2594844520208426e-05,0.98
dueling_dqn,790,0.46461,5,6.0,True,8000,1.9697843526955694e-05,0.98
dueling_dqn,791,0.46393,1,-10.0,False,8000,1.1663024451991078e-05,0.97
dueling_dqn,792,0.46325,13,-2.0,True,8000,1.2672732736973558e-05,0.97
dueling_dqn,793,0.46257,6,5.0,True,8000,1.45573267218424e-05,0.97
dueling_dqn,794,0.46189,2,9.0,True,8000,8.304567018058151e-06,0.97
dueling_dqn,795,0.46121,12,-1.0,True,8000,0.00013442369527183473,0.97
dueling_dqn,796,0.46054,19,-8.0,True,8000,4.816618820768781e-05,0.97
dueling_dqn,797,0.45986,7,4.0,True,8000,8.00665293354541e-05,0.97
dueling_dqn,798,0.45918,11,0.0,True,8000,2.3633336240891367e-05,0.98
dueling_dqn,799,0.4585,1,10.0,True,8000,2.352494266233407e-05,0.98
dueling_dqn,800,0.45782,5,6.0,True,8000,2.7808855520561337e-05,0.98
dueling_dqn,801,0.45714,6,5.0,True,8000,2.362905979680363e-05,0.98
dueling_dqn,802,0.45646,4,7.0,True,8000,2.5191751774400473e-05,0.98
dueling_dqn,803,0.45579,21,-10.0,True,8000,3.345893128425814e-05,0.98
dueling_dqn,804,0.45511,11,0.0,True,8000,2.432370456517674e-05,0.98
dueling_dqn,805,0.45443,11,0.0,True,8000,0.00012665061512961984,0.98
dueling_dqn,806,0.45375,3,8.0,True,8000,0.00011212926619919017,0.98
dueling_dqn,807,0.45307,19,-8.0,True,8000,0.00014478036609943956,0.98
dueling_dqn,808,0.45239,10,1.0,True,8000,5.835113552166149e-05,0.98
dueling_dqn,809,0.45171,17,-6.0,True,8000,1.753399737935979e-05,0.98
dueling_dqn,810,0.45104,4,7.0,True,8000,1.8290706066181883e-05,0.98
dueling_dqn,811,0.45036,7,4.0,True,8000,1.3732487786910497e-05,0.98
dueling_dqn,812,0.44968,3,8.0,True,8000,2.1326573914848268e-05,0.98
dueling_dqn,813,0.449,5,6.0,True,8000,1.4793126865697559e-05,0.98
dueling_dqn,814,0.44832,6,5.0,True,8000,1.336622517555952e-05,0.98
dueling_dqn,815,0.44764,4,7.0,True,8000,1.291607622988522e-05,0.98
dueling_dqn,816,0.44696,11,0.0,True,8000,5.261578280624235e-06,0.98
dueling_dqn,817,0.44629,7,4.0,True,8000,9.174608567263931e-05,0.98
dueling_dqn,818,0.44561,12,-1.0,True,8000,4.067660483997315e-05,0.98
dueling_dqn,819,0.44493,6,5.0,True,8000,3.9343314711004496e-05,0.98
dueling_dqn,820,0.44425,6,5.0,True,8000,3.7802692531840876e-05,0.98
dueling_dqn,821,0.44357,2,9.0,True,8000,3.0384357160073705e-05,0.98
dueling_dqn,822,0.44289,6,5.0,True,8000,2.012873301282525e-05,0.98
dueling_dqn,823,0.44221,2,9.0,True,8000,7.068975264701294e-06,0.98
dueling_dqn,824,0.44154,8,3.0,True,8000,1.0972159543598536e-05,0.98
dueling_dqn,825,0.44086,6,5.0,True,8000,5.96146346651949e-05,0.98
dueling_dqn,826,0.44018,12,-1.0,True,8000,3.168404145981185e-05,0.98
dueling_dqn,827,0.4395,8,3.0,True,8000,1.8668884877115488e-05,0.98
dueling_dqn,828,0.43882,7,4.0,True,8000,2.1116933567100205e-05,0.98
dueling_dqn,829,0.43814,7,4.0,True,8000,1.0189209206146188e-05,0.98
dueling_dqn,830,0.43746,16,-5.0,True,8000,1.617865200387314e-05,0.99
dueling_dqn,831,0.43679,5,6.0,True,8000,2.9979255486978218e-05,0.99
dueling_dqn,832,0.43611,4,7.0,True,8000,2.484923788870219e-05,0.99
dueling_dqn,833,0.43543,14,-3.0,True,8000,3.160196865792386e-05,0.99
dueling_dqn,834,0.43475,4,7.0,True,8000,3.852596637443639e-05,0.99
dueling_dqn,835,0.43407,14,-3.0,True,8000,1.618541318748612e-05,0.99
dueling_dqn,836,0.43339,10,1.0,True,8000,1.3896631571697071e-05,0.99
dueling_dqn,837,0.43271,11,0.0,True,8000,1.2182331374788191e-05,0.99
dueling_dqn,838,0.43204,8,3.0,True,8000,1.5476489352295175e-05,0.99
dueling_dqn,839,0.43136,2,9.0,True,8000,1.1635695955192205e-05,0.99
dueling_dqn,840,0.43068,12,-1.0,True,8000,5.572121153818443e-06,0.99
dueling_dqn,841,0.43,3,8.0,True,8000,9.227990631188732e-06,0.99
dueling_dqn,842,0.42932,6,5.0,True,8000,4.811444341612514e-06,0.99
dueling_dqn,843,0.42864,5,6.0,True,8000,7.689155609114096e-06,0.99
dueling_dqn,844,0.42796,10,1.0,True,8000,3.24565771734342e-05,0.99
dueling_dqn,845,0.42729,1,10.0,True,8000,4.312757300795056e-05,0.99
dueling_dqn,846,0.42661,19,-8.0,True,8000,2.9934461053926498e-05,0.99
dueling_dqn,847,0.42593,14,-3.0,True,8000,2.4215585654019378e-05,0.99
dueling_dqn,848,0.42525,4,7.0,True,8000,1.6260502889053896e-05,0.99
dueling_dqn,849,0.42457,6,5.0,True,8000,2.684695391508285e-05,0.99
dueling_dqn,850,0.42389,6,5.0,True,8000,1.1309864930808544e-05,0.99
dueling_dqn,851,0.42321,30,-19.0,True,8000,4.504621301748557e-06,0.99
dueling_dqn,852,0.42254,10,1.0,True,8000,3.2884029224078404e-06,0.99
dueling_dqn,853,0.42186,10,1.0,True,8000,1.8673628801479936e-05,0.99
dueling_dqn,854,0.42118,2,9.0,True,8000,2.3081087419996038e-05,0.99
dueling_dqn,855,0.4205,8,3.0,True,8000,1.1762756912503392e-05,0.99
dueling_dqn,856,0.41982,8,3.0,True,8000,3.6057448596693575e-05,0.99
dueling_dqn,857,0.41914,10,1.0,True,8000,1.1422574971220456e-05,0.99
dueling_dqn,858,0.41846,15,-4.0,True,8000,3.729866193680209e-06,0.99
dueling_dqn,859,0.41779,9,2.0,True,8000,1.129391421272885e-05,0.99
dueling_dqn,860,0.41711,5,6.0,True,8000,1.8342412658967078e-05,0.99
dueling_dqn,861,0.41643,7,4.0,True,8000,1.578233604959678e-05,0.99
dueling_dqn,862,0.41575,11,0.0,True,8000,2.7154139388585463e-05,0.99
dueling_dqn,863,0.41507,9,2.0,True,8000,2.698877506190911e-05,0.99
dueling_dqn,864,0.41439,3,8.0,True,8000,1.5171207451203372e-05,0.99
dueling_dqn,865,0.41371,6,5.0,True,8000,1.4668201401946135e-05,0.99
dueling_dqn,866,0.41304,10,1.0,True,8000,2.128858795913402e-05,0.99
dueling_dqn,867,0.41236,1,10.0,True,8000,3.310714237159118e-05,0.99
dueling_dqn,868,0.41168,6,5.0,True,8000,1.964072544069495e-05,0.99
dueling_dqn,869,0.411,10,1.0,True,8000,2.4985347408801317e-05,0.99
dueling_dqn,870,0.41032,20,-9.0,True,8000,7.087895937729627e-05,0.99
dueling_dqn,871,0.40964,10,1.0,True,8000,0.00012372690252959728,0.99
dueling_dqn,872,0.40896,9,2.0,True,8000,2.028006019827444e-05,0.99
dueling_dqn,873,0.40829,10,1.0,True,8000,6.089427915867418e-05,0.99
dueling_dqn,874,0.40761,2,9.0,True,8000,3.802451101364568e-05,0.99
dueling_dqn,875,0.40693,23,-12.0,True,8000,9.402045543538406e-05,0.99
dueling_dqn,876,0.40625,5,6.0,True,8000,0.00011107433238066733,0.99
dueling_dqn,877,0.40557,10,1.0,True,8000,5.834593321196735e-05,0.99
dueling_dqn,878,0.40489,11,0.0,True,8000,0.00015630792768206447,0.99
dueling_dqn,879,0.40421,20,-9.0,True,8000,9.939494339050725e-05,0.99
dueling_dqn,880,0.40354,14,-3.0,True,8000,0.0001974244078155607,0.99
dueling_dqn,881,0.40286,9,2.0,True,8000,0.00010540831863181666,0.99
dueling_dqn,882,0.40218,6,5.0,True,8000,0.00013122212840244174,0.99
dueling_dqn,883,0.4015,6,5.0,True,8000,0.00013182750262785703,0.99
dueling_dqn,884,0.40082,16,-5.0,True,8000,8.097030513454229e-05,0.99
dueling_dqn,885,0.40014,10,1.0,True,8000,0.00018915235705208033,0.99
dueling_dqn,886,0.39946,6,5.0,True,8000,6.285024574026465e-05,0.99
dueling_dqn,887,0.39879,1,10.0,True,8000,0.0001263176091015339,0.99
dueling_dqn,888,0.39811,6,5.0,True,8000,0.00016702550055924803,0.99
dueling_dqn,889,0.39743,10,1.0,True,8000,8.046541188377887e-05,0.99
dueling_dqn,890,0.39675,6,5.0,True,8000,0.00022017343144398183,0.99
dueling_dqn,891,0.39607,8,3.0,True,8000,0.0003040104347746819,1.0
dueling_dqn,892,0.39539,3,8.0,True,8000,0.00027965105255134404,1.0
dueling_dqn,893,0.39471,3,8.0,True,8000,0.0002367633715039119,1.0
dueling_dqn,894,0.39404,15,-4.0,True,8000,0.0003043741453438997,1.0
dueling_dqn,895,0.39336,4,7.0,True,8000,0.0003736719663720578,1.0
dueling_dqn,896,0.39268,8,3.0,True,8000,0.0003215298638679087,1.0
dueling_dqn,897,0.392,7,4.0,True,8000,0.000421729200752452,1.0
dueling_dqn,898,0.39132,10,1.0,True,8000,0.00020198564743623137,1.0
dueling_dqn,899,0.39064,5,6.0,True,8000,0.00013753882376477122,1.0
dueling_dqn,900,0.38996,25,-14.0,True,8000,0.003348532598465681,1.0
dueling_dqn,901,0.38929,1,10.0,True,8000,0.0005660203169099987,1.0
dueling_dqn,902,0.38861,3,8.0,True,8000,0.0011215051636099815,1.0
dueling_dqn,903,0.38793,6,5.0,True,8000,0.0004956350312568247,1.0
dueling_dqn,904,0.38725,5,6.0,True,8000,0.001416307408362627,1.0
dueling_dqn,905,0.38657,7,4.0,True,8000,0.0005267448141239583,1.0
dueling_dqn,906,0.38589,5,6.0,True,8000,0.0014706575311720371,1.0
dueling_dqn,907,0.38521,7,4.0,True,8000,0.0011722450144588947,1.0
dueling_dqn,908,0.38454,1,10.0,True,8000,0.0014468813315033913,1.0
dueling_dqn,909,0.38386,10,1.0,True,8000,0.0008853784529492259,1.0
dueling_dqn,910,0.38318,6,5.0,True,8000,0.002159873489290476,1.0
dueling_dqn,911,0.3825,10,1.0,True,8000,0.0033834134228527546,1.0
dueling_dqn,912,0.38182,6,5.0,True,8000,0.0033390698954463005,1.0
dueling_dqn,913,0.38114,1,10.0,True,8000,0.0011789845302700996,1.0
dueling_dqn,914,0.38046,3,8.0,True,8000,0.0006884197937324643,1.0
dueling_dqn,915,0.37979,6,5.0,True,8000,0.0013722768053412437,1.0
dueling_dqn,916,0.37911,13,-2.0,True,8000,0.0004712437803391367,1.0
dueling_dqn,917,0.37843,12,-1.0,True,8000,0.0007270610076375306,1.0
dueling_dqn,918,0.37775,12,-1.0,True,8000,0.001195048214867711,1.0
dueling_dqn,919,0.37707,16,-5.0,True,8000,0.0003643980890046805,1.0
dueling_dqn,920,0.37639,16,-5.0,True,8000,0.00013642298290506005,1.0
dueling_dqn,921,0.37571,5,6.0,True,8000,7.968411227921024e-05,1.0
dueling_dqn,922,0.37504,8,3.0,True,8000,9.512630640529096e-05,1.0
dueling_dqn,923,0.37436,5,6.0,True,8000,0.0001236199022969231,1.0
dueling_dqn,924,0.37368,7,4.0,True,8000,0.00013037139433436096,1.0
dueling_dqn,925,0.373,3,8.0,True,8000,7.92115242802538e-05,1.0
dueling_dqn,926,0.37232,19,-8.0,True,8000,0.0001598718954483047,1.0
dueling_dqn,927,0.37164,9,2.0,True,8000,0.00020785603555850685,1.0
dueling_dqn,928,0.37096,2,9.0,True,8000,8.731881098356098e-05,1.0
dueling_dqn,929,0.37029,12,-1.0,True,8000,0.00012769698514603078,1.0
dueling_dqn,930,0.36961,2,9.0,True,8000,0.00013176329957786947,1.0
dueling_dqn,931,0.36893,27,-16.0,True,8000,7.021710916887969e-05,1.0
dueling_dqn,932,0.36825,1,10.0,True,8000,7.836048462195322e-05,1.0
dueling_dqn,933,0.36757,27,-16.0,True,8000,3.0132467145449482e-05,1.0
dueling_dqn,934,0.36689,10,1.0,True,8000,0.00039107550401240587,1.0
dueling_dqn,935,0.36621,6,5.0,True,8000,0.00023332395358011127,1.0
dueling_dqn,936,0.36554,13,-2.0,True,8000,0.00014753070718143135,1.0
dueling_dqn,937,0.36486,18,-7.0,True,8000,5.739232074120082e-05,1.0
dueling_dqn,938,0.36418,10,1.0,True,8000,6.413133087335154e-05,1.0
dueling_dqn,939,0.3635,3,8.0,True,8000,3.8141839468153194e-05,1.0
dueling_dqn,940,0.36282,6,5.0,True,8000,4.254522718838416e-05,1.0
dueling_dqn,941,0.36214,7,4.0,True,8000,1.957832500920631e-05,1.0
dueling_dqn,942,0.36146,8,3.0,True,8000,2.6852056180359796e-05,1.0
dueling_dqn,943,0.36079,7,4.0,True,8000,9.913322173815686e-06,1.0
dueling_dqn,944,0.36011,3,-12.0,False,8000,4.754051406052895e-05,0.99
dueling_dqn,945,0.35943,5,6.0,True,8000,1.3376425158639904e-05,0.99
dueling_dqn,946,0.35875,9,2.0,True,8000,0.00014862456009723246,0.99
dueling_dqn,947,0.35807,9,2.0,True,8000,0.00012127478839829564,0.99
dueling_dqn,948,0.35739,2,9.0,True,8000,9.927474457072094e-05,0.99
dueling_dqn,949,0.35671,3,8.0,True,8000,6.771444896003231e-05,0.99
dueling_dqn,950,0.35604,3,8.0,True,8000,6.938765000086278e-05,0.99
dueling_dqn,951,0.35536,2,9.0,True,8000,4.385131614981219e-05,0.99
dueling_dqn,952,0.35468,5,6.0,True,8000,4.8157300625462085e-05,0.99
dueling_dqn,953,0.354,2,9.0,True,8000,2.485412551322952e-05,0.99
dueling_dqn,954,0.35332,10,1.0,True,8000,6.317051884252578e-05,0.99
dueling_dqn,955,0.35264,12,-1.0,True,8000,2.4672584913787432e-05,0.99
dueling_dqn,956,0.35196,5,6.0,True,8000,1.7054217096301727e-05,0.99
dueling_dqn,957,0.35129,7,4.0,True,8000,2.291804412379861e-05,0.99
dueling_dqn,958,0.35061,11,0.0,True,8000,4.421067933435552e-05,0.99
dueling_dqn,959,0.34993,2,9.0,True,8000,1.67103971762117e-05,0.99
dueling_dqn,960,0.34925,5,6.0,True,8000,2.3337584934779443e-05,0.99
dueling_dqn,961,0.34857,3,8.0,True,8000,1.5014271411928348e-05,0.99
dueling_dqn,962,0.34789,2,9.0,True,8000,1.9143477402394637e-05,0.99
dueling_dqn,963,0.34721,5,6.0,True,8000,1.827521191444248e-05,0.99
dueling_dqn,964,0.34654,18,-7.0,True,8000,0.00015051857917569578,0.99
dueling_dqn,965,0.34586,10,1.0,True,8000,0.00017033291806001216,0.99
dueling_dqn,966,0.34518,9,2.0,True,8000,0.00013276560639496893,0.99
dueling_dqn,967,0.3445,4,7.0,True,8000,0.00012003711890429258,0.99
dueling_dqn,968,0.34382,4,7.0,True,8000,0.00013393998960964382,0.99
dueling_dqn,969,0.34314,8,3.0,True,8000,8.373604214284569e-05,0.99
dueling_dqn,970,0.34246,5,-14.0,False,8000,6.657516496488824e-05,0.98
dueling_dqn,971,0.34179,10,1.0,True,8000,8.982737926999107e-05,0.98
dueling_dqn,972,0.34111,7,4.0,True,8000,9.250541188521311e-05,0.98
dueling_dqn,973,0.34043,2,9.0,True,8000,0.00011907763837371022,0.98
dueling_dqn,974,0.33975,14,-3.0,True,8000,0.0002966226893477142,0.98
dueling_dqn,975,0.33907,11,0.0,True,8000,0.000146955469972454,0.98
dueling_dqn,976,0.33839,17,-6.0,True,8000,0.0001512702729087323,0.98
dueling_dqn,977,0.33771,5,6.0,True,8000,0.00014609255595132709,0.98
dueling_dqn,978,0.33704,10,1.0,True,8000,8.443166734650731e-05,0.98
dueling_dqn,979,0.33636,6,5.0,True,8000,6.897681305417791e-05,0.98
dueling_dqn,980,0.33568,11,0.0,True,8000,6.601245695492253e-05,0.98
dueling_dqn,981,0.335,11,0.0,True,8000,9.846150351222605e-05,0.98
dueling_dqn,982,0.33432,5,6.0,True,8000,3.725742135429755e-05,0.98
dueling_dqn,983,0.33364,5,6.0,True,8000,6.72661408316344e-05,0.98
dueling_dqn,984,0.33296,10,1.0,True,8000,6.429650238715112e-05,0.98
dueling_dqn,985,0.33229,1,10.0,True,8000,9.545096690999344e-05,0.98
dueling_dqn,986,0.33161,3,8.0,True,8000,3.389988705748692e-05,0.98
dueling_dqn,987,0.33093,2,9.0,True,8000,3.3646927477093413e-05,0.98
dueling_dqn,988,0.33025,12,-1.0,True,8000,0.00010605781426420435,0.98
dueling_dqn,989,0.32957,11,0.0,True,8000,0.0009346735896542668,0.98
dueling_dqn,990,0.32889,1,10.0,True,8000,0.001106511102989316,0.98
dueling_dqn,991,0.32821,6,5.0,True,8000,0.00042049214243888855,0.98
dueling_dqn,992,0.32754,6,5.0,True,8000,0.00028245197609066963,0.98
dueling_dqn,993,0.32686,1,10.0,True,8000,0.0006395382806658745,0.98
dueling_dqn,994,0.32618,9,2.0,True,8000,0.0005156986298970878,0.98
dueling_dqn,995,0.3255,12,-1.0,True,8000,0.0010033880826085806,0.98
dueling_dqn,996,0.32482,4,7.0,True,8000,0.0004433531139511615,0.98
dueling_dqn,997,0.32414,3,8.0,True,8000,0.0005339523777365685,0.98
dueling_dqn,998,0.32346,5,6.0,True,8000,0.0001760737068252638,0.98
dueling_dqn,999,0.32279,12,-1.0,True,8000,0.00032436050241813064,0.98
dueling_dqn,1000,0.32211,11,0.0,True,8000,0.0004296396509744227,0.98
dueling_dqn,1001,0.32143,1,10.0,True,8000,0.0004214789951220155,0.98
dueling_dqn,1002,0.32075,5,6.0,True,8000,0.00039940071292221546,0.98
dueling_dqn,1003,0.32007,10,1.0,True,8000,0.0002343454398214817,0.98
dueling_dqn,1004,0.31939,4,7.0,True,8000,0.00021984093473292887,0.98
dueling_dqn,1005,0.31871,6,5.0,True,8000,0.00014929237659089267,0.98
dueling_dqn,1006,0.31804,7,4.0,True,8000,0.0004909617709927261,0.98
dueling_dqn,1007,0.31736,6,5.0,True,8000,0.0009470860240980983,0.98
dueling_dqn,1008,0.31668,5,6.0,True,8000,0.0005847435095347464,0.98
dueling_dqn,1009,0.316,7,4.0,True,8000,0.0008813310996629298,0.98
dueling_dqn,1010,0.31532,6,5.0,True,8000,0.0005824141553603113,0.98
dueling_dqn,1011,0.31464,6,5.0,True,8000,0.00033387282746843994,0.98
dueling_dqn,1012,0.31396,7,4.0,True,8000,0.00022309075575321913,0.98
dueling_dqn,1013,0.31329,5,6.0,True,8000,0.00026698349392972887,0.98
dueling_dqn,1014,0.31261,9,2.0,True,8000,0.00023874346516095102,0.98
dueling_dqn,1015,0.31193,10,1.0,True,8000,0.0002543198934290558,0.98
dueling_dqn,1016,0.31125,9,2.0,True,8000,9.08220827113837e-05,0.98
dueling_dqn,1017,0.31057,9,2.0,True,8000,0.00028769110213033855,0.98
dueling_dqn,1018,0.30989,7,4.0,True,8000,0.00029778480529785156,0.98
dueling_dqn,1019,0.30921,1,10.0,True,8000,0.00016862836491782218,0.98
dueling_dqn,1020,0.30854,9,2.0,True,8000,0.0007195430225692689,0.98
dueling_dqn,1021,0.30786,6,5.0,True,8000,0.0007204582798294723,0.98
dueling_dqn,1022,0.30718,9,2.0,True,8000,0.0008943504653871059,0.98
dueling_dqn,1023,0.3065,10,1.0,True,8000,0.0010355538688600063,0.98
dueling_dqn,1024,0.30582,2,9.0,True,8000,0.0005341836367733777,0.98
dueling_dqn,1025,0.30514,5,6.0,True,8000,0.001266731764189899,0.98
dueling_dqn,1026,0.30446,1,10.0,True,8000,0.0012454953975975513,0.98
dueling_dqn,1027,0.30379,3,8.0,True,8000,0.0009522667387500405,0.98
dueling_dqn,1028,0.30311,15,-4.0,True,8000,0.0010761312441900373,0.98
dueling_dqn,1029,0.30243,14,-3.0,True,8000,0.00038544792914763093,0.98
dueling_dqn,1030,0.30175,7,4.0,True,8000,0.00016411543765570968,0.98
dueling_dqn,1031,0.30107,2,9.0,True,8000,0.00019774757674895227,0.98
dueling_dqn,1032,0.30039,4,7.0,True,8000,0.0004213307984173298,0.98
dueling_dqn,1033,0.29971,4,7.0,True,8000,0.0004931650473736227,0.98
dueling_dqn,1034,0.29904,5,6.0,True,8000,0.0001484697568230331,0.98
dueling_dqn,1035,0.29836,7,4.0,True,8000,0.00011920381803065538,0.98
dueling_dqn,1036,0.29768,3,-12.0,False,8000,0.0004242802388034761,0.97
dueling_dqn,1037,0.297,4,7.0,True,8000,0.0009416553657501936,0.97
dueling_dqn,1038,0.29632,5,6.0,True,8000,0.0001688215124886483,0.97
dueling_dqn,1039,0.29564,6,5.0,True,8000,0.00047892218572087586,0.97
dueling_dqn,1040,0.29496,5,6.0,True,8000,0.00013749352365266532,0.97
dueling_dqn,1041,0.29429,7,4.0,True,8000,0.0001657092070672661,0.97
dueling_dqn,1042,0.29361,8,3.0,True,8000,0.00017454801127314568,0.97
dueling_dqn,1043,0.29293,4,7.0,True,8000,0.0001765498600434512,0.97
dueling_dqn,1044,0.29225,9,2.0,True,8000,0.0002562789886724204,0.98
dueling_dqn,1045,0.29157,1,10.0,True,8000,3.341713090776466e-05,0.98
dueling_dqn,1046,0.29089,3,8.0,True,8000,0.00013856901205144823,0.98
dueling_dqn,1047,0.29021,7,4.0,True,8000,0.00010277693945681676,0.98
dueling_dqn,1048,0.28954,4,7.0,True,8000,5.47580566490069e-05,0.98
dueling_dqn,1049,0.28886,3,8.0,True,8000,0.00013227314047981054,0.98
dueling_dqn,1050,0.28818,11,0.0,True,8000,6.643195956712589e-05,0.98
dueling_dqn,1051,0.2875,8,3.0,True,8000,8.040148532018065e-05,0.98
dueling_dqn,1052,0.28682,10,1.0,True,8000,9.334796777693555e-05,0.98
dueling_dqn,1053,0.28614,11,0.0,True,8000,0.000702731660567224,0.98
dueling_dqn,1054,0.28546,2,9.0,True,8000,0.00044609708129428327,0.98
dueling_dqn,1055,0.28479,1,10.0,True,8000,0.00038753848639316857,0.98
dueling_dqn,1056,0.28411,9,2.0,True,8000,0.0003122217603959143,0.98
dueling_dqn,1057,0.28343,8,3.0,True,8000,0.00011249292583670467,0.98
dueling_dqn,1058,0.28275,8,3.0,True,8000,0.0002266337105538696,0.98
dueling_dqn,1059,0.28207,12,-1.0,True,8000,0.00011677099973894656,0.98
dueling_dqn,1060,0.28139,5,6.0,True,8000,8.253320265794173e-05,0.98
dueling_dqn,1061,0.28071,2,9.0,True,8000,5.8893620007438585e-05,0.98
dueling_dqn,1062,0.28004,5,6.0,True,8000,5.243938721832819e-05,0.98
dueling_dqn,1063,0.27936,6,5.0,True,8000,8.568482735427096e-05,0.98
dueling_dqn,1064,0.27868,3,8.0,True,8000,0.0001360694586765021,0.98
dueling_dqn,1065,0.278,9,2.0,True,8000,2.636250246723648e-05,0.98
dueling_dqn,1066,0.27732,9,2.0,True,8000,1.5527100913459435e-05,0.98
dueling_dqn,1067,0.27664,14,-3.0,True,8000,8.238989721576218e-06,0.98
dueling_dqn,1068,0.27596,7,4.0,True,8000,0.00025575803010724485,0.98
dueling_dqn,1069,0.27529,6,5.0,True,8000,0.0004508017154876143,0.98
dueling_dqn,1070,0.27461,7,4.0,True,8000,0.00014252254914026707,0.99
dueling_dqn,1071,0.27393,1,10.0,True,8000,0.0006629026029258966,0.99
dueling_dqn,1072,0.27325,7,4.0,True,8000,0.00026211192016489804,0.99
dueling_dqn,1073,0.27257,7,4.0,True,8000,0.00037824356695637107,0.99
dueling_dqn,1074,0.27189,12,-1.0,True,8000,0.0002571335935499519,0.99
dueling_dqn,1075,0.27121,2,9.0,True,8000,0.00014715961879119277,0.99
dueling_dqn,1076,0.27054,10,1.0,True,8000,0.0002291451091878116,0.99
dueling_dqn,1077,0.26986,2,9.0,True,8000,7.859319157432765e-05,0.99
dueling_dqn,1078,0.26918,5,6.0,True,8000,0.00035872633452527225,0.99
dueling_dqn,1079,0.2685,8,3.0,True,8000,0.00017780569032765925,0.99
dueling_dqn,1080,0.26782,7,4.0,True,8000,0.00015529501251876354,0.99
dueling_dqn,1081,0.26714,6,5.0,True,8000,9.730939200380817e-05,0.99
dueling_dqn,1082,0.26646,8,3.0,True,8000,0.00035004012170247734,0.99
dueling_dqn,1083,0.26579,16,-5.0,True,8000,0.0013141981326043606,0.99
dueling_dqn,1084,0.26511,2,9.0,True,8000,0.0005044854478910565,0.99
dueling_dqn,1085,0.26443,6,5.0,True,8000,0.0004442807112354785,0.99
dueling_dqn,1086,0.26375,4,7.0,True,8000,0.0004040336352773011,0.99
dueling_dqn,1087,0.26307,5,6.0,True,8000,0.0005915426881983876,0.99
dueling_dqn,1088,0.26239,4,7.0,True,8000,0.00027438305551186204,0.99
dueling_dqn,1089,0.26171,1,10.0,True,8000,0.0001758093130774796,0.99
dueling_dqn,1090,0.26104,8,3.0,True,8000,0.00026455934857949615,0.99
dueling_dqn,1091,0.26036,9,2.0,True,8000,9.899363794829696e-05,0.99
dueling_dqn,1092,0.25968,6,5.0,True,8000,0.00010244128498015925,0.99
dueling_dqn,1093,0.259,9,2.0,True,8000,0.00014402763918042183,0.99
dueling_dqn,1094,0.25832,5,6.0,True,8000,0.00020928231242578477,0.99
dueling_dqn,1095,0.25764,6,5.0,True,8000,0.00012103794142603874,0.99
dueling_dqn,1096,0.25696,10,1.0,True,8000,0.00010506910621188581,0.99
dueling_dqn,1097,0.25629,11,0.0,True,8000,0.000263631489360705,0.99
dueling_dqn,1098,0.25561,10,1.0,True,8000,0.00013193981430958956,0.99
dueling_dqn,1099,0.25493,3,8.0,True,8000,0.00010832199041033164,0.99
dueling_dqn,1100,0.25425,6,5.0,True,8000,7.610852480866015e-05,0.99
dueling_dqn,1101,0.25357,1,10.0,True,8000,0.00020641437731683254,0.99
dueling_dqn,1102,0.25289,6,5.0,True,8000,0.00016878775204531848,0.99
dueling_dqn,1103,0.25221,7,4.0,True,8000,5.910889376536943e-05,0.99
dueling_dqn,1104,0.25154,1,10.0,True,8000,7.705418101977557e-05,0.99
dueling_dqn,1105,0.25086,10,1.0,True,8000,2.9630662538693286e-05,0.99
dueling_dqn,1106,0.25018,10,1.0,True,8000,2.3403532395604998e-05,0.99
dueling_dqn,1107,0.2495,10,1.0,True,8000,1.4419037142943125e-05,0.99
dueling_dqn,1108,0.24882,6,5.0,True,8000,2.867090006475337e-05,0.99
dueling_dqn,1109,0.24814,9,2.0,True,8000,3.182419459335506e-05,0.99
dueling_dqn,1110,0.24746,8,3.0,True,8000,6.194323214003816e-05,0.99
dueling_dqn,1111,0.24679,1,10.0,True,8000,0.0001529716537334025,0.99
dueling_dqn,1112,0.24611,4,7.0,True,8000,3.4800719731720164e-05,0.99
dueling_dqn,1113,0.24543,12,-1.0,True,8000,0.0003594511654227972,0.99
dueling_dqn,1114,0.24475,6,5.0,True,8000,0.0005553686060011387,0.99
dueling_dqn,1115,0.24407,2,9.0,True,8000,0.0005728468531742692,0.99
dueling_dqn,1116,0.24339,5,6.0,True,8000,0.0009837559191510081,0.99
dueling_dqn,1117,0.24271,11,0.0,True,8000,0.0004416844458319247,0.99
dueling_dqn,1118,0.24204,9,2.0,True,8000,0.00021761906100437045,0.99
dueling_dqn,1119,0.24136,8,3.0,True,8000,0.0004313287790864706,0.99
dueling_dqn,1120,0.24068,1,10.0,True,8000,0.0004287225310690701,0.99
dueling_dqn,1121,0.24,9,2.0,True,8000,0.0012990201357752085,0.99
dueling_dqn,1122,0.23932,4,7.0,True,8000,0.0010676360689103603,0.99
dueling_dqn,1123,0.23864,7,4.0,True,8000,0.0012521495809778571,0.99
dueling_dqn,1124,0.23796,14,-3.0,True,8000,0.0015357445226982236,0.99
dueling_dqn,1125,0.23729,7,4.0,True,8000,0.0008571558864787221,0.99
dueling_dqn,1126,0.23661,8,3.0,True,8000,0.0006750145112164319,0.99
dueling_dqn,1127,0.23593,3,8.0,True,8000,0.0006906643975526094,0.99
dueling_dqn,1128,0.23525,7,4.0,True,8000,0.003595552407205105,0.99
dueling_dqn,1129,0.23457,19,-8.0,True,8000,0.0077771879732608795,0.99
dueling_dqn,1130,0.23389,10,1.0,True,8000,0.0025365478359162807,0.99
dueling_dqn,1131,0.23321,5,6.0,True,8000,0.0012814890360459685,0.99
dueling_dqn,1132,0.23254,9,2.0,True,8000,0.001778600038960576,0.99
dueling_dqn,1133,0.23186,7,4.0,True,8000,0.0013985219411551952,0.99
dueling_dqn,1134,0.23118,5,6.0,True,8000,0.0007499168859794736,0.99
dueling_dqn,1135,0.2305,1,10.0,True,8000,0.0008783683879300952,0.99
dueling_dqn,1136,0.22982,7,4.0,True,8000,0.00042681716149672866,1.0
dueling_dqn,1137,0.22914,9,2.0,True,8000,0.0005095364758744836,1.0
dueling_dqn,1138,0.22846,6,5.0,True,8000,0.0006159119657240808,1.0
dueling_dqn,1139,0.22779,4,7.0,True,8000,0.0002627553476486355,1.0
dueling_dqn,1140,0.22711,2,9.0,True,8000,0.00019679783144965768,1.0
dueling_dqn,1141,0.22643,8,3.0,True,8000,0.0006165814120322466,1.0
dueling_dqn,1142,0.22575,6,5.0,True,8000,0.0003624314849730581,1.0
dueling_dqn,1143,0.22507,9,2.0,True,8000,0.0012933253310620785,1.0
dueling_dqn,1144,0.22439,4,7.0,True,8000,0.0008016967331059277,1.0
dueling_dqn,1145,0.22371,7,4.0,True,8000,0.0003678512293845415,1.0
dueling_dqn,1146,0.22304,8,3.0,True,8000,0.0007128493161872029,1.0
dueling_dqn,1147,0.22236,5,6.0,True,8000,0.000559715204872191,1.0
dueling_dqn,1148,0.22168,6,5.0,True,8000,0.00032931548776105046,1.0
dueling_dqn,1149,0.221,2,9.0,True,8000,0.0003988886601291597,1.0
dueling_dqn,1150,0.22032,7,4.0,True,8000,0.000183004405698739,1.0
dueling_dqn,1151,0.21964,2,9.0,True,8000,0.00036536913830786943,1.0
dueling_dqn,1152,0.21896,10,1.0,True,8000,0.0004392793634906411,1.0
dueling_dqn,1153,0.21829,5,6.0,True,8000,0.0010064910165965557,1.0
dueling_dqn,1154,0.21761,4,7.0,True,8000,0.0006111980765126646,1.0
dueling_dqn,1155,0.21693,7,4.0,True,8000,0.0003765314759220928,1.0
dueling_dqn,1156,0.21625,6,5.0,True,8000,0.000120094271551352,1.0
dueling_dqn,1157,0.21557,4,7.0,True,8000,9.312081965617836e-05,1.0
dueling_dqn,1158,0.21489,5,6.0,True,8000,8.844556577969342e-05,1.0
dueling_dqn,1159,0.21421,7,4.0,True,8000,5.195418998482637e-05,1.0
dueling_dqn,1160,0.21354,6,5.0,True,8000,0.00117924390360713,1.0
dueling_dqn,1161,0.21286,7,4.0,True,8000,0.0005054717184975743,1.0
dueling_dqn,1162,0.21218,6,5.0,True,8000,0.0003438173152972013,1.0
dueling_dqn,1163,0.2115,6,5.0,True,8000,0.00020534332725219429,1.0
dueling_dqn,1164,0.21082,3,8.0,True,8000,0.0002974263043142855,1.0
dueling_dqn,1165,0.21014,4,7.0,True,8000,0.00012231235450599343,1.0
dueling_dqn,1166,0.20946,4,7.0,True,8000,6.199596100486815e-05,1.0
dueling_dqn,1167,0.20879,18,-7.0,True,8000,3.847792322630994e-05,1.0
dueling_dqn,1168,0.20811,9,2.0,True,8000,2.9177084797993302e-05,1.0
dueling_dqn,1169,0.20743,5,6.0,True,8000,3.550019027898088e-05,1.0
dueling_dqn,1170,0.20675,6,5.0,True,8000,5.4048919992055744e-05,1.0
dueling_dqn,1171,0.20607,3,8.0,True,8000,3.597319664550014e-05,1.0
dueling_dqn,1172,0.20539,5,6.0,True,8000,2.2922531570657156e-05,1.0
dueling_dqn,1173,0.20471,1,10.0,True,8000,3.090938116656616e-05,1.0
dueling_dqn,1174,0.20404,1,10.0,True,8000,2.026892252615653e-05,1.0
dueling_dqn,1175,0.20336,5,6.0,True,8000,1.6124891772051342e-05,1.0
dueling_dqn,1176,0.20268,4,7.0,True,8000,1.8685146642383188e-05,1.0
dueling_dqn,1177,0.202,3,8.0,True,8000,8.129796697176062e-06,1.0
dueling_dqn,1178,0.20132,3,8.0,True,8000,6.388362180587137e-06,1.0
dueling_dqn,1179,0.20064,7,4.0,True,8000,0.0006605875678360462,1.0
dueling_dqn,1180,0.19996,6,5.0,True,8000,0.00041370585677213967,1.0
dueling_dqn,1181,0.19929,6,5.0,True,8000,0.0002910525072365999,1.0
dueling_dqn,1182,0.19861,4,7.0,True,8000,0.00024618039606139064,1.0
dueling_dqn,1183,0.19793,6,5.0,True,8000,0.00016707181930541992,1.0
dueling_dqn,1184,0.19725,2,9.0,True,8000,6.110365211497992e-05,1.0
dueling_dqn,1185,0.19657,3,8.0,True,8000,0.00015557704318780452,1.0
dueling_dqn,1186,0.19589,9,2.0,True,8000,0.00036218599416315556,1.0
dueling_dqn,1187,0.19521,1,10.0,True,8000,8.238866575993598e-05,1.0
dueling_dqn,1188,0.19454,5,6.0,True,8000,0.00010949821444228292,1.0
dueling_dqn,1189,0.19386,10,1.0,True,8000,9.16239368962124e-05,1.0
dueling_dqn,1190,0.19318,12,-1.0,True,8000,4.0081435145111755e-05,1.0
dueling_dqn,1191,0.1925,7,4.0,True,8000,6.442570156650618e-05,1.0
dueling_dqn,1192,0.19182,10,1.0,True,8000,7.071951131365495e-06,1.0
dueling_dqn,1193,0.19114,8,3.0,True,8000,5.573581802309491e-06,1.0
dueling_dqn,1194,0.19046,3,8.0,True,8000,2.555957507865969e-06,1.0
dueling_dqn,1195,0.18979,5,6.0,True,8000,5.255538781057112e-06,1.0
dueling_dqn,1196,0.18911,1,10.0,True,8000,1.6434081544502988e-06,1.0
dueling_dqn,1197,0.18843,1,10.0,True,8000,5.360177055990789e-06,1.0
dueling_dqn,1198,0.18775,2,9.0,True,8000,0.00023449667787645012,1.0
dueling_dqn,1199,0.18707,3,8.0,True,8000,0.00034172157756984234,1.0
dueling_dqn,1200,0.18639,4,7.0,True,8000,0.00016775621043052524,1.0
dueling_dqn,1201,0.18571,7,4.0,True,8000,0.00020336921443231404,1.0
dueling_dqn,1202,0.18504,8,3.0,True,8000,7.944154640426859e-05,1.0
dueling_dqn,1203,0.18436,5,6.0,True,8000,9.289113222621381e-05,1.0
dueling_dqn,1204,0.18368,9,2.0,True,8000,5.590307409875095e-05,1.0
dueling_dqn,1205,0.183,3,8.0,True,8000,5.936591333011165e-05,1.0
dueling_dqn,1206,0.18232,7,4.0,True,8000,2.801968003041111e-05,1.0
dueling_dqn,1207,0.18164,7,4.0,True,8000,1.3926955944043584e-05,1.0
dueling_dqn,1208,0.18096,1,10.0,True,8000,1.4512730558635667e-05,1.0
dueling_dqn,1209,0.18029,7,4.0,True,8000,1.3317429875314701e-05,1.0
dueling_dqn,1210,0.17961,1,10.0,True,8000,1.1738475222955458e-05,1.0
dueling_dqn,1211,0.17893,1,10.0,True,8000,2.3195096218842082e-05,1.0
dueling_dqn,1212,0.17825,1,10.0,True,8000,1.1457395885372534e-05,1.0
dueling_dqn,1213,0.17757,6,5.0,True,8000,3.1281890642276267e-06,1.0
dueling_dqn,1214,0.17689,6,5.0,True,8000,5.976893589831889e-06,1.0
dueling_dqn,1215,0.17621,7,4.0,True,8000,3.553000397005235e-06,1.0
dueling_dqn,1216,0.17554,1,10.0,True,8000,1.9072899704042356e-06,1.0
dueling_dqn,1217,0.17486,8,3.0,True,8000,2.1975488380121533e-06,1.0
dueling_dqn,1218,0.17418,1,10.0,True,8000,2.166732883779332e-06,1.0
dueling_dqn,1219,0.1735,9,2.0,True,8000,0.00016384503396693617,1.0
dueling_dqn,1220,0.17282,5,6.0,True,8000,7.982010720297694e-05,1.0
dueling_dqn,1221,0.17214,4,7.0,True,8000,8.671794057590887e-05,1.0
dueling_dqn,1222,0.17146,5,6.0,True,8000,7.361026655416936e-05,1.0
dueling_dqn,1223,0.17079,4,7.0,True,8000,4.545534466160461e-05,1.0
dueling_dqn,1224,0.17011,6,5.0,True,8000,5.0762762839440256e-05,1.0
dueling_dqn,1225,0.16943,8,3.0,True,8000,2.6427453121868894e-05,1.0
dueling_dqn,1226,0.16875,1,10.0,True,8000,6.256815686356276e-05,1.0
dueling_dqn,1227,0.16807,2,9.0,True,8000,2.0849178326898254e-05,1.0
dueling_dqn,1228,0.16739,9,2.0,True,8000,5.065060031483881e-05,1.0
dueling_dqn,1229,0.16671,2,9.0,True,8000,2.3516346118412912e-05,1.0
dueling_dqn,1230,0.16604,13,-2.0,True,8000,2.552811747591477e-05,1.0
dueling_dqn,1231,0.16536,10,1.0,True,8000,1.0026281415775884e-05,1.0
dueling_dqn,1232,0.16468,1,10.0,True,8000,8.175926268449984e-06,1.0
dueling_dqn,1233,0.164,4,7.0,True,8000,3.3327069104416296e-06,1.0
dueling_dqn,1234,0.16332,3,8.0,True,8000,4.214283762848936e-06,1.0
dueling_dqn,1235,0.16264,5,6.0,True,8000,3.1208987820718903e-06,1.0
dueling_dqn,1236,0.16196,5,6.0,True,8000,2.0060786027897848e-06,1.0
dueling_dqn,1237,0.16129,2,9.0,True,8000,1.9439553398115095e-06,1.0
dueling_dqn,1238,0.16061,5,6.0,True,8000,1.5542350411124062e-06,1.0
dueling_dqn,1239,0.15993,7,4.0,True,8000,5.883568883291446e-05,1.0
dueling_dqn,1240,0.15925,1,10.0,True,8000,4.932812589686364e-05,1.0
dueling_dqn,1241,0.15857,6,5.0,True,8000,2.8728496545227244e-05,1.0
dueling_dqn,1242,0.15789,6,5.0,True,8000,3.415353057789616e-05,1.0
dueling_dqn,1243,0.15721,7,4.0,True,8000,2.914795004471671e-05,1.0
dueling_dqn,1244,0.15654,6,5.0,True,8000,2.903602216974832e-05,1.0
dueling_dqn,1245,0.15586,5,6.0,True,8000,3.6835233913734555e-05,1.0
dueling_dqn,1246,0.15518,3,8.0,True,8000,4.1502920794300735e-05,1.0
dueling_dqn,1247,0.1545,4,7.0,True,8000,4.7422483476111665e-05,1.0
dueling_dqn,1248,0.15382,6,5.0,True,8000,6.575137376785278e-05,1.0
dueling_dqn,1249,0.15314,8,3.0,True,8000,2.781570583465509e-05,1.0
dueling_dqn,1250,0.15246,5,6.0,True,8000,6.617709732381627e-05,1.0
dueling_dqn,1251,0.15179,9,2.0,True,8000,1.759477163432166e-05,1.0
dueling_dqn,1252,0.15111,8,3.0,True,8000,1.9368380890227854e-05,1.0
dueling_dqn,1253,0.15043,5,6.0,True,8000,1.3792037862003781e-05,1.0
dueling_dqn,1254,0.14975,7,4.0,True,8000,8.260948561655823e-06,1.0
dueling_dqn,1255,0.14907,5,6.0,True,8000,2.847417999873869e-05,1.0
dueling_dqn,1256,0.14839,5,6.0,True,8000,3.607396865845658e-05,1.0
dueling_dqn,1257,0.14771,4,7.0,True,8000,2.716697781579569e-05,1.0
dueling_dqn,1258,0.14704,4,7.0,True,8000,2.4070350264082663e-05,1.0
dueling_dqn,1259,0.14636,7,4.0,True,8000,3.502128674881533e-05,1.0
dueling_dqn,1260,0.14568,3,8.0,True,8000,1.611415973457042e-05,1.0
dueling_dqn,1261,0.145,8,3.0,True,8000,9.726577445690054e-06,1.0
dueling_dqn,1262,0.14432,5,6.0,True,8000,3.5277205370221054e-06,1.0
dueling_dqn,1263,0.14364,11,0.0,True,8000,2.9193024602136575e-06,1.0
dueling_dqn,1264,0.14296,10,1.0,True,8000,1.8986805798704154e-06,1.0
dueling_dqn,1265,0.14229,5,6.0,True,8000,1.5530551991105312e-06,1.0
dueling_dqn,1266,0.14161,1,10.0,True,8000,1.48635558616661e-06,1.0
dueling_dqn,1267,0.14093,6,5.0,True,8000,1.1908065289389924e-06,1.0
dueling_dqn,1268,0.14025,4,7.0,True,8000,5.349319849301537e-07,1.0
dueling_dqn,1269,0.13957,5,6.0,True,8000,9.154033477898338e-07,1.0
dueling_dqn,1270,0.13889,5,6.0,True,8000,7.591870598844253e-07,1.0
dueling_dqn,1271,0.13821,6,5.0,True,8000,5.517881049854623e-07,1.0
dueling_dqn,1272,0.13754,6,5.0,True,8000,7.527036132159992e-07,1.0
dueling_dqn,1273,0.13686,5,6.0,True,8000,5.794704520667437e-07,1.0
dueling_dqn,1274,0.13618,6,5.0,True,8000,9.985279575630557e-06,1.0
dueling_dqn,1275,0.1355,16,-5.0,True,8000,4.383641680760775e-06,1.0
dueling_dqn,1276,0.13482,7,4.0,True,8000,6.429505901905941e-06,1.0
dueling_dqn,1277,0.13414,4,7.0,True,8000,3.556117462721886e-06,1.0
dueling_dqn,1278,0.13346,3,8.0,True,8000,1.3515120826923521e-06,1.0
dueling_dqn,1279,0.13279,6,5.0,True,8000,3.2246207410935313e-06,1.0
dueling_dqn,1280,0.13211,3,8.0,True,8000,1.3050694178673439e-06,1.0
dueling_dqn,1281,0.13143,2,9.0,True,8000,2.104149189108284e-06,1.0
dueling_dqn,1282,0.13075,7,4.0,True,8000,1.9648398392746458e-06,1.0
dueling_dqn,1283,0.13007,7,4.0,True,8000,1.73562261807092e-06,1.0
dueling_dqn,1284,0.12939,4,7.0,True,8000,1.3374061609283672e-06,1.0
dueling_dqn,1285,0.12871,3,8.0,True,8000,1.1076033388235373e-06,1.0
dueling_dqn,1286,0.12804,5,6.0,True,8000,2.0617553673218936e-06,1.0
dueling_dqn,1287,0.12736,7,4.0,True,8000,4.600504723839549e-07,1.0
dueling_dqn,1288,0.12668,6,5.0,True,8000,1.5259086012520129e-06,1.0
dueling_dqn,1289,0.126,6,5.0,True,8000,1.9601202438934706e-06,1.0
dueling_dqn,1290,0.12532,4,7.0,True,8000,9.223361416843545e-07,1.0
dueling_dqn,1291,0.12464,6,5.0,True,8000,7.042885954433586e-07,1.0
dueling_dqn,1292,0.12396,10,1.0,True,8000,1.1300302503514104e-05,1.0
dueling_dqn,1293,0.12329,7,4.0,True,8000,5.457965926325414e-06,1.0
dueling_dqn,1294,0.12261,5,6.0,True,8000,4.292916401027469e-06,1.0
dueling_dqn,1295,0.12193,5,6.0,True,8000,2.504445546946954e-06,1.0
dueling_dqn,1296,0.12125,3,8.0,True,8000,2.5822084808169166e-06,1.0
dueling_dqn,1297,0.12057,7,4.0,True,8000,3.218316578568192e-06,1.0
dueling_dqn,1298,0.11989,7,4.0,True,8000,1.6970330989352078e-06,1.0
dueling_dqn,1299,0.11921,5,6.0,True,8000,1.3258356830192497e-06,1.0
dueling_dqn,1300,0.11854,5,6.0,True,8000,1.1019396879419219e-06,1.0
dueling_dqn,1301,0.11786,8,3.0,True,8000,1.8365473124504206e-06,1.0
dueling_dqn,1302,0.11718,2,9.0,True,8000,1.1507352155604167e-06,1.0
dueling_dqn,1303,0.1165,5,6.0,True,8000,8.763108212406223e-07,1.0
dueling_dqn,1304,0.11582,1,10.0,True,8000,1.855454343058227e-06,1.0
dueling_dqn,1305,0.11514,9,2.0,True,8000,1.5455329958058428e-06,1.0
dueling_dqn,1306,0.11446,8,3.0,True,8000,1.7676686638878891e-06,1.0
dueling_dqn,1307,0.11379,5,6.0,True,8000,2.1865171220269985e-06,1.0
dueling_dqn,1308,0.11311,5,6.0,True,8000,6.259217570914188e-07,1.0
dueling_dqn,1309,0.11243,2,9.0,True,8000,7.748997177259298e-07,1.0
dueling_dqn,1310,0.11175,4,7.0,True,8000,9.781160770216957e-06,1.0
dueling_dqn,1311,0.11107,1,10.0,True,8000,5.839803634444252e-06,1.0
dueling_dqn,1312,0.11039,6,5.0,True,8000,6.122021659393795e-06,1.0
dueling_dqn,1313,0.10971,8,3.0,True,8000,1.4593052583222743e-05,1.0
dueling_dqn,1314,0.10904,5,6.0,True,8000,2.1276355255395174e-05,1.0
dueling_dqn,1315,0.10836,2,9.0,True,8000,2.4178791136364453e-05,1.0
dueling_dqn,1316,0.10768,3,8.0,True,8000,1.4837143680779263e-05,1.0
dueling_dqn,1317,0.107,11,0.0,True,8000,1.3443404895951971e-05,1.0
dueling_dqn,1318,0.10632,7,4.0,True,8000,4.417008312884718e-06,1.0
dueling_dqn,1319,0.10564,4,7.0,True,8000,1.153550147137139e-05,1.0
dueling_dqn,1320,0.10496,3,8.0,True,8000,5.99221721131471e-06,1.0
dueling_dqn,1321,0.10429,6,5.0,True,8000,8.040252396313008e-06,1.0
dueling_dqn,1322,0.10361,7,4.0,True,8000,7.405920314340619e-06,1.0
dueling_dqn,1323,0.10293,3,8.0,True,8000,5.239021902525565e-06,1.0
dueling_dqn,1324,0.10225,4,7.0,True,8000,6.108099569246406e-06,1.0
dueling_dqn,1325,0.10157,3,8.0,True,8000,1.1930757864320185e-05,1.0
dueling_dqn,1326,0.10089,4,7.0,True,8000,2.730273536144523e-06,1.0
dueling_dqn,1327,0.10021,7,4.0,True,8000,6.5150888985954225e-06,1.0
dueling_dqn,1328,0.09954,6,5.0,True,8000,1.465136051592708e-06,1.0
dueling_dqn,1329,0.09886,2,9.0,True,8000,4.508289748628158e-06,1.0
dueling_dqn,1330,0.09818,6,5.0,True,8000,5.938169124419801e-06,1.0
dueling_dqn,1331,0.0975,6,5.0,True,8000,1.141349184763385e-05,1.0
dueling_dqn,1332,0.09682,3,8.0,True,8000,1.3337819837033749e-05,1.0
dueling_dqn,1333,0.09614,7,4.0,True,8000,8.861715286911931e-06,1.0
dueling_dqn,1334,0.09546,3,8.0,True,8000,2.2353302483679727e-05,1.0
dueling_dqn,1335,0.09479,8,3.0,True,8000,7.322049896174576e-06,1.0
dueling_dqn,1336,0.09411,2,9.0,True,8000,1.0475239832885563e-05,1.0
dueling_dqn,1337,0.09343,6,5.0,True,8000,9.706900527817197e-06,1.0
dueling_dqn,1338,0.09275,7,4.0,True,8000,5.091393177281134e-06,1.0
dueling_dqn,1339,0.09207,6,5.0,True,8000,5.228915142652113e-06,1.0
dueling_dqn,1340,0.09139,5,6.0,True,8000,4.225743850838626e-06,1.0
dueling_dqn,1341,0.09071,5,6.0,True,8000,1.1074678695877083e-05,1.0
dueling_dqn,1342,0.09004,5,6.0,True,8000,8.172772140824236e-06,1.0
dueling_dqn,1343,0.08936,5,6.0,True,8000,1.0984598702634685e-05,1.0
dueling_dqn,1344,0.08868,6,5.0,True,8000,6.952071089472156e-06,1.0
dueling_dqn,1345,0.088,7,4.0,True,8000,7.11124357621884e-06,1.0
dueling_dqn,1346,0.08732,8,3.0,True,8000,1.8986540908372262e-06,1.0
dueling_dqn,1347,0.08664,3,8.0,True,8000,2.663574605321628e-06,1.0
dueling_dqn,1348,0.08596,6,5.0,True,8000,1.5033060662972275e-06,1.0
dueling_dqn,1349,0.08529,4,7.0,True,8000,1.4165141692501493e-05,1.0
dueling_dqn,1350,0.08461,5,6.0,True,8000,6.788993232476059e-06,1.0
dueling_dqn,1351,0.08393,6,5.0,True,8000,1.0221493539575022e-05,1.0
dueling_dqn,1352,0.08325,1,10.0,True,8000,5.929201961407671e-06,1.0
dueling_dqn,1353,0.08257,3,8.0,True,8000,1.2541882824734785e-05,1.0
dueling_dqn,1354,0.08189,5,6.0,True,8000,3.121439931419445e-06,1.0
dueling_dqn,1355,0.08121,6,5.0,True,8000,3.079826001339825e-06,1.0
dueling_dqn,1356,0.08054,3,8.0,True,8000,2.3614743440703023e-06,1.0
dueling_dqn,1357,0.07986,3,8.0,True,8000,1.3133189895597752e-06,1.0
dueling_dqn,1358,0.07918,5,6.0,True,8000,5.363555146686849e-07,1.0
dueling_dqn,1359,0.0785,8,3.0,True,8000,8.893854896996345e-07,1.0
dueling_dqn,1360,0.07782,6,5.0,True,8000,8.752055009608739e-07,1.0
dueling_dqn,1361,0.07714,7,4.0,True,8000,3.6262747471482726e-07,1.0
dueling_dqn,1362,0.07646,6,5.0,True,8000,1.568633820170362e-06,1.0
dueling_dqn,1363,0.07579,4,7.0,True,8000,4.440340433120582e-07,1.0
dueling_dqn,1364,0.07511,4,7.0,True,8000,5.460109946398006e-07,1.0
dueling_dqn,1365,0.07443,4,7.0,True,8000,3.777833512685902e-07,1.0
dueling_dqn,1366,0.07375,3,8.0,True,8000,9.737636901263613e-07,1.0
dueling_dqn,1367,0.07307,6,5.0,True,8000,7.853506076571648e-07,1.0
dueling_dqn,1368,0.07239,1,10.0,True,8000,2.69001446895345e-07,1.0
dueling_dqn,1369,0.07171,6,5.0,True,8000,4.0953401025944913e-07,1.0
dueling_dqn,1370,0.07104,5,6.0,True,8000,5.299821168591734e-07,1.0
dueling_dqn,1371,0.07036,1,10.0,True,8000,8.766059522713476e-07,1.0
dueling_dqn,1372,0.06968,6,5.0,True,8000,5.03913815919077e-06,1.0
dueling_dqn,1373,0.069,6,5.0,True,8000,6.211686468304833e-06,1.0
dueling_dqn,1374,0.06832,8,3.0,True,8000,7.767987881379668e-06,1.0
dueling_dqn,1375,0.06764,5,6.0,True,8000,2.430989979984588e-06,1.0
dueling_dqn,1376,0.06696,7,4.0,True,8000,1.9192400486645056e-06,1.0
dueling_dqn,1377,0.06629,4,7.0,True,8000,4.171095497440547e-06,1.0
dueling_dqn,1378,0.06561,2,9.0,True,8000,3.008572775797802e-06,1.0
dueling_dqn,1379,0.06493,5,6.0,True,8000,2.083884510284406e-06,1.0
dueling_dqn,1380,0.06425,5,6.0,True,8000,2.0582099296007073e-06,1.0
dueling_dqn,1381,0.06357,6,5.0,True,8000,1.9947563032474136e-06,1.0
dueling_dqn,1382,0.06289,5,6.0,True,8000,2.635079454194056e-06,1.0
dueling_dqn,1383,0.06221,7,4.0,True,8000,1.53256064550078e-06,1.0
dueling_dqn,1384,0.06154,4,7.0,True,8000,2.503259565855842e-06,1.0
dueling_dqn,1385,0.06086,4,7.0,True,8000,3.119869461443159e-06,1.0
dueling_dqn,1386,0.06018,5,6.0,True,8000,2.3389336547552375e-06,1.0
dueling_dqn,1387,0.0595,6,5.0,True,8000,3.3339949823130155e-06,1.0
dueling_dqn,1388,0.05882,5,6.0,True,8000,2.6678535505197942e-06,1.0
dueling_dqn,1389,0.05814,1,10.0,True,8000,3.6585627185559133e-06,1.0
dueling_dqn,1390,0.05746,7,4.0,True,8000,2.87165971712966e-06,1.0
dueling_dqn,1391,0.05679,6,5.0,True,8000,7.141723472159356e-06,1.0
dueling_dqn,1392,0.05611,5,6.0,True,8000,8.751198947720695e-06,1.0
dueling_dqn,1393,0.05543,6,5.0,True,8000,1.3076319191895891e-05,1.0
dueling_dqn,1394,0.05475,1,10.0,True,8000,1.757038990035653e-05,1.0
dueling_dqn,1395,0.05407,6,5.0,True,8000,2.1231831851764582e-05,1.0
dueling_dqn,1396,0.05339,2,9.0,True,8000,1.943662209669128e-05,1.0
dueling_dqn,1397,0.05271,3,8.0,True,8000,3.159505649819039e-05,1.0
dueling_dqn,1398,0.05204,6,5.0,True,8000,4.1550967580405995e-05,1.0
dueling_dqn,1399,0.05136,5,6.0,True,8000,0.00016184445121325552,1.0
dueling_dqn,1400,0.05068,2,9.0,True,8000,0.00021562421170528978,1.0
dueling_dqn,1401,0.05,4,7.0,True,8000,0.00018637807806953788,1.0
dueling_dqn,1402,0.05,5,6.0,True,8000,2.7010450139641762e-05,1.0
dueling_dqn,1403,0.05,3,8.0,True,8000,6.521382601931691e-05,1.0
dueling_dqn,1404,0.05,4,7.0,True,8000,3.415703395148739e-05,1.0
dueling_dqn,1405,0.05,5,6.0,True,8000,4.9049016524804756e-05,1.0
dueling_dqn,1406,0.05,4,7.0,True,8000,2.2229880414670333e-05,1.0
dueling_dqn,1407,0.05,5,6.0,True,8000,2.5270603146054782e-05,1.0
dueling_dqn,1408,0.05,2,9.0,True,8000,2.4824184947647154e-05,1.0
dueling_dqn,1409,0.05,3,8.0,True,8000,1.9116901967208833e-05,1.0
dueling_dqn,1410,0.05,4,7.0,True,8000,2.247174415970221e-05,1.0
dueling_dqn,1411,0.05,5,6.0,True,8000,1.4578930858988315e-05,1.0
dueling_dqn,1412,0.05,3,8.0,True,8000,2.9255696063046344e-05,1.0
dueling_dqn,1413,0.05,7,4.0,True,8000,1.9739940398721956e-05,1.0
dueling_dqn,1414,0.05,3,8.0,True,8000,1.887014695967082e-05,1.0
dueling_dqn,1415,0.05,1,10.0,True,8000,2.4409797333646566e-05,1.0
dueling_dqn,1416,0.05,5,6.0,True,8000,6.014374230289832e-05,1.0
dueling_dqn,1417,0.05,6,5.0,True,8000,3.877652488881722e-05,1.0
dueling_dqn,1418,0.05,4,7.0,True,8000,6.0653586842818186e-05,1.0
dueling_dqn,1419,0.05,3,8.0,True,8000,4.089247158844955e-05,1.0
dueling_dqn,1420,0.05,2,9.0,True,8000,8.500185504090041e-05,1.0
dueling_dqn,1421,0.05,1,10.0,True,8000,6.313489575404674e-05,1.0
dueling_dqn,1422,0.05,5,6.0,True,8000,5.563518061535433e-05,1.0
dueling_dqn,1423,0.05,5,6.0,True,8000,0.00012944030459038913,1.0
dueling_dqn,1424,0.05,5,6.0,True,8000,7.55951987230219e-05,1.0
dueling_dqn,1425,0.05,5,6.0,True,8000,7.500425999751315e-05,1.0
dueling_dqn,1426,0.05,3,8.0,True,8000,7.574172195745632e-05,1.0
dueling_dqn,1427,0.05,4,7.0,True,8000,0.00032738022855482996,1.0
dueling_dqn,1428,0.05,4,7.0,True,8000,0.00032897558412514627,1.0
dueling_dqn,1429,0.05,8,3.0,True,8000,0.00017964938888326287,1.0
dueling_dqn,1430,0.05,1,10.0,True,8000,0.0003158817708026618,1.0
dueling_dqn,1431,0.05,5,6.0,True,8000,0.00021609992836602032,1.0
dueling_dqn,1432,0.05,2,9.0,True,8000,0.00043109478428959846,1.0
dueling_dqn,1433,0.05,5,6.0,True,8000,0.0006088369409553707,1.0
dueling_dqn,1434,0.05,5,6.0,True,8000,0.000641476537566632,1.0
dueling_dqn,1435,0.05,4,7.0,True,8000,0.0006236032349988818,1.0
dueling_dqn,1436,0.05,5,6.0,True,8000,0.0011012713657692075,1.0
dueling_dqn,1437,0.05,6,5.0,True,8000,0.00031299295369535685,1.0
dueling_dqn,1438,0.05,4,7.0,True,8000,0.00039404063136316836,1.0
dueling_dqn,1439,0.05,6,5.0,True,8000,0.0003003134625032544,1.0
dueling_dqn,1440,0.05,4,7.0,True,8000,0.0002166367048630491,1.0
dueling_dqn,1441,0.05,6,5.0,True,8000,0.0004649707698263228,1.0
dueling_dqn,1442,0.05,1,10.0,True,8000,0.0008506617159582675,1.0
dueling_dqn,1443,0.05,5,6.0,True,8000,0.0007056646281853318,1.0
dueling_dqn,1444,0.05,6,5.0,True,8000,0.00015734565386082977,1.0
dueling_dqn,1445,0.05,4,7.0,True,8000,0.0001699981658020988,1.0
dueling_dqn,1446,0.05,6,5.0,True,8000,0.00031675558420829475,1.0
dueling_dqn,1447,0.05,7,4.0,True,8000,0.0003093734849244356,1.0
dueling_dqn,1448,0.05,5,6.0,True,8000,0.00018230057321488857,1.0
dueling_dqn,1449,0.05,1,10.0,True,8000,0.0002468816819600761,1.0
dueling_dqn,1450,0.05,3,8.0,True,8000,0.00045416911598294973,1.0
dueling_dqn,1451,0.05,1,10.0,True,8000,0.0001718096755212173,1.0
dueling_dqn,1452,0.05,6,5.0,True,8000,0.0007252811919897795,1.0
dueling_dqn,1453,0.05,6,5.0,True,8000,0.0005731978453695774,1.0
dueling_dqn,1454,0.05,5,6.0,True,8000,0.0005672494880855083,1.0
dueling_dqn,1455,0.05,6,5.0,True,8000,0.0004453795263543725,1.0
dueling_dqn,1456,0.05,3,8.0,True,8000,0.002124415012076497,1.0
dueling_dqn,1457,0.05,8,3.0,True,8000,0.0014395791804417968,1.0
dueling_dqn,1458,0.05,1,10.0,True,8000,0.0003416482650209218,1.0
dueling_dqn,1459,0.05,5,6.0,True,8000,0.00039646969526074827,1.0
dueling_dqn,1460,0.05,3,8.0,True,8000,0.0003065654600504786,1.0
dueling_dqn,1461,0.05,4,7.0,True,8000,0.0007164528360590339,1.0
dueling_dqn,1462,0.05,4,7.0,True,8000,0.000434190034866333,1.0
dueling_dqn,1463,0.05,6,5.0,True,8000,0.00043057696893811226,1.0
dueling_dqn,1464,0.05,4,7.0,True,8000,0.00025302162976004183,1.0
dueling_dqn,1465,0.05,5,6.0,True,8000,0.0002460769028402865,1.0
dueling_dqn,1466,0.05,7,4.0,True,8000,0.0002962419530376792,1.0
dueling_dqn,1467,0.05,8,3.0,True,8000,0.0008694216376170516,1.0
dueling_dqn,1468,0.05,8,3.0,True,8000,0.00033989149960689247,1.0
dueling_dqn,1469,0.05,5,6.0,True,8000,0.000547327334061265,1.0
dueling_dqn,1470,0.05,3,8.0,True,8000,0.0003093149571213871,1.0
dueling_dqn,1471,0.05,3,8.0,True,8000,0.0003078517038375139,1.0
dueling_dqn,1472,0.05,4,7.0,True,8000,0.0005117084365338087,1.0
dueling_dqn,1473,0.05,3,8.0,True,8000,0.00023209780920296907,1.0
dueling_dqn,1474,0.05,6,5.0,True,8000,0.0003355950175318867,1.0
dueling_dqn,1475,0.05,2,9.0,True,8000,0.00032782304333522916,1.0
dueling_dqn,1476,0.05,4,7.0,True,8000,0.00016198368393816054,1.0
dueling_dqn,1477,0.05,6,5.0,True,8000,0.00029932823963463306,1.0
dueling_dqn,1478,0.05,2,9.0,True,8000,0.00018907686171587557,1.0
dueling_dqn,1479,0.05,6,5.0,True,8000,6.838048284407705e-05,1.0
dueling_dqn,1480,0.05,7,4.0,True,8000,6.931911048013717e-05,1.0
dueling_dqn,1481,0.05,11,0.0,True,8000,4.015960803371854e-05,1.0
dueling_dqn,1482,0.05,7,4.0,True,8000,0.00017969973850995302,1.0
dueling_dqn,1483,0.05,4,7.0,True,8000,5.566161416936666e-05,1.0
dueling_dqn,1484,0.05,6,5.0,True,8000,0.00013256056990940124,1.0
dueling_dqn,1485,0.05,3,8.0,True,8000,6.346568989101797e-05,1.0
dueling_dqn,1486,0.05,1,10.0,True,8000,0.00013784966722596437,1.0
dueling_dqn,1487,0.05,1,10.0,True,8000,5.2300973038654774e-05,1.0
dueling_dqn,1488,0.05,5,6.0,True,8000,0.00011123446165584028,1.0
dueling_dqn,1489,0.05,3,8.0,True,8000,6.342311098705977e-05,1.0
dueling_dqn,1490,0.05,7,4.0,True,8000,3.087225559283979e-05,1.0
dueling_dqn,1491,0.05,4,7.0,True,8000,6.809460319345817e-05,1.0
dueling_dqn,1492,0.05,4,7.0,True,8000,6.3326173403766e-05,1.0
dueling_dqn,1493,0.05,8,3.0,True,8000,2.5822730094660074e-05,1.0
dueling_dqn,1494,0.05,4,7.0,True,8000,9.212316217599437e-05,1.0
dueling_dqn,1495,0.05,7,4.0,True,8000,7.891756104072556e-05,1.0
dueling_dqn,1496,0.05,4,7.0,True,8000,1.4687326256535016e-05,1.0
dueling_dqn,1497,0.05,6,5.0,True,8000,3.28158239426557e-05,1.0
dueling_dqn,1498,0.05,7,4.0,True,8000,2.0715657228720374e-05,1.0
dueling_dqn,1499,0.05,1,10.0,True,8000,1.7446236597606912e-05,1.0
dueling_dqn,1500,0.05,2,9.0,True,8000,1.732707278279122e-05,1.0
dueling_dqn,1501,0.05,4,7.0,True,8000,1.808178421924822e-05,1.0
dueling_dqn,1502,0.05,7,4.0,True,8000,1.4491513866232708e-05,1.0
dueling_dqn,1503,0.05,1,10.0,True,8000,1.7112428395194e-05,1.0
dueling_dqn,1504,0.05,2,9.0,True,8000,1.0003421266446821e-05,1.0
dueling_dqn,1505,0.05,1,10.0,True,8000,2.9398914193734527e-05,1.0
dueling_dqn,1506,0.05,9,2.0,True,8000,0.00015501234156545252,1.0
dueling_dqn,1507,0.05,4,7.0,True,8000,0.00023129620240069926,1.0
dueling_dqn,1508,0.05,6,5.0,True,8000,0.00018330846796743572,1.0
dueling_dqn,1509,0.05,3,8.0,True,8000,6.81455567246303e-05,1.0
dueling_dqn,1510,0.05,7,4.0,True,8000,0.0001325497723883018,1.0
dueling_dqn,1511,0.05,2,9.0,True,8000,4.040408748551272e-05,1.0
dueling_dqn,1512,0.05,2,9.0,True,8000,0.00011055689537897706,1.0
dueling_dqn,1513,0.05,5,6.0,True,8000,1.8751310562947765e-05,1.0
dueling_dqn,1514,0.05,3,8.0,True,8000,2.945819142041728e-05,1.0
dueling_dqn,1515,0.05,3,8.0,True,8000,5.2692168537760153e-05,1.0
dueling_dqn,1516,0.05,6,5.0,True,8000,3.507733708829619e-05,1.0
dueling_dqn,1517,0.05,5,6.0,True,8000,3.170404306729324e-05,1.0
dueling_dqn,1518,0.05,3,8.0,True,8000,5.2313131163828075e-05,1.0
dueling_dqn,1519,0.05,5,6.0,True,8000,5.88339171372354e-05,1.0
dueling_dqn,1520,0.05,5,6.0,True,8000,3.565885344869457e-05,1.0
dueling_dqn,1521,0.05,5,6.0,True,8000,1.9036637240787968e-05,1.0
dueling_dqn,1522,0.05,7,4.0,True,8000,3.371045022504404e-05,1.0
dueling_dqn,1523,0.05,7,4.0,True,8000,1.7592798030818813e-05,1.0
dueling_dqn,1524,0.05,3,8.0,True,8000,3.805864616879262e-05,1.0
dueling_dqn,1525,0.05,4,7.0,True,8000,2.7494914320413955e-05,1.0
dueling_dqn,1526,0.05,8,3.0,True,8000,0.00012685713591054082,1.0
dueling_dqn,1527,0.05,6,5.0,True,8000,0.00010796807328006253,1.0
dueling_dqn,1528,0.05,2,9.0,True,8000,0.0001450314885005355,1.0
dueling_dqn,1529,0.05,5,6.0,True,8000,0.00044246052857488394,1.0
dueling_dqn,1530,0.05,4,7.0,True,8000,0.0002761690702755004,1.0
dueling_dqn,1531,0.05,5,6.0,True,8000,0.0004006410017609596,1.0
dueling_dqn,1532,0.05,4,7.0,True,8000,0.000539857370313257,1.0
dueling_dqn,1533,0.05,2,9.0,True,8000,0.0002799492795020342,1.0
dueling_dqn,1534,0.05,6,5.0,True,8000,0.0003516856231726706,1.0
dueling_dqn,1535,0.05,5,6.0,True,8000,0.0002465518773533404,1.0
dueling_dqn,1536,0.05,4,7.0,True,8000,0.00017735903384163976,1.0
dueling_dqn,1537,0.05,5,6.0,True,8000,0.00027221135678701103,1.0
dueling_dqn,1538,0.05,4,7.0,True,8000,0.0003465655317995697,1.0
dueling_dqn,1539,0.05,4,7.0,True,8000,0.000272369128651917,1.0
dueling_dqn,1540,0.05,4,7.0,True,8000,0.000464782293420285,1.0
dueling_dqn,1541,0.05,7,4.0,True,8000,0.0006058842409402132,1.0
dueling_dqn,1542,0.05,6,5.0,True,8000,0.00023896852508187294,1.0
dueling_dqn,1543,0.05,3,8.0,True,8000,0.00011644560436252505,1.0
dueling_dqn,1544,0.05,5,6.0,True,8000,0.0011112774955108762,1.0
dueling_dqn,1545,0.05,5,6.0,True,8000,0.0004923890810459852,1.0
dueling_dqn,1546,0.05,5,6.0,True,8000,0.0010232946369796991,1.0
dueling_dqn,1547,0.05,9,2.0,True,8000,0.0011014380725100636,1.0
dueling_dqn,1548,0.05,4,7.0,True,8000,0.000590108975302428,1.0
dueling_dqn,1549,0.05,7,4.0,True,8000,0.0009268990252166986,1.0
dueling_dqn,1550,0.05,4,7.0,True,8000,0.0007254580850712955,1.0
dueling_dqn,1551,0.05,6,5.0,True,8000,0.0011900224490091205,1.0
dueling_dqn,1552,0.05,7,4.0,True,8000,0.0006437539122998714,1.0
dueling_dqn,1553,0.05,4,7.0,True,8000,0.001001387252472341,1.0
dueling_dqn,1554,0.05,4,7.0,True,8000,0.00043071259278804064,1.0
dueling_dqn,1555,0.05,6,5.0,True,8000,0.0007590814493596554,1.0
dueling_dqn,1556,0.05,6,5.0,True,8000,0.0005758614861406386,1.0
dueling_dqn,1557,0.05,6,5.0,True,8000,0.0005902227130718529,1.0
dueling_dqn,1558,0.05,5,6.0,True,8000,0.001149533549323678,1.0
dueling_dqn,1559,0.05,5,6.0,True,8000,0.001323856646195054,1.0
dueling_dqn,1560,0.05,5,6.0,True,8000,0.0008939243853092194,1.0
dueling_dqn,1561,0.05,5,6.0,True,8000,0.0005261026090011001,1.0
dueling_dqn,1562,0.05,4,7.0,True,8000,0.0010074845049530268,1.0
dueling_dqn,1563,0.05,3,8.0,True,8000,0.00022868189262226224,1.0
dueling_dqn,1564,0.05,3,8.0,True,8000,0.0002375160693190992,1.0
dueling_dqn,1565,0.05,4,7.0,True,8000,0.0005082935094833374,1.0
dueling_dqn,1566,0.05,5,6.0,True,8000,0.00048351523582823575,1.0
dueling_dqn,1567,0.05,5,6.0,True,8000,0.0010696954559534788,1.0
dueling_dqn,1568,0.05,6,5.0,True,8000,0.0008078426471911371,1.0
dueling_dqn,1569,0.05,2,9.0,True,8000,0.001201178296469152,1.0
dueling_dqn,1570,0.05,6,5.0,True,8000,0.0005541673162952065,1.0
dueling_dqn,1571,0.05,4,7.0,True,8000,0.00045065904851071537,1.0
dueling_dqn,1572,0.05,5,6.0,True,8000,0.0002152797969756648,1.0
dueling_dqn,1573,0.05,6,5.0,True,8000,0.0007287042681127787,1.0
dueling_dqn,1574,0.05,7,4.0,True,8000,0.00035033602034673095,1.0
dueling_dqn,1575,0.05,4,7.0,True,8000,0.0004838306922465563,1.0
dueling_dqn,1576,0.05,3,8.0,True,8000,0.00018615910084918141,1.0
dueling_dqn,1577,0.05,4,7.0,True,8000,0.0002460409887135029,1.0
dueling_dqn,1578,0.05,2,9.0,True,8000,7.534652831964195e-05,1.0
dueling_dqn,1579,0.05,5,6.0,True,8000,0.00019911478739231825,1.0
dueling_dqn,1580,0.05,1,10.0,True,8000,0.00012159546895418316,1.0
dueling_dqn,1581,0.05,1,10.0,True,8000,0.0010666813468560576,1.0
dueling_dqn,1582,0.05,4,7.0,True,8000,0.0002074731164611876,1.0
dueling_dqn,1583,0.05,3,8.0,True,8000,0.00021922978339716792,1.0
dueling_dqn,1584,0.05,6,5.0,True,8000,0.000814067549072206,1.0
dueling_dqn,1585,0.05,3,8.0,True,8000,0.00019102021178696305,1.0
dueling_dqn,1586,0.05,9,2.0,True,8000,0.0003029567888006568,1.0
dueling_dqn,1587,0.05,3,8.0,True,8000,0.00015572659322060645,1.0
dueling_dqn,1588,0.05,6,5.0,True,8000,8.061990229180083e-05,1.0
dueling_dqn,1589,0.05,4,7.0,True,8000,0.00024438038235530257,1.0
dueling_dqn,1590,0.05,6,5.0,True,8000,0.00021074611868243665,1.0
dueling_dqn,1591,0.05,7,4.0,True,8000,0.0003842813603114337,1.0
dueling_dqn,1592,0.05,4,7.0,True,8000,0.001206208486109972,1.0
dueling_dqn,1593,0.05,6,5.0,True,8000,0.0007459804182872176,1.0
dueling_dqn,1594,0.05,7,4.0,True,8000,0.0002600412699393928,1.0
dueling_dqn,1595,0.05,1,10.0,True,8000,0.000623432279098779,1.0
dueling_dqn,1596,0.05,1,10.0,True,8000,0.000503599876537919,1.0
dueling_dqn,1597,0.05,4,7.0,True,8000,0.0009105261415243149,1.0
dueling_dqn,1598,0.05,2,9.0,True,8000,0.0008751838468015194,1.0
dueling_dqn,1599,0.05,4,7.0,True,8000,0.001054822700098157,1.0
dueling_dqn,1600,0.05,5,6.0,True,8000,0.00020543519349303097,1.0
dueling_dqn,1601,0.05,5,6.0,True,8000,0.00042762290104292333,1.0
dueling_dqn,1602,0.05,8,3.0,True,8000,0.00026456356863491237,1.0
dueling_dqn,1603,0.05,4,7.0,True,8000,0.00018938163702841848,1.0
dueling_dqn,1604,0.05,7,4.0,True,8000,0.0007502571097575128,1.0
dueling_dqn,1605,0.05,3,8.0,True,8000,0.00035773549461737275,1.0
dueling_dqn,1606,0.05,1,10.0,True,8000,0.0009909195359796286,1.0
dueling_dqn,1607,0.05,2,9.0,True,8000,0.0006574052385985851,1.0
dueling_dqn,1608,0.05,4,7.0,True,8000,0.00070334313204512,1.0
dueling_dqn,1609,0.05,7,4.0,True,8000,0.00021723339159507304,1.0
dueling_dqn,1610,0.05,1,10.0,True,8000,0.0007293851813301444,1.0
dueling_dqn,1611,0.05,3,8.0,True,8000,0.0001253308291779831,1.0
dueling_dqn,1612,0.05,4,7.0,True,8000,0.00011203987378394231,1.0
dueling_dqn,1613,0.05,5,6.0,True,8000,0.00016029918333515525,1.0
dueling_dqn,1614,0.05,6,5.0,True,8000,0.000447621860075742,1.0
dueling_dqn,1615,0.05,9,2.0,True,8000,0.00030349200824275613,1.0
dueling_dqn,1616,0.05,6,5.0,True,8000,0.0004389598616398871,1.0
dueling_dqn,1617,0.05,4,7.0,True,8000,0.00031073697027750313,1.0
dueling_dqn,1618,0.05,3,8.0,True,8000,0.0003789010806940496,1.0
dueling_dqn,1619,0.05,6,5.0,True,8000,0.0001640150003368035,1.0
dueling_dqn,1620,0.05,4,7.0,True,8000,0.00014876035857014358,1.0
dueling_dqn,1621,0.05,3,8.0,True,8000,0.0002492207277100533,1.0
dueling_dqn,1622,0.05,4,7.0,True,8000,0.0001242116413777694,1.0
dueling_dqn,1623,0.05,3,8.0,True,8000,8.912781049730256e-05,1.0
dueling_dqn,1624,0.05,6,5.0,True,8000,7.734716928098351e-05,1.0
dueling_dqn,1625,0.05,3,8.0,True,8000,0.00012997676094528288,1.0
dueling_dqn,1626,0.05,5,6.0,True,8000,0.00011619931319728494,1.0
dueling_dqn,1627,0.05,7,4.0,True,8000,0.00014569173799827695,1.0
dueling_dqn,1628,0.05,7,4.0,True,8000,0.0001295182155445218,1.0
dueling_dqn,1629,0.05,2,9.0,True,8000,0.00014545704470947385,1.0
dueling_dqn,1630,0.05,5,6.0,True,8000,3.1244606361724436e-05,1.0
dueling_dqn,1631,0.05,7,4.0,True,8000,4.458118201000616e-05,1.0
dueling_dqn,1632,0.05,6,5.0,True,8000,4.748687206301838e-05,1.0
dueling_dqn,1633,0.05,4,7.0,True,8000,4.1991861507995054e-05,1.0
dueling_dqn,1634,0.05,5,6.0,True,8000,4.016078310087323e-05,1.0
dueling_dqn,1635,0.05,3,8.0,True,8000,0.0002290619013365358,1.0
dueling_dqn,1636,0.05,2,9.0,True,8000,0.0002457211376167834,1.0
dueling_dqn,1637,0.05,8,3.0,True,8000,0.0001841879857238382,1.0
dueling_dqn,1638,0.05,6,5.0,True,8000,0.00026187271578237414,1.0
dueling_dqn,1639,0.05,5,6.0,True,8000,0.00010695424862205982,1.0
dueling_dqn,1640,0.05,7,4.0,True,8000,0.0004412924754433334,1.0
dueling_dqn,1641,0.05,7,4.0,True,8000,0.00015460341819562018,1.0
dueling_dqn,1642,0.05,6,5.0,True,8000,0.00013175596541259438,1.0
dueling_dqn,1643,0.05,1,10.0,True,8000,0.00022459121828433126,1.0
dueling_dqn,1644,0.05,7,4.0,True,8000,0.0002267387171741575,1.0
dueling_dqn,1645,0.05,6,5.0,True,8000,0.00011863443796755746,1.0
dueling_dqn,1646,0.05,3,8.0,True,8000,6.340128311421722e-05,1.0
dueling_dqn,1647,0.05,5,6.0,True,8000,3.911882595275529e-05,1.0
dueling_dqn,1648,0.05,5,6.0,True,8000,6.999282777542248e-05,1.0
dueling_dqn,1649,0.05,5,6.0,True,8000,8.576895197620615e-05,1.0
dueling_dqn,1650,0.05,5,6.0,True,8000,2.5300441848230548e-05,1.0
dueling_dqn,1651,0.05,2,9.0,True,8000,4.019393236376345e-05,1.0
dueling_dqn,1652,0.05,1,10.0,True,8000,3.634010863606818e-05,1.0
dueling_dqn,1653,0.05,3,8.0,True,8000,4.413668648339808e-05,1.0
dueling_dqn,1654,0.05,6,5.0,True,8000,7.704325980739668e-05,1.0
dueling_dqn,1655,0.05,4,7.0,True,8000,8.413277100771666e-05,1.0
dueling_dqn,1656,0.05,6,5.0,True,8000,0.0001252309448318556,1.0
dueling_dqn,1657,0.05,8,3.0,True,8000,5.6486926041543484e-05,1.0
dueling_dqn,1658,0.05,7,4.0,True,8000,8.889675518730655e-05,1.0
dueling_dqn,1659,0.05,2,9.0,True,8000,5.780763603979722e-05,1.0
dueling_dqn,1660,0.05,5,6.0,True,8000,4.363893094705418e-05,1.0
dueling_dqn,1661,0.05,7,4.0,True,8000,0.00031692878110334277,1.0
dueling_dqn,1662,0.05,2,9.0,True,8000,5.999927088851109e-05,1.0
dueling_dqn,1663,0.05,2,9.0,True,8000,5.53183417650871e-05,1.0
dueling_dqn,1664,0.05,8,3.0,True,8000,2.9869377613067627e-05,1.0
dueling_dqn,1665,0.05,4,7.0,True,8000,3.134344660793431e-05,1.0
dueling_dqn,1666,0.05,2,9.0,True,8000,5.821216473123059e-05,1.0
dueling_dqn,1667,0.05,7,4.0,True,8000,2.5402197934454307e-05,1.0
dueling_dqn,1668,0.05,7,4.0,True,8000,6.15300377830863e-05,1.0
dueling_dqn,1669,0.05,5,6.0,True,8000,0.00012045045150443912,1.0
dueling_dqn,1670,0.05,4,7.0,True,8000,0.0001293007517233491,1.0
dueling_dqn,1671,0.05,8,3.0,True,8000,3.67375832865946e-05,1.0
dueling_dqn,1672,0.05,8,3.0,True,8000,0.00022214751516003162,1.0
dueling_dqn,1673,0.05,6,5.0,True,8000,0.00043896897113882005,1.0
dueling_dqn,1674,0.05,5,6.0,True,8000,0.000990798114798963,1.0
dueling_dqn,1675,0.05,4,7.0,True,8000,0.0011098980903625488,1.0
dueling_dqn,1676,0.05,4,7.0,True,8000,0.00044568756129592657,1.0
dueling_dqn,1677,0.05,7,4.0,True,8000,0.00038892740849405527,1.0
dueling_dqn,1678,0.05,6,5.0,True,8000,0.00017362655489705503,1.0
dueling_dqn,1679,0.05,7,4.0,True,8000,0.0003095584106631577,1.0
dueling_dqn,1680,0.05,3,8.0,True,8000,0.0002552705118432641,1.0
dueling_dqn,1681,0.05,2,9.0,True,8000,0.00017802062211558223,1.0
dueling_dqn,1682,0.05,3,8.0,True,8000,0.00011805481335613877,1.0
dueling_dqn,1683,0.05,4,7.0,True,8000,0.0007668358157388866,1.0
dueling_dqn,1684,0.05,6,5.0,True,8000,0.00014067786105442792,1.0
dueling_dqn,1685,0.05,5,6.0,True,8000,0.00014073963393457234,1.0
dueling_dqn,1686,0.05,6,5.0,True,8000,0.00010442518396303058,1.0
dueling_dqn,1687,0.05,3,8.0,True,8000,0.00020379829220473766,1.0
dueling_dqn,1688,0.05,5,6.0,True,8000,5.937107926001772e-05,1.0
dueling_dqn,1689,0.05,5,6.0,True,8000,0.00015546374197583646,1.0
dueling_dqn,1690,0.05,2,9.0,True,8000,3.1339302950073034e-05,1.0
dueling_dqn,1691,0.05,2,9.0,True,8000,0.00014594390813726932,1.0
dueling_dqn,1692,0.05,4,7.0,True,8000,9.291286551160738e-05,1.0
dueling_dqn,1693,0.05,4,7.0,True,8000,4.1392268030904233e-05,1.0
dueling_dqn,1694,0.05,4,7.0,True,8000,4.529599391389638e-05,1.0
dueling_dqn,1695,0.05,5,6.0,True,8000,3.1547988328384236e-05,1.0
dueling_dqn,1696,0.05,2,9.0,True,8000,2.484535980329383e-05,1.0
dueling_dqn,1697,0.05,2,9.0,True,8000,3.0436271117650904e-05,1.0
dueling_dqn,1698,0.05,7,4.0,True,8000,8.827918645692989e-05,1.0
dueling_dqn,1699,0.05,4,7.0,True,8000,0.00011117865506093949,1.0
dueling_dqn,1700,0.05,7,4.0,True,8000,6.442403537221253e-05,1.0
dueling_dqn,1701,0.05,6,5.0,True,8000,6.512946129078045e-05,1.0
dueling_dqn,1702,0.05,2,9.0,True,8000,3.30966868204996e-05,1.0
dueling_dqn,1703,0.05,1,10.0,True,8000,1.7888634829432704e-05,1.0
dueling_dqn,1704,0.05,8,3.0,True,8000,1.1078383977292106e-05,1.0
dueling_dqn,1705,0.05,8,3.0,True,8000,2.592731652839575e-05,1.0
dueling_dqn,1706,0.05,5,6.0,True,8000,1.3866903827874921e-05,1.0
dueling_dqn,1707,0.05,6,5.0,True,8000,1.9496377717587166e-05,1.0
dueling_dqn,1708,0.05,2,9.0,True,8000,4.3639206523948815e-06,1.0
dueling_dqn,1709,0.05,6,5.0,True,8000,1.8633752915775403e-05,1.0
dueling_dqn,1710,0.05,5,6.0,True,8000,2.1220726921455935e-05,1.0
dueling_dqn,1711,0.05,11,0.0,True,8000,1.5934281691443175e-05,1.0
dueling_dqn,1712,0.05,7,4.0,True,8000,5.042848897574004e-06,1.0
dueling_dqn,1713,0.05,5,6.0,True,8000,8.784618330537342e-06,1.0
dueling_dqn,1714,0.05,4,7.0,True,8000,9.586143278283998e-06,1.0
dueling_dqn,1715,0.05,4,7.0,True,8000,5.264220089884475e-05,1.0
dueling_dqn,1716,0.05,5,6.0,True,8000,1.7121550627052784e-05,1.0
dueling_dqn,1717,0.05,6,5.0,True,8000,3.359755646670237e-05,1.0
dueling_dqn,1718,0.05,4,7.0,True,8000,2.7001100534107536e-05,1.0
dueling_dqn,1719,0.05,1,10.0,True,8000,2.4478664272464812e-05,1.0
dueling_dqn,1720,0.05,6,5.0,True,8000,1.119177795771975e-05,1.0
dueling_dqn,1721,0.05,3,8.0,True,8000,1.3818640582030639e-05,1.0
dueling_dqn,1722,0.05,3,8.0,True,8000,0.0010690754279494286,1.0
dueling_dqn,1723,0.05,5,6.0,True,8000,0.00029347854433581233,1.0
dueling_dqn,1724,0.05,5,6.0,True,8000,0.00011845598055515438,1.0
dueling_dqn,1725,0.05,3,8.0,True,8000,0.0010518988128751516,1.0
dueling_dqn,1726,0.05,3,8.0,True,8000,0.0009954356355592608,1.0
dueling_dqn,1727,0.05,6,5.0,True,8000,0.00021264889801386744,1.0
dueling_dqn,1728,0.05,5,6.0,True,8000,0.0006028764182701707,1.0
dueling_dqn,1729,0.05,3,8.0,True,8000,0.000823301263153553,1.0
dueling_dqn,1730,0.05,7,4.0,True,8000,0.00028399337315931916,1.0
dueling_dqn,1731,0.05,6,5.0,True,8000,0.002719631651416421,1.0
dueling_dqn,1732,0.05,5,6.0,True,8000,0.006093515083193779,1.0
dueling_dqn,1733,0.05,5,6.0,True,8000,0.0018846156308427453,1.0
dueling_dqn,1734,0.05,5,6.0,True,8000,0.002019100356847048,1.0
dueling_dqn,1735,0.05,6,5.0,True,8000,0.0023814886808395386,1.0
dueling_dqn,1736,0.05,3,8.0,True,8000,0.0011902358382940292,1.0
dueling_dqn,1737,0.05,2,9.0,True,8000,0.0021448137704283,1.0
dueling_dqn,1738,0.05,5,6.0,True,8000,0.0006522858748212457,1.0
dueling_dqn,1739,0.05,5,6.0,True,8000,0.005577669944614172,1.0
dueling_dqn,1740,0.05,2,9.0,True,8000,0.005711771082133055,1.0
dueling_dqn,1741,0.05,6,5.0,True,8000,0.00357662420719862,1.0
dueling_dqn,1742,0.05,7,4.0,True,8000,0.022612497210502625,1.0
dueling_dqn,1743,0.05,5,6.0,True,8000,0.002738474402576685,1.0
dueling_dqn,1744,0.05,3,8.0,True,8000,0.002429576124995947,1.0
dueling_dqn,1745,0.05,6,5.0,True,8000,0.0009231693111360073,1.0
dueling_dqn,1746,0.05,5,6.0,True,8000,0.0010582813993096352,1.0
dueling_dqn,1747,0.05,5,6.0,True,8000,0.0006349388277158141,1.0
dueling_dqn,1748,0.05,6,5.0,True,8000,0.000480389833683148,1.0
dueling_dqn,1749,0.05,7,4.0,True,8000,0.00042887404561042786,1.0
dueling_dqn,1750,0.05,8,3.0,True,8000,0.0005152153316885233,1.0
dueling_dqn,1751,0.05,4,7.0,True,8000,0.0005378298810683191,1.0
dueling_dqn,1752,0.05,5,6.0,True,8000,0.0007233409560285509,1.0
dueling_dqn,1753,0.05,5,6.0,True,8000,8.321739733219147e-05,1.0
dueling_dqn,1754,0.05,1,10.0,True,8000,0.00023126142332330346,1.0
dueling_dqn,1755,0.05,4,7.0,True,8000,0.00017250498058274388,1.0
dueling_dqn,1756,0.05,6,5.0,True,8000,7.638707029400393e-05,1.0
dueling_dqn,1757,0.05,8,3.0,True,8000,0.00011119973351014778,1.0
dueling_dqn,1758,0.05,6,5.0,True,8000,6.030192889738828e-05,1.0
dueling_dqn,1759,0.05,5,6.0,True,8000,0.0020621675066649914,1.0
dueling_dqn,1760,0.05,6,5.0,True,8000,0.0008017109939828515,1.0
dueling_dqn,1761,0.05,2,9.0,True,8000,0.0007208360475488007,1.0
dueling_dqn,1762,0.05,6,5.0,True,8000,0.0007262974977493286,1.0
dueling_dqn,1763,0.05,2,9.0,True,8000,0.0003906861529685557,1.0
dueling_dqn,1764,0.05,6,5.0,True,8000,0.0003152993449475616,1.0
dueling_dqn,1765,0.05,3,8.0,True,8000,0.00027446457534097135,1.0
dueling_dqn,1766,0.05,6,5.0,True,8000,0.0002077524404739961,1.0
dueling_dqn,1767,0.05,4,7.0,True,8000,0.00012358442472759634,1.0
dueling_dqn,1768,0.05,5,6.0,True,8000,0.0002756314934231341,1.0
dueling_dqn,1769,0.05,3,8.0,True,8000,0.0001502817467553541,1.0
dueling_dqn,1770,0.05,7,4.0,True,8000,0.00019841249741148204,1.0
dueling_dqn,1771,0.05,7,4.0,True,8000,6.563424540217966e-05,1.0
dueling_dqn,1772,0.05,8,3.0,True,8000,0.00016428253729827702,1.0
dueling_dqn,1773,0.05,3,8.0,True,8000,8.648648508824408e-05,1.0
dueling_dqn,1774,0.05,5,6.0,True,8000,5.360330396797508e-05,1.0
dueling_dqn,1775,0.05,4,7.0,True,8000,5.6427794334013015e-05,1.0
dueling_dqn,1776,0.05,6,5.0,True,8000,6.057629070710391e-05,1.0
dueling_dqn,1777,0.05,6,5.0,True,8000,4.569910743157379e-05,1.0
dueling_dqn,1778,0.05,4,7.0,True,8000,1.6346177289960906e-05,1.0
dueling_dqn,1779,0.05,6,5.0,True,8000,0.0009516645222902298,1.0
dueling_dqn,1780,0.05,2,9.0,True,8000,0.0004131437453906983,1.0
dueling_dqn,1781,0.05,6,5.0,True,8000,0.0004895766032859683,1.0
dueling_dqn,1782,0.05,3,8.0,True,8000,0.0004280321882106364,1.0
dueling_dqn,1783,0.05,6,5.0,True,8000,0.0005480636027641594,1.0
dueling_dqn,1784,0.05,5,6.0,True,8000,0.000168397935340181,1.0
dueling_dqn,1785,0.05,5,6.0,True,8000,0.0001691816287348047,1.0
dueling_dqn,1786,0.05,5,6.0,True,8000,0.00020446284906938672,1.0
dueling_dqn,1787,0.05,7,4.0,True,8000,3.316183210699819e-05,1.0
dueling_dqn,1788,0.05,5,6.0,True,8000,0.00011154230742249638,1.0
dueling_dqn,1789,0.05,4,7.0,True,8000,0.00013194118218962103,1.0
dueling_dqn,1790,0.05,5,6.0,True,8000,4.9244808906223625e-05,1.0
dueling_dqn,1791,0.05,3,8.0,True,8000,0.00011924812861252576,1.0
dueling_dqn,1792,0.05,6,5.0,True,8000,7.395039574475959e-05,1.0
dueling_dqn,1793,0.05,2,9.0,True,8000,4.37299968325533e-05,1.0
dueling_dqn,1794,0.05,6,5.0,True,8000,1.2100358617317397e-05,1.0
dueling_dqn,1795,0.05,6,5.0,True,8000,1.8487393390387297e-05,1.0
dueling_dqn,1796,0.05,1,10.0,True,8000,4.2551488149911165e-05,1.0
dueling_dqn,1797,0.05,5,6.0,True,8000,2.1134133930900134e-05,1.0
dueling_dqn,1798,0.05,4,7.0,True,8000,9.950009371095803e-06,1.0
dueling_dqn,1799,0.05,6,5.0,True,8000,1.6692843928467482e-05,1.0
dueling_dqn,1800,0.05,6,5.0,True,8000,1.721005537547171e-05,1.0
dueling_dqn,1801,0.05,8,3.0,True,8000,7.126949640223756e-05,1.0
dueling_dqn,1802,0.05,4,7.0,True,8000,8.516911475453526e-05,1.0
dueling_dqn,1803,0.05,7,4.0,True,8000,0.00028149218996986747,1.0
dueling_dqn,1804,0.05,1,10.0,True,8000,0.00018871213251259178,1.0
dueling_dqn,1805,0.05,5,6.0,True,8000,0.00015675263421144336,1.0
dueling_dqn,1806,0.05,3,8.0,True,8000,7.937785267131403e-05,1.0
dueling_dqn,1807,0.05,3,8.0,True,8000,9.852551738731563e-05,1.0
dueling_dqn,1808,0.05,7,4.0,True,8000,9.93737849057652e-05,1.0
dueling_dqn,1809,0.05,5,6.0,True,8000,9.12299583433196e-05,1.0
dueling_dqn,1810,0.05,1,10.0,True,8000,7.801355968695134e-05,1.0
dueling_dqn,1811,0.05,5,6.0,True,8000,7.803839253028855e-05,1.0
dueling_dqn,1812,0.05,5,6.0,True,8000,5.299291296978481e-05,1.0
dueling_dqn,1813,0.05,1,-10.0,False,8000,2.9519589588744566e-05,0.99
dueling_dqn,1814,0.05,4,7.0,True,8000,2.616359961393755e-05,0.99
dueling_dqn,1815,0.05,6,5.0,True,8000,5.423433685791679e-05,0.99
dueling_dqn,1816,0.05,4,7.0,True,8000,1.6253972717095166e-05,0.99
dueling_dqn,1817,0.05,2,9.0,True,8000,3.2708863727748394e-05,0.99
dueling_dqn,1818,0.05,3,8.0,True,8000,1.189082922792295e-05,0.99
dueling_dqn,1819,0.05,3,8.0,True,8000,2.40899662458105e-05,0.99
dueling_dqn,1820,0.05,3,8.0,True,8000,1.0746385669335723e-05,0.99
dueling_dqn,1821,0.05,7,4.0,True,8000,2.491334089427255e-05,0.99
dueling_dqn,1822,0.05,6,5.0,True,8000,7.68056543165585e-06,0.99
dueling_dqn,1823,0.05,3,8.0,True,8000,7.830535651009995e-06,0.99
dueling_dqn,1824,0.05,4,7.0,True,8000,3.2283696782542393e-06,0.99
dueling_dqn,1825,0.05,5,6.0,True,8000,7.319016731344163e-05,0.99
dueling_dqn,1826,0.05,6,5.0,True,8000,1.649947080295533e-05,0.99
dueling_dqn,1827,0.05,4,7.0,True,8000,5.632327156490646e-05,0.99
dueling_dqn,1828,0.05,1,10.0,True,8000,2.193337604694534e-05,0.99
dueling_dqn,1829,0.05,6,5.0,True,8000,2.2951076971367e-05,0.99
dueling_dqn,1830,0.05,5,6.0,True,8000,2.8008464141748846e-05,0.99
dueling_dqn,1831,0.05,4,7.0,True,8000,8.79003491718322e-05,0.99
dueling_dqn,1832,0.05,2,9.0,True,8000,7.698890112806112e-05,0.99
dueling_dqn,1833,0.05,4,7.0,True,8000,4.980144512956031e-05,0.99
dueling_dqn,1834,0.05,5,6.0,True,8000,1.4601901057176292e-05,0.99
dueling_dqn,1835,0.05,7,4.0,True,8000,1.2907084965263493e-05,0.99
dueling_dqn,1836,0.05,8,3.0,True,8000,1.5808525859029032e-05,0.99
dueling_dqn,1837,0.05,3,8.0,True,8000,6.539799869642593e-06,0.99
dueling_dqn,1838,0.05,6,5.0,True,8000,1.3181528629502282e-05,0.99
dueling_dqn,1839,0.05,4,7.0,True,8000,5.886752205697121e-06,0.99
dueling_dqn,1840,0.05,7,4.0,True,8000,4.260848072590306e-06,0.99
dueling_dqn,1841,0.05,1,10.0,True,8000,3.3557910228410037e-06,0.99
dueling_dqn,1842,0.05,6,5.0,True,8000,3.2707644095353317e-06,0.99
dueling_dqn,1843,0.05,5,6.0,True,8000,2.3709148990747053e-06,0.99
dueling_dqn,1844,0.05,3,8.0,True,8000,1.4603706404159311e-06,0.99
dueling_dqn,1845,0.05,6,5.0,True,8000,5.482329925143858e-06,0.99
dueling_dqn,1846,0.05,6,5.0,True,8000,3.3919709494512063e-06,0.99
dueling_dqn,1847,0.05,6,5.0,True,8000,1.571287248225417e-05,0.99
dueling_dqn,1848,0.05,5,6.0,True,8000,1.9402648831601255e-05,0.99
dueling_dqn,1849,0.05,3,8.0,True,8000,1.8972197722177953e-05,0.99
dueling_dqn,1850,0.05,7,4.0,True,8000,3.977898359153187e-06,0.99
dueling_dqn,1851,0.05,5,6.0,True,8000,4.066284873260884e-06,0.99
dueling_dqn,1852,0.05,2,9.0,True,8000,8.103244908852503e-06,0.99
dueling_dqn,1853,0.05,5,6.0,True,8000,5.812533800053643e-06,0.99
dueling_dqn,1854,0.05,2,9.0,True,8000,2.2147958134155488e-06,0.99
dueling_dqn,1855,0.05,5,6.0,True,8000,3.6489718695520423e-06,0.99
dueling_dqn,1856,0.05,3,8.0,True,8000,8.616435479780193e-06,0.99
dueling_dqn,1857,0.05,7,4.0,True,8000,7.4591862357920036e-06,0.99
dueling_dqn,1858,0.05,1,10.0,True,8000,1.6158514881681185e-06,0.99
dueling_dqn,1859,0.05,3,8.0,True,8000,5.1957490541099105e-06,0.99
dueling_dqn,1860,0.05,3,8.0,True,8000,1.1627943194980617e-06,0.99
dueling_dqn,1861,0.05,1,10.0,True,8000,2.1368873603933025e-06,0.99
dueling_dqn,1862,0.05,5,6.0,True,8000,1.3627540056404541e-06,0.99
dueling_dqn,1863,0.05,5,6.0,True,8000,1.721955754874216e-06,0.99
dueling_dqn,1864,0.05,4,7.0,True,8000,1.571086158946855e-06,0.99
dueling_dqn,1865,0.05,7,4.0,True,8000,1.1499114407342859e-06,0.99
dueling_dqn,1866,0.05,8,3.0,True,8000,4.7084139964681526e-07,0.99
dueling_dqn,1867,0.05,6,5.0,True,8000,6.89273917942046e-07,0.99
dueling_dqn,1868,0.05,3,8.0,True,8000,1.9528151824488305e-06,0.99
dueling_dqn,1869,0.05,2,9.0,True,8000,5.255501491774339e-06,0.99
dueling_dqn,1870,0.05,6,5.0,True,8000,1.605941520210763e-06,0.99
dueling_dqn,1871,0.05,6,5.0,True,8000,2.3908735329314368e-06,0.99
dueling_dqn,1872,0.05,4,7.0,True,8000,1.4107158676779363e-06,0.99
dueling_dqn,1873,0.05,6,5.0,True,8000,2.1904572804487543e-06,0.99
dueling_dqn,1874,0.05,7,4.0,True,8000,7.510192858717346e-07,0.99
dueling_dqn,1875,0.05,3,8.0,True,8000,4.565665676636854e-07,0.99
dueling_dqn,1876,0.05,3,8.0,True,8000,9.105995104619069e-07,0.99
dueling_dqn,1877,0.05,5,6.0,True,8000,4.0736938444752013e-07,0.99
dueling_dqn,1878,0.05,2,9.0,True,8000,4.5956721805850975e-07,0.99
dueling_dqn,1879,0.05,6,5.0,True,8000,5.158536851013196e-07,0.99
dueling_dqn,1880,0.05,6,5.0,True,8000,1.8087271769218205e-07,0.99
dueling_dqn,1881,0.05,1,10.0,True,8000,2.462299732997053e-07,0.99
dueling_dqn,1882,0.05,8,3.0,True,8000,7.32136911096859e-08,0.99
dueling_dqn,1883,0.05,2,9.0,True,8000,8.049232746998314e-08,0.99
dueling_dqn,1884,0.05,2,9.0,True,8000,8.428209952171528e-08,0.99
dueling_dqn,1885,0.05,6,5.0,True,8000,5.5296183631980966e-08,0.99
dueling_dqn,1886,0.05,3,8.0,True,8000,3.4034389528869724e-08,0.99
dueling_dqn,1887,0.05,2,9.0,True,8000,8.314508193052461e-08,0.99
dueling_dqn,1888,0.05,4,7.0,True,8000,1.3798353393212892e-07,0.99
dueling_dqn,1889,0.05,6,5.0,True,8000,4.825557553544968e-08,0.99
dueling_dqn,1890,0.05,3,8.0,True,8000,8.39201135249823e-08,0.99
dueling_dqn,1891,0.05,6,5.0,True,8000,6.148266606942343e-08,0.99
dueling_dqn,1892,0.05,1,10.0,True,8000,6.044199096777447e-08,0.99
dueling_dqn,1893,0.05,5,6.0,True,8000,4.170619376964169e-06,0.99
dueling_dqn,1894,0.05,8,3.0,True,8000,3.6916749195370357e-06,0.99
dueling_dqn,1895,0.05,7,4.0,True,8000,6.679720627289498e-06,0.99
dueling_dqn,1896,0.05,3,8.0,True,8000,4.423137397679966e-06,0.99
dueling_dqn,1897,0.05,2,9.0,True,8000,1.993446403503185e-06,0.99
dueling_dqn,1898,0.05,2,9.0,True,8000,1.8541143163020024e-06,0.99
dueling_dqn,1899,0.05,2,9.0,True,8000,1.5170843425948988e-06,0.99
dueling_dqn,1900,0.05,5,6.0,True,8000,3.873764853778994e-06,0.99
dueling_dqn,1901,0.05,3,8.0,True,8000,6.88418765548704e-07,0.99
dueling_dqn,1902,0.05,7,4.0,True,8000,1.607772674105945e-06,0.99
dueling_dqn,1903,0.05,5,6.0,True,8000,1.6603164567641215e-06,0.99
dueling_dqn,1904,0.05,4,7.0,True,8000,6.802019356655364e-07,0.99
dueling_dqn,1905,0.05,2,9.0,True,8000,4.35044626101444e-07,0.99
dueling_dqn,1906,0.05,8,3.0,True,8000,4.261830497398478e-07,0.99
dueling_dqn,1907,0.05,4,7.0,True,8000,3.138015074455325e-07,0.99
dueling_dqn,1908,0.05,4,7.0,True,8000,1.1508155921546859e-06,0.99
dueling_dqn,1909,0.05,5,6.0,True,8000,2.8361881732053007e-07,0.99
dueling_dqn,1910,0.05,6,5.0,True,8000,1.2449874020603602e-06,0.99
dueling_dqn,1911,0.05,6,5.0,True,8000,1.4710508366988506e-06,0.99
dueling_dqn,1912,0.05,1,10.0,True,8000,6.239362733140297e-07,0.99
dueling_dqn,1913,0.05,5,6.0,True,8000,3.8479875001939945e-06,1.0
dueling_dqn,1914,0.05,5,6.0,True,8000,3.96355602561016e-07,1.0
dueling_dqn,1915,0.05,7,4.0,True,8000,1.1002464361808961e-06,1.0
dueling_dqn,1916,0.05,5,6.0,True,8000,1.0417355724712252e-06,1.0
dueling_dqn,1917,0.05,5,6.0,True,8000,1.1316418522255844e-06,1.0
dueling_dqn,1918,0.05,3,8.0,True,8000,9.740338100527879e-07,1.0
dueling_dqn,1919,0.05,1,10.0,True,8000,1.3056210264039692e-06,1.0
dueling_dqn,1920,0.05,5,6.0,True,8000,1.3228240050011664e-06,1.0
dueling_dqn,1921,0.05,5,6.0,True,8000,7.36515460175724e-07,1.0
dueling_dqn,1922,0.05,5,6.0,True,8000,2.3832606643736653e-07,1.0
dueling_dqn,1923,0.05,8,3.0,True,8000,4.041542922550434e-07,1.0
dueling_dqn,1924,0.05,4,7.0,True,8000,1.0287484428772586e-06,1.0
dueling_dqn,1925,0.05,5,6.0,True,8000,1.1296901902824175e-06,1.0
dueling_dqn,1926,0.05,4,7.0,True,8000,2.0144534573773853e-07,1.0
dueling_dqn,1927,0.05,6,5.0,True,8000,6.785919026697229e-07,1.0
dueling_dqn,1928,0.05,1,10.0,True,8000,7.493455314033781e-07,1.0
dueling_dqn,1929,0.05,4,7.0,True,8000,8.569894021093205e-07,1.0
dueling_dqn,1930,0.05,5,6.0,True,8000,5.855000608789851e-07,1.0
dueling_dqn,1931,0.05,7,4.0,True,8000,6.974597681619343e-07,1.0
dueling_dqn,1932,0.05,5,6.0,True,8000,5.899057669012109e-07,1.0
dueling_dqn,1933,0.05,5,6.0,True,8000,9.547255785946618e-07,1.0
dueling_dqn,1934,0.05,3,8.0,True,8000,1.471227960792021e-06,1.0
dueling_dqn,1935,0.05,4,7.0,True,8000,9.36648063998291e-07,1.0
dueling_dqn,1936,0.05,5,6.0,True,8000,2.2244905721890973e-06,1.0
dueling_dqn,1937,0.05,5,6.0,True,8000,1.8549828837421956e-06,1.0
dueling_dqn,1938,0.05,2,9.0,True,8000,2.2759077182854526e-06,1.0
dueling_dqn,1939,0.05,1,10.0,True,8000,1.1970199693678296e-06,1.0
dueling_dqn,1940,0.05,4,7.0,True,8000,6.771938956262602e-07,1.0
dueling_dqn,1941,0.05,5,6.0,True,8000,1.1801269010902615e-06,1.0
dueling_dqn,1942,0.05,3,8.0,True,8000,1.4540638630933245e-06,1.0
dueling_dqn,1943,0.05,3,8.0,True,8000,1.2134482858527917e-06,1.0
dueling_dqn,1944,0.05,7,4.0,True,8000,3.6141585724180914e-07,1.0
dueling_dqn,1945,0.05,8,3.0,True,8000,6.439821049752936e-07,1.0
dueling_dqn,1946,0.05,4,7.0,True,8000,7.198387379503401e-07,1.0
dueling_dqn,1947,0.05,4,7.0,True,8000,2.199001073677209e-06,1.0
dueling_dqn,1948,0.05,7,4.0,True,8000,4.625615019904217e-06,1.0
dueling_dqn,1949,0.05,4,7.0,True,8000,1.7245299659407465e-06,1.0
dueling_dqn,1950,0.05,7,4.0,True,8000,9.41309735935647e-06,1.0
dueling_dqn,1951,0.05,6,5.0,True,8000,1.664558908487379e-06,1.0
dueling_dqn,1952,0.05,7,4.0,True,8000,2.1309797375579365e-06,1.0
dueling_dqn,1953,0.05,3,8.0,True,8000,1.1406542625991278e-06,1.0
dueling_dqn,1954,0.05,6,5.0,True,8000,1.4074259979679482e-06,1.0
dueling_dqn,1955,0.05,4,7.0,True,8000,4.0563517700320517e-07,1.0
dueling_dqn,1956,0.05,3,8.0,True,8000,4.949858976033283e-07,1.0
dueling_dqn,1957,0.05,6,5.0,True,8000,4.4118667119619204e-07,1.0
dueling_dqn,1958,0.05,6,5.0,True,8000,8.481532631776645e-07,1.0
dueling_dqn,1959,0.05,5,6.0,True,8000,2.27581153922074e-06,1.0
dueling_dqn,1960,0.05,1,10.0,True,8000,2.1645923879987095e-06,1.0
dueling_dqn,1961,0.05,5,6.0,True,8000,3.5331963772478048e-06,1.0
dueling_dqn,1962,0.05,3,8.0,True,8000,1.1475805195004796e-06,1.0
dueling_dqn,1963,0.05,6,5.0,True,8000,1.107446678361157e-06,1.0
dueling_dqn,1964,0.05,6,5.0,True,8000,8.856522981659509e-07,1.0
dueling_dqn,1965,0.05,4,7.0,True,8000,4.341916906014376e-07,1.0
dueling_dqn,1966,0.05,5,6.0,True,8000,4.891467710876896e-07,1.0
dueling_dqn,1967,0.05,2,9.0,True,8000,1.2442908428056398e-06,1.0
dueling_dqn,1968,0.05,5,6.0,True,8000,8.780329494584294e-07,1.0
dueling_dqn,1969,0.05,8,3.0,True,8000,1.032927229971392e-06,1.0
dueling_dqn,1970,0.05,5,6.0,True,8000,4.515200942023512e-07,1.0
dueling_dqn,1971,0.05,7,4.0,True,8000,5.963601097391802e-07,1.0
dueling_dqn,1972,0.05,6,5.0,True,8000,5.286179316499329e-07,1.0
dueling_dqn,1973,0.05,6,5.0,True,8000,1.38004537575398e-07,1.0
dueling_dqn,1974,0.05,5,6.0,True,8000,1.598109378164736e-07,1.0
dueling_dqn,1975,0.05,6,5.0,True,8000,2.1572934372215968e-07,1.0
dueling_dqn,1976,0.05,5,6.0,True,8000,3.348554855620023e-07,1.0
dueling_dqn,1977,0.05,3,8.0,True,8000,2.750016392383259e-07,1.0
dueling_dqn,1978,0.05,5,6.0,True,8000,6.429490895243362e-07,1.0
dueling_dqn,1979,0.05,1,10.0,True,8000,5.108768164063804e-07,1.0
dueling_dqn,1980,0.05,7,4.0,True,8000,4.5599085751746316e-07,1.0
dueling_dqn,1981,0.05,1,10.0,True,8000,2.6858066348722787e-07,1.0
dueling_dqn,1982,0.05,3,8.0,True,8000,4.942091322845954e-07,1.0
dueling_dqn,1983,0.05,3,8.0,True,8000,3.2082201073535543e-07,1.0
dueling_dqn,1984,0.05,6,5.0,True,8000,3.086523747697356e-07,1.0
dueling_dqn,1985,0.05,7,4.0,True,8000,4.305298091367149e-07,1.0
dueling_dqn,1986,0.05,3,8.0,True,8000,3.5933322806158685e-07,1.0
dueling_dqn,1987,0.05,2,9.0,True,8000,3.678459563616343e-07,1.0
dueling_dqn,1988,0.05,4,7.0,True,8000,1.8031558113307256e-07,1.0
dueling_dqn,1989,0.05,3,8.0,True,8000,1.3342992133402731e-06,1.0
dueling_dqn,1990,0.05,7,4.0,True,8000,4.963058017892763e-07,1.0
dueling_dqn,1991,0.05,4,7.0,True,8000,9.952805157809053e-07,1.0
dueling_dqn,1992,0.05,6,5.0,True,8000,9.374929277328192e-07,1.0
dueling_dqn,1993,0.05,2,9.0,True,8000,8.050288897720748e-07,1.0
dueling_dqn,1994,0.05,3,8.0,True,8000,1.2007247960355016e-06,1.0
dueling_dqn,1995,0.05,2,9.0,True,8000,1.7501533022823423e-07,1.0
dueling_dqn,1996,0.05,6,5.0,True,8000,1.9442141763192922e-07,1.0
dueling_dqn,1997,0.05,4,7.0,True,8000,4.719162518540543e-07,1.0
dueling_dqn,1998,0.05,5,6.0,True,8000,5.958365818514721e-07,1.0
dueling_dqn,1999,0.05,4,7.0,True,8000,3.167571662743285e-07,1.0
dueling_dqn,2000,0.05,2,9.0,True,8000,2.413137565326906e-07,1.0
dueling_dqn,2001,0.05,5,6.0,True,8000,2.1016816731389554e-07,1.0
dueling_dqn,2002,0.05,4,7.0,True,8000,2.3162311890700948e-07,1.0
dueling_dqn,2003,0.05,5,6.0,True,8000,5.915758265473414e-07,1.0
dueling_dqn,2004,0.05,9,2.0,True,8000,4.0390037270299217e-07,1.0
dueling_dqn,2005,0.05,4,7.0,True,8000,4.623063432518393e-06,1.0
dueling_dqn,2006,0.05,6,5.0,True,8000,2.0753155638431053e-07,1.0
dueling_dqn,2007,0.05,7,4.0,True,8000,1.3620999652630417e-06,1.0
dueling_dqn,2008,0.05,4,7.0,True,8000,1.2971448768439586e-06,1.0
dueling_dqn,2009,0.05,5,6.0,True,8000,5.440664381239912e-07,1.0
dueling_dqn,2010,0.05,3,8.0,True,8000,1.1280303624516819e-06,1.0
dueling_dqn,2011,0.05,6,5.0,True,8000,2.068285994027974e-06,1.0
dueling_dqn,2012,0.05,4,7.0,True,8000,1.133787236540229e-06,1.0
dueling_dqn,2013,0.05,5,6.0,True,8000,1.1709714272001293e-05,1.0
dueling_dqn,2014,0.05,5,6.0,True,8000,2.570368906162912e-06,1.0
dueling_dqn,2015,0.05,6,5.0,True,8000,2.4795945137157105e-06,1.0
dueling_dqn,2016,0.05,4,7.0,True,8000,1.9696444724104367e-06,1.0
dueling_dqn,2017,0.05,3,8.0,True,8000,1.8608693608257454e-06,1.0
dueling_dqn,2018,0.05,6,5.0,True,8000,1.5764615000080084e-06,1.0
dueling_dqn,2019,0.05,1,10.0,True,8000,1.295822312386008e-05,1.0
dueling_dqn,2020,0.05,5,6.0,True,8000,1.3920651326770894e-05,1.0
dueling_dqn,2021,0.05,6,5.0,True,8000,1.678712033026386e-05,1.0
dueling_dqn,2022,0.05,2,9.0,True,8000,2.416649840597529e-05,1.0
dueling_dqn,2023,0.05,5,6.0,True,8000,3.701135574374348e-05,1.0
dueling_dqn,2024,0.05,4,7.0,True,8000,0.0010235551744699478,1.0
dueling_dqn,2025,0.05,5,6.0,True,8000,0.00018723639368545264,1.0
dueling_dqn,2026,0.05,6,5.0,True,8000,0.0003900824813172221,1.0
dueling_dqn,2027,0.05,4,7.0,True,8000,0.0005684274947270751,1.0
dueling_dqn,2028,0.05,1,10.0,True,8000,0.000190692997421138,1.0
dueling_dqn,2029,0.05,6,5.0,True,8000,0.0004258431144990027,1.0
dueling_dqn,2030,0.05,7,4.0,True,8000,0.000103906357253436,1.0
dueling_dqn,2031,0.05,4,7.0,True,8000,7.491629366995767e-05,1.0
dueling_dqn,2032,0.05,2,9.0,True,8000,0.00010688859765650705,1.0
dueling_dqn,2033,0.05,6,5.0,True,8000,8.79774524946697e-05,1.0
dueling_dqn,2034,0.05,2,9.0,True,8000,4.184166027698666e-05,1.0
dueling_dqn,2035,0.05,3,8.0,True,8000,5.674428757629357e-05,1.0
dueling_dqn,2036,0.05,5,6.0,True,8000,0.00015245129179675132,1.0
dueling_dqn,2037,0.05,5,6.0,True,8000,8.576021355111152e-05,1.0
dueling_dqn,2038,0.05,3,8.0,True,8000,0.00010714182280935347,1.0
dueling_dqn,2039,0.05,1,10.0,True,8000,0.000291728152660653,1.0
dueling_dqn,2040,0.05,4,7.0,True,8000,0.0001877318136394024,1.0
dueling_dqn,2041,0.05,1,10.0,True,8000,0.00017398028285242617,1.0
dueling_dqn,2042,0.05,2,9.0,True,8000,0.0007999084191396832,1.0
dueling_dqn,2043,0.05,11,0.0,True,8000,0.001188647118397057,1.0
dueling_dqn,2044,0.05,3,8.0,True,8000,0.0005198214785195887,1.0
dueling_dqn,2045,0.05,7,4.0,True,8000,0.0003287956933490932,1.0
dueling_dqn,2046,0.05,7,4.0,True,8000,0.00016670975310262293,1.0
dueling_dqn,2047,0.05,7,4.0,True,8000,0.00031230345484800637,1.0
dueling_dqn,2048,0.05,5,6.0,True,8000,0.00022932168212719262,1.0
dueling_dqn,2049,0.05,7,4.0,True,8000,0.0006795884692110121,1.0
dueling_dqn,2050,0.05,4,7.0,True,8000,0.0008849253645166755,1.0
dueling_dqn,2051,0.05,2,9.0,True,8000,0.0007392906118184328,1.0
dueling_dqn,2052,0.05,6,5.0,True,8000,0.0012979391030967236,1.0
dueling_dqn,2053,0.05,3,8.0,True,8000,0.00021479479619301856,1.0
dueling_dqn,2054,0.05,6,5.0,True,8000,0.001875764923170209,1.0
dueling_dqn,2055,0.05,5,6.0,True,8000,0.0008025512797757983,1.0
dueling_dqn,2056,0.05,1,10.0,True,8000,0.0006513092666864395,1.0
dueling_dqn,2057,0.05,4,7.0,True,8000,0.0006187162362039089,1.0
dueling_dqn,2058,0.05,6,5.0,True,8000,0.0006388061447069049,1.0
dueling_dqn,2059,0.05,3,8.0,True,8000,0.0007309166248887777,1.0
dueling_dqn,2060,0.05,5,6.0,True,8000,0.0009620949276722968,1.0
dueling_dqn,2061,0.05,3,8.0,True,8000,0.00022574406466446817,1.0
dueling_dqn,2062,0.05,7,4.0,True,8000,0.0007037286413833499,1.0
dueling_dqn,2063,0.05,5,6.0,True,8000,0.00047217623796314,1.0
dueling_dqn,2064,0.05,7,4.0,True,8000,0.0013857826124876738,1.0
dueling_dqn,2065,0.05,5,6.0,True,8000,0.000345011823810637,1.0
dueling_dqn,2066,0.05,4,7.0,True,8000,0.00030618830351158977,1.0
dueling_dqn,2067,0.05,6,5.0,True,8000,0.00013981337542645633,1.0
dueling_dqn,2068,0.05,6,5.0,True,8000,0.0007538257050327957,1.0
dueling_dqn,2069,0.05,3,8.0,True,8000,0.00021974518313072622,1.0
dueling_dqn,2070,0.05,6,5.0,True,8000,0.0010708010522648692,1.0
dueling_dqn,2071,0.05,3,8.0,True,8000,0.0008243574993684888,1.0
dueling_dqn,2072,0.05,5,6.0,True,8000,0.0025540385395288467,1.0
dueling_dqn,2073,0.05,5,6.0,True,8000,0.0024224466178566217,1.0
dueling_dqn,2074,0.05,5,6.0,True,8000,0.0022454208228737116,1.0
dueling_dqn,2075,0.05,3,8.0,True,8000,0.0014274094719439745,1.0
dueling_dqn,2076,0.05,8,3.0,True,8000,0.0012331402394920588,1.0
dueling_dqn,2077,0.05,5,6.0,True,8000,0.001115675549954176,1.0
dueling_dqn,2078,0.05,1,10.0,True,8000,0.0013120955554768443,1.0
dueling_dqn,2079,0.05,6,5.0,True,8000,0.0015345161082223058,1.0
dueling_dqn,2080,0.05,6,5.0,True,8000,0.0009830804774537683,1.0
dueling_dqn,2081,0.05,4,7.0,True,8000,0.00132449297234416,1.0
dueling_dqn,2082,0.05,2,9.0,True,8000,0.0013416282599791884,1.0
dueling_dqn,2083,0.05,6,5.0,True,8000,0.0004920471110381186,1.0
dueling_dqn,2084,0.05,8,3.0,True,8000,0.0007502018706873059,1.0
dueling_dqn,2085,0.05,6,5.0,True,8000,0.0008749521803110838,1.0
dueling_dqn,2086,0.05,4,7.0,True,8000,0.00025765711325220764,1.0
dueling_dqn,2087,0.05,6,5.0,True,8000,0.00031094177393242717,1.0
dueling_dqn,2088,0.05,6,5.0,True,8000,0.0005201776511967182,1.0
dueling_dqn,2089,0.05,6,5.0,True,8000,0.0004179150564596057,1.0
dueling_dqn,2090,0.05,3,8.0,True,8000,0.0005995128303766251,1.0
dueling_dqn,2091,0.05,2,9.0,True,8000,0.00043595346505753696,1.0
dueling_dqn,2092,0.05,4,7.0,True,8000,0.0005056593799963593,1.0
dueling_dqn,2093,0.05,6,5.0,True,8000,0.00021700588695239276,1.0
dueling_dqn,2094,0.05,5,6.0,True,8000,0.0002551510988269001,1.0
dueling_dqn,2095,0.05,3,8.0,True,8000,0.00034831484663300216,1.0
dueling_dqn,2096,0.05,6,5.0,True,8000,0.0001261696161236614,1.0
dueling_dqn,2097,0.05,7,4.0,True,8000,0.0001216905438923277,1.0
dueling_dqn,2098,0.05,4,7.0,True,8000,8.639991574455053e-05,1.0
dueling_dqn,2099,0.05,5,6.0,True,8000,3.556112642399967e-05,1.0
dueling_dqn,2100,0.05,6,5.0,True,8000,4.944640750181861e-05,1.0
dueling_dqn,2101,0.05,10,1.0,True,8000,3.0230379707063548e-05,1.0
dueling_dqn,2102,0.05,5,6.0,True,8000,2.0203022359055467e-05,1.0
dueling_dqn,2103,0.05,2,9.0,True,8000,1.8628305042511784e-05,1.0
dueling_dqn,2104,0.05,1,10.0,True,8000,4.4110547605669126e-05,1.0
dueling_dqn,2105,0.05,5,6.0,True,8000,4.5278426114236936e-05,1.0
dueling_dqn,2106,0.05,5,6.0,True,8000,4.911517316941172e-05,1.0
dueling_dqn,2107,0.05,3,8.0,True,8000,5.560603312915191e-05,1.0
dueling_dqn,2108,0.05,4,7.0,True,8000,1.9838207663269714e-05,1.0
dueling_dqn,2109,0.05,4,7.0,True,8000,5.59700456506107e-05,1.0
dueling_dqn,2110,0.05,4,7.0,True,8000,3.009258034580853e-05,1.0
dueling_dqn,2111,0.05,6,5.0,True,8000,8.451219036942348e-05,1.0
dueling_dqn,2112,0.05,7,4.0,True,8000,9.547782246954739e-05,1.0
dueling_dqn,2113,0.05,5,6.0,True,8000,5.52345700270962e-05,1.0
dueling_dqn,2114,0.05,8,3.0,True,8000,0.0003388034529052675,1.0
dueling_dqn,2115,0.05,3,8.0,True,8000,7.661792915314436e-05,1.0
dueling_dqn,2116,0.05,3,8.0,True,8000,0.00031485973158851266,1.0
dueling_dqn,2117,0.05,7,4.0,True,8000,0.0005425606505014002,1.0
dueling_dqn,2118,0.05,5,6.0,True,8000,0.000250216166023165,1.0
dueling_dqn,2119,0.05,5,6.0,True,8000,0.00017330952687188983,1.0
dueling_dqn,2120,0.05,4,7.0,True,8000,0.00014600236318074167,1.0
dueling_dqn,2121,0.05,4,7.0,True,8000,0.00011807725968537852,1.0
dueling_dqn,2122,0.05,3,8.0,True,8000,0.00013360111915972084,1.0
dueling_dqn,2123,0.05,4,7.0,True,8000,0.00026437893393449485,1.0
dueling_dqn,2124,0.05,5,6.0,True,8000,0.00010596527135930955,1.0
dueling_dqn,2125,0.05,6,5.0,True,8000,0.00031148127163760364,1.0
dueling_dqn,2126,0.05,4,7.0,True,8000,0.00022497738245874643,1.0
dueling_dqn,2127,0.05,4,7.0,True,8000,7.599019590998068e-05,1.0
dueling_dqn,2128,0.05,4,7.0,True,8000,6.233977910596877e-05,1.0
dueling_dqn,2129,0.05,3,8.0,True,8000,4.682751023210585e-05,1.0
dueling_dqn,2130,0.05,2,9.0,True,8000,5.9238955145701766e-05,1.0
dueling_dqn,2131,0.05,4,7.0,True,8000,3.208196721971035e-05,1.0
dueling_dqn,2132,0.05,5,6.0,True,8000,0.00022400431043934077,1.0
dueling_dqn,2133,0.05,3,8.0,True,8000,0.00044311079545877874,1.0
dueling_dqn,2134,0.05,6,5.0,True,8000,0.00012417201651260257,1.0
dueling_dqn,2135,0.05,3,8.0,True,8000,6.735661008860916e-05,1.0
dueling_dqn,2136,0.05,5,6.0,True,8000,4.6511217078659683e-05,1.0
dueling_dqn,2137,0.05,3,8.0,True,8000,3.060465678572655e-05,1.0
dueling_dqn,2138,0.05,5,6.0,True,8000,5.4604617616860196e-05,1.0
dueling_dqn,2139,0.05,4,7.0,True,8000,0.004494568798691034,1.0
dueling_dqn,2140,0.05,6,5.0,True,8000,8.326270472025499e-05,1.0
dueling_dqn,2141,0.05,5,6.0,True,8000,0.00010118928184965625,1.0
dueling_dqn,2142,0.05,3,8.0,True,8000,7.823041232768446e-05,1.0
dueling_dqn,2143,0.05,6,5.0,True,8000,0.00010471443238202482,1.0
dueling_dqn,2144,0.05,6,5.0,True,8000,0.00029865041142329574,1.0
dueling_dqn,2145,0.05,6,5.0,True,8000,0.0002685505896806717,1.0
dueling_dqn,2146,0.05,6,5.0,True,8000,0.00030745903495699167,1.0
dueling_dqn,2147,0.05,1,10.0,True,8000,0.0003393938532099128,1.0
dueling_dqn,2148,0.05,8,3.0,True,8000,0.00013283950102049857,1.0
dueling_dqn,2149,0.05,5,6.0,True,8000,4.9857488193083555e-05,1.0
dueling_dqn,2150,0.05,6,5.0,True,8000,5.3088926506461576e-05,1.0
dueling_dqn,2151,0.05,4,7.0,True,8000,2.5379451471962966e-05,1.0
dueling_dqn,2152,0.05,2,9.0,True,8000,2.721057717280928e-05,1.0
dueling_dqn,2153,0.05,3,8.0,True,8000,3.5088887671008706e-05,1.0
dueling_dqn,2154,0.05,2,9.0,True,8000,0.00024409388424828649,1.0
dueling_dqn,2155,0.05,3,8.0,True,8000,0.0001408719690516591,1.0
dueling_dqn,2156,0.05,5,6.0,True,8000,0.00016586417041253299,1.0
dueling_dqn,2157,0.05,8,3.0,True,8000,6.103952910052612e-05,1.0
dueling_dqn,2158,0.05,6,5.0,True,8000,9.866304753813893e-05,1.0
dueling_dqn,2159,0.05,4,7.0,True,8000,5.3414034482557327e-05,1.0
dueling_dqn,2160,0.05,1,10.0,True,8000,3.847253174171783e-05,1.0
dueling_dqn,2161,0.05,7,4.0,True,8000,1.9017183149117045e-05,1.0
dueling_dqn,2162,0.05,6,5.0,True,8000,8.17314867163077e-06,1.0
dueling_dqn,2163,0.05,8,3.0,True,8000,2.197955473093316e-05,1.0
dueling_dqn,2164,0.05,6,5.0,True,8000,8.01837450126186e-06,1.0
dueling_dqn,2165,0.05,6,5.0,True,8000,4.810774407815188e-05,1.0
dueling_dqn,2166,0.05,5,6.0,True,8000,5.103182411403395e-05,1.0
dueling_dqn,2167,0.05,4,7.0,True,8000,0.0001224237057613209,1.0
dueling_dqn,2168,0.05,2,9.0,True,8000,3.797990575549193e-05,1.0
dueling_dqn,2169,0.05,5,6.0,True,8000,5.248271190794185e-05,1.0
dueling_dqn,2170,0.05,6,5.0,True,8000,0.00011344831000315025,1.0
dueling_dqn,2171,0.05,6,5.0,True,8000,0.00017256769933737814,1.0
dueling_dqn,2172,0.05,7,4.0,True,8000,0.00012134534335928038,1.0
dueling_dqn,2173,0.05,6,5.0,True,8000,0.0001804838393582031,1.0
dueling_dqn,2174,0.05,4,7.0,True,8000,9.541158215142787e-05,1.0
dueling_dqn,2175,0.05,6,5.0,True,8000,6.562941416632384e-05,1.0
dueling_dqn,2176,0.05,4,7.0,True,8000,7.632737833773717e-05,1.0
dueling_dqn,2177,0.05,6,5.0,True,8000,6.039544678060338e-05,1.0
dueling_dqn,2178,0.05,4,7.0,True,8000,7.381493924185634e-05,1.0
dueling_dqn,2179,0.05,2,9.0,True,8000,1.947718919836916e-05,1.0
dueling_dqn,2180,0.05,5,6.0,True,8000,2.0695819330285303e-05,1.0
dueling_dqn,2181,0.05,1,10.0,True,8000,4.1623730794526637e-05,1.0
dueling_dqn,2182,0.05,5,6.0,True,8000,0.00016896388842724264,1.0
dueling_dqn,2183,0.05,4,7.0,True,8000,5.135664468980394e-05,1.0
dueling_dqn,2184,0.05,8,3.0,True,8000,0.00010655137884896249,1.0
dueling_dqn,2185,0.05,2,9.0,True,8000,7.91762795415707e-05,1.0
dueling_dqn,2186,0.05,10,1.0,True,8000,8.430887100985274e-05,1.0
dueling_dqn,2187,0.05,3,8.0,True,8000,2.650721035024617e-05,1.0
dueling_dqn,2188,0.05,4,7.0,True,8000,3.062952237087302e-05,1.0
dueling_dqn,2189,0.05,7,4.0,True,8000,0.0002227074292022735,1.0
dueling_dqn,2190,0.05,1,10.0,True,8000,0.00023137748939916492,1.0
dueling_dqn,2191,0.05,7,4.0,True,8000,0.00014484647545032203,1.0
dueling_dqn,2192,0.05,2,9.0,True,8000,0.00011702303163474426,1.0
dueling_dqn,2193,0.05,5,6.0,True,8000,0.0004275025276001543,1.0
dueling_dqn,2194,0.05,5,6.0,True,8000,0.0003104462521150708,1.0
dueling_dqn,2195,0.05,5,6.0,True,8000,0.0006149403634481132,1.0
dueling_dqn,2196,0.05,7,4.0,True,8000,0.0003391066857147962,1.0
dueling_dqn,2197,0.05,3,8.0,True,8000,0.00015881212311796844,1.0
dueling_dqn,2198,0.05,7,4.0,True,8000,0.00021750485757365823,1.0
dueling_dqn,2199,0.05,4,7.0,True,8000,0.0003385778109077364,1.0
dueling_dqn,2200,0.05,1,10.0,True,8000,0.0005938757676631212,1.0
