variant,episode,epsilon,moves,return,won,replay_size,loss,rolling_success_100
basic_dqn,1,1.0,20,-9.0,True,20,,1.0
basic_dqn,2,0.99932,40,-40.0,False,60,,0.5
basic_dqn,3,0.99864,40,-40.0,False,100,2.2955007553100586,0.3333333333333333
basic_dqn,4,0.99796,10,1.0,True,110,2.7284657955169678,0.5
basic_dqn,5,0.99729,19,-8.0,True,129,0.17814865708351135,0.6
basic_dqn,6,0.99661,40,-40.0,False,169,2.92779541015625,0.5
basic_dqn,7,0.99593,16,-5.0,True,185,2.528127670288086,0.5714285714285714
basic_dqn,8,0.99525,40,-40.0,False,225,2.138490915298462,0.5
basic_dqn,9,0.99457,40,-40.0,False,265,0.6844325661659241,0.4444444444444444
basic_dqn,10,0.99389,40,-40.0,False,305,1.0213407278060913,0.4
basic_dqn,11,0.99321,16,-5.0,True,321,1.0305793285369873,0.45454545454545453
basic_dqn,12,0.99254,34,-23.0,True,355,1.1126375198364258,0.5
basic_dqn,13,0.99186,39,-48.0,False,394,1.115662932395935,0.46153846153846156
basic_dqn,14,0.99118,40,-40.0,False,434,2.1400532722473145,0.42857142857142855
basic_dqn,15,0.9905,40,-40.0,False,474,0.4963298439979553,0.4
basic_dqn,16,0.98982,40,-40.0,False,514,0.31705236434936523,0.375
basic_dqn,17,0.98914,14,-23.0,False,528,2.9851255416870117,0.35294117647058826
basic_dqn,18,0.98846,16,-25.0,False,544,1.7737995386123657,0.3333333333333333
basic_dqn,19,0.98779,40,-40.0,False,584,1.2382023334503174,0.3157894736842105
basic_dqn,20,0.98711,31,-20.0,True,615,0.30361998081207275,0.35
basic_dqn,21,0.98643,40,-40.0,False,655,0.16674479842185974,0.3333333333333333
basic_dqn,22,0.98575,40,-40.0,False,695,0.1456034630537033,0.3181818181818182
basic_dqn,23,0.98507,40,-40.0,False,735,0.3536894917488098,0.30434782608695654
basic_dqn,24,0.98439,21,-10.0,True,756,0.15607628226280212,0.3333333333333333
basic_dqn,25,0.98371,2,9.0,True,758,0.27480000257492065,0.36
basic_dqn,26,0.98304,40,-40.0,False,798,0.08690232038497925,0.34615384615384615
basic_dqn,27,0.98236,40,-40.0,False,838,0.048785991966724396,0.3333333333333333
basic_dqn,28,0.98168,40,-40.0,False,878,0.027497487142682076,0.32142857142857145
basic_dqn,29,0.981,40,-40.0,False,918,0.06415902823209763,0.3103448275862069
basic_dqn,30,0.98032,7,-16.0,False,925,0.014973119832575321,0.3
basic_dqn,31,0.97964,40,-40.0,False,965,0.03555915504693985,0.2903225806451613
basic_dqn,32,0.97896,40,-40.0,False,1005,0.05683044344186783,0.28125
basic_dqn,33,0.97829,23,-32.0,False,1028,0.006872597150504589,0.2727272727272727
basic_dqn,34,0.97761,24,-33.0,False,1052,0.02690860815346241,0.2647058823529412
basic_dqn,35,0.97693,30,-39.0,False,1082,0.010726654902100563,0.2571428571428571
basic_dqn,36,0.97625,23,-32.0,False,1105,0.009893213398754597,0.25
basic_dqn,37,0.97557,40,-40.0,False,1145,0.001679787295870483,0.24324324324324326
basic_dqn,38,0.97489,5,6.0,True,1150,0.0076538752764463425,0.2631578947368421
basic_dqn,39,0.97421,40,-40.0,False,1190,0.0034754781518131495,0.2564102564102564
basic_dqn,40,0.97354,40,-40.0,False,1230,0.00187712034676224,0.25
basic_dqn,41,0.97286,40,-40.0,False,1270,0.002303560497239232,0.24390243902439024
basic_dqn,42,0.97218,40,-40.0,False,1310,0.010199394077062607,0.23809523809523808
basic_dqn,43,0.9715,40,-40.0,False,1350,0.0028903745114803314,0.23255813953488372
basic_dqn,44,0.97082,1,10.0,True,1351,0.003672151593491435,0.25
basic_dqn,45,0.97014,40,-40.0,False,1391,0.0011673418339341879,0.24444444444444444
basic_dqn,46,0.96946,29,-18.0,True,1420,0.008142301812767982,0.2608695652173913
basic_dqn,47,0.96879,11,0.0,True,1431,0.004643806256353855,0.2765957446808511
basic_dqn,48,0.96811,40,-40.0,False,1471,0.0046397363767027855,0.2708333333333333
basic_dqn,49,0.96743,40,-40.0,False,1511,0.001512338756583631,0.2653061224489796
basic_dqn,50,0.96675,18,-7.0,True,1529,0.006195407826453447,0.28
basic_dqn,51,0.96607,6,-15.0,False,1535,0.011666977778077126,0.27450980392156865
basic_dqn,52,0.96539,12,-21.0,False,1547,0.003526535350829363,0.2692307692307692
basic_dqn,53,0.96471,15,-4.0,True,1562,0.0012806702870875597,0.2830188679245283
basic_dqn,54,0.96404,40,-40.0,False,1602,0.012660668231546879,0.2777777777777778
basic_dqn,55,0.96336,24,-33.0,False,1626,0.0030379565432667732,0.2727272727272727
basic_dqn,56,0.96268,25,-14.0,True,1651,0.01680832915008068,0.2857142857142857
basic_dqn,57,0.962,6,-15.0,False,1657,0.0033232965506613255,0.2807017543859649
basic_dqn,58,0.96132,12,-1.0,True,1669,0.01268061250448227,0.29310344827586204
basic_dqn,59,0.96064,25,-34.0,False,1694,0.008514778688549995,0.288135593220339
basic_dqn,60,0.95996,3,-12.0,False,1697,0.0043844254687428474,0.2833333333333333
basic_dqn,61,0.95929,13,-2.0,True,1710,0.00848857406526804,0.29508196721311475
basic_dqn,62,0.95861,40,-40.0,False,1750,0.01956544630229473,0.2903225806451613
basic_dqn,63,0.95793,11,-20.0,False,1761,0.02006887085735798,0.2857142857142857
basic_dqn,64,0.95725,2,-11.0,False,1763,0.04920157790184021,0.28125
basic_dqn,65,0.95657,4,-13.0,False,1767,0.010716300457715988,0.27692307692307694
basic_dqn,66,0.95589,33,-42.0,False,1800,0.11161153018474579,0.2727272727272727
basic_dqn,67,0.95521,35,-44.0,False,1835,0.05674407258629799,0.26865671641791045
basic_dqn,68,0.95454,28,-17.0,True,1863,0.031105590984225273,0.27941176470588236
basic_dqn,69,0.95386,40,-40.0,False,1903,0.05826466903090477,0.2753623188405797
basic_dqn,70,0.95318,2,9.0,True,1905,0.08082429319620132,0.2857142857142857
basic_dqn,71,0.9525,40,-40.0,False,1945,0.026408320292830467,0.28169014084507044
basic_dqn,72,0.95182,2,-11.0,False,1947,0.05106772482395172,0.2777777777777778
basic_dqn,73,0.95114,28,-37.0,False,1975,0.04458067938685417,0.273972602739726
basic_dqn,74,0.95046,40,-49.0,False,2015,0.040696460753679276,0.2702702702702703
basic_dqn,75,0.94979,1,-10.0,False,2016,0.05519220232963562,0.26666666666666666
basic_dqn,76,0.94911,4,7.0,True,2020,0.08731576055288315,0.27631578947368424
basic_dqn,77,0.94843,22,-31.0,False,2042,0.1783570647239685,0.2727272727272727
basic_dqn,78,0.94775,40,-40.0,False,2082,0.10386169701814651,0.2692307692307692
basic_dqn,79,0.94707,40,-40.0,False,2122,0.056049980223178864,0.26582278481012656
basic_dqn,80,0.94639,4,7.0,True,2126,0.07572784274816513,0.275
basic_dqn,81,0.94571,16,-25.0,False,2142,0.07497356086969376,0.2716049382716049
basic_dqn,82,0.94504,30,-19.0,True,2172,0.12291114032268524,0.2804878048780488
basic_dqn,83,0.94436,1,10.0,True,2173,0.024892307817935944,0.2891566265060241
basic_dqn,84,0.94368,18,-7.0,True,2191,0.07142601907253265,0.2976190476190476
basic_dqn,85,0.943,2,9.0,True,2193,0.04711851477622986,0.3058823529411765
basic_dqn,86,0.94232,13,-2.0,True,2206,0.06861425191164017,0.313953488372093
basic_dqn,87,0.94164,40,-40.0,False,2246,0.021328678354620934,0.3103448275862069
basic_dqn,88,0.94096,26,-35.0,False,2272,0.14933247864246368,0.3068181818181818
basic_dqn,89,0.94029,40,-40.0,False,2312,0.10173241794109344,0.30337078651685395
basic_dqn,90,0.93961,40,-40.0,False,2352,0.04525843635201454,0.3
basic_dqn,91,0.93893,9,-18.0,False,2361,0.1230982095003128,0.2967032967032967
basic_dqn,92,0.93825,3,8.0,True,2364,0.06959470361471176,0.30434782608695654
basic_dqn,93,0.93757,23,-32.0,False,2387,0.03274903446435928,0.3010752688172043
basic_dqn,94,0.93689,40,-40.0,False,2427,0.3380661606788635,0.2978723404255319
basic_dqn,95,0.93621,40,-40.0,False,2467,0.20370477437973022,0.29473684210526313
basic_dqn,96,0.93554,1,-10.0,False,2468,0.20791657269001007,0.2916666666666667
basic_dqn,97,0.93486,8,3.0,True,2476,0.15014241635799408,0.29896907216494845
basic_dqn,98,0.93418,1,10.0,True,2477,0.15628308057785034,0.30612244897959184
basic_dqn,99,0.9335,8,-17.0,False,2485,0.274333119392395,0.30303030303030304
basic_dqn,100,0.93282,40,-40.0,False,2525,0.617182195186615,0.3
basic_dqn,101,0.93214,40,-40.0,False,2565,0.1951751410961151,0.29
basic_dqn,102,0.93146,3,8.0,True,2568,0.22782498598098755,0.3
basic_dqn,103,0.93079,6,5.0,True,2574,0.08871308714151382,0.31
basic_dqn,104,0.93011,25,-14.0,True,2599,0.09060624986886978,0.31
basic_dqn,105,0.92943,29,-18.0,True,2628,0.08556896448135376,0.31
basic_dqn,106,0.92875,1,-10.0,False,2629,0.06259694695472717,0.31
basic_dqn,107,0.92807,40,-40.0,False,2669,0.030252909287810326,0.3
basic_dqn,108,0.92739,1,-10.0,False,2670,0.03778820112347603,0.3
basic_dqn,109,0.92671,40,-40.0,False,2710,0.14232318103313446,0.3
basic_dqn,110,0.92604,40,-40.0,False,2750,0.12650462985038757,0.3
basic_dqn,111,0.92536,5,-14.0,False,2755,0.170512393116951,0.29
basic_dqn,112,0.92468,40,-40.0,False,2795,0.12496280670166016,0.28
basic_dqn,113,0.924,1,-10.0,False,2796,1.0079296827316284,0.28
basic_dqn,114,0.92332,40,-40.0,False,2836,0.3409971594810486,0.28
basic_dqn,115,0.92264,36,-25.0,True,2872,0.16420400142669678,0.29
basic_dqn,116,0.92196,24,-13.0,True,2896,0.12298832833766937,0.3
basic_dqn,117,0.92129,28,-17.0,True,2924,0.49317866563796997,0.31
basic_dqn,118,0.92061,40,-40.0,False,2964,0.17719927430152893,0.31
basic_dqn,119,0.91993,33,-42.0,False,2997,0.18575040996074677,0.31
basic_dqn,120,0.91925,27,-36.0,False,3024,0.33332696557044983,0.3
basic_dqn,121,0.91857,40,-40.0,False,3064,0.2627308666706085,0.3
basic_dqn,122,0.91789,18,-7.0,True,3082,0.1609109491109848,0.31
basic_dqn,123,0.91721,1,-10.0,False,3083,0.14804013073444366,0.31
basic_dqn,124,0.91654,22,-11.0,True,3105,0.13367575407028198,0.31
basic_dqn,125,0.91586,40,-40.0,False,3145,0.06278003007173538,0.3
basic_dqn,126,0.91518,14,-3.0,True,3159,0.04870083928108215,0.31
basic_dqn,127,0.9145,40,-40.0,False,3199,0.045486416667699814,0.31
basic_dqn,128,0.91382,40,-29.0,True,3239,0.021242063492536545,0.32
basic_dqn,129,0.91314,40,-29.0,True,3279,0.0499456562101841,0.33
basic_dqn,130,0.91246,3,8.0,True,3282,0.07076311111450195,0.34
basic_dqn,131,0.91179,18,-27.0,False,3300,0.15782184898853302,0.34
basic_dqn,132,0.91111,2,9.0,True,3302,0.08048003911972046,0.35
basic_dqn,133,0.91043,25,-14.0,True,3327,0.04819287359714508,0.36
basic_dqn,134,0.90975,25,-14.0,True,3352,0.023402277380228043,0.37
basic_dqn,135,0.90907,40,-40.0,False,3392,0.07641053199768066,0.37
basic_dqn,136,0.90839,5,-14.0,False,3397,0.06388140469789505,0.37
basic_dqn,137,0.90771,40,-40.0,False,3437,0.06610740721225739,0.37
basic_dqn,138,0.90704,13,-2.0,True,3450,0.08114350587129593,0.37
basic_dqn,139,0.90636,17,-6.0,True,3467,0.02848939597606659,0.38
basic_dqn,140,0.90568,3,-12.0,False,3470,0.15299415588378906,0.38
basic_dqn,141,0.905,4,7.0,True,3474,0.021902162581682205,0.39
basic_dqn,142,0.90432,18,-27.0,False,3492,0.010728839784860611,0.39
basic_dqn,143,0.90364,13,-2.0,True,3505,0.02560809813439846,0.4
basic_dqn,144,0.90296,2,9.0,True,3507,0.02235586941242218,0.4
basic_dqn,145,0.90229,40,-40.0,False,3547,0.0324266292154789,0.4
basic_dqn,146,0.90161,26,-15.0,True,3573,0.04785308986902237,0.4
basic_dqn,147,0.90093,40,-29.0,True,3613,0.13121925294399261,0.4
basic_dqn,148,0.90025,40,-40.0,False,3653,0.0908951386809349,0.4
basic_dqn,149,0.89957,40,-40.0,False,3693,0.07818595319986343,0.4
basic_dqn,150,0.89889,25,-14.0,True,3718,0.05726705119013786,0.4
basic_dqn,151,0.89821,40,-40.0,False,3758,0.04782864451408386,0.4
basic_dqn,152,0.89754,29,-18.0,True,3787,0.08715541660785675,0.41
basic_dqn,153,0.89686,40,-40.0,False,3827,0.10226195305585861,0.4
basic_dqn,154,0.89618,8,3.0,True,3835,0.11971542984247208,0.41
basic_dqn,155,0.8955,40,-40.0,False,3875,0.16457197070121765,0.41
basic_dqn,156,0.89482,13,-2.0,True,3888,0.08801818639039993,0.41
basic_dqn,157,0.89414,25,-34.0,False,3913,0.09900015592575073,0.41
basic_dqn,158,0.89346,3,8.0,True,3916,0.10863178223371506,0.41
basic_dqn,159,0.89279,40,-40.0,False,3956,0.2610700726509094,0.41
basic_dqn,160,0.89211,40,-40.0,False,3996,0.23066763579845428,0.41
basic_dqn,161,0.89143,36,-45.0,False,4032,0.1413726955652237,0.4
basic_dqn,162,0.89075,11,0.0,True,4043,0.16582879424095154,0.41
basic_dqn,163,0.89007,7,4.0,True,4050,0.20779430866241455,0.42
basic_dqn,164,0.88939,40,-40.0,False,4090,0.09441123902797699,0.42
basic_dqn,165,0.88871,40,-40.0,False,4130,0.23607003688812256,0.42
basic_dqn,166,0.88804,21,-10.0,True,4151,0.34210968017578125,0.43
basic_dqn,167,0.88736,14,-3.0,True,4165,0.7251785397529602,0.44
basic_dqn,168,0.88668,37,-26.0,True,4202,0.09526531398296356,0.44
basic_dqn,169,0.886,40,-40.0,False,4242,0.41078460216522217,0.44
basic_dqn,170,0.88532,35,-24.0,True,4277,0.12009014189243317,0.44
basic_dqn,171,0.88464,14,-3.0,True,4291,0.055460408329963684,0.45
basic_dqn,172,0.88396,7,-16.0,False,4298,0.07790429890155792,0.45
basic_dqn,173,0.88329,40,-40.0,False,4338,0.03691069036722183,0.45
basic_dqn,174,0.88261,12,-21.0,False,4350,0.10041896253824234,0.45
basic_dqn,175,0.88193,40,-40.0,False,4390,0.04670356214046478,0.45
basic_dqn,176,0.88125,6,-15.0,False,4396,0.023337800055742264,0.44
basic_dqn,177,0.88057,4,-13.0,False,4400,0.4374896287918091,0.44
basic_dqn,178,0.87989,40,-40.0,False,4440,0.10539421439170837,0.44
basic_dqn,179,0.87921,11,0.0,True,4451,0.08784131705760956,0.45
basic_dqn,180,0.87854,14,-3.0,True,4465,0.18571634590625763,0.45
basic_dqn,181,0.87786,32,-21.0,True,4497,0.06975685060024261,0.46
basic_dqn,182,0.87718,31,-40.0,False,4528,0.06313276290893555,0.45
basic_dqn,183,0.8765,40,-40.0,False,4568,0.057690784335136414,0.44
basic_dqn,184,0.87582,17,-6.0,True,4585,0.027764467522501945,0.44
basic_dqn,185,0.87514,16,-5.0,True,4601,0.028336862102150917,0.44
basic_dqn,186,0.87446,19,-8.0,True,4620,0.043114110827445984,0.44
basic_dqn,187,0.87379,23,-12.0,True,4643,0.01168626919388771,0.45
basic_dqn,188,0.87311,11,-20.0,False,4654,0.020633069798350334,0.45
basic_dqn,189,0.87243,31,-20.0,True,4685,0.1301090568304062,0.46
basic_dqn,190,0.87175,40,-40.0,False,4725,0.02641606703400612,0.46
basic_dqn,191,0.87107,12,-1.0,True,4737,0.021254485473036766,0.47
basic_dqn,192,0.87039,28,-17.0,True,4765,0.25189515948295593,0.47
basic_dqn,193,0.86971,28,-17.0,True,4793,0.05279433727264404,0.48
basic_dqn,194,0.86904,29,-18.0,True,4822,0.10443723946809769,0.49
basic_dqn,195,0.86836,40,-40.0,False,4862,0.07508529722690582,0.49
basic_dqn,196,0.86768,40,-40.0,False,4902,0.5357944965362549,0.49
basic_dqn,197,0.867,22,-11.0,True,4924,0.24951666593551636,0.49
basic_dqn,198,0.86632,34,-43.0,False,4958,0.254768431186676,0.48
basic_dqn,199,0.86564,40,-29.0,True,4998,0.06124956160783768,0.49
basic_dqn,200,0.86496,19,-8.0,True,5017,0.22795285284519196,0.5
basic_dqn,201,0.86429,2,9.0,True,5019,0.1780167520046234,0.51
basic_dqn,202,0.86361,17,-26.0,False,5036,0.277228444814682,0.5
basic_dqn,203,0.86293,40,-40.0,False,5076,0.42957571148872375,0.49
basic_dqn,204,0.86225,2,9.0,True,5078,0.11228810250759125,0.49
basic_dqn,205,0.86157,21,-10.0,True,5099,0.3382411599159241,0.49
basic_dqn,206,0.86089,35,-24.0,True,5134,0.44579312205314636,0.5
basic_dqn,207,0.86021,29,-18.0,True,5163,0.24042969942092896,0.51
basic_dqn,208,0.85954,40,-40.0,False,5203,0.4896293878555298,0.51
basic_dqn,209,0.85886,8,3.0,True,5211,1.1296101808547974,0.52
basic_dqn,210,0.85818,3,8.0,True,5214,1.5497056245803833,0.53
basic_dqn,211,0.8575,40,-40.0,False,5254,0.5898255705833435,0.53
basic_dqn,212,0.85682,3,-12.0,False,5257,0.687438428401947,0.53
basic_dqn,213,0.85614,14,-3.0,True,5271,0.3678843080997467,0.54
basic_dqn,214,0.85546,40,-40.0,False,5311,2.1663095951080322,0.54
basic_dqn,215,0.85479,5,6.0,True,5316,1.7073800563812256,0.54
basic_dqn,216,0.85411,3,8.0,True,5319,1.0497421026229858,0.54
basic_dqn,217,0.85343,22,-11.0,True,5341,1.3689639568328857,0.54
basic_dqn,218,0.85275,34,-23.0,True,5375,0.5473650693893433,0.55
basic_dqn,219,0.85207,17,-6.0,True,5392,1.8065376281738281,0.56
basic_dqn,220,0.85139,23,-32.0,False,5415,0.2370937168598175,0.56
basic_dqn,221,0.85071,17,-6.0,True,5432,0.49557027220726013,0.57
basic_dqn,222,0.85004,8,-17.0,False,5440,0.5484874844551086,0.56
basic_dqn,223,0.84936,24,-13.0,True,5464,0.6765366792678833,0.57
basic_dqn,224,0.84868,27,-16.0,True,5491,0.5370370745658875,0.57
basic_dqn,225,0.848,18,-7.0,True,5509,0.7734032273292542,0.58
basic_dqn,226,0.84732,22,-11.0,True,5531,0.16638749837875366,0.58
basic_dqn,227,0.84664,40,-40.0,False,5571,0.2306881695985794,0.58
basic_dqn,228,0.84596,23,-12.0,True,5594,0.3078140616416931,0.58
basic_dqn,229,0.84529,14,-3.0,True,5608,0.0419825054705143,0.58
basic_dqn,230,0.84461,15,-4.0,True,5623,0.03889111429452896,0.58
basic_dqn,231,0.84393,3,8.0,True,5626,0.040764279663562775,0.59
basic_dqn,232,0.84325,1,10.0,True,5627,0.03129073977470398,0.59
basic_dqn,233,0.84257,23,-12.0,True,5650,0.06293278187513351,0.59
basic_dqn,234,0.84189,40,-40.0,False,5690,0.2536541223526001,0.58
basic_dqn,235,0.84121,39,-28.0,True,5729,0.060682862997055054,0.59
basic_dqn,236,0.84054,28,-37.0,False,5757,0.06477110832929611,0.59
basic_dqn,237,0.83986,2,9.0,True,5759,0.06760711967945099,0.6
basic_dqn,238,0.83918,33,-22.0,True,5792,0.025626394897699356,0.6
basic_dqn,239,0.8385,16,-5.0,True,5808,0.008564518764615059,0.6
basic_dqn,240,0.83782,25,-34.0,False,5833,0.021697374060750008,0.6
basic_dqn,241,0.83714,16,-5.0,True,5849,0.034246429800987244,0.6
basic_dqn,242,0.83646,40,-40.0,False,5889,0.013591540977358818,0.6
basic_dqn,243,0.83579,32,-21.0,True,5921,0.05960846692323685,0.6
basic_dqn,244,0.83511,29,-18.0,True,5950,0.04333874583244324,0.6
basic_dqn,245,0.83443,40,-40.0,False,5990,0.08807791024446487,0.6
basic_dqn,246,0.83375,40,-40.0,False,6030,0.01311403140425682,0.59
basic_dqn,247,0.83307,20,-9.0,True,6050,0.05338257923722267,0.59
basic_dqn,248,0.83239,40,-40.0,False,6090,0.013355378061532974,0.59
basic_dqn,249,0.83171,23,-12.0,True,6113,0.03001268394291401,0.6
basic_dqn,250,0.83104,40,-40.0,False,6153,0.0247123334556818,0.59
basic_dqn,251,0.83036,40,-40.0,False,6193,0.006799535360187292,0.59
basic_dqn,252,0.82968,39,-48.0,False,6232,0.014930997975170612,0.58
basic_dqn,253,0.829,2,-11.0,False,6234,0.09743063896894455,0.58
basic_dqn,254,0.82832,22,-11.0,True,6256,0.034043312072753906,0.58
basic_dqn,255,0.82764,14,-3.0,True,6270,0.00819583423435688,0.59
basic_dqn,256,0.82696,33,-22.0,True,6303,0.019882600754499435,0.59
basic_dqn,257,0.82629,2,9.0,True,6305,0.028340891003608704,0.6
basic_dqn,258,0.82561,14,-3.0,True,6319,0.012641740031540394,0.6
basic_dqn,259,0.82493,11,0.0,True,6330,0.03268835321068764,0.61
basic_dqn,260,0.82425,40,-40.0,False,6370,0.013757455162703991,0.61
basic_dqn,261,0.82357,10,-19.0,False,6380,0.011047095991671085,0.61
basic_dqn,262,0.82289,10,1.0,True,6390,0.021834705024957657,0.61
basic_dqn,263,0.82221,40,-29.0,True,6430,0.01163538545370102,0.61
basic_dqn,264,0.82154,32,-41.0,False,6462,0.019154462963342667,0.61
basic_dqn,265,0.82086,11,0.0,True,6473,0.02041281759738922,0.62
basic_dqn,266,0.82018,4,-13.0,False,6477,0.050033923238515854,0.61
basic_dqn,267,0.8195,24,-13.0,True,6501,0.0983051285147667,0.61
basic_dqn,268,0.81882,40,-40.0,False,6541,0.014004023745656013,0.6
basic_dqn,269,0.81814,23,-12.0,True,6564,0.11237643659114838,0.61
basic_dqn,270,0.81746,27,-16.0,True,6591,0.0192400012165308,0.61
basic_dqn,271,0.81679,2,9.0,True,6593,0.013326640240848064,0.61
basic_dqn,272,0.81611,40,-40.0,False,6633,0.03728963062167168,0.61
basic_dqn,273,0.81543,11,0.0,True,6644,0.28253838419914246,0.62
basic_dqn,274,0.81475,40,-40.0,False,6684,0.01861581578850746,0.62
basic_dqn,275,0.81407,9,2.0,True,6693,0.054128099232912064,0.63
basic_dqn,276,0.81339,1,-10.0,False,6694,0.04529280215501785,0.63
basic_dqn,277,0.81271,26,-15.0,True,6720,0.23453816771507263,0.64
basic_dqn,278,0.81204,20,-9.0,True,6740,0.29802122712135315,0.65
basic_dqn,279,0.81136,13,-2.0,True,6753,0.11838658154010773,0.65
basic_dqn,280,0.81068,16,-5.0,True,6769,0.10569700598716736,0.65
basic_dqn,281,0.81,3,8.0,True,6772,0.0838850885629654,0.65
basic_dqn,282,0.80932,35,-24.0,True,6807,0.5108899474143982,0.66
basic_dqn,283,0.80864,28,-17.0,True,6835,0.06375933438539505,0.67
basic_dqn,284,0.80796,35,-24.0,True,6870,0.07395361363887787,0.67
basic_dqn,285,0.80729,7,4.0,True,6877,0.20642885565757751,0.67
basic_dqn,286,0.80661,1,-10.0,False,6878,0.19638808071613312,0.66
basic_dqn,287,0.80593,3,-12.0,False,6881,0.07933494448661804,0.65
basic_dqn,288,0.80525,8,3.0,True,6889,0.07494985312223434,0.66
basic_dqn,289,0.80457,26,-15.0,True,6915,0.1472593992948532,0.66
basic_dqn,290,0.80389,16,-5.0,True,6931,0.15565474331378937,0.67
basic_dqn,291,0.80321,32,-21.0,True,6963,0.7222335338592529,0.67
basic_dqn,292,0.80254,12,-1.0,True,6975,0.26392319798469543,0.67
basic_dqn,293,0.80186,22,-11.0,True,6997,0.10420328378677368,0.67
basic_dqn,294,0.80118,29,-18.0,True,7026,0.363544762134552,0.67
basic_dqn,295,0.8005,37,-46.0,False,7063,0.3571323752403259,0.67
basic_dqn,296,0.79982,37,-26.0,True,7100,0.25405845046043396,0.68
basic_dqn,297,0.79914,14,-3.0,True,7114,0.22192564606666565,0.68
basic_dqn,298,0.79846,34,-23.0,True,7148,0.09549251198768616,0.69
basic_dqn,299,0.79779,5,-14.0,False,7153,0.11693111807107925,0.68
basic_dqn,300,0.79711,19,-8.0,True,7172,0.08587808907032013,0.68
basic_dqn,301,0.79643,13,-22.0,False,7185,0.1509324163198471,0.67
basic_dqn,302,0.79575,33,-22.0,True,7218,0.18124203383922577,0.68
basic_dqn,303,0.79507,12,-1.0,True,7230,0.05037147179245949,0.69
basic_dqn,304,0.79439,5,6.0,True,7235,0.3311837315559387,0.69
basic_dqn,305,0.79371,12,-1.0,True,7247,0.113312728703022,0.69
basic_dqn,306,0.79304,16,-5.0,True,7263,0.20376764237880707,0.69
basic_dqn,307,0.79236,23,-12.0,True,7286,0.11312319338321686,0.69
basic_dqn,308,0.79168,40,-40.0,False,7326,0.17391934990882874,0.69
basic_dqn,309,0.791,6,5.0,True,7332,0.05689740553498268,0.69
basic_dqn,310,0.79032,4,-13.0,False,7336,0.06828700006008148,0.68
basic_dqn,311,0.78964,38,-27.0,True,7374,0.35494497418403625,0.69
basic_dqn,312,0.78896,9,2.0,True,7383,0.7939522862434387,0.7
basic_dqn,313,0.78829,17,-6.0,True,7400,0.40075644850730896,0.7
basic_dqn,314,0.78761,40,-40.0,False,7440,0.17832441627979279,0.7
basic_dqn,315,0.78693,40,-40.0,False,7480,0.41496366262435913,0.69
basic_dqn,316,0.78625,8,3.0,True,7488,0.14662528038024902,0.69
basic_dqn,317,0.78557,7,4.0,True,7495,0.13197095692157745,0.69
basic_dqn,318,0.78489,35,-24.0,True,7530,0.03358704596757889,0.69
basic_dqn,319,0.78421,39,-28.0,True,7569,0.058473922312259674,0.69
basic_dqn,320,0.78354,40,-40.0,False,7609,0.043154824525117874,0.69
basic_dqn,321,0.78286,5,-14.0,False,7614,0.06461507081985474,0.68
basic_dqn,322,0.78218,2,-11.0,False,7616,0.07355079054832458,0.68
basic_dqn,323,0.7815,2,-11.0,False,7618,0.07605006545782089,0.67
basic_dqn,324,0.78082,6,5.0,True,7624,0.06893891841173172,0.67
basic_dqn,325,0.78014,30,-19.0,True,7654,0.09961644560098648,0.67
basic_dqn,326,0.77946,40,-40.0,False,7694,0.025214310735464096,0.66
basic_dqn,327,0.77879,33,-22.0,True,7727,0.10817475616931915,0.67
basic_dqn,328,0.77811,4,7.0,True,7731,0.03452831506729126,0.67
basic_dqn,329,0.77743,37,-26.0,True,7768,0.022762883454561234,0.67
basic_dqn,330,0.77675,28,-37.0,False,7796,0.04433900862932205,0.66
basic_dqn,331,0.77607,40,-40.0,False,7836,0.015820324420928955,0.65
basic_dqn,332,0.77539,23,-12.0,True,7859,0.011315153911709785,0.65
basic_dqn,333,0.77471,4,7.0,True,7863,0.0091492785140872,0.65
basic_dqn,334,0.77404,35,-24.0,True,7898,0.07511073350906372,0.66
basic_dqn,335,0.77336,34,-23.0,True,7932,0.018916664645075798,0.66
basic_dqn,336,0.77268,11,0.0,True,7943,0.014589737169444561,0.67
basic_dqn,337,0.772,2,9.0,True,7945,0.021927684545516968,0.67
basic_dqn,338,0.77132,13,-2.0,True,7958,0.029005711898207664,0.67
basic_dqn,339,0.77064,34,-23.0,True,7992,0.025898795574903488,0.67
basic_dqn,340,0.76996,6,5.0,True,7998,0.027491524815559387,0.68
basic_dqn,341,0.76929,4,-13.0,False,8000,0.021769437938928604,0.67
basic_dqn,342,0.76861,10,1.0,True,8000,0.009974267333745956,0.68
basic_dqn,343,0.76793,6,5.0,True,8000,0.00789349153637886,0.68
basic_dqn,344,0.76725,2,-11.0,False,8000,0.006341364234685898,0.67
basic_dqn,345,0.76657,5,6.0,True,8000,0.009772785939276218,0.68
basic_dqn,346,0.76589,4,7.0,True,8000,0.013497406616806984,0.69
basic_dqn,347,0.76521,4,7.0,True,8000,0.009805110283195972,0.69
basic_dqn,348,0.76454,17,-6.0,True,8000,0.014573931694030762,0.7
basic_dqn,349,0.76386,32,-21.0,True,8000,0.02795538678765297,0.7
basic_dqn,350,0.76318,10,1.0,True,8000,0.00880772341042757,0.71
basic_dqn,351,0.7625,28,-17.0,True,8000,0.023649556562304497,0.72
basic_dqn,352,0.76182,5,6.0,True,8000,0.02611280046403408,0.73
basic_dqn,353,0.76114,40,-40.0,False,8000,0.009122077375650406,0.73
basic_dqn,354,0.76046,7,4.0,True,8000,0.009122513234615326,0.73
basic_dqn,355,0.75979,5,6.0,True,8000,0.013840983621776104,0.73
basic_dqn,356,0.75911,10,1.0,True,8000,0.023368213325738907,0.73
basic_dqn,357,0.75843,12,-1.0,True,8000,0.03286265581846237,0.73
basic_dqn,358,0.75775,35,-24.0,True,8000,0.021411297842860222,0.73
basic_dqn,359,0.75707,12,-1.0,True,8000,0.013095896691083908,0.73
basic_dqn,360,0.75639,36,-25.0,True,8000,0.07556803524494171,0.74
basic_dqn,361,0.75571,10,1.0,True,8000,0.031048037111759186,0.75
basic_dqn,362,0.75504,13,-2.0,True,8000,0.016516154631972313,0.75
basic_dqn,363,0.75436,14,-3.0,True,8000,0.007441211491823196,0.75
basic_dqn,364,0.75368,40,-40.0,False,8000,0.0163167342543602,0.75
basic_dqn,365,0.753,1,10.0,True,8000,0.025462480261921883,0.75
basic_dqn,366,0.75232,15,-4.0,True,8000,0.011317174881696701,0.76
basic_dqn,367,0.75164,32,-21.0,True,8000,0.03804432600736618,0.76
basic_dqn,368,0.75096,40,-40.0,False,8000,0.028699073940515518,0.76
basic_dqn,369,0.75029,21,-10.0,True,8000,0.038690559566020966,0.76
basic_dqn,370,0.74961,40,-40.0,False,8000,0.06790376454591751,0.75
basic_dqn,371,0.74893,33,-22.0,True,8000,0.06452777236700058,0.75
basic_dqn,372,0.74825,9,2.0,True,8000,0.13905079662799835,0.76
basic_dqn,373,0.74757,8,3.0,True,8000,0.21937015652656555,0.76
basic_dqn,374,0.74689,11,0.0,True,8000,0.03612040355801582,0.77
basic_dqn,375,0.74621,13,-2.0,True,8000,0.019526053220033646,0.77
basic_dqn,376,0.74554,12,-1.0,True,8000,0.029517438262701035,0.78
basic_dqn,377,0.74486,17,-6.0,True,8000,0.040646638721227646,0.78
basic_dqn,378,0.74418,11,0.0,True,8000,0.024732306599617004,0.78
basic_dqn,379,0.7435,1,10.0,True,8000,0.08620034903287888,0.78
basic_dqn,380,0.74282,2,9.0,True,8000,0.051763057708740234,0.78
basic_dqn,381,0.74214,16,-5.0,True,8000,0.0821262001991272,0.78
basic_dqn,382,0.74146,4,7.0,True,8000,0.046388186514377594,0.78
basic_dqn,383,0.74079,20,-9.0,True,8000,0.07805756479501724,0.78
basic_dqn,384,0.74011,23,-12.0,True,8000,0.15515665709972382,0.78
basic_dqn,385,0.73943,7,4.0,True,8000,0.08572099357843399,0.78
basic_dqn,386,0.73875,15,-4.0,True,8000,0.042247120290994644,0.79
basic_dqn,387,0.73807,11,0.0,True,8000,0.018257876858115196,0.8
basic_dqn,388,0.73739,10,1.0,True,8000,0.04210713505744934,0.8
basic_dqn,389,0.73671,3,8.0,True,8000,0.05975470319390297,0.8
basic_dqn,390,0.73604,11,0.0,True,8000,0.06741557270288467,0.8
basic_dqn,391,0.73536,10,1.0,True,8000,0.04622776061296463,0.8
basic_dqn,392,0.73468,37,-26.0,True,8000,0.0474436953663826,0.8
basic_dqn,393,0.734,8,3.0,True,8000,0.0892837792634964,0.8
basic_dqn,394,0.73332,10,1.0,True,8000,0.05978824943304062,0.8
basic_dqn,395,0.73264,22,-11.0,True,8000,0.01757773384451866,0.81
basic_dqn,396,0.73196,31,-20.0,True,8000,0.06024262681603432,0.81
basic_dqn,397,0.73129,18,-7.0,True,8000,0.04678654298186302,0.81
basic_dqn,398,0.73061,13,-2.0,True,8000,0.024837546050548553,0.81
basic_dqn,399,0.72993,3,8.0,True,8000,0.0279128048568964,0.82
basic_dqn,400,0.72925,36,-25.0,True,8000,0.13900500535964966,0.82
basic_dqn,401,0.72857,10,1.0,True,8000,0.05191553384065628,0.83
basic_dqn,402,0.72789,40,-40.0,False,8000,0.09984396398067474,0.82
basic_dqn,403,0.72721,40,-40.0,False,8000,0.06262742727994919,0.81
basic_dqn,404,0.72654,40,-40.0,False,8000,0.12838023900985718,0.8
basic_dqn,405,0.72586,5,6.0,True,8000,0.21388426423072815,0.8
basic_dqn,406,0.72518,12,-21.0,False,8000,0.16513431072235107,0.79
basic_dqn,407,0.7245,40,-40.0,False,8000,0.23360972106456757,0.78
basic_dqn,408,0.72382,3,8.0,True,8000,0.08231182396411896,0.79
basic_dqn,409,0.72314,28,-17.0,True,8000,0.053064048290252686,0.79
basic_dqn,410,0.72246,2,9.0,True,8000,0.06098838150501251,0.8
basic_dqn,411,0.72179,19,-8.0,True,8000,0.13503918051719666,0.8
basic_dqn,412,0.72111,24,-13.0,True,8000,0.05540846288204193,0.8
basic_dqn,413,0.72043,10,1.0,True,8000,0.02478139102458954,0.8
basic_dqn,414,0.71975,40,-40.0,False,8000,0.027507256716489792,0.8
basic_dqn,415,0.71907,26,-15.0,True,8000,0.024038387462496758,0.81
basic_dqn,416,0.71839,20,-9.0,True,8000,0.01992584392428398,0.81
basic_dqn,417,0.71771,1,10.0,True,8000,0.04277776554226875,0.81
basic_dqn,418,0.71704,9,2.0,True,8000,0.03578098118305206,0.81
basic_dqn,419,0.71636,16,-5.0,True,8000,0.02037358283996582,0.81
basic_dqn,420,0.71568,3,8.0,True,8000,0.010340527631342411,0.82
basic_dqn,421,0.715,40,-40.0,False,8000,0.006697406060993671,0.82
basic_dqn,422,0.71432,7,4.0,True,8000,0.007252291776239872,0.83
basic_dqn,423,0.71364,30,-19.0,True,8000,0.0025019068270921707,0.84
basic_dqn,424,0.71296,21,-10.0,True,8000,0.015262996777892113,0.84
basic_dqn,425,0.71229,19,-8.0,True,8000,0.003574999514967203,0.84
basic_dqn,426,0.71161,4,7.0,True,8000,0.002445455640554428,0.85
basic_dqn,427,0.71093,35,-24.0,True,8000,0.0030352601315826178,0.85
basic_dqn,428,0.71025,6,-15.0,False,8000,0.0022979476489126682,0.84
basic_dqn,429,0.70957,28,-17.0,True,8000,0.0011861375533044338,0.84
basic_dqn,430,0.70889,40,-40.0,False,8000,0.0028975822497159243,0.84
basic_dqn,431,0.70821,14,-3.0,True,8000,0.001318455208092928,0.85
basic_dqn,432,0.70754,38,-27.0,True,8000,0.0020743361674249172,0.85
basic_dqn,433,0.70686,29,-18.0,True,8000,0.0012658857740461826,0.85
basic_dqn,434,0.70618,23,-12.0,True,8000,0.00242592953145504,0.85
basic_dqn,435,0.7055,13,-2.0,True,8000,0.001603793352842331,0.85
basic_dqn,436,0.70482,9,2.0,True,8000,0.0020887020509690046,0.85
basic_dqn,437,0.70414,32,-21.0,True,8000,0.0024068078491836786,0.85
basic_dqn,438,0.70346,19,-8.0,True,8000,0.000931403657887131,0.85
basic_dqn,439,0.70279,9,2.0,True,8000,0.0009843213483691216,0.85
basic_dqn,440,0.70211,40,-40.0,False,8000,0.0034409312065690756,0.84
basic_dqn,441,0.70143,15,-4.0,True,8000,0.002354542026296258,0.85
basic_dqn,442,0.70075,19,-8.0,True,8000,0.005947256926447153,0.85
basic_dqn,443,0.70007,9,2.0,True,8000,0.006136035546660423,0.85
basic_dqn,444,0.69939,24,-13.0,True,8000,0.003408094635233283,0.86
basic_dqn,445,0.69871,13,-2.0,True,8000,0.012110836803913116,0.86
basic_dqn,446,0.69804,2,-11.0,False,8000,0.012331823818385601,0.85
basic_dqn,447,0.69736,36,-25.0,True,8000,0.006913815625011921,0.85
basic_dqn,448,0.69668,9,2.0,True,8000,0.00852773617953062,0.85
basic_dqn,449,0.696,19,-8.0,True,8000,0.003805803367868066,0.85
basic_dqn,450,0.69532,2,9.0,True,8000,0.007337900344282389,0.85
basic_dqn,451,0.69464,25,-14.0,True,8000,0.0043009305372834206,0.85
basic_dqn,452,0.69396,3,8.0,True,8000,0.0072526270523667336,0.85
basic_dqn,453,0.69329,7,4.0,True,8000,0.007609610445797443,0.86
basic_dqn,454,0.69261,12,-1.0,True,8000,0.008461995981633663,0.86
basic_dqn,455,0.69193,20,-9.0,True,8000,0.004758857190608978,0.86
basic_dqn,456,0.69125,40,-40.0,False,8000,0.003963896539062262,0.85
basic_dqn,457,0.69057,16,-5.0,True,8000,0.004030379932373762,0.85
basic_dqn,458,0.68989,8,-17.0,False,8000,0.006821849849075079,0.84
basic_dqn,459,0.68921,35,-24.0,True,8000,0.004172374960035086,0.84
basic_dqn,460,0.68854,9,2.0,True,8000,0.005358204711228609,0.84
basic_dqn,461,0.68786,26,-15.0,True,8000,0.0038092455361038446,0.84
basic_dqn,462,0.68718,4,7.0,True,8000,0.00290655973367393,0.84
basic_dqn,463,0.6865,4,7.0,True,8000,0.004340345039963722,0.84
basic_dqn,464,0.68582,2,9.0,True,8000,0.0023392827715724707,0.85
basic_dqn,465,0.68514,21,-10.0,True,8000,0.017528966069221497,0.85
basic_dqn,466,0.68446,4,7.0,True,8000,0.01760348491370678,0.85
basic_dqn,467,0.68379,8,3.0,True,8000,0.002617262303829193,0.85
basic_dqn,468,0.68311,20,-9.0,True,8000,0.003628704696893692,0.86
basic_dqn,469,0.68243,2,9.0,True,8000,0.01055455207824707,0.86
basic_dqn,470,0.68175,29,-18.0,True,8000,0.004440938122570515,0.87
basic_dqn,471,0.68107,18,-7.0,True,8000,0.014322634786367416,0.87
basic_dqn,472,0.68039,23,-12.0,True,8000,0.005809229798614979,0.87
basic_dqn,473,0.67971,9,2.0,True,8000,0.007482233457267284,0.87
basic_dqn,474,0.67904,1,10.0,True,8000,0.010649554431438446,0.87
basic_dqn,475,0.67836,2,9.0,True,8000,0.006681676954030991,0.87
basic_dqn,476,0.67768,37,-26.0,True,8000,0.009717633947730064,0.87
basic_dqn,477,0.677,4,7.0,True,8000,0.015167292207479477,0.87
basic_dqn,478,0.67632,9,2.0,True,8000,0.03555776923894882,0.87
basic_dqn,479,0.67564,4,7.0,True,8000,0.06185314059257507,0.87
basic_dqn,480,0.67496,7,4.0,True,8000,0.08608974516391754,0.87
basic_dqn,481,0.67429,12,-1.0,True,8000,0.018862655386328697,0.87
basic_dqn,482,0.67361,30,-19.0,True,8000,0.017867453396320343,0.87
basic_dqn,483,0.67293,22,-11.0,True,8000,0.015606331638991833,0.87
basic_dqn,484,0.67225,1,10.0,True,8000,0.013706710189580917,0.87
basic_dqn,485,0.67157,7,4.0,True,8000,0.02333391085267067,0.87
basic_dqn,486,0.67089,2,9.0,True,8000,0.040042728185653687,0.87
basic_dqn,487,0.67021,10,1.0,True,8000,0.028803938999772072,0.87
basic_dqn,488,0.66954,9,2.0,True,8000,0.016177788376808167,0.87
basic_dqn,489,0.66886,19,-8.0,True,8000,0.018159806728363037,0.87
basic_dqn,490,0.66818,32,-21.0,True,8000,0.010378270410001278,0.87
basic_dqn,491,0.6675,8,3.0,True,8000,0.020987974479794502,0.87
basic_dqn,492,0.66682,2,-11.0,False,8000,0.03133012354373932,0.86
basic_dqn,493,0.66614,10,1.0,True,8000,0.017894038930535316,0.86
basic_dqn,494,0.66546,21,-10.0,True,8000,0.013870351947844028,0.86
basic_dqn,495,0.66479,39,-28.0,True,8000,0.01769132725894451,0.86
basic_dqn,496,0.66411,3,8.0,True,8000,0.016269654035568237,0.86
basic_dqn,497,0.66343,22,-11.0,True,8000,0.0832766443490982,0.86
basic_dqn,498,0.66275,6,5.0,True,8000,0.05794632062315941,0.86
basic_dqn,499,0.66207,15,-4.0,True,8000,0.02058972418308258,0.86
basic_dqn,500,0.66139,16,-5.0,True,8000,0.013035430572926998,0.86
basic_dqn,501,0.66071,1,10.0,True,8000,0.013951396569609642,0.86
basic_dqn,502,0.66004,35,-24.0,True,8000,0.027250653132796288,0.87
basic_dqn,503,0.65936,5,6.0,True,8000,0.057514090090990067,0.88
basic_dqn,504,0.65868,10,1.0,True,8000,0.10172918438911438,0.89
basic_dqn,505,0.658,17,-6.0,True,8000,0.026555586606264114,0.89
basic_dqn,506,0.65732,30,-19.0,True,8000,0.020430244505405426,0.9
basic_dqn,507,0.65664,28,-17.0,True,8000,0.010417649522423744,0.91
basic_dqn,508,0.65596,23,-12.0,True,8000,0.016495855525135994,0.91
basic_dqn,509,0.65529,29,-18.0,True,8000,0.037974994629621506,0.91
basic_dqn,510,0.65461,5,6.0,True,8000,0.054188068956136703,0.91
basic_dqn,511,0.65393,21,-10.0,True,8000,0.011876734904944897,0.91
basic_dqn,512,0.65325,40,-40.0,False,8000,0.08091305941343307,0.9
basic_dqn,513,0.65257,7,4.0,True,8000,0.06496348232030869,0.9
basic_dqn,514,0.65189,17,-6.0,True,8000,0.06845548748970032,0.91
basic_dqn,515,0.65121,6,-15.0,False,8000,0.07007948309183121,0.9
basic_dqn,516,0.65054,6,5.0,True,8000,0.05256923288106918,0.9
basic_dqn,517,0.64986,18,-7.0,True,8000,0.0878811925649643,0.9
basic_dqn,518,0.64918,40,-40.0,False,8000,0.0262531079351902,0.89
basic_dqn,519,0.6485,37,-26.0,True,8000,0.03710700944066048,0.89
basic_dqn,520,0.64782,35,-24.0,True,8000,0.07663566619157791,0.89
basic_dqn,521,0.64714,11,0.0,True,8000,0.04552125558257103,0.9
basic_dqn,522,0.64646,5,6.0,True,8000,0.05761941149830818,0.9
basic_dqn,523,0.64579,13,-2.0,True,8000,0.11154767870903015,0.9
basic_dqn,524,0.64511,12,-1.0,True,8000,0.09653308242559433,0.9
basic_dqn,525,0.64443,5,6.0,True,8000,0.1001659408211708,0.9
basic_dqn,526,0.64375,6,5.0,True,8000,0.09705377370119095,0.9
basic_dqn,527,0.64307,5,6.0,True,8000,0.07701035588979721,0.9
basic_dqn,528,0.64239,13,-2.0,True,8000,0.22509700059890747,0.91
basic_dqn,529,0.64171,1,10.0,True,8000,0.25478917360305786,0.91
basic_dqn,530,0.64104,20,-9.0,True,8000,0.05340509116649628,0.92
basic_dqn,531,0.64036,5,-14.0,False,8000,0.08179914206266403,0.91
basic_dqn,532,0.63968,8,3.0,True,8000,0.10826180875301361,0.91
basic_dqn,533,0.639,9,2.0,True,8000,0.07985562831163406,0.91
basic_dqn,534,0.63832,6,5.0,True,8000,0.15109996497631073,0.91
basic_dqn,535,0.63764,11,0.0,True,8000,0.022422650828957558,0.91
basic_dqn,536,0.63696,10,1.0,True,8000,0.0339636392891407,0.91
basic_dqn,537,0.63629,22,-11.0,True,8000,0.08336182683706284,0.91
basic_dqn,538,0.63561,10,1.0,True,8000,0.06547394394874573,0.91
basic_dqn,539,0.63493,1,-10.0,False,8000,0.08427823334932327,0.9
basic_dqn,540,0.63425,27,-16.0,True,8000,0.036572620272636414,0.91
basic_dqn,541,0.63357,17,-6.0,True,8000,0.040188729763031006,0.91
basic_dqn,542,0.63289,2,9.0,True,8000,0.030430370941758156,0.91
basic_dqn,543,0.63221,7,4.0,True,8000,0.026913609355688095,0.91
basic_dqn,544,0.63154,17,-6.0,True,8000,0.02768496610224247,0.91
basic_dqn,545,0.63086,36,-25.0,True,8000,0.008031926117837429,0.91
basic_dqn,546,0.63018,3,8.0,True,8000,0.0098064374178648,0.92
basic_dqn,547,0.6295,20,-9.0,True,8000,0.023633774369955063,0.92
basic_dqn,548,0.62882,8,3.0,True,8000,0.05631960928440094,0.92
basic_dqn,549,0.62814,8,3.0,True,8000,0.015879429876804352,0.92
basic_dqn,550,0.62746,8,3.0,True,8000,0.011489544063806534,0.92
basic_dqn,551,0.62679,4,7.0,True,8000,0.028308335691690445,0.92
basic_dqn,552,0.62611,20,-9.0,True,8000,0.021446138620376587,0.92
basic_dqn,553,0.62543,40,-29.0,True,8000,0.009322499856352806,0.92
basic_dqn,554,0.62475,12,-1.0,True,8000,0.011877691373229027,0.92
basic_dqn,555,0.62407,9,2.0,True,8000,0.005762035492807627,0.92
basic_dqn,556,0.62339,6,5.0,True,8000,0.011117481626570225,0.93
basic_dqn,557,0.62271,15,-4.0,True,8000,0.03939249366521835,0.93
basic_dqn,558,0.62204,1,10.0,True,8000,0.021142153069376945,0.94
basic_dqn,559,0.62136,13,-2.0,True,8000,0.005201485939323902,0.94
basic_dqn,560,0.62068,6,5.0,True,8000,0.003920918796211481,0.94
basic_dqn,561,0.62,10,1.0,True,8000,0.00546299247071147,0.94
basic_dqn,562,0.61932,2,9.0,True,8000,0.009745139628648758,0.94
basic_dqn,563,0.61864,1,10.0,True,8000,0.006324190646409988,0.94
basic_dqn,564,0.61796,10,1.0,True,8000,0.011798661202192307,0.94
basic_dqn,565,0.61729,4,7.0,True,8000,0.01100228726863861,0.94
basic_dqn,566,0.61661,10,1.0,True,8000,0.015486493706703186,0.94
basic_dqn,567,0.61593,4,7.0,True,8000,0.020145604386925697,0.94
basic_dqn,568,0.61525,17,-6.0,True,8000,0.0186842679977417,0.94
basic_dqn,569,0.61457,9,2.0,True,8000,0.04915338382124901,0.94
basic_dqn,570,0.61389,1,10.0,True,8000,0.015595628879964352,0.94
basic_dqn,571,0.61321,4,-13.0,False,8000,0.10315019637346268,0.93
basic_dqn,572,0.61254,10,1.0,True,8000,0.07737656682729721,0.93
basic_dqn,573,0.61186,4,7.0,True,8000,0.020330535247921944,0.93
basic_dqn,574,0.61118,18,-7.0,True,8000,0.026414500549435616,0.93
basic_dqn,575,0.6105,2,9.0,True,8000,0.01632678136229515,0.93
basic_dqn,576,0.60982,8,3.0,True,8000,0.013533554971218109,0.93
basic_dqn,577,0.60914,8,3.0,True,8000,0.028929604217410088,0.93
basic_dqn,578,0.60846,26,-15.0,True,8000,0.031501006335020065,0.93
basic_dqn,579,0.60779,6,5.0,True,8000,0.0317574106156826,0.93
basic_dqn,580,0.60711,10,1.0,True,8000,0.028221655637025833,0.93
basic_dqn,581,0.60643,4,7.0,True,8000,0.023943109437823296,0.93
basic_dqn,582,0.60575,15,-4.0,True,8000,0.01279123593121767,0.93
basic_dqn,583,0.60507,4,7.0,True,8000,0.008170383051037788,0.93
basic_dqn,584,0.60439,13,-2.0,True,8000,0.0267130546271801,0.93
basic_dqn,585,0.60371,5,6.0,True,8000,0.03134901076555252,0.93
basic_dqn,586,0.60304,24,-13.0,True,8000,0.016123833134770393,0.93
basic_dqn,587,0.60236,4,7.0,True,8000,0.01852719858288765,0.93
basic_dqn,588,0.60168,16,-5.0,True,8000,0.009416106157004833,0.93
basic_dqn,589,0.601,15,-4.0,True,8000,0.006781724747270346,0.93
basic_dqn,590,0.60032,11,0.0,True,8000,0.005221456754952669,0.93
basic_dqn,591,0.59964,32,-21.0,True,8000,0.013383998535573483,0.93
basic_dqn,592,0.59896,21,-10.0,True,8000,0.019546734169125557,0.94
basic_dqn,593,0.59829,9,2.0,True,8000,0.01583900675177574,0.94
basic_dqn,594,0.59761,5,6.0,True,8000,0.01293556671589613,0.94
basic_dqn,595,0.59693,15,-4.0,True,8000,0.012607534416019917,0.94
basic_dqn,596,0.59625,3,8.0,True,8000,0.012670422904193401,0.94
basic_dqn,597,0.59557,19,-8.0,True,8000,0.00325391860678792,0.94
basic_dqn,598,0.59489,4,7.0,True,8000,0.004732196219265461,0.94
basic_dqn,599,0.59421,21,-10.0,True,8000,0.016543209552764893,0.94
basic_dqn,600,0.59354,13,-2.0,True,8000,0.024066340178251266,0.94
basic_dqn,601,0.59286,8,3.0,True,8000,0.014942556619644165,0.94
basic_dqn,602,0.59218,13,-2.0,True,8000,0.04018208757042885,0.94
basic_dqn,603,0.5915,28,-17.0,True,8000,0.007948013953864574,0.94
basic_dqn,604,0.59082,9,2.0,True,8000,0.012158697471022606,0.94
basic_dqn,605,0.59014,6,5.0,True,8000,0.029508795589208603,0.94
basic_dqn,606,0.58946,11,0.0,True,8000,0.06593534350395203,0.94
basic_dqn,607,0.58879,9,2.0,True,8000,0.024013271555304527,0.94
basic_dqn,608,0.58811,3,-12.0,False,8000,0.02735520526766777,0.93
basic_dqn,609,0.58743,12,-1.0,True,8000,0.03570299595594406,0.93
basic_dqn,610,0.58675,3,8.0,True,8000,0.05452318489551544,0.93
basic_dqn,611,0.58607,16,-5.0,True,8000,0.039266396313905716,0.93
basic_dqn,612,0.58539,10,1.0,True,8000,0.012118318118155003,0.94
basic_dqn,613,0.58471,20,-9.0,True,8000,0.026397688314318657,0.94
basic_dqn,614,0.58404,4,7.0,True,8000,0.04389717057347298,0.94
basic_dqn,615,0.58336,25,-14.0,True,8000,0.032027456909418106,0.95
basic_dqn,616,0.58268,12,-1.0,True,8000,0.03829119727015495,0.95
basic_dqn,617,0.582,6,5.0,True,8000,0.020716290920972824,0.95
basic_dqn,618,0.58132,17,-6.0,True,8000,0.027516765519976616,0.96
basic_dqn,619,0.58064,9,2.0,True,8000,0.0394723005592823,0.96
basic_dqn,620,0.57996,5,6.0,True,8000,0.030931759625673294,0.96
basic_dqn,621,0.57929,21,-10.0,True,8000,0.010047371499240398,0.96
basic_dqn,622,0.57861,8,3.0,True,8000,0.022315453737974167,0.96
basic_dqn,623,0.57793,17,-6.0,True,8000,0.017511531710624695,0.96
basic_dqn,624,0.57725,4,7.0,True,8000,0.02218097448348999,0.96
basic_dqn,625,0.57657,7,4.0,True,8000,0.011937679722905159,0.96
basic_dqn,626,0.57589,7,4.0,True,8000,0.016549797728657722,0.96
basic_dqn,627,0.57521,32,-21.0,True,8000,0.004052650183439255,0.96
basic_dqn,628,0.57454,5,6.0,True,8000,0.003018188290297985,0.96
basic_dqn,629,0.57386,10,-19.0,False,8000,0.0029779220931231976,0.95
basic_dqn,630,0.57318,6,5.0,True,8000,0.0015084431506693363,0.95
basic_dqn,631,0.5725,4,7.0,True,8000,0.001905016484670341,0.96
basic_dqn,632,0.57182,7,4.0,True,8000,0.0010939259082078934,0.96
basic_dqn,633,0.57114,9,2.0,True,8000,0.0015891504008322954,0.96
basic_dqn,634,0.57046,9,2.0,True,8000,0.0004810060781892389,0.96
basic_dqn,635,0.56979,17,-6.0,True,8000,0.0020734178833663464,0.96
basic_dqn,636,0.56911,9,2.0,True,8000,0.002449823310598731,0.96
basic_dqn,637,0.56843,5,6.0,True,8000,0.0031552868895232677,0.96
basic_dqn,638,0.56775,14,-3.0,True,8000,0.003143755719065666,0.96
basic_dqn,639,0.56707,6,5.0,True,8000,0.0020466416608542204,0.97
basic_dqn,640,0.56639,1,10.0,True,8000,0.0021098467987030745,0.97
basic_dqn,641,0.56571,1,10.0,True,8000,0.00196410552598536,0.97
basic_dqn,642,0.56504,10,1.0,True,8000,0.0006489695515483618,0.97
basic_dqn,643,0.56436,8,3.0,True,8000,0.0006425892934203148,0.97
basic_dqn,644,0.56368,10,1.0,True,8000,0.0014259396120905876,0.97
basic_dqn,645,0.563,27,-16.0,True,8000,0.0008167296182364225,0.97
basic_dqn,646,0.56232,8,3.0,True,8000,0.0018720156513154507,0.97
basic_dqn,647,0.56164,7,4.0,True,8000,0.0016383911715820432,0.97
basic_dqn,648,0.56096,8,3.0,True,8000,0.001788965193554759,0.97
basic_dqn,649,0.56029,7,4.0,True,8000,0.0022268041502684355,0.97
basic_dqn,650,0.55961,10,1.0,True,8000,0.0016217953525483608,0.97
basic_dqn,651,0.55893,8,3.0,True,8000,0.0028406621422618628,0.97
basic_dqn,652,0.55825,11,0.0,True,8000,0.00457701925188303,0.97
basic_dqn,653,0.55757,2,9.0,True,8000,0.006195289082825184,0.97
basic_dqn,654,0.55689,20,-9.0,True,8000,0.004640392959117889,0.97
basic_dqn,655,0.55621,17,-6.0,True,8000,0.001581274438649416,0.97
basic_dqn,656,0.55554,1,10.0,True,8000,0.002065950771793723,0.97
basic_dqn,657,0.55486,17,-6.0,True,8000,0.0025214669294655323,0.97
basic_dqn,658,0.55418,4,7.0,True,8000,0.0027683002408593893,0.97
basic_dqn,659,0.5535,6,5.0,True,8000,0.009315039031207561,0.97
basic_dqn,660,0.55282,7,4.0,True,8000,0.004450187552720308,0.97
basic_dqn,661,0.55214,4,7.0,True,8000,0.0016056972090154886,0.97
basic_dqn,662,0.55146,2,9.0,True,8000,0.001366613432765007,0.97
basic_dqn,663,0.55079,10,1.0,True,8000,0.002277675084769726,0.97
basic_dqn,664,0.55011,19,-8.0,True,8000,0.0072812167927622795,0.97
basic_dqn,665,0.54943,7,4.0,True,8000,0.0036348989233374596,0.97
basic_dqn,666,0.54875,3,8.0,True,8000,0.005349600687623024,0.97
basic_dqn,667,0.54807,11,0.0,True,8000,0.011589046567678452,0.97
basic_dqn,668,0.54739,3,-12.0,False,8000,0.005887937266379595,0.96
basic_dqn,669,0.54671,8,3.0,True,8000,0.0029959005769342184,0.96
basic_dqn,670,0.54604,5,6.0,True,8000,0.0018358842935413122,0.96
basic_dqn,671,0.54536,21,-10.0,True,8000,0.003351179650053382,0.97
basic_dqn,672,0.54468,12,-1.0,True,8000,0.0038351917173713446,0.97
basic_dqn,673,0.544,4,7.0,True,8000,0.0033726037945598364,0.97
basic_dqn,674,0.54332,6,5.0,True,8000,0.007990879938006401,0.97
basic_dqn,675,0.54264,9,2.0,True,8000,0.001988758333027363,0.97
basic_dqn,676,0.54196,7,4.0,True,8000,0.001978797372430563,0.97
basic_dqn,677,0.54129,5,6.0,True,8000,0.0027870850171893835,0.97
basic_dqn,678,0.54061,11,0.0,True,8000,0.004976195748895407,0.97
basic_dqn,679,0.53993,4,7.0,True,8000,0.003248803084716201,0.97
basic_dqn,680,0.53925,10,1.0,True,8000,0.001960416091606021,0.97
basic_dqn,681,0.53857,21,-10.0,True,8000,0.001997279468923807,0.97
basic_dqn,682,0.53789,2,9.0,True,8000,0.0022615203633904457,0.97
basic_dqn,683,0.53721,9,2.0,True,8000,0.0071152569726109505,0.97
basic_dqn,684,0.53654,1,10.0,True,8000,0.006143307313323021,0.97
basic_dqn,685,0.53586,15,-4.0,True,8000,0.004648352041840553,0.97
basic_dqn,686,0.53518,18,-7.0,True,8000,0.002053628209978342,0.97
basic_dqn,687,0.5345,14,-3.0,True,8000,0.003487749258056283,0.97
basic_dqn,688,0.53382,7,4.0,True,8000,0.004352124873548746,0.97
basic_dqn,689,0.53314,11,0.0,True,8000,0.00683228112757206,0.97
basic_dqn,690,0.53246,18,-7.0,True,8000,0.007656804285943508,0.97
basic_dqn,691,0.53179,11,0.0,True,8000,0.003048858605325222,0.97
basic_dqn,692,0.53111,8,3.0,True,8000,0.0030589918605983257,0.97
basic_dqn,693,0.53043,3,8.0,True,8000,0.0048677269369363785,0.97
basic_dqn,694,0.52975,5,6.0,True,8000,0.005000609904527664,0.97
basic_dqn,695,0.52907,5,6.0,True,8000,0.012495399452745914,0.97
basic_dqn,696,0.52839,3,-12.0,False,8000,0.01046050526201725,0.96
basic_dqn,697,0.52771,1,-10.0,False,8000,0.014311530627310276,0.95
basic_dqn,698,0.52704,6,5.0,True,8000,0.01276914682239294,0.95
basic_dqn,699,0.52636,18,-7.0,True,8000,0.04845700040459633,0.95
basic_dqn,700,0.52568,1,10.0,True,8000,0.044025491923093796,0.95
basic_dqn,701,0.525,12,-1.0,True,8000,0.008944258093833923,0.95
basic_dqn,702,0.52432,2,9.0,True,8000,0.01373139675706625,0.95
basic_dqn,703,0.52364,8,3.0,True,8000,0.00782057549804449,0.95
basic_dqn,704,0.52296,8,3.0,True,8000,0.015030059963464737,0.95
basic_dqn,705,0.52229,19,-8.0,True,8000,0.01686760224401951,0.95
basic_dqn,706,0.52161,5,6.0,True,8000,0.021400071680545807,0.95
basic_dqn,707,0.52093,23,-12.0,True,8000,0.010338811203837395,0.95
basic_dqn,708,0.52025,3,8.0,True,8000,0.026508189737796783,0.96
basic_dqn,709,0.51957,8,-17.0,False,8000,0.025718500837683678,0.95
basic_dqn,710,0.51889,3,8.0,True,8000,0.015917129814624786,0.95
basic_dqn,711,0.51821,4,7.0,True,8000,0.04656219482421875,0.95
basic_dqn,712,0.51754,23,-12.0,True,8000,0.026163309812545776,0.95
basic_dqn,713,0.51686,3,8.0,True,8000,0.022495532408356667,0.95
basic_dqn,714,0.51618,9,2.0,True,8000,0.019275832921266556,0.95
basic_dqn,715,0.5155,22,-11.0,True,8000,0.03616807982325554,0.95
basic_dqn,716,0.51482,12,-1.0,True,8000,0.077550508081913,0.95
basic_dqn,717,0.51414,6,5.0,True,8000,0.02538960985839367,0.95
basic_dqn,718,0.51346,7,4.0,True,8000,0.05213095620274544,0.95
basic_dqn,719,0.51279,18,-7.0,True,8000,0.04071051999926567,0.95
basic_dqn,720,0.51211,4,7.0,True,8000,0.03426866605877876,0.95
basic_dqn,721,0.51143,1,10.0,True,8000,0.04553350433707237,0.95
basic_dqn,722,0.51075,25,-14.0,True,8000,0.14829547703266144,0.95
basic_dqn,723,0.51007,6,5.0,True,8000,0.10691565275192261,0.95
basic_dqn,724,0.50939,4,7.0,True,8000,0.028122318908572197,0.95
basic_dqn,725,0.50871,16,-5.0,True,8000,0.037984009832143784,0.95
basic_dqn,726,0.50804,12,-1.0,True,8000,0.013108017854392529,0.95
basic_dqn,727,0.50736,9,2.0,True,8000,0.005579295102506876,0.95
basic_dqn,728,0.50668,7,4.0,True,8000,0.011994719505310059,0.95
basic_dqn,729,0.506,1,-10.0,False,8000,0.01878928765654564,0.95
basic_dqn,730,0.50532,15,-4.0,True,8000,0.03646517172455788,0.95
basic_dqn,731,0.50464,4,7.0,True,8000,0.04921558499336243,0.95
basic_dqn,732,0.50396,15,-4.0,True,8000,0.027232060208916664,0.95
basic_dqn,733,0.50329,37,-26.0,True,8000,0.04194125533103943,0.95
basic_dqn,734,0.50261,6,5.0,True,8000,0.019854074344038963,0.95
basic_dqn,735,0.50193,4,7.0,True,8000,0.020008785650134087,0.95
basic_dqn,736,0.50125,15,-4.0,True,8000,0.009277788922190666,0.95
basic_dqn,737,0.50057,10,1.0,True,8000,0.04824567586183548,0.95
basic_dqn,738,0.49989,4,7.0,True,8000,0.030418651178479195,0.95
basic_dqn,739,0.49921,10,1.0,True,8000,0.006188324652612209,0.95
basic_dqn,740,0.49854,7,4.0,True,8000,0.004920457489788532,0.95
basic_dqn,741,0.49786,6,5.0,True,8000,0.02208930440247059,0.95
basic_dqn,742,0.49718,7,4.0,True,8000,0.012485956773161888,0.95
basic_dqn,743,0.4965,10,1.0,True,8000,0.029995065182447433,0.95
basic_dqn,744,0.49582,10,1.0,True,8000,0.016435889527201653,0.95
basic_dqn,745,0.49514,12,-1.0,True,8000,0.02274801768362522,0.95
basic_dqn,746,0.49446,7,4.0,True,8000,0.02292563207447529,0.95
basic_dqn,747,0.49379,9,2.0,True,8000,0.0351884700357914,0.95
basic_dqn,748,0.49311,4,7.0,True,8000,0.034677669405937195,0.95
basic_dqn,749,0.49243,12,-1.0,True,8000,0.07175427675247192,0.95
basic_dqn,750,0.49175,8,3.0,True,8000,0.07201828062534332,0.95
basic_dqn,751,0.49107,16,-5.0,True,8000,0.050892721861600876,0.95
basic_dqn,752,0.49039,10,1.0,True,8000,0.08419901877641678,0.95
basic_dqn,753,0.48971,16,-5.0,True,8000,0.016960512846708298,0.95
basic_dqn,754,0.48904,8,3.0,True,8000,0.03353835642337799,0.95
basic_dqn,755,0.48836,9,2.0,True,8000,0.04422299191355705,0.95
basic_dqn,756,0.48768,6,5.0,True,8000,0.07737769931554794,0.95
basic_dqn,757,0.487,10,1.0,True,8000,0.047050077468156815,0.95
basic_dqn,758,0.48632,21,-10.0,True,8000,0.07483676820993423,0.95
basic_dqn,759,0.48564,2,9.0,True,8000,0.07074004411697388,0.95
basic_dqn,760,0.48496,5,6.0,True,8000,0.02177387848496437,0.95
basic_dqn,761,0.48429,9,2.0,True,8000,0.01905602216720581,0.95
basic_dqn,762,0.48361,7,4.0,True,8000,0.024226289242506027,0.95
basic_dqn,763,0.48293,3,8.0,True,8000,0.03979923576116562,0.95
basic_dqn,764,0.48225,2,-11.0,False,8000,0.03292212262749672,0.94
basic_dqn,765,0.48157,10,1.0,True,8000,0.04298294335603714,0.94
basic_dqn,766,0.48089,8,3.0,True,8000,0.1193476989865303,0.94
basic_dqn,767,0.48021,5,6.0,True,8000,0.05101586878299713,0.94
basic_dqn,768,0.47954,15,-4.0,True,8000,0.068589948117733,0.95
basic_dqn,769,0.47886,7,4.0,True,8000,0.03017202764749527,0.95
basic_dqn,770,0.47818,14,-3.0,True,8000,0.02238547056913376,0.95
basic_dqn,771,0.4775,4,7.0,True,8000,0.055582527071237564,0.95
basic_dqn,772,0.47682,6,5.0,True,8000,0.11117030680179596,0.95
basic_dqn,773,0.47614,16,-5.0,True,8000,0.2925306260585785,0.95
basic_dqn,774,0.47546,28,-17.0,True,8000,0.19747695326805115,0.95
basic_dqn,775,0.47479,10,1.0,True,8000,0.12324049323797226,0.95
basic_dqn,776,0.47411,3,8.0,True,8000,0.07517450302839279,0.95
basic_dqn,777,0.47343,5,6.0,True,8000,0.03887920826673508,0.95
basic_dqn,778,0.47275,5,6.0,True,8000,0.05694597214460373,0.95
basic_dqn,779,0.47207,6,5.0,True,8000,0.09835582226514816,0.95
basic_dqn,780,0.47139,5,6.0,True,8000,0.08187706768512726,0.95
basic_dqn,781,0.47071,3,8.0,True,8000,0.08541316539049149,0.95
basic_dqn,782,0.47004,4,7.0,True,8000,0.19500254094600677,0.95
basic_dqn,783,0.46936,5,6.0,True,8000,0.12074705958366394,0.95
basic_dqn,784,0.46868,1,10.0,True,8000,0.11070019006729126,0.95
basic_dqn,785,0.468,24,-13.0,True,8000,0.12097790092229843,0.95
basic_dqn,786,0.46732,10,1.0,True,8000,0.04286324977874756,0.95
basic_dqn,787,0.46664,8,3.0,True,8000,0.06467463076114655,0.95
basic_dqn,788,0.46596,10,1.0,True,8000,0.03082418628036976,0.95
basic_dqn,789,0.46529,10,1.0,True,8000,0.04406725615262985,0.95
basic_dqn,790,0.46461,7,4.0,True,8000,0.06948728859424591,0.95
basic_dqn,791,0.46393,6,5.0,True,8000,0.11061010509729385,0.95
basic_dqn,792,0.46325,14,-3.0,True,8000,0.10856695473194122,0.95
basic_dqn,793,0.46257,5,6.0,True,8000,0.08156365901231766,0.95
basic_dqn,794,0.46189,3,8.0,True,8000,0.06573889404535294,0.95
basic_dqn,795,0.46121,6,5.0,True,8000,0.07116806507110596,0.95
basic_dqn,796,0.46054,10,1.0,True,8000,0.07188249379396439,0.96
basic_dqn,797,0.45986,24,-13.0,True,8000,0.012788954190909863,0.97
basic_dqn,798,0.45918,12,-1.0,True,8000,0.019614584743976593,0.97
basic_dqn,799,0.4585,1,10.0,True,8000,0.039422452449798584,0.97
basic_dqn,800,0.45782,5,6.0,True,8000,0.053402844816446304,0.97
basic_dqn,801,0.45714,9,2.0,True,8000,0.09694364666938782,0.97
basic_dqn,802,0.45646,4,7.0,True,8000,0.0754595622420311,0.97
basic_dqn,803,0.45579,10,1.0,True,8000,0.018544649705290794,0.97
basic_dqn,804,0.45511,7,4.0,True,8000,0.027310138568282127,0.97
basic_dqn,805,0.45443,13,-2.0,True,8000,0.009981997311115265,0.97
basic_dqn,806,0.45375,7,4.0,True,8000,0.008242934010922909,0.97
basic_dqn,807,0.45307,7,4.0,True,8000,0.0046788593754172325,0.97
basic_dqn,808,0.45239,6,5.0,True,8000,0.003984150942414999,0.97
basic_dqn,809,0.45171,16,-5.0,True,8000,0.005621776916086674,0.98
basic_dqn,810,0.45104,10,1.0,True,8000,0.007540957070887089,0.98
basic_dqn,811,0.45036,15,-4.0,True,8000,0.0032773083075881004,0.98
basic_dqn,812,0.44968,3,8.0,True,8000,0.00310345645993948,0.98
basic_dqn,813,0.449,3,8.0,True,8000,0.0031552333384752274,0.98
basic_dqn,814,0.44832,11,0.0,True,8000,0.002838682848960161,0.98
basic_dqn,815,0.44764,10,1.0,True,8000,0.0008942575077526271,0.98
basic_dqn,816,0.44696,11,0.0,True,8000,0.0004830558318644762,0.98
basic_dqn,817,0.44629,8,3.0,True,8000,0.0005989109631627798,0.98
basic_dqn,818,0.44561,10,1.0,True,8000,0.000584096007514745,0.98
basic_dqn,819,0.44493,6,5.0,True,8000,0.0005650295061059296,0.98
basic_dqn,820,0.44425,2,9.0,True,8000,0.00043774256482720375,0.98
basic_dqn,821,0.44357,5,6.0,True,8000,0.0006556010339409113,0.98
basic_dqn,822,0.44289,7,4.0,True,8000,0.0007754016551189125,0.98
basic_dqn,823,0.44221,7,4.0,True,8000,0.00036543497117236257,0.98
basic_dqn,824,0.44154,7,4.0,True,8000,0.0002411650202702731,0.98
basic_dqn,825,0.44086,19,-8.0,True,8000,0.00011615613766480237,0.98
basic_dqn,826,0.44018,5,6.0,True,8000,0.00014068583550397307,0.98
basic_dqn,827,0.4395,4,7.0,True,8000,0.00018225170788355172,0.98
basic_dqn,828,0.43882,4,7.0,True,8000,8.723028440726921e-05,0.98
basic_dqn,829,0.43814,13,-2.0,True,8000,0.0001540782250231132,0.99
basic_dqn,830,0.43746,8,3.0,True,8000,0.00012167768727522343,0.99
basic_dqn,831,0.43679,3,8.0,True,8000,8.025887655094266e-05,0.99
basic_dqn,832,0.43611,2,9.0,True,8000,6.977511657169089e-05,0.99
basic_dqn,833,0.43543,6,5.0,True,8000,0.0001687308249529451,0.99
basic_dqn,834,0.43475,4,7.0,True,8000,0.00013941610814072192,0.99
basic_dqn,835,0.43407,6,5.0,True,8000,5.4987031035125256e-05,0.99
basic_dqn,836,0.43339,7,4.0,True,8000,5.971950668026693e-05,0.99
basic_dqn,837,0.43271,4,7.0,True,8000,6.893269892316312e-05,0.99
basic_dqn,838,0.43204,7,4.0,True,8000,0.0001025524252327159,0.99
basic_dqn,839,0.43136,2,9.0,True,8000,8.657564467284828e-05,0.99
basic_dqn,840,0.43068,2,-11.0,False,8000,7.152522448450327e-05,0.98
basic_dqn,841,0.43,10,1.0,True,8000,1.7340065824100748e-05,0.98
basic_dqn,842,0.42932,6,5.0,True,8000,3.387363176443614e-05,0.98
basic_dqn,843,0.42864,4,7.0,True,8000,3.671472950372845e-05,0.98
basic_dqn,844,0.42796,7,4.0,True,8000,1.0137493518413976e-05,0.98
basic_dqn,845,0.42729,1,10.0,True,8000,1.745605368341785e-05,0.98
basic_dqn,846,0.42661,21,-10.0,True,8000,9.462813068239484e-06,0.98
basic_dqn,847,0.42593,6,5.0,True,8000,2.011348624364473e-05,0.98
basic_dqn,848,0.42525,6,5.0,True,8000,1.981283821805846e-05,0.98
basic_dqn,849,0.42457,8,3.0,True,8000,1.1359903510310687e-05,0.98
basic_dqn,850,0.42389,4,7.0,True,8000,1.8094420738634653e-05,0.98
basic_dqn,851,0.42321,9,2.0,True,8000,1.1070027539972216e-05,0.98
basic_dqn,852,0.42254,6,5.0,True,8000,9.89571799436817e-06,0.98
basic_dqn,853,0.42186,14,-3.0,True,8000,7.685796845180448e-06,0.98
basic_dqn,854,0.42118,1,10.0,True,8000,8.198692739824764e-06,0.98
basic_dqn,855,0.4205,12,-1.0,True,8000,9.940212294168305e-06,0.98
basic_dqn,856,0.41982,13,-2.0,True,8000,7.950451617944054e-06,0.98
basic_dqn,857,0.41914,6,5.0,True,8000,4.453725068742642e-06,0.98
basic_dqn,858,0.41846,13,-2.0,True,8000,8.084084583970252e-06,0.98
basic_dqn,859,0.41779,4,7.0,True,8000,3.554605655153864e-06,0.98
basic_dqn,860,0.41711,10,1.0,True,8000,7.713906597928144e-06,0.98
basic_dqn,861,0.41643,5,6.0,True,8000,2.532674898247933e-06,0.98
basic_dqn,862,0.41575,4,7.0,True,8000,4.723150595964398e-06,0.98
basic_dqn,863,0.41507,6,5.0,True,8000,7.792636097292416e-06,0.98
basic_dqn,864,0.41439,3,8.0,True,8000,5.910152140131686e-06,0.99
basic_dqn,865,0.41371,5,6.0,True,8000,3.631452045738115e-06,0.99
basic_dqn,866,0.41304,7,4.0,True,8000,3.2428908980364213e-06,0.99
basic_dqn,867,0.41236,1,10.0,True,8000,5.459069143398665e-06,0.99
basic_dqn,868,0.41168,6,5.0,True,8000,5.718372449337039e-06,0.99
basic_dqn,869,0.411,4,7.0,True,8000,5.049083938502008e-06,0.99
basic_dqn,870,0.41032,15,-4.0,True,8000,3.5298821785545442e-06,0.99
basic_dqn,871,0.40964,8,3.0,True,8000,7.200077561719809e-06,0.99
basic_dqn,872,0.40896,6,5.0,True,8000,5.886887720407685e-06,0.99
basic_dqn,873,0.40829,24,-13.0,True,8000,3.241303602408152e-06,0.99
basic_dqn,874,0.40761,3,8.0,True,8000,4.105804237042321e-06,0.99
basic_dqn,875,0.40693,7,4.0,True,8000,5.551831236516591e-06,0.99
basic_dqn,876,0.40625,3,8.0,True,8000,5.782318567071343e-06,0.99
basic_dqn,877,0.40557,11,0.0,True,8000,2.4690325517440215e-06,0.99
basic_dqn,878,0.40489,9,2.0,True,8000,2.284448783029802e-06,0.99
basic_dqn,879,0.40421,8,3.0,True,8000,3.2083892165246652e-06,0.99
basic_dqn,880,0.40354,7,4.0,True,8000,3.4988916013389826e-06,0.99
basic_dqn,881,0.40286,8,3.0,True,8000,4.535936568572652e-06,0.99
basic_dqn,882,0.40218,9,2.0,True,8000,3.6375743093230994e-06,0.99
basic_dqn,883,0.4015,7,4.0,True,8000,5.144072019902524e-06,0.99
basic_dqn,884,0.40082,9,2.0,True,8000,1.412557367075351e-06,0.99
basic_dqn,885,0.40014,2,-11.0,False,8000,1.0172925613005646e-06,0.98
basic_dqn,886,0.39946,10,1.0,True,8000,1.5493554883505567e-06,0.98
basic_dqn,887,0.39879,1,10.0,True,8000,1.4869584674670477e-06,0.98
basic_dqn,888,0.39811,6,5.0,True,8000,1.0763301361293998e-06,0.98
basic_dqn,889,0.39743,10,1.0,True,8000,1.7618197034607874e-06,0.98
basic_dqn,890,0.39675,6,5.0,True,8000,2.300262167409528e-06,0.98
basic_dqn,891,0.39607,7,4.0,True,8000,1.5344671737693716e-06,0.98
basic_dqn,892,0.39539,1,10.0,True,8000,1.857974098129489e-06,0.98
basic_dqn,893,0.39471,7,4.0,True,8000,2.032122665696079e-06,0.98
basic_dqn,894,0.39404,8,3.0,True,8000,1.6114852314785821e-06,0.98
basic_dqn,895,0.39336,7,4.0,True,8000,1.4030545116838766e-06,0.98
basic_dqn,896,0.39268,7,4.0,True,8000,1.212135202877107e-06,0.98
basic_dqn,897,0.392,9,2.0,True,8000,1.5284142591553973e-06,0.98
basic_dqn,898,0.39132,4,7.0,True,8000,1.822627496039786e-06,0.98
basic_dqn,899,0.39064,12,-1.0,True,8000,3.3130511383205885e-06,0.98
basic_dqn,900,0.38996,15,-4.0,True,8000,3.7292727483873023e-06,0.98
basic_dqn,901,0.38929,1,10.0,True,8000,5.006414085073629e-06,0.98
basic_dqn,902,0.38861,3,8.0,True,8000,8.267205885204021e-06,0.98
basic_dqn,903,0.38793,4,7.0,True,8000,1.1727048331522383e-05,0.98
basic_dqn,904,0.38725,2,9.0,True,8000,9.362696800963022e-06,0.98
basic_dqn,905,0.38657,6,5.0,True,8000,6.334572390187532e-06,0.98
basic_dqn,906,0.38589,9,2.0,True,8000,1.1621159501373768e-05,0.98
basic_dqn,907,0.38521,8,3.0,True,8000,2.2590991193283116e-06,0.98
basic_dqn,908,0.38454,1,10.0,True,8000,4.713798261946067e-06,0.98
basic_dqn,909,0.38386,4,7.0,True,8000,9.518988008494489e-06,0.98
basic_dqn,910,0.38318,1,-10.0,False,8000,6.858837878098711e-06,0.97
basic_dqn,911,0.3825,8,3.0,True,8000,3.1832087188377045e-06,0.97
basic_dqn,912,0.38182,20,-9.0,True,8000,2.489237431291258e-06,0.97
basic_dqn,913,0.38114,1,10.0,True,8000,2.6339066607761197e-06,0.97
basic_dqn,914,0.38046,3,8.0,True,8000,2.7381486233934993e-06,0.97
basic_dqn,915,0.37979,4,7.0,True,8000,5.518677426152863e-06,0.97
basic_dqn,916,0.37911,5,6.0,True,8000,4.380480277177412e-06,0.97
basic_dqn,917,0.37843,4,7.0,True,8000,1.890210114652291e-06,0.97
basic_dqn,918,0.37775,8,3.0,True,8000,6.586152721865801e-06,0.97
basic_dqn,919,0.37707,10,1.0,True,8000,1.680441300777602e-06,0.97
basic_dqn,920,0.37639,8,3.0,True,8000,9.82775236479938e-06,0.97
basic_dqn,921,0.37571,8,3.0,True,8000,3.6094993447477464e-06,0.97
basic_dqn,922,0.37504,7,4.0,True,8000,6.072250471333973e-06,0.97
basic_dqn,923,0.37436,7,4.0,True,8000,7.134865882107988e-06,0.97
basic_dqn,924,0.37368,15,-4.0,True,8000,9.91405249806121e-06,0.97
basic_dqn,925,0.373,2,9.0,True,8000,6.579579803656088e-06,0.97
basic_dqn,926,0.37232,7,4.0,True,8000,1.2941658269483014e-06,0.97
basic_dqn,927,0.37164,15,-4.0,True,8000,5.031375167163787e-06,0.97
basic_dqn,928,0.37096,1,10.0,True,8000,3.8437060538853984e-06,0.97
basic_dqn,929,0.37029,5,6.0,True,8000,4.1175976548402105e-06,0.97
basic_dqn,930,0.36961,3,8.0,True,8000,2.082871787933982e-06,0.97
basic_dqn,931,0.36893,15,-4.0,True,8000,1.1273355084995274e-06,0.97
basic_dqn,932,0.36825,1,10.0,True,8000,2.0416446204762906e-06,0.97
basic_dqn,933,0.36757,10,1.0,True,8000,3.948742232751101e-06,0.97
basic_dqn,934,0.36689,21,-10.0,True,8000,5.0931571422552224e-06,0.97
basic_dqn,935,0.36621,10,1.0,True,8000,2.15884720091708e-05,0.97
basic_dqn,936,0.36554,14,-3.0,True,8000,3.432460653129965e-05,0.97
basic_dqn,937,0.36486,11,0.0,True,8000,4.497119880397804e-05,0.97
basic_dqn,938,0.36418,10,1.0,True,8000,2.457475602568593e-05,0.97
basic_dqn,939,0.3635,3,8.0,True,8000,6.152537389425561e-05,0.97
basic_dqn,940,0.36282,3,-12.0,False,8000,9.998391033150256e-05,0.97
basic_dqn,941,0.36214,9,2.0,True,8000,5.277505624690093e-05,0.97
basic_dqn,942,0.36146,15,-4.0,True,8000,8.045150025282055e-05,0.97
basic_dqn,943,0.36079,7,4.0,True,8000,0.00020073216001037508,0.97
basic_dqn,944,0.36011,11,0.0,True,8000,0.00025674476637504995,0.97
basic_dqn,945,0.35943,3,8.0,True,8000,0.0003489211085252464,0.97
basic_dqn,946,0.35875,6,5.0,True,8000,0.00025549717247486115,0.97
basic_dqn,947,0.35807,7,4.0,True,8000,0.00038316991413012147,0.97
basic_dqn,948,0.35739,2,9.0,True,8000,0.0004303455352783203,0.97
basic_dqn,949,0.35671,4,7.0,True,8000,0.00029087107395753264,0.97
basic_dqn,950,0.35604,5,6.0,True,8000,0.00011772748257499188,0.97
basic_dqn,951,0.35536,8,3.0,True,8000,0.0002514576481189579,0.97
basic_dqn,952,0.35468,4,7.0,True,8000,0.0001298385759582743,0.97
basic_dqn,953,0.354,2,9.0,True,8000,0.00015402896679006517,0.97
basic_dqn,954,0.35332,6,5.0,True,8000,0.0004940992803312838,0.97
basic_dqn,955,0.35264,6,5.0,True,8000,0.0004243429284542799,0.97
basic_dqn,956,0.35196,7,4.0,True,8000,0.0008369092247448862,0.97
basic_dqn,957,0.35129,3,8.0,True,8000,0.0015584302600473166,0.97
basic_dqn,958,0.35061,16,-5.0,True,8000,0.002140599302947521,0.97
basic_dqn,959,0.34993,3,8.0,True,8000,0.002494566375389695,0.97
basic_dqn,960,0.34925,14,-3.0,True,8000,0.005999588407576084,0.97
basic_dqn,961,0.34857,3,8.0,True,8000,0.003081976668909192,0.97
basic_dqn,962,0.34789,1,10.0,True,8000,0.0026577357202768326,0.97
basic_dqn,963,0.34721,5,6.0,True,8000,0.003488929243758321,0.97
basic_dqn,964,0.34654,8,3.0,True,8000,0.00394532922655344,0.97
basic_dqn,965,0.34586,15,-4.0,True,8000,0.009493065066635609,0.97
basic_dqn,966,0.34518,8,3.0,True,8000,0.024968907237052917,0.97
basic_dqn,967,0.3445,9,2.0,True,8000,0.006598909851163626,0.97
basic_dqn,968,0.34382,4,7.0,True,8000,0.019836198538541794,0.97
basic_dqn,969,0.34314,6,5.0,True,8000,0.016761112958192825,0.97
basic_dqn,970,0.34246,10,1.0,True,8000,0.028761716559529305,0.97
basic_dqn,971,0.34179,6,5.0,True,8000,0.017254963517189026,0.97
basic_dqn,972,0.34111,12,-1.0,True,8000,0.04183584079146385,0.97
basic_dqn,973,0.34043,2,9.0,True,8000,0.018941719084978104,0.97
basic_dqn,974,0.33975,5,6.0,True,8000,0.016077741980552673,0.97
basic_dqn,975,0.33907,15,-4.0,True,8000,0.05562930554151535,0.97
basic_dqn,976,0.33839,11,0.0,True,8000,0.028140008449554443,0.97
basic_dqn,977,0.33771,3,8.0,True,8000,0.04972463846206665,0.97
basic_dqn,978,0.33704,15,-4.0,True,8000,0.089213527739048,0.97
basic_dqn,979,0.33636,10,1.0,True,8000,0.04741782322525978,0.97
basic_dqn,980,0.33568,11,0.0,True,8000,0.13834145665168762,0.97
basic_dqn,981,0.335,2,9.0,True,8000,0.07491161674261093,0.97
basic_dqn,982,0.33432,6,5.0,True,8000,0.06727587431669235,0.97
basic_dqn,983,0.33364,13,-2.0,True,8000,0.21419665217399597,0.97
basic_dqn,984,0.33296,5,6.0,True,8000,0.20550531148910522,0.97
basic_dqn,985,0.33229,1,10.0,True,8000,0.35269078612327576,0.98
basic_dqn,986,0.33161,5,6.0,True,8000,0.5694888234138489,0.98
basic_dqn,987,0.33093,3,8.0,True,8000,0.3448893427848816,0.98
basic_dqn,988,0.33025,8,3.0,True,8000,0.1510067880153656,0.98
basic_dqn,989,0.32957,13,-2.0,True,8000,0.8072163462638855,0.98
basic_dqn,990,0.32889,3,8.0,True,8000,0.3385795056819916,0.98
basic_dqn,991,0.32821,8,3.0,True,8000,0.36282646656036377,0.98
basic_dqn,992,0.32754,7,4.0,True,8000,0.4176701307296753,0.98
basic_dqn,993,0.32686,1,10.0,True,8000,0.4963960647583008,0.98
basic_dqn,994,0.32618,8,3.0,True,8000,0.10026219487190247,0.98
basic_dqn,995,0.3255,10,1.0,True,8000,0.5446787476539612,0.98
basic_dqn,996,0.32482,7,4.0,True,8000,0.3536003530025482,0.98
basic_dqn,997,0.32414,6,5.0,True,8000,0.1421211212873459,0.98
basic_dqn,998,0.32346,15,-4.0,True,8000,0.5855292677879333,0.98
basic_dqn,999,0.32279,18,-7.0,True,8000,0.32565203309059143,0.98
basic_dqn,1000,0.32211,4,7.0,True,8000,0.6082431077957153,0.98
basic_dqn,1001,0.32143,1,10.0,True,8000,0.41581302881240845,0.98
basic_dqn,1002,0.32075,3,-12.0,False,8000,0.5712610483169556,0.97
basic_dqn,1003,0.32007,10,1.0,True,8000,0.27903100848197937,0.97
basic_dqn,1004,0.31939,6,5.0,True,8000,0.16546227037906647,0.97
basic_dqn,1005,0.31871,9,2.0,True,8000,0.37069499492645264,0.97
basic_dqn,1006,0.31804,7,4.0,True,8000,0.30729568004608154,0.97
basic_dqn,1007,0.31736,5,6.0,True,8000,0.1598997861146927,0.97
basic_dqn,1008,0.31668,10,1.0,True,8000,0.15747308731079102,0.97
basic_dqn,1009,0.316,4,7.0,True,8000,0.3139859139919281,0.97
basic_dqn,1010,0.31532,6,5.0,True,8000,0.40503990650177,0.98
basic_dqn,1011,0.31464,8,3.0,True,8000,0.34562599658966064,0.98
basic_dqn,1012,0.31396,6,5.0,True,8000,0.14008168876171112,0.98
basic_dqn,1013,0.31329,6,5.0,True,8000,0.2085607498884201,0.98
basic_dqn,1014,0.31261,16,-5.0,True,8000,0.21834516525268555,0.98
basic_dqn,1015,0.31193,3,8.0,True,8000,0.11447073519229889,0.98
basic_dqn,1016,0.31125,6,5.0,True,8000,0.15163151919841766,0.98
basic_dqn,1017,0.31057,11,0.0,True,8000,0.3619619905948639,0.98
basic_dqn,1018,0.30989,7,4.0,True,8000,0.3249572217464447,0.98
basic_dqn,1019,0.30921,1,10.0,True,8000,0.37357357144355774,0.98
basic_dqn,1020,0.30854,6,5.0,True,8000,0.21647080779075623,0.98
basic_dqn,1021,0.30786,9,2.0,True,8000,0.16403011977672577,0.98
basic_dqn,1022,0.30718,10,1.0,True,8000,0.3329951763153076,0.98
basic_dqn,1023,0.3065,7,4.0,True,8000,0.3456710875034332,0.98
basic_dqn,1024,0.30582,2,9.0,True,8000,0.182857483625412,0.98
basic_dqn,1025,0.30514,16,-5.0,True,8000,0.14781172573566437,0.98
basic_dqn,1026,0.30446,1,10.0,True,8000,0.20163723826408386,0.98
basic_dqn,1027,0.30379,3,8.0,True,8000,0.17666783928871155,0.98
basic_dqn,1028,0.30311,5,6.0,True,8000,0.26357463002204895,0.98
basic_dqn,1029,0.30243,8,3.0,True,8000,0.11062560975551605,0.98
basic_dqn,1030,0.30175,7,4.0,True,8000,0.039859749376773834,0.98
basic_dqn,1031,0.30107,3,8.0,True,8000,0.05314527451992035,0.98
basic_dqn,1032,0.30039,3,8.0,True,8000,0.08196846395730972,0.98
basic_dqn,1033,0.29971,4,7.0,True,8000,0.10611259192228317,0.98
basic_dqn,1034,0.29904,6,5.0,True,8000,0.13546985387802124,0.98
basic_dqn,1035,0.29836,9,2.0,True,8000,0.07784625142812729,0.98
basic_dqn,1036,0.29768,6,5.0,True,8000,0.03474806994199753,0.98
basic_dqn,1037,0.297,4,7.0,True,8000,0.04317858815193176,0.98
basic_dqn,1038,0.29632,7,4.0,True,8000,0.11991225928068161,0.98
basic_dqn,1039,0.29564,9,2.0,True,8000,0.1949751079082489,0.98
basic_dqn,1040,0.29496,8,3.0,True,8000,0.1123007982969284,0.99
basic_dqn,1041,0.29429,4,7.0,True,8000,0.06758387386798859,0.99
basic_dqn,1042,0.29361,7,4.0,True,8000,0.09939588606357574,0.99
basic_dqn,1043,0.29293,4,7.0,True,8000,0.16331879794597626,0.99
basic_dqn,1044,0.29225,8,3.0,True,8000,0.20325317978858948,0.99
basic_dqn,1045,0.29157,1,10.0,True,8000,0.225992813706398,0.99
basic_dqn,1046,0.29089,3,8.0,True,8000,0.14256387948989868,0.99
basic_dqn,1047,0.29021,7,4.0,True,8000,0.07028955966234207,0.99
basic_dqn,1048,0.28954,8,3.0,True,8000,0.07893317937850952,0.99
basic_dqn,1049,0.28886,2,9.0,True,8000,0.08709181845188141,0.99
basic_dqn,1050,0.28818,3,-12.0,False,8000,0.1380632221698761,0.98
basic_dqn,1051,0.2875,8,3.0,True,8000,0.17753097414970398,0.98
basic_dqn,1052,0.28682,14,-3.0,True,8000,0.03947673365473747,0.98
basic_dqn,1053,0.28614,5,6.0,True,8000,0.034846723079681396,0.98
basic_dqn,1054,0.28546,3,8.0,True,8000,0.07058685272932053,0.98
basic_dqn,1055,0.28479,1,10.0,True,8000,0.06956730037927628,0.98
basic_dqn,1056,0.28411,5,6.0,True,8000,0.06858957558870316,0.98
basic_dqn,1057,0.28343,8,3.0,True,8000,0.05638079717755318,0.98
basic_dqn,1058,0.28275,8,3.0,True,8000,0.05663676559925079,0.98
basic_dqn,1059,0.28207,12,-1.0,True,8000,0.05598964914679527,0.98
basic_dqn,1060,0.28139,5,6.0,True,8000,0.11236274242401123,0.98
basic_dqn,1061,0.28071,2,9.0,True,8000,0.09319233149290085,0.98
basic_dqn,1062,0.28004,5,6.0,True,8000,0.17590194940567017,0.98
basic_dqn,1063,0.27936,6,5.0,True,8000,0.07917112857103348,0.98
basic_dqn,1064,0.27868,3,8.0,True,8000,0.07221076637506485,0.98
basic_dqn,1065,0.278,9,2.0,True,8000,0.05283176898956299,0.98
basic_dqn,1066,0.27732,9,2.0,True,8000,0.11247024685144424,0.98
basic_dqn,1067,0.27664,14,-3.0,True,8000,0.04100753366947174,0.98
basic_dqn,1068,0.27596,7,4.0,True,8000,0.022834930568933487,0.98
basic_dqn,1069,0.27529,6,5.0,True,8000,0.04734162241220474,0.98
basic_dqn,1070,0.27461,7,4.0,True,8000,0.08425641804933548,0.98
basic_dqn,1071,0.27393,1,10.0,True,8000,0.07163353264331818,0.98
basic_dqn,1072,0.27325,7,4.0,True,8000,0.04561812803149223,0.98
basic_dqn,1073,0.27257,7,4.0,True,8000,0.011094285175204277,0.98
basic_dqn,1074,0.27189,10,1.0,True,8000,0.029679857194423676,0.98
basic_dqn,1075,0.27121,2,9.0,True,8000,0.02935098670423031,0.98
basic_dqn,1076,0.27054,8,3.0,True,8000,0.036909449845552444,0.98
basic_dqn,1077,0.26986,4,7.0,True,8000,0.03548699617385864,0.98
basic_dqn,1078,0.26918,9,2.0,True,8000,0.011857382953166962,0.98
basic_dqn,1079,0.2685,7,4.0,True,8000,0.021802065894007683,0.98
basic_dqn,1080,0.26782,12,-1.0,True,8000,0.025183357298374176,0.98
basic_dqn,1081,0.26714,6,5.0,True,8000,0.012403619475662708,0.98
basic_dqn,1082,0.26646,18,-7.0,True,8000,0.01075794268399477,0.98
basic_dqn,1083,0.26579,12,-1.0,True,8000,0.008867407217621803,0.98
basic_dqn,1084,0.26511,2,9.0,True,8000,0.009013304486870766,0.98
basic_dqn,1085,0.26443,5,6.0,True,8000,0.0036353985778987408,0.98
basic_dqn,1086,0.26375,3,8.0,True,8000,0.003626925637945533,0.98
basic_dqn,1087,0.26307,5,6.0,True,8000,0.0054411212913692,0.98
basic_dqn,1088,0.26239,7,4.0,True,8000,0.008409714326262474,0.98
basic_dqn,1089,0.26171,1,10.0,True,8000,0.010531715117394924,0.98
basic_dqn,1090,0.26104,7,4.0,True,8000,0.008399313315749168,0.98
basic_dqn,1091,0.26036,12,-1.0,True,8000,0.002209943253546953,0.98
basic_dqn,1092,0.25968,7,4.0,True,8000,0.005535269156098366,0.98
basic_dqn,1093,0.259,7,4.0,True,8000,0.00901158805936575,0.98
basic_dqn,1094,0.25832,5,6.0,True,8000,0.005436467006802559,0.98
basic_dqn,1095,0.25764,7,4.0,True,8000,0.003426741110160947,0.98
basic_dqn,1096,0.25696,7,4.0,True,8000,0.0030916384421288967,0.98
basic_dqn,1097,0.25629,5,6.0,True,8000,0.00547961238771677,0.98
basic_dqn,1098,0.25561,7,4.0,True,8000,0.005597291048616171,0.98
basic_dqn,1099,0.25493,3,8.0,True,8000,0.00483244564384222,0.98
basic_dqn,1100,0.25425,7,4.0,True,8000,0.00321049802005291,0.98
basic_dqn,1101,0.25357,1,10.0,True,8000,0.002436004811897874,0.98
basic_dqn,1102,0.25289,9,2.0,True,8000,0.0023028552532196045,0.99
basic_dqn,1103,0.25221,3,8.0,True,8000,0.0031615798361599445,0.99
basic_dqn,1104,0.25154,1,10.0,True,8000,0.0035592506173998117,0.99
basic_dqn,1105,0.25086,9,2.0,True,8000,0.0044103339314460754,0.99
basic_dqn,1106,0.25018,9,2.0,True,8000,0.0013534965692088008,0.99
basic_dqn,1107,0.2495,10,1.0,True,8000,0.0025064374785870314,0.99
basic_dqn,1108,0.24882,7,4.0,True,8000,0.004066871479153633,0.99
basic_dqn,1109,0.24814,7,4.0,True,8000,0.004070467781275511,0.99
basic_dqn,1110,0.24746,8,3.0,True,8000,0.002017359249293804,0.99
basic_dqn,1111,0.24679,1,10.0,True,8000,0.0012880830327048898,0.99
basic_dqn,1112,0.24611,4,7.0,True,8000,0.001578218536451459,0.99
basic_dqn,1113,0.24543,12,-1.0,True,8000,0.004285789560526609,0.99
basic_dqn,1114,0.24475,6,5.0,True,8000,0.0029386766254901886,0.99
basic_dqn,1115,0.24407,2,9.0,True,8000,0.0027015728410333395,0.99
basic_dqn,1116,0.24339,5,6.0,True,8000,0.0014784985687583685,0.99
basic_dqn,1117,0.24271,10,1.0,True,8000,0.003613114356994629,0.99
basic_dqn,1118,0.24204,9,2.0,True,8000,0.0035016920883208513,0.99
basic_dqn,1119,0.24136,8,3.0,True,8000,0.00118654512334615,0.99
basic_dqn,1120,0.24068,1,10.0,True,8000,0.0010254328371956944,0.99
basic_dqn,1121,0.24,9,2.0,True,8000,0.004275034181773663,0.99
basic_dqn,1122,0.23932,3,8.0,True,8000,0.006193660665303469,0.99
basic_dqn,1123,0.23864,9,2.0,True,8000,0.003942099865525961,0.99
basic_dqn,1124,0.23796,6,5.0,True,8000,0.001893648412078619,0.99
basic_dqn,1125,0.23729,10,1.0,True,8000,0.005246380809694529,0.99
basic_dqn,1126,0.23661,7,4.0,True,8000,0.009864438325166702,0.99
basic_dqn,1127,0.23593,3,8.0,True,8000,0.009159617125988007,0.99
basic_dqn,1128,0.23525,4,7.0,True,8000,0.006782984361052513,0.99
basic_dqn,1129,0.23457,10,1.0,True,8000,0.004686980042606592,0.99
basic_dqn,1130,0.23389,9,2.0,True,8000,0.014004431664943695,0.99
basic_dqn,1131,0.23321,6,5.0,True,8000,0.007856287062168121,0.99
basic_dqn,1132,0.23254,6,5.0,True,8000,0.005317395552992821,0.99
basic_dqn,1133,0.23186,9,2.0,True,8000,0.007854080758988857,0.99
basic_dqn,1134,0.23118,4,7.0,True,8000,0.008043638430535793,0.99
basic_dqn,1135,0.2305,1,10.0,True,8000,0.008673066273331642,0.99
basic_dqn,1136,0.22982,13,-2.0,True,8000,0.003951837308704853,0.99
basic_dqn,1137,0.22914,6,5.0,True,8000,0.002422621939331293,0.99
basic_dqn,1138,0.22846,5,6.0,True,8000,0.004952399525791407,0.99
basic_dqn,1139,0.22779,3,8.0,True,8000,0.005392790772020817,0.99
basic_dqn,1140,0.22711,7,4.0,True,8000,0.0035676220431923866,0.99
basic_dqn,1141,0.22643,6,5.0,True,8000,0.002411325927823782,0.99
basic_dqn,1142,0.22575,8,3.0,True,8000,0.0018411454511806369,0.99
basic_dqn,1143,0.22507,6,5.0,True,8000,0.0035219043493270874,0.99
basic_dqn,1144,0.22439,3,8.0,True,8000,0.004652739502489567,0.99
basic_dqn,1145,0.22371,6,5.0,True,8000,0.004119899123907089,0.99
basic_dqn,1146,0.22304,10,1.0,True,8000,0.0009256823686882854,0.99
basic_dqn,1147,0.22236,9,2.0,True,8000,0.0027199299074709415,0.99
basic_dqn,1148,0.22168,8,3.0,True,8000,0.0019347458146512508,0.99
basic_dqn,1149,0.221,2,9.0,True,8000,0.0017065504798665643,0.99
basic_dqn,1150,0.22032,5,6.0,True,8000,0.0008213215041905642,1.0
basic_dqn,1151,0.21964,1,10.0,True,8000,0.0007627567392773926,1.0
basic_dqn,1152,0.21896,4,7.0,True,8000,0.0010523945093154907,1.0
basic_dqn,1153,0.21829,7,4.0,True,8000,0.0021850995253771544,1.0
basic_dqn,1154,0.21761,4,7.0,True,8000,0.0024140242021530867,1.0
basic_dqn,1155,0.21693,9,2.0,True,8000,0.0016732275253161788,1.0
basic_dqn,1156,0.21625,6,5.0,True,8000,0.0008692474802955985,1.0
basic_dqn,1157,0.21557,4,7.0,True,8000,0.0019142827950417995,1.0
basic_dqn,1158,0.21489,6,5.0,True,8000,0.0028170826844871044,1.0
basic_dqn,1159,0.21421,6,5.0,True,8000,0.0020898678340017796,1.0
basic_dqn,1160,0.21354,8,3.0,True,8000,0.0009348534513264894,1.0
basic_dqn,1161,0.21286,10,1.0,True,8000,0.0016054809093475342,1.0
basic_dqn,1162,0.21218,5,6.0,True,8000,0.0027658366598188877,1.0
basic_dqn,1163,0.2115,6,5.0,True,8000,0.0012787997256964445,1.0
basic_dqn,1164,0.21082,3,8.0,True,8000,0.0010180185781791806,1.0
basic_dqn,1165,0.21014,4,7.0,True,8000,0.00039640761679038405,1.0
basic_dqn,1166,0.20946,6,5.0,True,8000,0.0009164587827399373,1.0
basic_dqn,1167,0.20879,7,4.0,True,8000,0.0012830334017053246,1.0
basic_dqn,1168,0.20811,21,-10.0,True,8000,0.0014064899878576398,1.0
basic_dqn,1169,0.20743,5,6.0,True,8000,0.0022776531986892223,1.0
basic_dqn,1170,0.20675,6,5.0,True,8000,0.002056571189314127,1.0
basic_dqn,1171,0.20607,3,8.0,True,8000,0.0016862249467521906,1.0
basic_dqn,1172,0.20539,3,8.0,True,8000,0.0012305835261940956,1.0
basic_dqn,1173,0.20471,1,10.0,True,8000,0.0009471024386584759,1.0
basic_dqn,1174,0.20404,1,10.0,True,8000,0.0011011050082743168,1.0
basic_dqn,1175,0.20336,5,6.0,True,8000,0.0022814220283180475,1.0
basic_dqn,1176,0.20268,5,6.0,True,8000,0.004451972898095846,1.0
basic_dqn,1177,0.202,3,8.0,True,8000,0.0030240982305258512,1.0
basic_dqn,1178,0.20132,6,5.0,True,8000,0.0028718833345919847,1.0
basic_dqn,1179,0.20064,8,3.0,True,8000,0.001687477109953761,1.0
basic_dqn,1180,0.19996,9,2.0,True,8000,0.0065800766460597515,1.0
basic_dqn,1181,0.19929,5,6.0,True,8000,0.0069058556109666824,1.0
basic_dqn,1182,0.19861,6,5.0,True,8000,0.0022744887974113226,1.0
basic_dqn,1183,0.19793,6,5.0,True,8000,0.002488966565579176,1.0
basic_dqn,1184,0.19725,2,9.0,True,8000,0.0037391227670013905,1.0
basic_dqn,1185,0.19657,3,8.0,True,8000,0.003920664079487324,1.0
basic_dqn,1186,0.19589,6,5.0,True,8000,0.0042227404192090034,1.0
basic_dqn,1187,0.19521,3,8.0,True,8000,0.005037214141339064,1.0
basic_dqn,1188,0.19454,9,2.0,True,8000,0.001170651987195015,1.0
basic_dqn,1189,0.19386,7,4.0,True,8000,0.003911411855369806,1.0
basic_dqn,1190,0.19318,7,4.0,True,8000,0.006442621815949678,1.0
basic_dqn,1191,0.1925,11,0.0,True,8000,0.0013719164999201894,1.0
basic_dqn,1192,0.19182,6,5.0,True,8000,0.0024658055044710636,1.0
basic_dqn,1193,0.19114,9,2.0,True,8000,0.004729530308395624,1.0
basic_dqn,1194,0.19046,5,6.0,True,8000,0.0027908848132938147,1.0
basic_dqn,1195,0.18979,4,7.0,True,8000,0.0024679633788764477,1.0
basic_dqn,1196,0.18911,1,10.0,True,8000,0.0018583312630653381,1.0
basic_dqn,1197,0.18843,1,10.0,True,8000,0.0017629893263801932,1.0
basic_dqn,1198,0.18775,3,8.0,True,8000,0.0025469306856393814,1.0
basic_dqn,1199,0.18707,3,8.0,True,8000,0.003991632256656885,1.0
basic_dqn,1200,0.18639,6,5.0,True,8000,0.008295592851936817,1.0
basic_dqn,1201,0.18571,9,2.0,True,8000,0.004145599901676178,1.0
basic_dqn,1202,0.18504,7,4.0,True,8000,0.0037002400495111942,1.0
basic_dqn,1203,0.18436,5,6.0,True,8000,0.00858678575605154,1.0
basic_dqn,1204,0.18368,7,4.0,True,8000,0.01316544134169817,1.0
basic_dqn,1205,0.183,3,8.0,True,8000,0.010770546272397041,1.0
basic_dqn,1206,0.18232,9,2.0,True,8000,0.004709113389253616,1.0
basic_dqn,1207,0.18164,7,4.0,True,8000,0.01563824899494648,1.0
basic_dqn,1208,0.18096,1,10.0,True,8000,0.018497737124562263,1.0
basic_dqn,1209,0.18029,7,4.0,True,8000,0.019111037254333496,1.0
basic_dqn,1210,0.17961,1,10.0,True,8000,0.013089834712445736,1.0
basic_dqn,1211,0.17893,1,10.0,True,8000,0.01086664479225874,1.0
basic_dqn,1212,0.17825,1,10.0,True,8000,0.009246556088328362,1.0
basic_dqn,1213,0.17757,6,5.0,True,8000,0.0038860233034938574,1.0
basic_dqn,1214,0.17689,6,5.0,True,8000,0.011473609134554863,1.0
basic_dqn,1215,0.17621,7,4.0,True,8000,0.02109082043170929,1.0
basic_dqn,1216,0.17554,1,10.0,True,8000,0.019939035177230835,1.0
basic_dqn,1217,0.17486,8,3.0,True,8000,0.006204776931554079,1.0
basic_dqn,1218,0.17418,1,10.0,True,8000,0.005325935781002045,1.0
basic_dqn,1219,0.1735,8,3.0,True,8000,0.019910937175154686,1.0
basic_dqn,1220,0.17282,7,4.0,True,8000,0.017764825373888016,1.0
basic_dqn,1221,0.17214,4,7.0,True,8000,0.010839942842721939,1.0
basic_dqn,1222,0.17146,5,6.0,True,8000,0.0035864999517798424,1.0
basic_dqn,1223,0.17079,4,7.0,True,8000,0.0035524428822100163,1.0
basic_dqn,1224,0.17011,6,5.0,True,8000,0.009242342785000801,1.0
basic_dqn,1225,0.16943,8,3.0,True,8000,0.008038192987442017,1.0
basic_dqn,1226,0.16875,1,10.0,True,8000,0.007762603461742401,1.0
basic_dqn,1227,0.16807,2,9.0,True,8000,0.005897737108170986,1.0
basic_dqn,1228,0.16739,8,3.0,True,8000,0.002207663608714938,1.0
basic_dqn,1229,0.16671,2,9.0,True,8000,0.0026909224689006805,1.0
basic_dqn,1230,0.16604,7,4.0,True,8000,0.008800812065601349,1.0
basic_dqn,1231,0.16536,7,4.0,True,8000,0.009291883558034897,1.0
basic_dqn,1232,0.16468,3,8.0,True,8000,0.006317320745438337,1.0
basic_dqn,1233,0.164,7,4.0,True,8000,0.003932038322091103,1.0
basic_dqn,1234,0.16332,4,7.0,True,8000,0.009269327856600285,1.0
basic_dqn,1235,0.16264,2,9.0,True,8000,0.01694692298769951,1.0
basic_dqn,1236,0.16196,8,3.0,True,8000,0.014122738502919674,1.0
basic_dqn,1237,0.16129,2,9.0,True,8000,0.012023981660604477,1.0
basic_dqn,1238,0.16061,3,8.0,True,8000,0.01591198891401291,1.0
basic_dqn,1239,0.15993,8,3.0,True,8000,0.013737114146351814,1.0
basic_dqn,1240,0.15925,1,10.0,True,8000,0.018099546432495117,1.0
basic_dqn,1241,0.15857,4,7.0,True,8000,0.0302678644657135,1.0
basic_dqn,1242,0.15789,8,3.0,True,8000,0.022228015586733818,1.0
basic_dqn,1243,0.15721,8,3.0,True,8000,0.014056592248380184,1.0
basic_dqn,1244,0.15654,6,5.0,True,8000,0.047120630741119385,1.0
basic_dqn,1245,0.15586,5,6.0,True,8000,0.03818504512310028,1.0
basic_dqn,1246,0.15518,2,9.0,True,8000,0.036639969795942307,1.0
basic_dqn,1247,0.1545,5,6.0,True,8000,0.03895820677280426,1.0
basic_dqn,1248,0.15382,8,3.0,True,8000,0.03349385783076286,1.0
basic_dqn,1249,0.15314,8,3.0,True,8000,0.14174430072307587,1.0
basic_dqn,1250,0.15246,5,6.0,True,8000,0.077069491147995,1.0
basic_dqn,1251,0.15179,6,5.0,True,8000,0.021665051579475403,1.0
basic_dqn,1252,0.15111,9,2.0,True,8000,0.08145095407962799,1.0
basic_dqn,1253,0.15043,5,6.0,True,8000,0.08530886471271515,1.0
basic_dqn,1254,0.14975,5,6.0,True,8000,0.04597523435950279,1.0
basic_dqn,1255,0.14907,6,5.0,True,8000,0.02987750805914402,1.0
basic_dqn,1256,0.14839,5,6.0,True,8000,0.047037892043590546,1.0
basic_dqn,1257,0.14771,4,7.0,True,8000,0.0803343802690506,1.0
basic_dqn,1258,0.14704,4,7.0,True,8000,0.13885849714279175,1.0
basic_dqn,1259,0.14636,7,4.0,True,8000,0.10340797156095505,1.0
basic_dqn,1260,0.14568,3,8.0,True,8000,0.03623371571302414,1.0
basic_dqn,1261,0.145,5,6.0,True,8000,0.06376895308494568,1.0
basic_dqn,1262,0.14432,8,3.0,True,8000,0.12904974818229675,1.0
basic_dqn,1263,0.14364,8,3.0,True,8000,0.06016068905591965,1.0
basic_dqn,1264,0.14296,10,1.0,True,8000,0.05840326100587845,1.0
basic_dqn,1265,0.14229,8,3.0,True,8000,0.16903156042099,1.0
basic_dqn,1266,0.14161,3,8.0,True,8000,0.155014768242836,1.0
basic_dqn,1267,0.14093,6,5.0,True,8000,0.04849843680858612,1.0
basic_dqn,1268,0.14025,4,7.0,True,8000,0.06737618893384933,1.0
basic_dqn,1269,0.13957,5,6.0,True,8000,0.14705424010753632,1.0
basic_dqn,1270,0.13889,4,7.0,True,8000,0.13347601890563965,1.0
basic_dqn,1271,0.13821,8,3.0,True,8000,0.0656939446926117,1.0
basic_dqn,1272,0.13754,6,5.0,True,8000,0.04066960886120796,1.0
basic_dqn,1273,0.13686,7,4.0,True,8000,0.10836838185787201,1.0
basic_dqn,1274,0.13618,6,5.0,True,8000,0.16701936721801758,1.0
basic_dqn,1275,0.1355,16,-5.0,True,8000,0.08227839320898056,1.0
basic_dqn,1276,0.13482,7,4.0,True,8000,0.14412057399749756,1.0
basic_dqn,1277,0.13414,4,7.0,True,8000,0.10938680171966553,1.0
basic_dqn,1278,0.13346,3,8.0,True,8000,0.07028104364871979,1.0
basic_dqn,1279,0.13279,6,5.0,True,8000,0.03984707593917847,1.0
basic_dqn,1280,0.13211,3,8.0,True,8000,0.040933672338724136,1.0
basic_dqn,1281,0.13143,2,9.0,True,8000,0.038564037531614304,1.0
basic_dqn,1282,0.13075,7,4.0,True,8000,0.09843645989894867,1.0
basic_dqn,1283,0.13007,7,4.0,True,8000,0.18018551170825958,1.0
basic_dqn,1284,0.12939,4,7.0,True,8000,0.09557054936885834,1.0
basic_dqn,1285,0.12871,3,8.0,True,8000,0.06302431970834732,1.0
basic_dqn,1286,0.12804,5,6.0,True,8000,0.028232213109731674,1.0
basic_dqn,1287,0.12736,7,4.0,True,8000,0.1250583678483963,1.0
basic_dqn,1288,0.12668,6,5.0,True,8000,0.09111886471509933,1.0
basic_dqn,1289,0.126,6,5.0,True,8000,0.04811349883675575,1.0
basic_dqn,1290,0.12532,4,7.0,True,8000,0.013584732078015804,1.0
basic_dqn,1291,0.12464,6,5.0,True,8000,0.026633070781826973,1.0
basic_dqn,1292,0.12396,10,1.0,True,8000,0.05907423049211502,1.0
basic_dqn,1293,0.12329,7,4.0,True,8000,0.020159617066383362,1.0
basic_dqn,1294,0.12261,5,6.0,True,8000,0.013992130756378174,1.0
basic_dqn,1295,0.12193,5,6.0,True,8000,0.023062003776431084,1.0
basic_dqn,1296,0.12125,3,8.0,True,8000,0.03228113055229187,1.0
basic_dqn,1297,0.12057,7,4.0,True,8000,0.04340748488903046,1.0
basic_dqn,1298,0.11989,7,4.0,True,8000,0.014885399490594864,1.0
basic_dqn,1299,0.11921,5,6.0,True,8000,0.01110465545207262,1.0
basic_dqn,1300,0.11854,5,6.0,True,8000,0.04187074676156044,1.0
basic_dqn,1301,0.11786,8,3.0,True,8000,0.061307959258556366,1.0
basic_dqn,1302,0.11718,2,9.0,True,8000,0.04798310250043869,1.0
basic_dqn,1303,0.1165,5,6.0,True,8000,0.01689242757856846,1.0
basic_dqn,1304,0.11582,1,10.0,True,8000,0.01401866041123867,1.0
basic_dqn,1305,0.11514,9,2.0,True,8000,0.04467526823282242,1.0
basic_dqn,1306,0.11446,8,3.0,True,8000,0.04382601007819176,1.0
basic_dqn,1307,0.11379,5,6.0,True,8000,0.01686020754277706,1.0
basic_dqn,1308,0.11311,5,6.0,True,8000,0.010212293826043606,1.0
basic_dqn,1309,0.11243,2,9.0,True,8000,0.01695876196026802,1.0
basic_dqn,1310,0.11175,4,7.0,True,8000,0.02217983826994896,1.0
basic_dqn,1311,0.11107,1,10.0,True,8000,0.02826591581106186,1.0
basic_dqn,1312,0.11039,6,5.0,True,8000,0.026898842304944992,1.0
basic_dqn,1313,0.10971,8,3.0,True,8000,0.03334375470876694,1.0
basic_dqn,1314,0.10904,5,6.0,True,8000,0.011459989473223686,1.0
basic_dqn,1315,0.10836,2,9.0,True,8000,0.02028975822031498,1.0
basic_dqn,1316,0.10768,3,8.0,True,8000,0.03547775745391846,1.0
basic_dqn,1317,0.107,11,0.0,True,8000,0.03245296701788902,1.0
basic_dqn,1318,0.10632,7,4.0,True,8000,0.01299275178462267,1.0
basic_dqn,1319,0.10564,4,7.0,True,8000,0.025532148778438568,1.0
basic_dqn,1320,0.10496,3,8.0,True,8000,0.040143903344869614,1.0
basic_dqn,1321,0.10429,6,5.0,True,8000,0.05304053798317909,1.0
basic_dqn,1322,0.10361,7,4.0,True,8000,0.03797255456447601,1.0
basic_dqn,1323,0.10293,3,8.0,True,8000,0.01989724487066269,1.0
basic_dqn,1324,0.10225,4,7.0,True,8000,0.014018415473401546,1.0
basic_dqn,1325,0.10157,3,8.0,True,8000,0.03390724956989288,1.0
basic_dqn,1326,0.10089,4,7.0,True,8000,0.08378861844539642,1.0
basic_dqn,1327,0.10021,7,4.0,True,8000,0.06098290905356407,1.0
basic_dqn,1328,0.09954,6,5.0,True,8000,0.03003952093422413,1.0
basic_dqn,1329,0.09886,2,9.0,True,8000,0.014332178980112076,1.0
basic_dqn,1330,0.09818,6,5.0,True,8000,0.04950282722711563,1.0
basic_dqn,1331,0.0975,6,5.0,True,8000,0.05196354165673256,1.0
basic_dqn,1332,0.09682,3,8.0,True,8000,0.05189741030335426,1.0
basic_dqn,1333,0.09614,7,4.0,True,8000,0.035293277353048325,1.0
basic_dqn,1334,0.09546,3,8.0,True,8000,0.014768853783607483,1.0
basic_dqn,1335,0.09479,7,4.0,True,8000,0.061670511960983276,1.0
basic_dqn,1336,0.09411,2,9.0,True,8000,0.05776947736740112,1.0
basic_dqn,1337,0.09343,6,5.0,True,8000,0.048885297030210495,1.0
basic_dqn,1338,0.09275,7,4.0,True,8000,0.014072478748857975,1.0
basic_dqn,1339,0.09207,6,5.0,True,8000,0.032299406826496124,1.0
basic_dqn,1340,0.09139,5,6.0,True,8000,0.05819889158010483,1.0
basic_dqn,1341,0.09071,5,6.0,True,8000,0.03645182400941849,1.0
basic_dqn,1342,0.09004,5,6.0,True,8000,0.027545979246497154,1.0
basic_dqn,1343,0.08936,5,6.0,True,8000,0.014412254095077515,1.0
basic_dqn,1344,0.08868,6,5.0,True,8000,0.02858170121908188,1.0
basic_dqn,1345,0.088,7,4.0,True,8000,0.0955413207411766,1.0
basic_dqn,1346,0.08732,7,4.0,True,8000,0.05117085576057434,1.0
basic_dqn,1347,0.08664,3,8.0,True,8000,0.035647694021463394,1.0
basic_dqn,1348,0.08596,7,4.0,True,8000,0.03469458594918251,1.0
basic_dqn,1349,0.08529,4,7.0,True,8000,0.06517067551612854,1.0
basic_dqn,1350,0.08461,5,6.0,True,8000,0.09379103034734726,1.0
basic_dqn,1351,0.08393,8,3.0,True,8000,0.05320955067873001,1.0
basic_dqn,1352,0.08325,1,10.0,True,8000,0.02960469201207161,1.0
basic_dqn,1353,0.08257,3,8.0,True,8000,0.018123481422662735,1.0
basic_dqn,1354,0.08189,5,6.0,True,8000,0.05122547596693039,1.0
basic_dqn,1355,0.08121,6,5.0,True,8000,0.07130390405654907,1.0
basic_dqn,1356,0.08054,3,8.0,True,8000,0.06800032407045364,1.0
basic_dqn,1357,0.07986,3,8.0,True,8000,0.03396552428603172,1.0
basic_dqn,1358,0.07918,5,6.0,True,8000,0.019458027556538582,1.0
basic_dqn,1359,0.0785,7,4.0,True,8000,0.03303243964910507,1.0
basic_dqn,1360,0.07782,6,5.0,True,8000,0.07287364453077316,1.0
basic_dqn,1361,0.07714,7,4.0,True,8000,0.05926556512713432,1.0
basic_dqn,1362,0.07646,6,5.0,True,8000,0.03514806181192398,1.0
basic_dqn,1363,0.07579,4,7.0,True,8000,0.027179431170225143,1.0
basic_dqn,1364,0.07511,4,7.0,True,8000,0.07922742515802383,1.0
basic_dqn,1365,0.07443,4,7.0,True,8000,0.10188481211662292,1.0
basic_dqn,1366,0.07375,3,8.0,True,8000,0.11603511869907379,1.0
basic_dqn,1367,0.07307,6,5.0,True,8000,0.05203067883849144,1.0
basic_dqn,1368,0.07239,1,10.0,True,8000,0.043701909482479095,1.0
basic_dqn,1369,0.07171,6,5.0,True,8000,0.036916784942150116,1.0
basic_dqn,1370,0.07104,5,6.0,True,8000,0.0699552595615387,1.0
basic_dqn,1371,0.07036,1,10.0,True,8000,0.08783310651779175,1.0
basic_dqn,1372,0.06968,6,5.0,True,8000,0.06850096583366394,1.0
basic_dqn,1373,0.069,6,5.0,True,8000,0.023737341165542603,1.0
basic_dqn,1374,0.06832,8,3.0,True,8000,0.017206750810146332,1.0
basic_dqn,1375,0.06764,5,6.0,True,8000,0.041951507329940796,1.0
basic_dqn,1376,0.06696,7,4.0,True,8000,0.052474819123744965,1.0
basic_dqn,1377,0.06629,4,7.0,True,8000,0.030012451112270355,1.0
basic_dqn,1378,0.06561,2,9.0,True,8000,0.026681939139962196,1.0
basic_dqn,1379,0.06493,5,6.0,True,8000,0.015068490989506245,1.0
basic_dqn,1380,0.06425,5,6.0,True,8000,0.055225178599357605,1.0
basic_dqn,1381,0.06357,6,5.0,True,8000,0.06440359354019165,1.0
basic_dqn,1382,0.06289,5,6.0,True,8000,0.027597995474934578,1.0
basic_dqn,1383,0.06221,7,4.0,True,8000,0.009851966053247452,1.0
basic_dqn,1384,0.06154,4,7.0,True,8000,0.02141033485531807,1.0
basic_dqn,1385,0.06086,4,7.0,True,8000,0.040960267186164856,1.0
basic_dqn,1386,0.06018,5,6.0,True,8000,0.038590461015701294,1.0
basic_dqn,1387,0.0595,6,5.0,True,8000,0.012453034520149231,1.0
basic_dqn,1388,0.05882,5,6.0,True,8000,0.00850177463144064,1.0
basic_dqn,1389,0.05814,1,10.0,True,8000,0.0064453305676579475,1.0
basic_dqn,1390,0.05746,7,4.0,True,8000,0.02394280582666397,1.0
basic_dqn,1391,0.05679,6,5.0,True,8000,0.03262562304735184,1.0
basic_dqn,1392,0.05611,5,6.0,True,8000,0.02740365080535412,1.0
basic_dqn,1393,0.05543,6,5.0,True,8000,0.0072293030098080635,1.0
basic_dqn,1394,0.05475,1,10.0,True,8000,0.009688349440693855,1.0
basic_dqn,1395,0.05407,6,5.0,True,8000,0.037893377244472504,1.0
basic_dqn,1396,0.05339,2,9.0,True,8000,0.04017762839794159,1.0
basic_dqn,1397,0.05271,3,8.0,True,8000,0.04397139698266983,1.0
basic_dqn,1398,0.05204,6,5.0,True,8000,0.028484594076871872,1.0
basic_dqn,1399,0.05136,5,6.0,True,8000,0.01443174947053194,1.0
basic_dqn,1400,0.05068,2,9.0,True,8000,0.018475336953997612,1.0
basic_dqn,1401,0.05,4,7.0,True,8000,0.05532266944646835,1.0
basic_dqn,1402,0.05,5,6.0,True,8000,0.08104534447193146,1.0
basic_dqn,1403,0.05,3,8.0,True,8000,0.06154356896877289,1.0
basic_dqn,1404,0.05,4,7.0,True,8000,0.025052322074770927,1.0
basic_dqn,1405,0.05,5,6.0,True,8000,0.012053185142576694,1.0
basic_dqn,1406,0.05,4,7.0,True,8000,0.027301402762532234,1.0
basic_dqn,1407,0.05,5,6.0,True,8000,0.043572645634412766,1.0
basic_dqn,1408,0.05,2,9.0,True,8000,0.04734784737229347,1.0
basic_dqn,1409,0.05,3,8.0,True,8000,0.037552282214164734,1.0
basic_dqn,1410,0.05,4,7.0,True,8000,0.023783667013049126,1.0
basic_dqn,1411,0.05,5,6.0,True,8000,0.00676562637090683,1.0
basic_dqn,1412,0.05,3,8.0,True,8000,0.009485690854489803,1.0
basic_dqn,1413,0.05,7,4.0,True,8000,0.03945741057395935,1.0
basic_dqn,1414,0.05,3,8.0,True,8000,0.036213502287864685,1.0
basic_dqn,1415,0.05,1,10.0,True,8000,0.032675761729478836,1.0
basic_dqn,1416,0.05,5,6.0,True,8000,0.008800595998764038,1.0
basic_dqn,1417,0.05,6,5.0,True,8000,0.004020862281322479,1.0
basic_dqn,1418,0.05,4,7.0,True,8000,0.00945994257926941,1.0
basic_dqn,1419,0.05,3,8.0,True,8000,0.016409460455179214,1.0
basic_dqn,1420,0.05,2,9.0,True,8000,0.013189446181058884,1.0
basic_dqn,1421,0.05,1,10.0,True,8000,0.015574721619486809,1.0
basic_dqn,1422,0.05,5,6.0,True,8000,0.00978036504238844,1.0
basic_dqn,1423,0.05,5,6.0,True,8000,0.003583227051422,1.0
basic_dqn,1424,0.05,5,6.0,True,8000,0.0036098454147577286,1.0
basic_dqn,1425,0.05,5,6.0,True,8000,0.008980835787951946,1.0
basic_dqn,1426,0.05,3,8.0,True,8000,0.01275355089455843,1.0
basic_dqn,1427,0.05,4,7.0,True,8000,0.014891015365719795,1.0
basic_dqn,1428,0.05,4,7.0,True,8000,0.009212348610162735,1.0
basic_dqn,1429,0.05,8,3.0,True,8000,0.0036332071758806705,1.0
basic_dqn,1430,0.05,1,10.0,True,8000,0.005571130197495222,1.0
basic_dqn,1431,0.05,5,6.0,True,8000,0.009941118769347668,1.0
basic_dqn,1432,0.05,2,9.0,True,8000,0.008112124167382717,1.0
basic_dqn,1433,0.05,5,6.0,True,8000,0.0069111306220293045,1.0
basic_dqn,1434,0.05,5,6.0,True,8000,0.0027817499358206987,1.0
basic_dqn,1435,0.05,4,7.0,True,8000,0.0018797065131366253,1.0
basic_dqn,1436,0.05,5,6.0,True,8000,0.0015909097855910659,1.0
basic_dqn,1437,0.05,6,5.0,True,8000,0.005118694622069597,1.0
basic_dqn,1438,0.05,4,7.0,True,8000,0.0052234395407140255,1.0
basic_dqn,1439,0.05,6,5.0,True,8000,0.0028275493532419205,1.0
basic_dqn,1440,0.05,4,7.0,True,8000,0.0022258867975324392,1.0
basic_dqn,1441,0.05,6,5.0,True,8000,0.0039475541561841965,1.0
basic_dqn,1442,0.05,1,10.0,True,8000,0.002526405733078718,1.0
basic_dqn,1443,0.05,5,6.0,True,8000,0.00516466936096549,1.0
basic_dqn,1444,0.05,6,5.0,True,8000,0.0033933455124497414,1.0
basic_dqn,1445,0.05,4,7.0,True,8000,0.001460606581531465,1.0
basic_dqn,1446,0.05,6,5.0,True,8000,0.0012579262256622314,1.0
basic_dqn,1447,0.05,7,4.0,True,8000,0.004476380068808794,1.0
basic_dqn,1448,0.05,5,6.0,True,8000,0.0033416985534131527,1.0
basic_dqn,1449,0.05,1,10.0,True,8000,0.003351690014824271,1.0
basic_dqn,1450,0.05,3,8.0,True,8000,0.0021109837107360363,1.0
basic_dqn,1451,0.05,1,10.0,True,8000,0.0020607486367225647,1.0
basic_dqn,1452,0.05,6,5.0,True,8000,0.001036492525599897,1.0
basic_dqn,1453,0.05,6,5.0,True,8000,0.0025447444058954716,1.0
basic_dqn,1454,0.05,5,6.0,True,8000,0.0038386122323572636,1.0
basic_dqn,1455,0.05,6,5.0,True,8000,0.0017988551408052444,1.0
basic_dqn,1456,0.05,3,8.0,True,8000,0.0009445093455724418,1.0
basic_dqn,1457,0.05,8,3.0,True,8000,0.001122389454394579,1.0
basic_dqn,1458,0.05,1,10.0,True,8000,0.0010455807205289602,1.0
basic_dqn,1459,0.05,5,6.0,True,8000,0.002381514059379697,1.0
basic_dqn,1460,0.05,3,8.0,True,8000,0.0022810890804976225,1.0
basic_dqn,1461,0.05,4,7.0,True,8000,0.0019621984101831913,1.0
basic_dqn,1462,0.05,4,7.0,True,8000,0.0012163766659796238,1.0
basic_dqn,1463,0.05,6,5.0,True,8000,0.0009386107558384538,1.0
basic_dqn,1464,0.05,4,7.0,True,8000,0.0019371245289221406,1.0
basic_dqn,1465,0.05,5,6.0,True,8000,0.002347070723772049,1.0
basic_dqn,1466,0.05,7,4.0,True,8000,0.000862416869495064,1.0
basic_dqn,1467,0.05,7,4.0,True,8000,0.0005745699163526297,1.0
basic_dqn,1468,0.05,8,3.0,True,8000,0.001422064146026969,1.0
basic_dqn,1469,0.05,5,6.0,True,8000,0.0009772621560841799,1.0
basic_dqn,1470,0.05,3,8.0,True,8000,0.000872212927788496,1.0
basic_dqn,1471,0.05,3,8.0,True,8000,0.0002775749017018825,1.0
basic_dqn,1472,0.05,4,7.0,True,8000,0.0004542938550002873,1.0
basic_dqn,1473,0.05,3,8.0,True,8000,0.0007227560272440314,1.0
basic_dqn,1474,0.05,6,5.0,True,8000,0.0009135800646618009,1.0
basic_dqn,1475,0.05,2,9.0,True,8000,0.0008801671210676432,1.0
basic_dqn,1476,0.05,4,7.0,True,8000,0.0004637308302335441,1.0
basic_dqn,1477,0.05,5,6.0,True,8000,0.00024466682225465775,1.0
basic_dqn,1478,0.05,2,9.0,True,8000,0.00027277908520773053,1.0
basic_dqn,1479,0.05,6,5.0,True,8000,0.0005512800998985767,1.0
basic_dqn,1480,0.05,7,4.0,True,8000,0.0008850920712575316,1.0
basic_dqn,1481,0.05,8,3.0,True,8000,0.0004293526872061193,1.0
basic_dqn,1482,0.05,7,4.0,True,8000,0.0007260508718900383,1.0
basic_dqn,1483,0.05,4,7.0,True,8000,0.001444401452317834,1.0
basic_dqn,1484,0.05,6,5.0,True,8000,0.0009784093126654625,1.0
basic_dqn,1485,0.05,3,8.0,True,8000,0.000661966681946069,1.0
basic_dqn,1486,0.05,1,10.0,True,8000,0.0006324518471956253,1.0
basic_dqn,1487,0.05,1,10.0,True,8000,0.0004208381287753582,1.0
basic_dqn,1488,0.05,5,6.0,True,8000,0.0006921071326360106,1.0
basic_dqn,1489,0.05,3,8.0,True,8000,0.0014069853350520134,1.0
basic_dqn,1490,0.05,5,6.0,True,8000,0.0019871126860380173,1.0
basic_dqn,1491,0.05,6,5.0,True,8000,0.0011315838200971484,1.0
basic_dqn,1492,0.05,4,7.0,True,8000,0.0005778169143013656,1.0
basic_dqn,1493,0.05,7,4.0,True,8000,0.002334816148504615,1.0
basic_dqn,1494,0.05,4,7.0,True,8000,0.0035516766365617514,1.0
basic_dqn,1495,0.05,7,4.0,True,8000,0.0012338634114712477,1.0
basic_dqn,1496,0.05,4,7.0,True,8000,0.0005557914264500141,1.0
basic_dqn,1497,0.05,6,5.0,True,8000,0.002956676995381713,1.0
basic_dqn,1498,0.05,7,4.0,True,8000,0.0017501914408057928,1.0
basic_dqn,1499,0.05,1,10.0,True,8000,0.0013969657011330128,1.0
basic_dqn,1500,0.05,2,9.0,True,8000,0.0005946897435933352,1.0
basic_dqn,1501,0.05,4,7.0,True,8000,0.001143356435932219,1.0
basic_dqn,1502,0.05,7,4.0,True,8000,0.0036726691760122776,1.0
basic_dqn,1503,0.05,1,10.0,True,8000,0.0034695202484726906,1.0
basic_dqn,1504,0.05,2,9.0,True,8000,0.003252677619457245,1.0
basic_dqn,1505,0.05,1,10.0,True,8000,0.0029364388901740313,1.0
basic_dqn,1506,0.05,7,4.0,True,8000,0.0007262708386406302,1.0
basic_dqn,1507,0.05,6,5.0,True,8000,0.0026653085369616747,1.0
basic_dqn,1508,0.05,6,5.0,True,8000,0.003924783784896135,1.0
basic_dqn,1509,0.05,3,8.0,True,8000,0.0020490114111453295,1.0
basic_dqn,1510,0.05,7,4.0,True,8000,0.0013565132394433022,1.0
basic_dqn,1511,0.05,2,9.0,True,8000,0.0022382184397429228,1.0
basic_dqn,1512,0.05,2,9.0,True,8000,0.0030806849244982004,1.0
basic_dqn,1513,0.05,3,8.0,True,8000,0.003551998408511281,1.0
basic_dqn,1514,0.05,3,8.0,True,8000,0.0035133822821080685,1.0
basic_dqn,1515,0.05,5,6.0,True,8000,0.001520131598226726,1.0
basic_dqn,1516,0.05,5,6.0,True,8000,0.0014034052146598697,1.0
basic_dqn,1517,0.05,5,6.0,True,8000,0.0012589136604219675,1.0
basic_dqn,1518,0.05,5,6.0,True,8000,0.0029951357282698154,1.0
basic_dqn,1519,0.05,5,6.0,True,8000,0.003390863537788391,1.0
basic_dqn,1520,0.05,5,6.0,True,8000,0.0010412931442260742,1.0
basic_dqn,1521,0.05,5,6.0,True,8000,0.0015975757269188762,1.0
basic_dqn,1522,0.05,5,6.0,True,8000,0.002912002382799983,1.0
basic_dqn,1523,0.05,8,3.0,True,8000,0.0011084150755777955,1.0
basic_dqn,1524,0.05,3,8.0,True,8000,0.0007277284748852253,1.0
basic_dqn,1525,0.05,4,7.0,True,8000,0.0009858033154159784,1.0
basic_dqn,1526,0.05,6,5.0,True,8000,0.0025564071256667376,1.0
basic_dqn,1527,0.05,10,1.0,True,8000,0.0011887314030900598,1.0
basic_dqn,1528,0.05,2,9.0,True,8000,0.0009286209242418408,1.0
basic_dqn,1529,0.05,5,6.0,True,8000,0.0009251674637198448,1.0
basic_dqn,1530,0.05,4,7.0,True,8000,0.002149405190721154,1.0
basic_dqn,1531,0.05,5,6.0,True,8000,0.0032342744525521994,1.0
basic_dqn,1532,0.05,4,7.0,True,8000,0.0017635214608162642,1.0
basic_dqn,1533,0.05,2,9.0,True,8000,0.001258284319192171,1.0
basic_dqn,1534,0.05,6,5.0,True,8000,0.001861845375970006,1.0
basic_dqn,1535,0.05,5,6.0,True,8000,0.0031044245697557926,1.0
basic_dqn,1536,0.05,4,7.0,True,8000,0.003125760005787015,1.0
basic_dqn,1537,0.05,5,6.0,True,8000,0.0011410051956772804,1.0
basic_dqn,1538,0.05,4,7.0,True,8000,0.0009301942773163319,1.0
basic_dqn,1539,0.05,4,7.0,True,8000,0.0016218037344515324,1.0
basic_dqn,1540,0.05,4,7.0,True,8000,0.0021842806600034237,1.0
basic_dqn,1541,0.05,7,4.0,True,8000,0.0019149419385939837,1.0
basic_dqn,1542,0.05,6,5.0,True,8000,0.00063945387955755,1.0
basic_dqn,1543,0.05,3,8.0,True,8000,0.0009769197786226869,1.0
basic_dqn,1544,0.05,5,6.0,True,8000,0.0017308318056166172,1.0
basic_dqn,1545,0.05,5,6.0,True,8000,0.0020340634509921074,1.0
basic_dqn,1546,0.05,5,6.0,True,8000,0.0016692416975274682,1.0
basic_dqn,1547,0.05,6,5.0,True,8000,0.0011079052928835154,1.0
basic_dqn,1548,0.05,7,4.0,True,8000,0.0032669170759618282,1.0
basic_dqn,1549,0.05,7,4.0,True,8000,0.003938041161745787,1.0
basic_dqn,1550,0.05,4,7.0,True,8000,0.0014150100760161877,1.0
basic_dqn,1551,0.05,6,5.0,True,8000,0.007454530335962772,1.0
basic_dqn,1552,0.05,6,5.0,True,8000,0.006426903419196606,1.0
basic_dqn,1553,0.05,5,6.0,True,8000,0.0015353742055594921,1.0
basic_dqn,1554,0.05,4,7.0,True,8000,0.0019804327748715878,1.0
basic_dqn,1555,0.05,6,5.0,True,8000,0.0037000547163188457,1.0
basic_dqn,1556,0.05,6,5.0,True,8000,0.0027581241447478533,1.0
basic_dqn,1557,0.05,6,5.0,True,8000,0.0010889418190345168,1.0
basic_dqn,1558,0.05,5,6.0,True,8000,0.0006693233153782785,1.0
basic_dqn,1559,0.05,5,6.0,True,8000,0.0019283315632492304,1.0
basic_dqn,1560,0.05,5,6.0,True,8000,0.0038969130255281925,1.0
basic_dqn,1561,0.05,5,6.0,True,8000,0.001924700103700161,1.0
basic_dqn,1562,0.05,4,7.0,True,8000,0.000580060703214258,1.0
basic_dqn,1563,0.05,3,8.0,True,8000,0.0008583489689044654,1.0
basic_dqn,1564,0.05,4,7.0,True,8000,0.002518904395401478,1.0
basic_dqn,1565,0.05,4,7.0,True,8000,0.0016206617001444101,1.0
basic_dqn,1566,0.05,5,6.0,True,8000,0.0007063838420435786,1.0
basic_dqn,1567,0.05,4,7.0,True,8000,0.0002607210190035403,1.0
basic_dqn,1568,0.05,6,5.0,True,8000,0.0007512726006098092,1.0
basic_dqn,1569,0.05,2,9.0,True,8000,0.0012774335918948054,1.0
basic_dqn,1570,0.05,6,5.0,True,8000,0.0012211351422592998,1.0
basic_dqn,1571,0.05,4,7.0,True,8000,0.00046136684250086546,1.0
basic_dqn,1572,0.05,5,6.0,True,8000,0.0004928320995531976,1.0
basic_dqn,1573,0.05,6,5.0,True,8000,0.0017187390476465225,1.0
basic_dqn,1574,0.05,7,4.0,True,8000,0.0004045188252348453,1.0
basic_dqn,1575,0.05,4,7.0,True,8000,0.0005349136772565544,1.0
basic_dqn,1576,0.05,3,8.0,True,8000,0.0010883485665544868,1.0
basic_dqn,1577,0.05,4,7.0,True,8000,0.0013755237450823188,1.0
basic_dqn,1578,0.05,2,9.0,True,8000,0.0013998402282595634,1.0
basic_dqn,1579,0.05,5,6.0,True,8000,0.0003098237793892622,1.0
basic_dqn,1580,0.05,1,10.0,True,8000,0.00021852852660231292,1.0
basic_dqn,1581,0.05,1,10.0,True,8000,0.00018714027828536928,1.0
basic_dqn,1582,0.05,4,7.0,True,8000,0.0006202706135809422,1.0
basic_dqn,1583,0.05,3,8.0,True,8000,0.0019388629589229822,1.0
basic_dqn,1584,0.05,5,6.0,True,8000,0.0030577443540096283,1.0
basic_dqn,1585,0.05,3,8.0,True,8000,0.0006702769314870238,1.0
basic_dqn,1586,0.05,9,2.0,True,8000,0.001013021101243794,1.0
basic_dqn,1587,0.05,3,8.0,True,8000,0.000755219894926995,1.0
basic_dqn,1588,0.05,5,6.0,True,8000,0.004007895011454821,1.0
basic_dqn,1589,0.05,4,7.0,True,8000,0.00019978117779828608,1.0
basic_dqn,1590,0.05,8,3.0,True,8000,0.0003923390759155154,1.0
basic_dqn,1591,0.05,7,4.0,True,8000,0.00023079186212271452,1.0
basic_dqn,1592,0.05,4,7.0,True,8000,0.0002800365327857435,1.0
basic_dqn,1593,0.05,6,5.0,True,8000,0.000461313349660486,1.0
basic_dqn,1594,0.05,7,4.0,True,8000,0.00017822720110416412,1.0
basic_dqn,1595,0.05,1,10.0,True,8000,0.00015830837946850806,1.0
basic_dqn,1596,0.05,1,10.0,True,8000,0.00014702929183840752,1.0
basic_dqn,1597,0.05,3,8.0,True,8000,0.00021355996432248503,1.0
basic_dqn,1598,0.05,3,8.0,True,8000,0.0003993247519247234,1.0
basic_dqn,1599,0.05,4,7.0,True,8000,0.0003012053784914315,1.0
basic_dqn,1600,0.05,2,9.0,True,8000,0.0004233021754771471,1.0
basic_dqn,1601,0.05,9,2.0,True,8000,0.00010435299191158265,1.0
basic_dqn,1602,0.05,10,1.0,True,8000,0.00041416235035285354,1.0
basic_dqn,1603,0.05,4,7.0,True,8000,0.00011072464258177206,1.0
basic_dqn,1604,0.05,6,5.0,True,8000,9.146505180979148e-05,1.0
basic_dqn,1605,0.05,4,7.0,True,8000,0.000179769704118371,1.0
basic_dqn,1606,0.05,1,10.0,True,8000,0.0002341714280191809,1.0
basic_dqn,1607,0.05,1,10.0,True,8000,0.0002007294970098883,1.0
basic_dqn,1608,0.05,4,7.0,True,8000,0.00023276564024854451,1.0
basic_dqn,1609,0.05,7,4.0,True,8000,6.0538193793036044e-05,1.0
basic_dqn,1610,0.05,1,10.0,True,8000,4.807595178135671e-05,1.0
basic_dqn,1611,0.05,4,7.0,True,8000,7.089761493261904e-05,1.0
basic_dqn,1612,0.05,4,7.0,True,8000,0.0001826855295803398,1.0
basic_dqn,1613,0.05,5,6.0,True,8000,0.00020761626365128905,1.0
basic_dqn,1614,0.05,6,5.0,True,8000,0.00015859384438954294,1.0
basic_dqn,1615,0.05,8,3.0,True,8000,0.00013960633077658713,1.0
basic_dqn,1616,0.05,6,5.0,True,8000,0.00025822792667895555,1.0
basic_dqn,1617,0.05,4,7.0,True,8000,0.00018049427308142185,1.0
basic_dqn,1618,0.05,3,8.0,True,8000,4.91274768137373e-05,1.0
basic_dqn,1619,0.05,6,5.0,True,8000,0.00021631520939990878,1.0
basic_dqn,1620,0.05,5,6.0,True,8000,0.0002663739142008126,1.0
basic_dqn,1621,0.05,3,8.0,True,8000,0.00011810341675300151,1.0
basic_dqn,1622,0.05,4,7.0,True,8000,6.923087494214997e-05,1.0
basic_dqn,1623,0.05,3,8.0,True,8000,0.00010824611672433093,1.0
basic_dqn,1624,0.05,5,6.0,True,8000,0.00022160931257531047,1.0
basic_dqn,1625,0.05,3,8.0,True,8000,0.00022280437406152487,1.0
basic_dqn,1626,0.05,5,6.0,True,8000,4.947924389853142e-05,1.0
basic_dqn,1627,0.05,7,4.0,True,8000,0.00022724506561644375,1.0
basic_dqn,1628,0.05,7,4.0,True,8000,5.157833220437169e-05,1.0
basic_dqn,1629,0.05,2,9.0,True,8000,2.432708424748853e-05,1.0
basic_dqn,1630,0.05,5,6.0,True,8000,1.9496075765346177e-05,1.0
basic_dqn,1631,0.05,5,6.0,True,8000,3.2155799999600276e-05,1.0
basic_dqn,1632,0.05,6,5.0,True,8000,7.098929199855775e-05,1.0
basic_dqn,1633,0.05,4,7.0,True,8000,6.055522317183204e-05,1.0
basic_dqn,1634,0.05,4,7.0,True,8000,3.3639833418419585e-05,1.0
basic_dqn,1635,0.05,3,8.0,True,8000,5.9034158766735345e-05,1.0
basic_dqn,1636,0.05,4,7.0,True,8000,0.0001102678943425417,1.0
basic_dqn,1637,0.05,6,5.0,True,8000,0.00011618118151091039,1.0
basic_dqn,1638,0.05,7,4.0,True,8000,3.329750688862987e-05,1.0
basic_dqn,1639,0.05,5,6.0,True,8000,8.15224921097979e-05,1.0
basic_dqn,1640,0.05,7,4.0,True,8000,3.218714118702337e-05,1.0
basic_dqn,1641,0.05,5,6.0,True,8000,2.343786763958633e-05,1.0
basic_dqn,1642,0.05,6,5.0,True,8000,3.0451312341028824e-05,1.0
basic_dqn,1643,0.05,1,10.0,True,8000,2.7262141884421e-05,1.0
basic_dqn,1644,0.05,9,2.0,True,8000,0.0001106019553844817,1.0
basic_dqn,1645,0.05,6,5.0,True,8000,3.559736433089711e-05,1.0
basic_dqn,1646,0.05,3,8.0,True,8000,3.408761040191166e-05,1.0
basic_dqn,1647,0.05,5,6.0,True,8000,4.6442477469099686e-05,1.0
basic_dqn,1648,0.05,5,6.0,True,8000,9.544747445033863e-05,1.0
basic_dqn,1649,0.05,5,6.0,True,8000,8.635509584564716e-05,1.0
basic_dqn,1650,0.05,5,6.0,True,8000,3.116863081231713e-05,1.0
basic_dqn,1651,0.05,2,9.0,True,8000,9.210993448505178e-05,1.0
basic_dqn,1652,0.05,1,10.0,True,8000,9.119525930145755e-05,1.0
basic_dqn,1653,0.05,3,8.0,True,8000,0.00016831890388857573,1.0
basic_dqn,1654,0.05,6,5.0,True,8000,4.912165968562476e-05,1.0
basic_dqn,1655,0.05,4,7.0,True,8000,5.811370647279546e-05,1.0
basic_dqn,1656,0.05,6,5.0,True,8000,0.00011237060243729502,1.0
basic_dqn,1657,0.05,9,2.0,True,8000,4.408827953739092e-05,1.0
basic_dqn,1658,0.05,7,4.0,True,8000,5.484269422595389e-05,1.0
basic_dqn,1659,0.05,2,9.0,True,8000,2.839804074028507e-05,1.0
basic_dqn,1660,0.05,5,6.0,True,8000,1.3613415831059683e-05,1.0
basic_dqn,1661,0.05,7,4.0,True,8000,2.3755197616992518e-05,1.0
basic_dqn,1662,0.05,2,9.0,True,8000,1.86750476132147e-05,1.0
basic_dqn,1663,0.05,2,9.0,True,8000,9.035766197484918e-06,1.0
basic_dqn,1664,0.05,5,6.0,True,8000,4.264109520590864e-06,1.0
basic_dqn,1665,0.05,4,7.0,True,8000,7.514941898989491e-06,1.0
basic_dqn,1666,0.05,2,9.0,True,8000,9.16131102712825e-06,1.0
basic_dqn,1667,0.05,7,4.0,True,8000,1.6477006283821538e-05,1.0
basic_dqn,1668,0.05,7,4.0,True,8000,1.618620808585547e-05,1.0
basic_dqn,1669,0.05,5,6.0,True,8000,1.844557118602097e-05,1.0
basic_dqn,1670,0.05,4,7.0,True,8000,4.412565613165498e-05,1.0
basic_dqn,1671,0.05,6,5.0,True,8000,2.2590431399294175e-05,1.0
basic_dqn,1672,0.05,8,3.0,True,8000,2.0652058083214797e-05,1.0
basic_dqn,1673,0.05,7,4.0,True,8000,5.371231964090839e-05,1.0
basic_dqn,1674,0.05,5,6.0,True,8000,2.801075970637612e-05,1.0
basic_dqn,1675,0.05,3,8.0,True,8000,1.6653015336487442e-05,1.0
basic_dqn,1676,0.05,4,7.0,True,8000,4.779590017278679e-05,1.0
basic_dqn,1677,0.05,7,4.0,True,8000,3.5691959055839106e-05,1.0
basic_dqn,1678,0.05,6,5.0,True,8000,3.3529453503433615e-05,1.0
basic_dqn,1679,0.05,9,2.0,True,8000,6.716347706969827e-05,1.0
basic_dqn,1680,0.05,3,8.0,True,8000,5.6096716434694827e-05,1.0
basic_dqn,1681,0.05,2,9.0,True,8000,4.344664921518415e-05,1.0
basic_dqn,1682,0.05,3,8.0,True,8000,2.6946059733745642e-05,1.0
basic_dqn,1683,0.05,4,7.0,True,8000,3.716878200066276e-05,1.0
basic_dqn,1684,0.05,6,5.0,True,8000,6.633360317209736e-05,1.0
basic_dqn,1685,0.05,5,6.0,True,8000,3.427661067689769e-05,1.0
basic_dqn,1686,0.05,6,5.0,True,8000,3.9762253436492756e-05,1.0
basic_dqn,1687,0.05,3,8.0,True,8000,8.64736211951822e-05,1.0
basic_dqn,1688,0.05,5,6.0,True,8000,7.727355841780081e-05,1.0
basic_dqn,1689,0.05,5,6.0,True,8000,1.3830312127538491e-05,1.0
basic_dqn,1690,0.05,2,9.0,True,8000,2.472780761308968e-05,1.0
basic_dqn,1691,0.05,2,9.0,True,8000,4.7211280616465956e-05,1.0
basic_dqn,1692,0.05,4,7.0,True,8000,8.349866402568296e-05,1.0
basic_dqn,1693,0.05,4,7.0,True,8000,4.5739332563243806e-05,1.0
basic_dqn,1694,0.05,3,8.0,True,8000,1.7409000065526925e-05,1.0
basic_dqn,1695,0.05,6,5.0,True,8000,3.8751615647925064e-05,1.0
basic_dqn,1696,0.05,2,9.0,True,8000,4.608235394698568e-05,1.0
basic_dqn,1697,0.05,2,9.0,True,8000,3.9214784919749945e-05,1.0
basic_dqn,1698,0.05,6,5.0,True,8000,1.5575758880004287e-05,1.0
basic_dqn,1699,0.05,4,7.0,True,8000,1.6119496649480425e-05,1.0
basic_dqn,1700,0.05,7,4.0,True,8000,3.799075784627348e-05,1.0
basic_dqn,1701,0.05,6,5.0,True,8000,1.791953582142014e-05,1.0
basic_dqn,1702,0.05,2,9.0,True,8000,1.7256148566957563e-05,1.0
basic_dqn,1703,0.05,1,10.0,True,8000,2.018535633396823e-05,1.0
basic_dqn,1704,0.05,7,4.0,True,8000,3.230866423109546e-05,1.0
basic_dqn,1705,0.05,6,5.0,True,8000,1.2809276086045429e-05,1.0
basic_dqn,1706,0.05,7,4.0,True,8000,2.3077629521139897e-05,1.0
basic_dqn,1707,0.05,6,5.0,True,8000,2.3202510419650935e-05,1.0
basic_dqn,1708,0.05,2,9.0,True,8000,2.1912133888690732e-05,1.0
basic_dqn,1709,0.05,6,5.0,True,8000,9.344012141809799e-06,1.0
basic_dqn,1710,0.05,5,6.0,True,8000,2.070540540444199e-05,1.0
basic_dqn,1711,0.05,6,5.0,True,8000,1.9589706425904296e-05,1.0
basic_dqn,1712,0.05,5,6.0,True,8000,1.6629506717436016e-05,1.0
basic_dqn,1713,0.05,8,3.0,True,8000,2.8842514439020306e-05,1.0
basic_dqn,1714,0.05,5,6.0,True,8000,3.388401455595158e-05,1.0
basic_dqn,1715,0.05,4,7.0,True,8000,1.167897971754428e-05,1.0
basic_dqn,1716,0.05,5,6.0,True,8000,1.989849261008203e-05,1.0
basic_dqn,1717,0.05,6,5.0,True,8000,2.4250066417152993e-05,1.0
basic_dqn,1718,0.05,2,9.0,True,8000,1.1320385965518653e-05,1.0
basic_dqn,1719,0.05,1,10.0,True,8000,1.2445722859411035e-05,1.0
basic_dqn,1720,0.05,6,5.0,True,8000,4.31748912887997e-06,1.0
basic_dqn,1721,0.05,3,8.0,True,8000,7.647860911674798e-06,1.0
basic_dqn,1722,0.05,5,6.0,True,8000,1.8892706066253595e-05,1.0
basic_dqn,1723,0.05,5,6.0,True,8000,7.307789928745478e-06,1.0
basic_dqn,1724,0.05,5,6.0,True,8000,1.1646804523479659e-05,1.0
basic_dqn,1725,0.05,3,8.0,True,8000,2.2146801711642183e-05,1.0
basic_dqn,1726,0.05,3,8.0,True,8000,2.4463224690407515e-05,1.0
basic_dqn,1727,0.05,6,5.0,True,8000,9.398227120982483e-06,1.0
basic_dqn,1728,0.05,5,6.0,True,8000,1.459042960050283e-05,1.0
basic_dqn,1729,0.05,3,8.0,True,8000,3.180255589541048e-05,1.0
basic_dqn,1730,0.05,5,6.0,True,8000,9.284360203309916e-06,1.0
basic_dqn,1731,0.05,6,5.0,True,8000,4.292180165066384e-06,1.0
basic_dqn,1732,0.05,8,3.0,True,8000,5.7679289966472425e-06,1.0
basic_dqn,1733,0.05,5,6.0,True,8000,4.006784365628846e-06,1.0
basic_dqn,1734,0.05,5,6.0,True,8000,7.733386155450717e-06,1.0
basic_dqn,1735,0.05,6,5.0,True,8000,5.270822384773055e-06,1.0
basic_dqn,1736,0.05,3,8.0,True,8000,2.6537238227319904e-05,1.0
basic_dqn,1737,0.05,2,9.0,True,8000,5.016280738345813e-06,1.0
basic_dqn,1738,0.05,5,6.0,True,8000,2.5012391233758535e-06,1.0
basic_dqn,1739,0.05,5,6.0,True,8000,2.3736395178275416e-06,1.0
basic_dqn,1740,0.05,2,9.0,True,8000,3.118447466476937e-06,1.0
basic_dqn,1741,0.05,6,5.0,True,8000,2.394992407062091e-06,1.0
basic_dqn,1742,0.05,7,4.0,True,8000,3.205069106115843e-06,1.0
basic_dqn,1743,0.05,5,6.0,True,8000,3.372502760612406e-06,1.0
basic_dqn,1744,0.05,3,8.0,True,8000,3.287042773081339e-06,1.0
basic_dqn,1745,0.05,6,5.0,True,8000,3.5456312161841197e-06,1.0
basic_dqn,1746,0.05,5,6.0,True,8000,1.0134325520994025e-06,1.0
basic_dqn,1747,0.05,5,6.0,True,8000,2.9157813514757436e-06,1.0
basic_dqn,1748,0.05,6,5.0,True,8000,3.7042650546936784e-06,1.0
basic_dqn,1749,0.05,7,4.0,True,8000,3.1778145057614893e-06,1.0
basic_dqn,1750,0.05,6,5.0,True,8000,2.8050096716469852e-06,1.0
basic_dqn,1751,0.05,4,7.0,True,8000,8.909507869248046e-07,1.0
basic_dqn,1752,0.05,5,6.0,True,8000,3.5966336326964665e-06,1.0
basic_dqn,1753,0.05,5,6.0,True,8000,2.8083072720619384e-06,1.0
basic_dqn,1754,0.05,1,10.0,True,8000,1.2154156365795643e-06,1.0
basic_dqn,1755,0.05,4,7.0,True,8000,1.0313706297893077e-06,1.0
basic_dqn,1756,0.05,6,5.0,True,8000,2.5762142286112066e-06,1.0
basic_dqn,1757,0.05,6,5.0,True,8000,1.3785995633952552e-06,1.0
basic_dqn,1758,0.05,6,5.0,True,8000,8.235945188062033e-07,1.0
basic_dqn,1759,0.05,7,4.0,True,8000,9.562271543472889e-07,1.0
basic_dqn,1760,0.05,6,5.0,True,8000,2.9550133717748395e-07,1.0
basic_dqn,1761,0.05,2,9.0,True,8000,6.018582894284918e-07,1.0
basic_dqn,1762,0.05,6,5.0,True,8000,9.209130666931742e-07,1.0
basic_dqn,1763,0.05,2,9.0,True,8000,1.192884155898355e-06,1.0
basic_dqn,1764,0.05,6,5.0,True,8000,3.35796926265175e-07,1.0
basic_dqn,1765,0.05,3,8.0,True,8000,5.865688876838249e-07,1.0
basic_dqn,1766,0.05,6,5.0,True,8000,3.4144832739002595e-07,1.0
basic_dqn,1767,0.05,4,7.0,True,8000,4.1273432316302205e-07,1.0
basic_dqn,1768,0.05,5,6.0,True,8000,3.929853846784681e-07,1.0
basic_dqn,1769,0.05,3,8.0,True,8000,5.104412821310689e-07,1.0
basic_dqn,1770,0.05,7,4.0,True,8000,4.071318073783914e-07,1.0
basic_dqn,1771,0.05,7,4.0,True,8000,2.847173163900152e-07,1.0
basic_dqn,1772,0.05,6,5.0,True,8000,2.1020153440076683e-07,1.0
basic_dqn,1773,0.05,3,8.0,True,8000,2.281660442804423e-07,1.0
basic_dqn,1774,0.05,7,4.0,True,8000,1.8331130036131071e-07,1.0
basic_dqn,1775,0.05,2,9.0,True,8000,1.983626276569339e-07,1.0
basic_dqn,1776,0.05,6,5.0,True,8000,1.7394341966792126e-07,1.0
basic_dqn,1777,0.05,8,3.0,True,8000,5.249717673905252e-07,1.0
basic_dqn,1778,0.05,4,7.0,True,8000,1.3682830513062072e-07,1.0
basic_dqn,1779,0.05,6,5.0,True,8000,4.4574133539754257e-07,1.0
basic_dqn,1780,0.05,2,9.0,True,8000,3.2117489467964333e-07,1.0
basic_dqn,1781,0.05,6,5.0,True,8000,3.1198320016301295e-07,1.0
basic_dqn,1782,0.05,3,8.0,True,8000,1.6614077935628302e-07,1.0
basic_dqn,1783,0.05,6,5.0,True,8000,7.523273382048501e-08,1.0
basic_dqn,1784,0.05,5,6.0,True,8000,3.244896262799557e-08,1.0
basic_dqn,1785,0.05,5,6.0,True,8000,2.6646097239790834e-07,1.0
basic_dqn,1786,0.05,5,6.0,True,8000,1.632397044204481e-07,1.0
basic_dqn,1787,0.05,8,3.0,True,8000,2.2009874101058813e-07,1.0
basic_dqn,1788,0.05,5,6.0,True,8000,1.2097949309008982e-07,1.0
basic_dqn,1789,0.05,3,8.0,True,8000,2.979078317366657e-07,1.0
basic_dqn,1790,0.05,5,6.0,True,8000,5.1730120276261e-07,1.0
basic_dqn,1791,0.05,1,10.0,True,8000,4.816275236407819e-07,1.0
basic_dqn,1792,0.05,7,4.0,True,8000,3.8052039030844753e-07,1.0
basic_dqn,1793,0.05,2,9.0,True,8000,4.050144184475357e-07,1.0
basic_dqn,1794,0.05,8,3.0,True,8000,2.1105884684402554e-07,1.0
basic_dqn,1795,0.05,6,5.0,True,8000,1.2109898079870618e-06,1.0
basic_dqn,1796,0.05,1,10.0,True,8000,4.830180841963738e-07,1.0
basic_dqn,1797,0.05,5,6.0,True,8000,2.4281453647745366e-07,1.0
basic_dqn,1798,0.05,4,7.0,True,8000,2.3198157350634574e-07,1.0
basic_dqn,1799,0.05,6,5.0,True,8000,3.8825254478069837e-07,1.0
basic_dqn,1800,0.05,6,5.0,True,8000,1.0629917142068734e-06,1.0
basic_dqn,1801,0.05,6,5.0,True,8000,5.020344815420685e-07,1.0
basic_dqn,1802,0.05,4,7.0,True,8000,1.1759042536141351e-05,1.0
basic_dqn,1803,0.05,9,2.0,True,8000,1.5107150375115452e-06,1.0
basic_dqn,1804,0.05,1,10.0,True,8000,8.622766927146586e-07,1.0
basic_dqn,1805,0.05,5,6.0,True,8000,7.205279644040274e-07,1.0
basic_dqn,1806,0.05,3,8.0,True,8000,8.688555794833519e-07,1.0
basic_dqn,1807,0.05,3,8.0,True,8000,2.7860603495355463e-06,1.0
basic_dqn,1808,0.05,7,4.0,True,8000,4.521656137512764e-06,1.0
basic_dqn,1809,0.05,5,6.0,True,8000,2.3429047359968536e-06,1.0
basic_dqn,1810,0.05,1,10.0,True,8000,3.896834186889464e-06,1.0
basic_dqn,1811,0.05,5,6.0,True,8000,6.642028893111274e-06,1.0
basic_dqn,1812,0.05,5,6.0,True,8000,7.457603260263568e-06,1.0
basic_dqn,1813,0.05,6,5.0,True,8000,1.72032139289513e-06,1.0
basic_dqn,1814,0.05,4,7.0,True,8000,3.443481773501844e-06,1.0
basic_dqn,1815,0.05,6,5.0,True,8000,9.01947441889206e-06,1.0
basic_dqn,1816,0.05,4,7.0,True,8000,8.407943823840469e-06,1.0
basic_dqn,1817,0.05,2,9.0,True,8000,4.506051482167095e-06,1.0
basic_dqn,1818,0.05,3,8.0,True,8000,7.888867912697606e-06,1.0
basic_dqn,1819,0.05,3,8.0,True,8000,1.4974204532336444e-05,1.0
basic_dqn,1820,0.05,3,8.0,True,8000,9.636580216465518e-06,1.0
basic_dqn,1821,0.05,4,7.0,True,8000,4.7532457756460644e-06,1.0
basic_dqn,1822,0.05,7,4.0,True,8000,1.0437135642860085e-05,1.0
basic_dqn,1823,0.05,5,6.0,True,8000,1.3809657502861228e-05,1.0
basic_dqn,1824,0.05,4,7.0,True,8000,3.6212791201251093e-06,1.0
basic_dqn,1825,0.05,5,6.0,True,8000,2.234715793747455e-05,1.0
basic_dqn,1826,0.05,6,5.0,True,8000,1.7228119759238325e-05,1.0
basic_dqn,1827,0.05,5,6.0,True,8000,1.1062197700084653e-05,1.0
basic_dqn,1828,0.05,1,10.0,True,8000,1.0721628314058762e-05,1.0
basic_dqn,1829,0.05,8,3.0,True,8000,1.9789038560702465e-05,1.0
basic_dqn,1830,0.05,5,6.0,True,8000,4.895949587080395e-06,1.0
basic_dqn,1831,0.05,4,7.0,True,8000,1.0072513759951107e-05,1.0
basic_dqn,1832,0.05,2,9.0,True,8000,1.8715543774305843e-05,1.0
basic_dqn,1833,0.05,4,7.0,True,8000,2.296622915309854e-05,1.0
basic_dqn,1834,0.05,5,6.0,True,8000,2.054306969512254e-05,1.0
basic_dqn,1835,0.05,9,2.0,True,8000,9.687853162176907e-05,1.0
basic_dqn,1836,0.05,8,3.0,True,8000,4.0775998058961704e-05,1.0
basic_dqn,1837,0.05,3,8.0,True,8000,7.224063301691785e-05,1.0
basic_dqn,1838,0.05,6,5.0,True,8000,2.414477785350755e-05,1.0
basic_dqn,1839,0.05,2,9.0,True,8000,3.2455092878080904e-05,1.0
basic_dqn,1840,0.05,7,4.0,True,8000,0.0001005554513540119,1.0
basic_dqn,1841,0.05,1,10.0,True,8000,0.00011783820809796453,1.0
basic_dqn,1842,0.05,6,5.0,True,8000,5.2862687880406156e-05,1.0
basic_dqn,1843,0.05,5,6.0,True,8000,0.00014071859186515212,1.0
basic_dqn,1844,0.05,3,8.0,True,8000,7.872002606745809e-05,1.0
basic_dqn,1845,0.05,6,5.0,True,8000,3.916395507985726e-05,1.0
basic_dqn,1846,0.05,6,5.0,True,8000,9.939469600794837e-05,1.0
basic_dqn,1847,0.05,6,5.0,True,8000,5.958448309684172e-05,1.0
basic_dqn,1848,0.05,5,6.0,True,8000,4.517814522841945e-05,1.0
basic_dqn,1849,0.05,3,8.0,True,8000,3.5335568099981174e-05,1.0
basic_dqn,1850,0.05,7,4.0,True,8000,0.0033559808507561684,1.0
basic_dqn,1851,0.05,5,6.0,True,8000,0.00016562534437980503,1.0
basic_dqn,1852,0.05,2,9.0,True,8000,7.807085785316303e-05,1.0
basic_dqn,1853,0.05,5,6.0,True,8000,0.00022363505559042096,1.0
basic_dqn,1854,0.05,2,9.0,True,8000,0.0002189062797697261,1.0
basic_dqn,1855,0.05,5,6.0,True,8000,0.00016182070248760283,1.0
basic_dqn,1856,0.05,3,8.0,True,8000,0.00023355662415269762,1.0
basic_dqn,1857,0.05,7,4.0,True,8000,0.00028590852161869407,1.0
basic_dqn,1858,0.05,1,10.0,True,8000,0.00020758358004968613,1.0
basic_dqn,1859,0.05,3,8.0,True,8000,0.0003391641366761178,1.0
basic_dqn,1860,0.05,3,8.0,True,8000,0.0003010801156051457,1.0
basic_dqn,1861,0.05,1,10.0,True,8000,0.00041871346184052527,1.0
basic_dqn,1862,0.05,5,6.0,True,8000,0.00021197540627326816,1.0
basic_dqn,1863,0.05,5,6.0,True,8000,0.00041549757588654757,1.0
basic_dqn,1864,0.05,4,7.0,True,8000,0.0006383315776474774,1.0
basic_dqn,1865,0.05,8,3.0,True,8000,0.0006406684406101704,1.0
basic_dqn,1866,0.05,8,3.0,True,8000,0.00021277759515214711,1.0
basic_dqn,1867,0.05,6,5.0,True,8000,0.0012900675646960735,1.0
basic_dqn,1868,0.05,3,8.0,True,8000,0.0010921217035502195,1.0
basic_dqn,1869,0.05,2,9.0,True,8000,0.00044650802738033235,1.0
basic_dqn,1870,0.05,6,5.0,True,8000,0.0010470956331118941,1.0
basic_dqn,1871,0.05,6,5.0,True,8000,0.0008609947399236262,1.0
basic_dqn,1872,0.05,4,7.0,True,8000,0.0007426832453347743,1.0
basic_dqn,1873,0.05,6,5.0,True,8000,0.0005228077061474323,1.0
basic_dqn,1874,0.05,9,2.0,True,8000,0.00036889934563077986,1.0
basic_dqn,1875,0.05,3,8.0,True,8000,0.0002729139814618975,1.0
basic_dqn,1876,0.05,3,8.0,True,8000,0.0005187070346437395,1.0
basic_dqn,1877,0.05,5,6.0,True,8000,0.0010463736252859235,1.0
basic_dqn,1878,0.05,2,9.0,True,8000,0.0005328518454916775,1.0
basic_dqn,1879,0.05,6,5.0,True,8000,0.0008140385616570711,1.0
basic_dqn,1880,0.05,6,5.0,True,8000,0.0016908841207623482,1.0
basic_dqn,1881,0.05,1,10.0,True,8000,0.0007634535431861877,1.0
basic_dqn,1882,0.05,8,3.0,True,8000,0.0005676882574334741,1.0
basic_dqn,1883,0.05,2,9.0,True,8000,0.0007944676326587796,1.0
basic_dqn,1884,0.05,2,9.0,True,8000,0.001202502055093646,1.0
basic_dqn,1885,0.05,6,5.0,True,8000,0.00030464003793895245,1.0
basic_dqn,1886,0.05,3,8.0,True,8000,0.0007969378493726254,1.0
basic_dqn,1887,0.05,2,9.0,True,8000,0.0009486803319305182,1.0
basic_dqn,1888,0.05,4,7.0,True,8000,0.0005240462487563491,1.0
basic_dqn,1889,0.05,6,5.0,True,8000,0.0026546274311840534,1.0
basic_dqn,1890,0.05,3,8.0,True,8000,0.000479239912237972,1.0
basic_dqn,1891,0.05,6,5.0,True,8000,0.00031211975147016346,1.0
basic_dqn,1892,0.05,1,10.0,True,8000,0.0004870326374657452,1.0
basic_dqn,1893,0.05,5,6.0,True,8000,0.00028008391382172704,1.0
basic_dqn,1894,0.05,8,3.0,True,8000,0.0004309004289098084,1.0
basic_dqn,1895,0.05,7,4.0,True,8000,0.0004375749849714339,1.0
basic_dqn,1896,0.05,3,8.0,True,8000,0.0007580133969895542,1.0
basic_dqn,1897,0.05,2,9.0,True,8000,0.0007659535622224212,1.0
basic_dqn,1898,0.05,2,9.0,True,8000,0.0009198486222885549,1.0
basic_dqn,1899,0.05,2,9.0,True,8000,0.0006966816727072,1.0
basic_dqn,1900,0.05,5,6.0,True,8000,0.00041112658800557256,1.0
basic_dqn,1901,0.05,3,8.0,True,8000,0.0006829295307397842,1.0
basic_dqn,1902,0.05,7,4.0,True,8000,0.0015559023013338447,1.0
basic_dqn,1903,0.05,5,6.0,True,8000,0.0010008164681494236,1.0
basic_dqn,1904,0.05,4,7.0,True,8000,0.0011724702781066298,1.0
basic_dqn,1905,0.05,2,9.0,True,8000,0.002459881827235222,1.0
basic_dqn,1906,0.05,8,3.0,True,8000,0.002685544779524207,1.0
basic_dqn,1907,0.05,4,7.0,True,8000,0.005409499630331993,1.0
basic_dqn,1908,0.05,4,7.0,True,8000,0.006058874074369669,1.0
basic_dqn,1909,0.05,5,6.0,True,8000,0.004855914507061243,1.0
basic_dqn,1910,0.05,6,5.0,True,8000,0.0062344977632164955,1.0
basic_dqn,1911,0.05,6,5.0,True,8000,0.011674044653773308,1.0
basic_dqn,1912,0.05,1,10.0,True,8000,0.012353342026472092,1.0
basic_dqn,1913,0.05,5,6.0,True,8000,0.021729106083512306,1.0
basic_dqn,1914,0.05,5,6.0,True,8000,0.04629550129175186,1.0
basic_dqn,1915,0.05,7,4.0,True,8000,0.016384225338697433,1.0
basic_dqn,1916,0.05,5,6.0,True,8000,0.05220402404665947,1.0
basic_dqn,1917,0.05,5,6.0,True,8000,0.013136612251400948,1.0
basic_dqn,1918,0.05,3,8.0,True,8000,0.015951497480273247,1.0
basic_dqn,1919,0.05,1,10.0,True,8000,0.017887460067868233,1.0
basic_dqn,1920,0.05,5,6.0,True,8000,0.026697464287281036,1.0
basic_dqn,1921,0.05,5,6.0,True,8000,0.02396106906235218,1.0
basic_dqn,1922,0.05,5,6.0,True,8000,0.025561079382896423,1.0
basic_dqn,1923,0.05,8,3.0,True,8000,0.013809043914079666,1.0
basic_dqn,1924,0.05,4,7.0,True,8000,0.01384648960083723,1.0
basic_dqn,1925,0.05,5,6.0,True,8000,0.016601677983999252,1.0
basic_dqn,1926,0.05,4,7.0,True,8000,0.01632307842373848,1.0
basic_dqn,1927,0.05,6,5.0,True,8000,0.007560464553534985,1.0
basic_dqn,1928,0.05,1,10.0,True,8000,0.00824937503784895,1.0
basic_dqn,1929,0.05,4,7.0,True,8000,0.012834107503294945,1.0
basic_dqn,1930,0.05,5,6.0,True,8000,0.011076850816607475,1.0
basic_dqn,1931,0.05,7,4.0,True,8000,0.007466256618499756,1.0
basic_dqn,1932,0.05,5,6.0,True,8000,0.020758217200636864,1.0
basic_dqn,1933,0.05,5,6.0,True,8000,0.030460631474852562,1.0
basic_dqn,1934,0.05,3,8.0,True,8000,0.01267214585095644,1.0
basic_dqn,1935,0.05,4,7.0,True,8000,0.012984291650354862,1.0
basic_dqn,1936,0.05,5,6.0,True,8000,0.013032597489655018,1.0
basic_dqn,1937,0.05,5,6.0,True,8000,0.009728582575917244,1.0
basic_dqn,1938,0.05,2,9.0,True,8000,0.020047102123498917,1.0
basic_dqn,1939,0.05,1,10.0,True,8000,0.008190247230231762,1.0
basic_dqn,1940,0.05,4,7.0,True,8000,0.004907679278403521,1.0
basic_dqn,1941,0.05,5,6.0,True,8000,0.006989006884396076,1.0
basic_dqn,1942,0.05,3,8.0,True,8000,0.005239818710833788,1.0
basic_dqn,1943,0.05,3,8.0,True,8000,0.0032764167990535498,1.0
basic_dqn,1944,0.05,7,4.0,True,8000,0.005023000296205282,1.0
basic_dqn,1945,0.05,8,3.0,True,8000,0.004658120684325695,1.0
basic_dqn,1946,0.05,4,7.0,True,8000,0.0028906597290188074,1.0
basic_dqn,1947,0.05,4,7.0,True,8000,0.002302904613316059,1.0
basic_dqn,1948,0.05,7,4.0,True,8000,0.004666750784963369,1.0
basic_dqn,1949,0.05,4,7.0,True,8000,0.005642318166792393,1.0
basic_dqn,1950,0.05,7,4.0,True,8000,0.005394645966589451,1.0
basic_dqn,1951,0.05,6,5.0,True,8000,0.006327319890260696,1.0
basic_dqn,1952,0.05,7,4.0,True,8000,0.002375934273004532,1.0
basic_dqn,1953,0.05,3,8.0,True,8000,0.0061426665633916855,1.0
basic_dqn,1954,0.05,6,5.0,True,8000,0.0020737929735332727,1.0
basic_dqn,1955,0.05,4,7.0,True,8000,0.001083293929696083,1.0
basic_dqn,1956,0.05,3,8.0,True,8000,0.0009727089782245457,1.0
basic_dqn,1957,0.05,6,5.0,True,8000,0.0015710742445662618,1.0
basic_dqn,1958,0.05,6,5.0,True,8000,0.0016321977600455284,1.0
basic_dqn,1959,0.05,5,6.0,True,8000,0.0009456775151193142,1.0
basic_dqn,1960,0.05,1,10.0,True,8000,0.0017442383104935288,1.0
basic_dqn,1961,0.05,5,6.0,True,8000,0.0014639167347922921,1.0
basic_dqn,1962,0.05,3,8.0,True,8000,0.000930841255467385,1.0
basic_dqn,1963,0.05,6,5.0,True,8000,0.0012192288413643837,1.0
basic_dqn,1964,0.05,6,5.0,True,8000,0.000443412660388276,1.0
basic_dqn,1965,0.05,4,7.0,True,8000,0.0010410234099254012,1.0
basic_dqn,1966,0.05,5,6.0,True,8000,0.0006481757736764848,1.0
basic_dqn,1967,0.05,2,9.0,True,8000,0.0006564887589775026,1.0
basic_dqn,1968,0.05,5,6.0,True,8000,0.000996254151687026,1.0
basic_dqn,1969,0.05,8,3.0,True,8000,0.00031138124177232385,1.0
basic_dqn,1970,0.05,5,6.0,True,8000,0.0008315445156767964,1.0
basic_dqn,1971,0.05,7,4.0,True,8000,0.00044227117905393243,1.0
basic_dqn,1972,0.05,6,5.0,True,8000,0.0011780167696997523,1.0
basic_dqn,1973,0.05,6,5.0,True,8000,0.0003199760685674846,1.0
basic_dqn,1974,0.05,5,6.0,True,8000,0.00039081787690520287,1.0
basic_dqn,1975,0.05,6,5.0,True,8000,0.0008975372766144574,1.0
basic_dqn,1976,0.05,5,6.0,True,8000,0.00038698414573445916,1.0
basic_dqn,1977,0.05,3,8.0,True,8000,0.0006024402100592852,1.0
basic_dqn,1978,0.05,5,6.0,True,8000,0.0012050953228026628,1.0
basic_dqn,1979,0.05,1,10.0,True,8000,0.0013144530821591616,1.0
basic_dqn,1980,0.05,7,4.0,True,8000,0.000838581589050591,1.0
basic_dqn,1981,0.05,1,10.0,True,8000,0.0015451193321496248,1.0
basic_dqn,1982,0.05,3,8.0,True,8000,0.00143067364115268,1.0
basic_dqn,1983,0.05,3,8.0,True,8000,0.0010290649952366948,1.0
basic_dqn,1984,0.05,6,5.0,True,8000,0.0006388140609487891,1.0
basic_dqn,1985,0.05,7,4.0,True,8000,0.0007675782544538379,1.0
basic_dqn,1986,0.05,3,8.0,True,8000,0.0007235745433717966,1.0
basic_dqn,1987,0.05,2,9.0,True,8000,0.0003400065761525184,1.0
basic_dqn,1988,0.05,4,7.0,True,8000,0.0006496114656329155,1.0
basic_dqn,1989,0.05,3,8.0,True,8000,0.00058994151186198,1.0
basic_dqn,1990,0.05,7,4.0,True,8000,0.00028069602558389306,1.0
basic_dqn,1991,0.05,4,7.0,True,8000,0.00028731286874972284,1.0
basic_dqn,1992,0.05,6,5.0,True,8000,0.0002849872107617557,1.0
basic_dqn,1993,0.05,2,9.0,True,8000,0.0004811590479221195,1.0
basic_dqn,1994,0.05,3,8.0,True,8000,0.00017076096264645457,1.0
basic_dqn,1995,0.05,2,9.0,True,8000,0.00011546268797246739,1.0
basic_dqn,1996,0.05,6,5.0,True,8000,0.0008834817563183606,1.0
basic_dqn,1997,0.05,4,7.0,True,8000,0.00017336577002424747,1.0
basic_dqn,1998,0.05,5,6.0,True,8000,0.0003983050410170108,1.0
basic_dqn,1999,0.05,4,7.0,True,8000,0.0001304819161305204,1.0
basic_dqn,2000,0.05,2,9.0,True,8000,0.00011430746235419065,1.0
basic_dqn,2001,0.05,5,6.0,True,8000,7.761152664897963e-05,1.0
basic_dqn,2002,0.05,4,7.0,True,8000,9.296401549363509e-05,1.0
basic_dqn,2003,0.05,5,6.0,True,8000,0.00030238355975598097,1.0
basic_dqn,2004,0.05,9,2.0,True,8000,0.0004893785226158798,1.0
basic_dqn,2005,0.05,4,7.0,True,8000,0.00026315473951399326,1.0
basic_dqn,2006,0.05,6,5.0,True,8000,0.00036175065906718373,1.0
basic_dqn,2007,0.05,7,4.0,True,8000,0.00019459945906419307,1.0
basic_dqn,2008,0.05,4,7.0,True,8000,0.0004401521000545472,1.0
basic_dqn,2009,0.05,5,6.0,True,8000,0.00040225262637250125,1.0
basic_dqn,2010,0.05,3,8.0,True,8000,0.00024411847698502243,1.0
basic_dqn,2011,0.05,6,5.0,True,8000,0.0005673249834217131,1.0
basic_dqn,2012,0.05,4,7.0,True,8000,0.00030319177312776446,1.0
basic_dqn,2013,0.05,5,6.0,True,8000,0.0003658464993350208,1.0
basic_dqn,2014,0.05,5,6.0,True,8000,0.000812273588962853,1.0
basic_dqn,2015,0.05,6,5.0,True,8000,0.0004636267840396613,1.0
basic_dqn,2016,0.05,4,7.0,True,8000,0.0003629957791417837,1.0
basic_dqn,2017,0.05,3,8.0,True,8000,0.0004024686058983207,1.0
basic_dqn,2018,0.05,6,5.0,True,8000,0.0003348311292938888,1.0
basic_dqn,2019,0.05,1,10.0,True,8000,0.000210432757739909,1.0
basic_dqn,2020,0.05,5,6.0,True,8000,0.0006853347877040505,1.0
basic_dqn,2021,0.05,6,5.0,True,8000,0.00022639011149294674,1.0
basic_dqn,2022,0.05,2,9.0,True,8000,0.00020370242418721318,1.0
basic_dqn,2023,0.05,5,6.0,True,8000,0.0001732455421006307,1.0
basic_dqn,2024,0.05,4,7.0,True,8000,0.00013483819202519953,1.0
basic_dqn,2025,0.05,5,6.0,True,8000,0.0001613656204426661,1.0
basic_dqn,2026,0.05,6,5.0,True,8000,0.00016609985323157161,1.0
basic_dqn,2027,0.05,4,7.0,True,8000,0.0001407155505148694,1.0
basic_dqn,2028,0.05,1,10.0,True,8000,0.0001274273672606796,1.0
basic_dqn,2029,0.05,6,5.0,True,8000,0.00013096405018586665,1.0
basic_dqn,2030,0.05,7,4.0,True,8000,8.233688276959583e-05,1.0
basic_dqn,2031,0.05,4,7.0,True,8000,0.00012571665865834802,1.0
basic_dqn,2032,0.05,2,9.0,True,8000,0.00015887542394921184,1.0
basic_dqn,2033,0.05,8,3.0,True,8000,0.0001413733552908525,1.0
basic_dqn,2034,0.05,2,9.0,True,8000,0.0001127814466599375,1.0
basic_dqn,2035,0.05,3,8.0,True,8000,0.00016591692110523582,1.0
basic_dqn,2036,0.05,5,6.0,True,8000,0.00012692881864495575,1.0
basic_dqn,2037,0.05,5,6.0,True,8000,0.000132692905026488,1.0
basic_dqn,2038,0.05,3,8.0,True,8000,7.153127808123827e-05,1.0
basic_dqn,2039,0.05,1,10.0,True,8000,9.045461774803698e-05,1.0
basic_dqn,2040,0.05,4,7.0,True,8000,7.7369375503622e-05,1.0
basic_dqn,2041,0.05,1,10.0,True,8000,0.00010436402226332575,1.0
basic_dqn,2042,0.05,2,9.0,True,8000,0.00010117310011992231,1.0
basic_dqn,2043,0.05,9,2.0,True,8000,0.00013451259292196482,1.0
basic_dqn,2044,0.05,3,8.0,True,8000,0.00013357168063521385,1.0
basic_dqn,2045,0.05,7,4.0,True,8000,6.0319860494928434e-05,1.0
basic_dqn,2046,0.05,7,4.0,True,8000,3.848077176371589e-05,1.0
basic_dqn,2047,0.05,7,4.0,True,8000,3.221511724404991e-05,1.0
basic_dqn,2048,0.05,5,6.0,True,8000,2.0721730834338814e-05,1.0
basic_dqn,2049,0.05,7,4.0,True,8000,2.492721250746399e-05,1.0
basic_dqn,2050,0.05,4,7.0,True,8000,1.3491167919710279e-05,1.0
basic_dqn,2051,0.05,2,9.0,True,8000,2.6612944566295482e-05,1.0
basic_dqn,2052,0.05,6,5.0,True,8000,5.6418398344249e-06,1.0
basic_dqn,2053,0.05,3,8.0,True,8000,1.132686338678468e-05,1.0
basic_dqn,2054,0.05,6,5.0,True,8000,5.476134447235381e-06,1.0
basic_dqn,2055,0.05,5,6.0,True,8000,1.1553301192179788e-05,1.0
basic_dqn,2056,0.05,1,10.0,True,8000,1.683328446233645e-05,1.0
basic_dqn,2057,0.05,4,7.0,True,8000,1.4848580576654058e-05,1.0
basic_dqn,2058,0.05,6,5.0,True,8000,9.312487236456946e-06,1.0
basic_dqn,2059,0.05,3,8.0,True,8000,3.7317327041819226e-06,1.0
basic_dqn,2060,0.05,5,6.0,True,8000,3.813996954704635e-06,1.0
basic_dqn,2061,0.05,3,8.0,True,8000,8.26040286483476e-06,1.0
basic_dqn,2062,0.05,7,4.0,True,8000,6.729542747052619e-06,1.0
basic_dqn,2063,0.05,5,6.0,True,8000,1.014156350720441e-05,1.0
basic_dqn,2064,0.05,7,4.0,True,8000,1.312713538936805e-05,1.0
basic_dqn,2065,0.05,5,6.0,True,8000,2.5448407541261986e-06,1.0
basic_dqn,2066,0.05,4,7.0,True,8000,6.545743417518679e-06,1.0
basic_dqn,2067,0.05,6,5.0,True,8000,2.592742021079175e-06,1.0
basic_dqn,2068,0.05,6,5.0,True,8000,2.471105744916713e-06,1.0
basic_dqn,2069,0.05,3,8.0,True,8000,3.526931777741993e-06,1.0
basic_dqn,2070,0.05,6,5.0,True,8000,2.181580384785775e-06,1.0
basic_dqn,2071,0.05,3,8.0,True,8000,2.9551947591244243e-06,1.0
basic_dqn,2072,0.05,5,6.0,True,8000,1.8599176883071777e-06,1.0
basic_dqn,2073,0.05,5,6.0,True,8000,3.370135345903691e-06,1.0
basic_dqn,2074,0.05,5,6.0,True,8000,1.5617948747603805e-06,1.0
basic_dqn,2075,0.05,3,8.0,True,8000,2.6437955966684967e-06,1.0
basic_dqn,2076,0.05,8,3.0,True,8000,2.3727934603812173e-06,1.0
basic_dqn,2077,0.05,5,6.0,True,8000,2.166764261346543e-06,1.0
basic_dqn,2078,0.05,1,10.0,True,8000,1.8436576283420436e-06,1.0
basic_dqn,2079,0.05,6,5.0,True,8000,1.454044877391425e-06,1.0
basic_dqn,2080,0.05,6,5.0,True,8000,1.148753653978929e-06,1.0
basic_dqn,2081,0.05,4,7.0,True,8000,1.4816250768490136e-06,1.0
basic_dqn,2082,0.05,2,9.0,True,8000,1.0662331533239922e-06,1.0
basic_dqn,2083,0.05,6,5.0,True,8000,1.6364664361390169e-06,1.0
basic_dqn,2084,0.05,8,3.0,True,8000,6.972151140871574e-07,1.0
basic_dqn,2085,0.05,6,5.0,True,8000,1.4964562069508247e-06,1.0
basic_dqn,2086,0.05,4,7.0,True,8000,1.6652504655212397e-06,1.0
basic_dqn,2087,0.05,6,5.0,True,8000,1.790251417332911e-06,1.0
basic_dqn,2088,0.05,6,5.0,True,8000,2.5086169443966355e-06,1.0
basic_dqn,2089,0.05,6,5.0,True,8000,3.4366678391961614e-06,1.0
basic_dqn,2090,0.05,3,8.0,True,8000,1.4478309822152369e-06,1.0
basic_dqn,2091,0.05,2,9.0,True,8000,2.246836174890632e-06,1.0
basic_dqn,2092,0.05,4,7.0,True,8000,6.451629815273918e-06,1.0
basic_dqn,2093,0.05,6,5.0,True,8000,1.8312613292437163e-06,1.0
basic_dqn,2094,0.05,5,6.0,True,8000,4.561379228107398e-06,1.0
basic_dqn,2095,0.05,3,8.0,True,8000,3.490808694550651e-06,1.0
basic_dqn,2096,0.05,6,5.0,True,8000,4.191169864498079e-06,1.0
basic_dqn,2097,0.05,7,4.0,True,8000,5.288106876832899e-06,1.0
basic_dqn,2098,0.05,4,7.0,True,8000,1.2886084732599556e-06,1.0
basic_dqn,2099,0.05,5,6.0,True,8000,2.9107109185133595e-06,1.0
basic_dqn,2100,0.05,6,5.0,True,8000,1.9704862097569276e-06,1.0
basic_dqn,2101,0.05,10,1.0,True,8000,2.2758911200071452e-06,1.0
basic_dqn,2102,0.05,5,6.0,True,8000,1.2238389217600343e-06,1.0
basic_dqn,2103,0.05,2,9.0,True,8000,3.1990939532988705e-06,1.0
basic_dqn,2104,0.05,1,10.0,True,8000,4.0198756323661655e-06,1.0
basic_dqn,2105,0.05,5,6.0,True,8000,2.130917437170865e-06,1.0
basic_dqn,2106,0.05,5,6.0,True,8000,2.517230313969776e-06,1.0
basic_dqn,2107,0.05,3,8.0,True,8000,1.0670288475012057e-06,1.0
basic_dqn,2108,0.05,4,7.0,True,8000,2.664315388756222e-06,1.0
basic_dqn,2109,0.05,4,7.0,True,8000,3.262188329244964e-06,1.0
basic_dqn,2110,0.05,4,7.0,True,8000,3.146787094010506e-06,1.0
basic_dqn,2111,0.05,6,5.0,True,8000,1.1228286211917293e-06,1.0
basic_dqn,2112,0.05,7,4.0,True,8000,4.479248218558496e-06,1.0
basic_dqn,2113,0.05,5,6.0,True,8000,2.3113511815608945e-06,1.0
basic_dqn,2114,0.05,8,3.0,True,8000,4.444862042873865e-06,1.0
basic_dqn,2115,0.05,3,8.0,True,8000,5.171473731024889e-06,1.0
basic_dqn,2116,0.05,3,8.0,True,8000,2.043527501882636e-06,1.0
basic_dqn,2117,0.05,7,4.0,True,8000,6.840635251137428e-06,1.0
basic_dqn,2118,0.05,5,6.0,True,8000,4.143870683037676e-06,1.0
basic_dqn,2119,0.05,5,6.0,True,8000,1.8370897123531904e-06,1.0
basic_dqn,2120,0.05,4,7.0,True,8000,1.7300222907579155e-06,1.0
basic_dqn,2121,0.05,4,7.0,True,8000,4.931972625854542e-07,1.0
basic_dqn,2122,0.05,3,8.0,True,8000,8.957271688814217e-07,1.0
basic_dqn,2123,0.05,4,7.0,True,8000,8.061641665335628e-07,1.0
basic_dqn,2124,0.05,5,6.0,True,8000,7.408807505271398e-07,1.0
basic_dqn,2125,0.05,6,5.0,True,8000,8.878952257873607e-07,1.0
basic_dqn,2126,0.05,4,7.0,True,8000,2.3859470275056083e-06,1.0
basic_dqn,2127,0.05,4,7.0,True,8000,1.4379858157553826e-06,1.0
basic_dqn,2128,0.05,4,7.0,True,8000,1.957030690391548e-06,1.0
basic_dqn,2129,0.05,3,8.0,True,8000,3.7069337395223556e-06,1.0
basic_dqn,2130,0.05,2,9.0,True,8000,1.2516271681306534e-06,1.0
basic_dqn,2131,0.05,4,7.0,True,8000,1.9047879504796583e-06,1.0
basic_dqn,2132,0.05,5,6.0,True,8000,8.113341323223722e-07,1.0
basic_dqn,2133,0.05,3,8.0,True,8000,6.525400522150449e-07,1.0
basic_dqn,2134,0.05,6,5.0,True,8000,1.0010006690208684e-06,1.0
basic_dqn,2135,0.05,3,8.0,True,8000,5.668443350259622e-07,1.0
basic_dqn,2136,0.05,5,6.0,True,8000,9.231525837094523e-07,1.0
basic_dqn,2137,0.05,3,8.0,True,8000,8.403410447499482e-07,1.0
basic_dqn,2138,0.05,5,6.0,True,8000,5.586157953985094e-07,1.0
basic_dqn,2139,0.05,4,7.0,True,8000,8.021589792406303e-07,1.0
basic_dqn,2140,0.05,6,5.0,True,8000,1.6618639619991882e-07,1.0
basic_dqn,2141,0.05,5,6.0,True,8000,5.227498718340939e-07,1.0
basic_dqn,2142,0.05,3,8.0,True,8000,1.333307153572605e-07,1.0
basic_dqn,2143,0.05,6,5.0,True,8000,1.995446723412897e-07,1.0
basic_dqn,2144,0.05,6,5.0,True,8000,6.066452442610171e-07,1.0
basic_dqn,2145,0.05,6,5.0,True,8000,4.512088196406694e-07,1.0
basic_dqn,2146,0.05,6,5.0,True,8000,8.087901051112567e-07,1.0
basic_dqn,2147,0.05,1,10.0,True,8000,4.712812824436696e-07,1.0
basic_dqn,2148,0.05,8,3.0,True,8000,2.7079209985458874e-07,1.0
basic_dqn,2149,0.05,5,6.0,True,8000,8.391417622988229e-07,1.0
basic_dqn,2150,0.05,6,5.0,True,8000,5.962199338682694e-07,1.0
basic_dqn,2151,0.05,4,7.0,True,8000,3.312228784579929e-07,1.0
basic_dqn,2152,0.05,2,9.0,True,8000,3.0691219876644027e-07,1.0
basic_dqn,2153,0.05,3,8.0,True,8000,4.6646596274513286e-07,1.0
basic_dqn,2154,0.05,2,9.0,True,8000,1.9456763311609393e-06,1.0
basic_dqn,2155,0.05,3,8.0,True,8000,8.049402708820708e-07,1.0
basic_dqn,2156,0.05,5,6.0,True,8000,5.905328634980833e-07,1.0
basic_dqn,2157,0.05,8,3.0,True,8000,1.2295693068153923e-06,1.0
basic_dqn,2158,0.05,6,5.0,True,8000,9.414660553375143e-07,1.0
basic_dqn,2159,0.05,4,7.0,True,8000,2.8466729418141767e-06,1.0
basic_dqn,2160,0.05,1,10.0,True,8000,2.176573616452515e-06,1.0
basic_dqn,2161,0.05,7,4.0,True,8000,1.838283992583456e-06,1.0
basic_dqn,2162,0.05,6,5.0,True,8000,2.46973468165379e-06,1.0
basic_dqn,2163,0.05,8,3.0,True,8000,1.8307921436644392e-06,1.0
basic_dqn,2164,0.05,6,5.0,True,8000,2.349052692807163e-06,1.0
basic_dqn,2165,0.05,6,5.0,True,8000,7.517407993873348e-07,1.0
basic_dqn,2166,0.05,5,6.0,True,8000,6.664103011644329e-07,1.0
basic_dqn,2167,0.05,4,7.0,True,8000,1.6701270624253084e-06,1.0
basic_dqn,2168,0.05,2,9.0,True,8000,1.8540414430390229e-06,1.0
basic_dqn,2169,0.05,5,6.0,True,8000,1.5687327277191798e-06,1.0
basic_dqn,2170,0.05,6,5.0,True,8000,4.652581537811784e-06,1.0
basic_dqn,2171,0.05,6,5.0,True,8000,2.7630317163129803e-06,1.0
basic_dqn,2172,0.05,7,4.0,True,8000,2.721940973060555e-06,1.0
basic_dqn,2173,0.05,6,5.0,True,8000,3.3210608307854272e-06,1.0
basic_dqn,2174,0.05,4,7.0,True,8000,3.4847191727749305e-06,1.0
basic_dqn,2175,0.05,7,4.0,True,8000,1.120196316151123e-06,1.0
basic_dqn,2176,0.05,4,7.0,True,8000,6.308185220404994e-06,1.0
basic_dqn,2177,0.05,6,5.0,True,8000,2.3986578980839113e-06,1.0
basic_dqn,2178,0.05,4,7.0,True,8000,6.8947892941650935e-06,1.0
basic_dqn,2179,0.05,2,9.0,True,8000,1.529987457615789e-05,1.0
basic_dqn,2180,0.05,5,6.0,True,8000,2.5223307602573186e-06,1.0
basic_dqn,2181,0.05,1,10.0,True,8000,3.5768593988905195e-06,1.0
basic_dqn,2182,0.05,6,5.0,True,8000,1.5024058939161478e-06,1.0
basic_dqn,2183,0.05,4,7.0,True,8000,9.543133501210832e-07,1.0
basic_dqn,2184,0.05,6,5.0,True,8000,2.3402751594403526e-06,1.0
basic_dqn,2185,0.05,2,9.0,True,8000,2.352094725210918e-06,1.0
basic_dqn,2186,0.05,10,1.0,True,8000,3.4123638670280343e-06,1.0
basic_dqn,2187,0.05,3,8.0,True,8000,7.865897714509629e-06,1.0
basic_dqn,2188,0.05,4,7.0,True,8000,1.6059957488323562e-06,1.0
basic_dqn,2189,0.05,7,4.0,True,8000,5.621897344099125e-06,1.0
basic_dqn,2190,0.05,1,10.0,True,8000,3.2093626032292377e-06,1.0
basic_dqn,2191,0.05,7,4.0,True,8000,8.514843102602754e-06,1.0
basic_dqn,2192,0.05,2,9.0,True,8000,7.482235560019035e-06,1.0
basic_dqn,2193,0.05,5,6.0,True,8000,3.854116948787123e-05,1.0
basic_dqn,2194,0.05,5,6.0,True,8000,6.012497124174843e-06,1.0
basic_dqn,2195,0.05,5,6.0,True,8000,1.7580965504748747e-05,1.0
basic_dqn,2196,0.05,7,4.0,True,8000,3.286265200586058e-05,1.0
basic_dqn,2197,0.05,3,8.0,True,8000,4.0697188524063677e-05,1.0
basic_dqn,2198,0.05,7,4.0,True,8000,4.536200867732987e-05,1.0
basic_dqn,2199,0.05,4,7.0,True,8000,0.00014456463395617902,1.0
basic_dqn,2200,0.05,1,10.0,True,8000,6.231119186850265e-05,1.0
