variant,episode,epsilon,moves,return,won,replay_size,loss,rolling_success_100
dueling_dqn,1,1.0,20,-9.0,True,20,,1.0
dueling_dqn,2,0.99932,40,-40.0,False,60,,0.5
dueling_dqn,3,0.99864,40,-40.0,False,100,1.3564649820327759,0.3333333333333333
dueling_dqn,4,0.99796,10,1.0,True,110,1.0916208028793335,0.5
dueling_dqn,5,0.99729,19,-8.0,True,129,0.03924979269504547,0.6
dueling_dqn,6,0.99661,40,-40.0,False,169,4.853471279144287,0.5
dueling_dqn,7,0.99593,16,-5.0,True,185,1.8352636098861694,0.5714285714285714
dueling_dqn,8,0.99525,40,-40.0,False,225,1.1616379022598267,0.5
dueling_dqn,9,0.99457,40,-40.0,False,265,3.997837543487549,0.4444444444444444
dueling_dqn,10,0.99389,40,-40.0,False,305,1.3177845478057861,0.4
dueling_dqn,11,0.99321,16,-5.0,True,321,1.5620276927947998,0.45454545454545453
dueling_dqn,12,0.99254,34,-23.0,True,355,0.7490578889846802,0.5
dueling_dqn,13,0.99186,39,-48.0,False,394,1.1767915487289429,0.46153846153846156
dueling_dqn,14,0.99118,40,-40.0,False,434,1.2810370922088623,0.42857142857142855
dueling_dqn,15,0.9905,40,-40.0,False,474,2.58927583694458,0.4
dueling_dqn,16,0.98982,16,-25.0,False,490,1.1697646379470825,0.375
dueling_dqn,17,0.98914,9,2.0,True,499,0.9179777503013611,0.4117647058823529
dueling_dqn,18,0.98846,17,-6.0,True,516,1.358521580696106,0.4444444444444444
dueling_dqn,19,0.98779,12,-21.0,False,528,1.741235375404358,0.42105263157894735
dueling_dqn,20,0.98711,16,-25.0,False,544,0.7539029121398926,0.4
dueling_dqn,21,0.98643,40,-40.0,False,584,1.9525065422058105,0.38095238095238093
dueling_dqn,22,0.98575,31,-20.0,True,615,1.7912901639938354,0.4090909090909091
dueling_dqn,23,0.98507,40,-40.0,False,655,0.5639994144439697,0.391304347826087
dueling_dqn,24,0.98439,40,-40.0,False,695,0.5127629041671753,0.375
dueling_dqn,25,0.98371,40,-40.0,False,735,0.2893604636192322,0.36
dueling_dqn,26,0.98304,21,-10.0,True,756,0.08946577459573746,0.38461538461538464
dueling_dqn,27,0.98236,40,-40.0,False,796,0.20825207233428955,0.37037037037037035
dueling_dqn,28,0.98168,40,-40.0,False,836,0.053926754742860794,0.35714285714285715
dueling_dqn,29,0.981,40,-40.0,False,876,0.4355924725532532,0.3448275862068966
dueling_dqn,30,0.98032,40,-40.0,False,916,0.0797797292470932,0.3333333333333333
dueling_dqn,31,0.97964,21,-10.0,True,937,0.05250072479248047,0.3548387096774194
dueling_dqn,32,0.97896,40,-29.0,True,977,0.2196800708770752,0.375
dueling_dqn,33,0.97829,33,-22.0,True,1010,0.07409537583589554,0.3939393939393939
dueling_dqn,34,0.97761,18,-27.0,False,1028,0.06636833399534225,0.38235294117647056
dueling_dqn,35,0.97693,23,-12.0,True,1051,0.041422754526138306,0.4
dueling_dqn,36,0.97625,31,-40.0,False,1082,0.09460555016994476,0.3888888888888889
dueling_dqn,37,0.97557,23,-32.0,False,1105,0.045157983899116516,0.3783783783783784
dueling_dqn,38,0.97489,40,-40.0,False,1145,0.019418347626924515,0.3684210526315789
dueling_dqn,39,0.97421,5,6.0,True,1150,0.020295286551117897,0.38461538461538464
dueling_dqn,40,0.97354,40,-40.0,False,1190,0.04019146040081978,0.375
dueling_dqn,41,0.97286,40,-40.0,False,1230,0.02112947404384613,0.36585365853658536
dueling_dqn,42,0.97218,40,-40.0,False,1270,0.08382722735404968,0.35714285714285715
dueling_dqn,43,0.9715,40,-40.0,False,1310,0.011068415828049183,0.3488372093023256
dueling_dqn,44,0.97082,40,-40.0,False,1350,0.00746885733678937,0.3409090909090909
dueling_dqn,45,0.97014,40,-40.0,False,1390,0.013866379857063293,0.3333333333333333
dueling_dqn,46,0.96946,30,-19.0,True,1420,0.01416566502302885,0.34782608695652173
dueling_dqn,47,0.96879,11,0.0,True,1431,0.002464334713295102,0.3617021276595745
dueling_dqn,48,0.96811,40,-40.0,False,1471,0.033958278596401215,0.3541666666666667
dueling_dqn,49,0.96743,40,-40.0,False,1511,0.002022701082751155,0.3469387755102041
dueling_dqn,50,0.96675,18,-7.0,True,1529,0.001725795678794384,0.36
dueling_dqn,51,0.96607,6,-15.0,False,1535,0.0007983900723047554,0.35294117647058826
dueling_dqn,52,0.96539,40,-40.0,False,1575,0.00806432869285345,0.34615384615384615
dueling_dqn,53,0.96471,40,-40.0,False,1615,0.0010549731086939573,0.33962264150943394
dueling_dqn,54,0.96404,11,-20.0,False,1626,0.0007582128164358437,0.3333333333333333
dueling_dqn,55,0.96336,27,-16.0,True,1653,0.00021600854233838618,0.34545454545454546
dueling_dqn,56,0.96268,7,4.0,True,1660,0.0003203966480214149,0.35714285714285715
dueling_dqn,57,0.962,9,2.0,True,1669,0.004571910481899977,0.3684210526315789
dueling_dqn,58,0.96132,25,-34.0,False,1694,0.0007967260899022222,0.3620689655172414
dueling_dqn,59,0.96064,40,-40.0,False,1734,0.0005339680938050151,0.3559322033898305
dueling_dqn,60,0.95996,29,-38.0,False,1763,8.160930883605033e-05,0.35
dueling_dqn,61,0.95929,37,-46.0,False,1800,0.0005858209915459156,0.3442622950819672
dueling_dqn,62,0.95861,35,-44.0,False,1835,0.00011677828297251835,0.3387096774193548
dueling_dqn,63,0.95793,40,-40.0,False,1875,0.0006540312897413969,0.3333333333333333
dueling_dqn,64,0.95725,40,-40.0,False,1915,0.000268975185463205,0.328125
dueling_dqn,65,0.95657,32,-41.0,False,1947,0.00019588884606491774,0.3230769230769231
dueling_dqn,66,0.95589,9,-18.0,False,1956,0.0013024816289544106,0.3181818181818182
dueling_dqn,67,0.95521,19,-28.0,False,1975,0.001062569790519774,0.31343283582089554
dueling_dqn,68,0.95454,40,-49.0,False,2015,0.00012566795339807868,0.3088235294117647
dueling_dqn,69,0.95386,21,-30.0,False,2036,0.0005738841136917472,0.30434782608695654
dueling_dqn,70,0.95318,10,1.0,True,2046,9.935662819771096e-05,0.3142857142857143
dueling_dqn,71,0.9525,4,-13.0,False,2050,8.316758612636477e-05,0.30985915492957744
dueling_dqn,72,0.95182,40,-40.0,False,2090,0.0004860413318965584,0.3055555555555556
dueling_dqn,73,0.95114,37,-26.0,True,2127,0.00029743395862169564,0.3150684931506849
dueling_dqn,74,0.95046,15,-24.0,False,2142,5.4280659242067486e-05,0.3108108108108108
dueling_dqn,75,0.94979,30,-19.0,True,2172,0.0002067276363959536,0.32
dueling_dqn,76,0.94911,1,10.0,True,2173,0.00017363077495247126,0.32894736842105265
dueling_dqn,77,0.94843,30,-39.0,False,2203,4.547484786598943e-05,0.3246753246753247
dueling_dqn,78,0.94775,40,-40.0,False,2243,7.599238597322255e-05,0.32051282051282054
dueling_dqn,79,0.94707,29,-38.0,False,2272,0.0001996763312490657,0.31645569620253167
dueling_dqn,80,0.94639,40,-40.0,False,2312,1.1780475688283332e-05,0.3125
dueling_dqn,81,0.94571,40,-40.0,False,2352,2.495710305083776e-06,0.30864197530864196
dueling_dqn,82,0.94504,9,-18.0,False,2361,4.014243586425437e-06,0.3048780487804878
dueling_dqn,83,0.94436,1,10.0,True,2362,6.442291578423465e-06,0.3132530120481928
dueling_dqn,84,0.94368,1,10.0,True,2363,1.6445194432890275e-06,0.32142857142857145
dueling_dqn,85,0.943,6,5.0,True,2369,4.628983515431173e-05,0.32941176470588235
dueling_dqn,86,0.94232,18,-27.0,False,2387,1.025940764520783e-05,0.32558139534883723
dueling_dqn,87,0.94164,40,-40.0,False,2427,2.6670584247767692e-06,0.3218390804597701
dueling_dqn,88,0.94096,40,-40.0,False,2467,2.7394429707783274e-05,0.3181818181818182
dueling_dqn,89,0.94029,9,2.0,True,2476,1.920268732646946e-05,0.3258426966292135
dueling_dqn,90,0.93961,9,-18.0,False,2485,1.0154228220926598e-05,0.32222222222222224
dueling_dqn,91,0.93893,40,-40.0,False,2525,4.106438154849457e-06,0.31868131868131866
dueling_dqn,92,0.93825,12,-1.0,True,2537,1.6689355106791481e-06,0.32608695652173914
dueling_dqn,93,0.93757,29,-18.0,True,2566,9.529487215331756e-06,0.3333333333333333
dueling_dqn,94,0.93689,9,2.0,True,2575,8.174351933121216e-06,0.3404255319148936
dueling_dqn,95,0.93621,23,-12.0,True,2598,2.184488948842045e-06,0.3473684210526316
dueling_dqn,96,0.93554,23,-12.0,True,2621,2.7570001748244977e-06,0.3541666666666667
dueling_dqn,97,0.93486,40,-40.0,False,2661,6.105577767812065e-07,0.35051546391752575
dueling_dqn,98,0.93418,1,10.0,True,2662,1.4474959471044713e-06,0.35714285714285715
dueling_dqn,99,0.9335,1,-10.0,False,2663,1.3331609807210043e-06,0.35353535353535354
dueling_dqn,100,0.93282,40,-40.0,False,2703,5.427242513178498e-07,0.35
dueling_dqn,101,0.93214,40,-40.0,False,2743,1.6014189441193594e-06,0.34
dueling_dqn,102,0.93146,14,-3.0,True,2757,1.3637236406793818e-07,0.35
dueling_dqn,103,0.93079,40,-40.0,False,2797,1.0529157634664443e-06,0.35
dueling_dqn,104,0.93011,40,-29.0,True,2837,3.5543857279662916e-07,0.35
dueling_dqn,105,0.92943,35,-24.0,True,2872,6.586784024875669e-07,0.35
dueling_dqn,106,0.92875,1,-10.0,False,2873,5.146741273165389e-07,0.35
dueling_dqn,107,0.92807,23,-12.0,True,2896,1.822717052846201e-07,0.35
dueling_dqn,108,0.92739,3,-12.0,False,2899,1.6320252882451314e-07,0.35
dueling_dqn,109,0.92671,25,-14.0,True,2924,5.0265903439594695e-08,0.36
dueling_dqn,110,0.92604,40,-40.0,False,2964,9.648730383560178e-07,0.36
dueling_dqn,111,0.92536,33,-42.0,False,2997,9.08075463712521e-08,0.35
dueling_dqn,112,0.92468,27,-36.0,False,3024,9.992427330018927e-09,0.34
dueling_dqn,113,0.924,40,-40.0,False,3064,4.937014068673307e-07,0.34
dueling_dqn,114,0.92332,18,-7.0,True,3082,2.038543840399143e-07,0.35
dueling_dqn,115,0.92264,24,-13.0,True,3106,4.023669220032389e-08,0.36
dueling_dqn,116,0.92196,40,-40.0,False,3146,8.127626571763358e-09,0.36
dueling_dqn,117,0.92129,13,-2.0,True,3159,4.028398503663766e-09,0.36
dueling_dqn,118,0.92061,2,-11.0,False,3161,6.358343629386809e-09,0.35
dueling_dqn,119,0.91993,40,-40.0,False,3201,1.776867719627262e-08,0.35
dueling_dqn,120,0.91925,11,0.0,True,3212,1.5953615317698677e-08,0.36
dueling_dqn,121,0.91857,27,-16.0,True,3239,5.742430086996819e-09,0.37
dueling_dqn,122,0.91789,2,-11.0,False,3241,2.3849446861845536e-09,0.36
dueling_dqn,123,0.91721,38,-27.0,True,3279,7.067319529596716e-08,0.37
dueling_dqn,124,0.91654,6,5.0,True,3285,4.6245034468483937e-08,0.38
dueling_dqn,125,0.91586,1,-10.0,False,3286,2.7996929219398226e-08,0.38
dueling_dqn,126,0.91518,14,-23.0,False,3300,1.2499408619248698e-08,0.37
dueling_dqn,127,0.9145,7,4.0,True,3307,1.0656968640887499e-08,0.38
dueling_dqn,128,0.91382,20,-9.0,True,3327,3.082531563336488e-09,0.39
dueling_dqn,129,0.91314,40,-40.0,False,3367,1.188834133358796e-07,0.39
dueling_dqn,130,0.91246,40,-40.0,False,3407,5.412967407636415e-09,0.39
dueling_dqn,131,0.91179,40,-29.0,True,3447,9.408547274603052e-10,0.39
dueling_dqn,132,0.91111,3,8.0,True,3450,4.730882352532717e-10,0.39
dueling_dqn,133,0.91043,24,-13.0,True,3474,2.357890238613436e-08,0.39
dueling_dqn,134,0.90975,1,-10.0,False,3475,2.077750949069923e-08,0.39
dueling_dqn,135,0.90907,17,-26.0,False,3492,9.780450227481197e-09,0.38
dueling_dqn,136,0.90839,14,-23.0,False,3506,4.173174694699355e-09,0.38
dueling_dqn,137,0.90771,40,-40.0,False,3546,3.719959895676084e-10,0.38
dueling_dqn,138,0.90704,18,-7.0,True,3564,3.6954393323185286e-08,0.39
dueling_dqn,139,0.90636,9,2.0,True,3573,2.4608102222600792e-08,0.39
dueling_dqn,140,0.90568,40,-40.0,False,3613,1.3000880372260326e-09,0.39
dueling_dqn,141,0.905,5,-14.0,False,3618,9.087011143549262e-10,0.39
dueling_dqn,142,0.90432,40,-40.0,False,3658,2.2001611643673868e-10,0.39
dueling_dqn,143,0.90364,40,-40.0,False,3698,9.961116376189239e-10,0.39
dueling_dqn,144,0.90296,20,-9.0,True,3718,3.0613178658711604e-10,0.4
dueling_dqn,145,0.90229,40,-40.0,False,3758,4.457162416926508e-11,0.4
dueling_dqn,146,0.90161,29,-18.0,True,3787,1.9114367866279736e-09,0.4
dueling_dqn,147,0.90093,25,-34.0,False,3812,1.8334095353012003e-10,0.39
dueling_dqn,148,0.90025,3,-12.0,False,3815,1.7643692062918603e-10,0.39
dueling_dqn,149,0.89957,21,-30.0,False,3836,4.5829229300409224e-11,0.39
dueling_dqn,150,0.89889,40,-40.0,False,3876,1.728675425027859e-09,0.38
dueling_dqn,151,0.89821,12,-1.0,True,3888,1.0019538532191063e-09,0.39
dueling_dqn,152,0.89754,8,3.0,True,3896,4.609246873066297e-10,0.4
dueling_dqn,153,0.89686,17,-26.0,False,3913,1.18998200182574e-10,0.4
dueling_dqn,154,0.89618,40,-40.0,False,3953,1.3831935596897438e-11,0.4
dueling_dqn,155,0.8955,40,-40.0,False,3993,3.587333208265875e-10,0.39
dueling_dqn,156,0.89482,39,-48.0,False,4032,2.2180701719776152e-11,0.38
dueling_dqn,157,0.89414,11,0.0,True,4043,7.649214595062404e-12,0.38
dueling_dqn,158,0.89346,2,9.0,True,4045,1.4213519250461104e-11,0.39
dueling_dqn,159,0.89279,10,-19.0,False,4055,7.543743407723014e-12,0.39
dueling_dqn,160,0.89211,40,-40.0,False,4095,9.792761046512055e-11,0.39
dueling_dqn,161,0.89143,40,-40.0,False,4135,8.713918475677929e-12,0.39
dueling_dqn,162,0.89075,16,-5.0,True,4151,3.389954983390453e-12,0.4
dueling_dqn,163,0.89007,2,9.0,True,4153,3.5820790778018363e-12,0.41
dueling_dqn,164,0.88939,40,-40.0,False,4193,8.843592524954147e-11,0.41
dueling_dqn,165,0.88871,40,-40.0,False,4233,2.90656387846866e-12,0.41
dueling_dqn,166,0.88804,40,-40.0,False,4273,2.0773444076027658e-10,0.41
dueling_dqn,167,0.88736,4,7.0,True,4277,9.193290573250579e-11,0.42
dueling_dqn,168,0.88668,14,-3.0,True,4291,3.549893712317953e-11,0.43
dueling_dqn,169,0.886,40,-40.0,False,4331,1.1468603844377867e-12,0.43
dueling_dqn,170,0.88532,2,9.0,True,4333,7.313594174718219e-13,0.43
dueling_dqn,171,0.88464,17,-26.0,False,4350,4.2138514899647816e-13,0.43
dueling_dqn,172,0.88396,40,-40.0,False,4390,1.0823120177860801e-11,0.43
dueling_dqn,173,0.88329,9,-18.0,False,4399,9.91573489983466e-12,0.42
dueling_dqn,174,0.88261,6,5.0,True,4405,5.670186542516831e-12,0.43
dueling_dqn,175,0.88193,40,-40.0,False,4445,2.911559882079473e-13,0.42
dueling_dqn,176,0.88125,20,-9.0,True,4465,6.593736667781513e-11,0.42
dueling_dqn,177,0.88057,32,-21.0,True,4497,2.6361135496699717e-12,0.43
dueling_dqn,178,0.87989,31,-40.0,False,4528,3.6426417437951386e-13,0.43
dueling_dqn,179,0.87921,40,-40.0,False,4568,1.4891310406994762e-11,0.43
dueling_dqn,180,0.87854,17,-6.0,True,4585,3.2023272922288015e-12,0.44
dueling_dqn,181,0.87786,15,-4.0,True,4600,1.2176926134088717e-12,0.45
dueling_dqn,182,0.87718,20,-9.0,True,4620,2.469136006766348e-13,0.46
dueling_dqn,183,0.8765,23,-12.0,True,4643,1.7119639039719914e-13,0.46
dueling_dqn,184,0.87582,23,-12.0,True,4666,1.0838663300205553e-11,0.46
dueling_dqn,185,0.87514,19,-8.0,True,4685,3.4029445927785673e-12,0.46
dueling_dqn,186,0.87446,40,-40.0,False,4725,1.2811973704174306e-13,0.46
dueling_dqn,187,0.87379,12,-1.0,True,4737,1.755817713444685e-13,0.47
dueling_dqn,188,0.87311,5,6.0,True,4742,1.971756091734278e-13,0.48
dueling_dqn,189,0.87243,23,-12.0,True,4765,5.537958980283975e-12,0.48
dueling_dqn,190,0.87175,28,-17.0,True,4793,4.211075932403219e-13,0.49
dueling_dqn,191,0.87107,29,-18.0,True,4822,1.3877787807814457e-13,0.5
dueling_dqn,192,0.87039,40,-40.0,False,4862,7.654987754790454e-14,0.49
dueling_dqn,193,0.86971,40,-40.0,False,4902,1.2234657731369225e-13,0.48
dueling_dqn,194,0.86904,22,-11.0,True,4924,6.755707104844078e-14,0.48
dueling_dqn,195,0.86836,34,-43.0,False,4958,1.2301271112846734e-13,0.47
dueling_dqn,196,0.86768,34,-23.0,True,4992,2.18103313187612e-13,0.47
dueling_dqn,197,0.867,21,-10.0,True,5013,1.1074474670635936e-13,0.48
dueling_dqn,198,0.86632,40,-40.0,False,5053,1.3389289676979388e-13,0.47
dueling_dqn,199,0.86564,24,-13.0,True,5077,2.4386048735891563e-13,0.48
dueling_dqn,200,0.86496,14,-3.0,True,5091,9.947598300641403e-14,0.49
dueling_dqn,201,0.86429,3,8.0,True,5094,1.088573675644966e-13,0.5
dueling_dqn,202,0.86361,40,-29.0,True,5134,6.45039577307216e-14,0.5
dueling_dqn,203,0.86293,40,-40.0,False,5174,3.019806626980426e-13,0.5
dueling_dqn,204,0.86225,40,-40.0,False,5214,4.363176486776865e-14,0.49
dueling_dqn,205,0.86157,7,4.0,True,5221,1.2878587085651816e-13,0.49
dueling_dqn,206,0.86089,37,-26.0,True,5258,7.127631818093505e-14,0.5
dueling_dqn,207,0.86021,40,-40.0,False,5298,1.021405182655144e-13,0.49
dueling_dqn,208,0.85954,11,0.0,True,5309,1.3944401189291966e-13,0.5
dueling_dqn,209,0.85886,7,4.0,True,5316,6.766809335090329e-14,0.5
dueling_dqn,210,0.85818,25,-14.0,True,5341,8.798517470154366e-14,0.51
dueling_dqn,211,0.8575,34,-23.0,True,5375,1.592614928824787e-13,0.52
dueling_dqn,212,0.85682,17,-6.0,True,5392,1.13464793116691e-13,0.53
dueling_dqn,213,0.85614,23,-32.0,False,5415,7.205347429817266e-14,0.53
dueling_dqn,214,0.85546,17,-6.0,True,5432,8.509859483751825e-14,0.53
dueling_dqn,215,0.85479,32,-21.0,True,5464,4.428124533717437e-13,0.53
dueling_dqn,216,0.85411,27,-16.0,True,5491,9.764411501578252e-14,0.54
dueling_dqn,217,0.85343,18,-7.0,True,5509,6.539213615042172e-14,0.54
dueling_dqn,218,0.85275,22,-11.0,True,5531,5.0681681074138396e-14,0.55
dueling_dqn,219,0.85207,40,-40.0,False,5571,1.769140389740187e-13,0.55
dueling_dqn,220,0.85139,21,-30.0,False,5592,1.5681900222830336e-13,0.54
dueling_dqn,221,0.85071,9,2.0,True,5601,5.639932965095795e-14,0.54
dueling_dqn,222,0.85004,7,4.0,True,5608,5.3512749786932545e-14,0.55
dueling_dqn,223,0.84936,15,-4.0,True,5623,1.1113332476497817e-13,0.55
dueling_dqn,224,0.84868,27,-16.0,True,5650,6.894484982922222e-14,0.55
dueling_dqn,225,0.848,40,-40.0,False,5690,1.8030021919912542e-13,0.55
dueling_dqn,226,0.84732,39,-28.0,True,5729,2.7644553313166398e-14,0.56
dueling_dqn,227,0.84664,31,-20.0,True,5760,7.838174553853605e-14,0.56
dueling_dqn,228,0.84596,28,-37.0,False,5788,1.2234657731369225e-13,0.55
dueling_dqn,229,0.84529,20,-9.0,True,5808,6.122879980807738e-14,0.56
dueling_dqn,230,0.84461,25,-34.0,False,5833,3.297362383136715e-14,0.56
dueling_dqn,231,0.84393,11,0.0,True,5844,3.042011087472929e-14,0.56
dueling_dqn,232,0.84325,5,6.0,True,5849,6.888933867799096e-14,0.56
dueling_dqn,233,0.84257,12,-21.0,False,5861,1.0125233984581428e-13,0.55
dueling_dqn,234,0.84189,20,-29.0,False,5881,1.1834977442504169e-13,0.55
dueling_dqn,235,0.84121,12,-1.0,True,5893,9.708900350346994e-14,0.56
dueling_dqn,236,0.84054,28,-17.0,True,5921,1.6631140908884845e-13,0.57
dueling_dqn,237,0.83986,29,-18.0,True,5950,1.8346435481930712e-13,0.58
dueling_dqn,238,0.83918,40,-40.0,False,5990,1.1302070390684094e-13,0.57
dueling_dqn,239,0.8385,40,-40.0,False,6030,1.212363542890671e-13,0.56
dueling_dqn,240,0.83782,20,-9.0,True,6050,3.5638159090467525e-14,0.57
dueling_dqn,241,0.83714,1,-10.0,False,6051,1.0613732115416497e-13,0.57
dueling_dqn,242,0.83646,40,-40.0,False,6091,1.2256862191861728e-13,0.57
dueling_dqn,243,0.83579,22,-11.0,True,6113,5.140332604014475e-14,0.58
dueling_dqn,244,0.83511,40,-40.0,False,6153,9.320322291728189e-14,0.57
dueling_dqn,245,0.83443,40,-40.0,False,6193,2.1582735598713043e-13,0.57
dueling_dqn,246,0.83375,39,-48.0,False,6232,3.15636405900932e-13,0.56
dueling_dqn,247,0.83307,24,-13.0,True,6256,7.432943149865423e-14,0.57
dueling_dqn,248,0.83239,14,-3.0,True,6270,4.1838754682999024e-13,0.58
dueling_dqn,249,0.83171,13,-2.0,True,6283,4.2676973066591017e-13,0.59
dueling_dqn,250,0.83104,20,-9.0,True,6303,1.6187051699034782e-13,0.6
dueling_dqn,251,0.83036,27,-16.0,True,6330,9.614531393253856e-14,0.6
dueling_dqn,252,0.82968,40,-40.0,False,6370,5.01432229071952e-13,0.59
dueling_dqn,253,0.829,10,-19.0,False,6380,3.5638159090467525e-13,0.59
dueling_dqn,254,0.82832,10,1.0,True,6390,3.4744429555644274e-13,0.6
dueling_dqn,255,0.82764,40,-29.0,True,6430,1.5959455978986625e-13,0.61
dueling_dqn,256,0.82696,32,-41.0,False,6462,2.5224267119483557e-13,0.61
dueling_dqn,257,0.82629,2,9.0,True,6464,1.5736301151036969e-12,0.61
dueling_dqn,258,0.82561,8,3.0,True,6472,1.3543610677402285e-12,0.61
dueling_dqn,259,0.82493,12,-1.0,True,6484,4.796163466380676e-13,0.62
dueling_dqn,260,0.82425,17,-6.0,True,6501,4.545253062815391e-13,0.63
dueling_dqn,261,0.82357,40,-40.0,False,6541,2.277067423506196e-13,0.63
dueling_dqn,262,0.82289,23,-12.0,True,6564,2.5637825196156427e-12,0.63
dueling_dqn,263,0.82221,14,-3.0,True,6578,7.412404023909858e-13,0.63
dueling_dqn,264,0.82154,29,-18.0,True,6607,7.102096688527126e-13,0.64
dueling_dqn,265,0.82086,28,-17.0,True,6635,1.8317569683290458e-12,0.65
dueling_dqn,266,0.82018,4,-13.0,False,6639,9.50350909079134e-13,0.65
dueling_dqn,267,0.8195,7,4.0,True,6646,1.1728951143652466e-12,0.65
dueling_dqn,268,0.81882,5,-14.0,False,6651,1.4414025528708407e-12,0.64
dueling_dqn,269,0.81814,21,-10.0,True,6672,1.1741718708435656e-12,0.65
dueling_dqn,270,0.81746,10,-19.0,False,6682,2.581046487648564e-12,0.64
dueling_dqn,271,0.81679,40,-40.0,False,6722,2.4864554859505006e-12,0.64
dueling_dqn,272,0.81611,25,-14.0,True,6747,5.778155731661627e-13,0.65
dueling_dqn,273,0.81543,2,9.0,True,6749,9.92317339409965e-13,0.66
dueling_dqn,274,0.81475,10,1.0,True,6759,5.710987238671805e-13,0.66
dueling_dqn,275,0.81407,40,-40.0,False,6799,1.3205547766403924e-12,0.66
dueling_dqn,276,0.81339,3,-12.0,False,6802,2.573719015686038e-12,0.65
dueling_dqn,277,0.81271,7,4.0,True,6809,8.838485499040871e-13,0.65
dueling_dqn,278,0.81204,19,-8.0,True,6828,2.543576460567465e-12,0.66
dueling_dqn,279,0.81136,17,-6.0,True,6845,4.317657342767234e-12,0.67
dueling_dqn,280,0.81068,29,-18.0,True,6874,8.949341268049693e-12,0.67
dueling_dqn,281,0.81,10,1.0,True,6884,5.252354107199153e-12,0.67
dueling_dqn,282,0.80932,31,-20.0,True,6915,6.221134718487065e-12,0.67
dueling_dqn,283,0.80864,16,-5.0,True,6931,2.8115898498271008e-11,0.67
dueling_dqn,284,0.80796,40,-40.0,False,6971,2.138222932046574e-11,0.66
dueling_dqn,285,0.80729,8,3.0,True,6979,1.7115808770284957e-11,0.66
dueling_dqn,286,0.80661,1,-10.0,False,6980,1.5822287924294187e-11,0.66
dueling_dqn,287,0.80593,17,-6.0,True,6997,3.5940861398131574e-11,0.66
dueling_dqn,288,0.80525,29,-18.0,True,7026,1.744471234133016e-11,0.66
dueling_dqn,289,0.80457,10,1.0,True,7036,1.223665613281355e-11,0.66
dueling_dqn,290,0.80389,27,-36.0,False,7063,3.6770586575585185e-11,0.65
dueling_dqn,291,0.80321,40,-40.0,False,7103,2.8940044805025877e-10,0.64
dueling_dqn,292,0.80254,11,0.0,True,7114,3.0505775683309366e-10,0.65
dueling_dqn,293,0.80186,34,-23.0,True,7148,2.2821011746998465e-10,0.66
dueling_dqn,294,0.80118,6,5.0,True,7154,1.5164763889075061e-10,0.66
dueling_dqn,295,0.8005,19,-8.0,True,7173,1.5289380872474112e-10,0.67
dueling_dqn,296,0.79982,12,-21.0,False,7185,2.0401613731735324e-10,0.66
dueling_dqn,297,0.79914,33,-22.0,True,7218,5.329672814191611e-10,0.66
dueling_dqn,298,0.79846,9,2.0,True,7227,2.489161543550722e-09,0.67
dueling_dqn,299,0.79779,36,-25.0,True,7263,8.890609359823998e-10,0.67
dueling_dqn,300,0.79711,7,4.0,True,7270,9.126845945672812e-09,0.67
dueling_dqn,301,0.79643,16,-5.0,True,7286,3.0989241395218414e-08,0.67
dueling_dqn,302,0.79575,40,-40.0,False,7326,4.304177423364308e-07,0.66
dueling_dqn,303,0.79507,8,3.0,True,7334,2.7548273351385433e-07,0.67
dueling_dqn,304,0.79439,3,8.0,True,7337,1.5840795697386056e-07,0.68
dueling_dqn,305,0.79371,37,-26.0,True,7374,1.721091166473343e-06,0.68
dueling_dqn,306,0.79304,9,2.0,True,7383,1.2966421536475536e-06,0.68
dueling_dqn,307,0.79236,13,-2.0,True,7396,2.3228838017530506e-06,0.69
dueling_dqn,308,0.79168,15,-4.0,True,7411,2.2132101094030077e-06,0.69
dueling_dqn,309,0.791,40,-40.0,False,7451,6.71912448524381e-06,0.68
dueling_dqn,310,0.79032,17,-6.0,True,7468,1.7378903066855855e-05,0.68
dueling_dqn,311,0.78964,20,-9.0,True,7488,4.2388470319565386e-05,0.68
dueling_dqn,312,0.78896,5,6.0,True,7493,3.6304565583122894e-05,0.68
dueling_dqn,313,0.78829,1,-10.0,False,7494,0.00011852940951939672,0.68
dueling_dqn,314,0.78761,36,-25.0,True,7530,0.00012760315439663827,0.68
dueling_dqn,315,0.78693,16,-5.0,True,7546,0.0001527408603578806,0.68
dueling_dqn,316,0.78625,40,-40.0,False,7586,0.0028057685121893883,0.67
dueling_dqn,317,0.78557,26,-35.0,False,7612,0.0062527721747756,0.66
dueling_dqn,318,0.78489,4,-13.0,False,7616,0.0020740823820233345,0.65
dueling_dqn,319,0.78421,8,3.0,True,7624,0.001922214636579156,0.66
dueling_dqn,320,0.78354,6,5.0,True,7630,0.001571038388647139,0.67
dueling_dqn,321,0.78286,24,-13.0,True,7654,0.002602027030661702,0.67
dueling_dqn,322,0.78218,31,-20.0,True,7685,0.0011396646732464433,0.67
dueling_dqn,323,0.7815,13,-2.0,True,7698,0.0009277659701183438,0.67
dueling_dqn,324,0.78082,29,-18.0,True,7727,0.0002858250227291137,0.67
dueling_dqn,325,0.78014,9,2.0,True,7736,0.0006875208346173167,0.68
dueling_dqn,326,0.77946,32,-21.0,True,7768,0.000727316364645958,0.68
dueling_dqn,327,0.77879,9,2.0,True,7777,0.00038002425571903586,0.68
dueling_dqn,328,0.77811,40,-40.0,False,7817,0.0001440175692550838,0.68
dueling_dqn,329,0.77743,40,-40.0,False,7857,1.0348629984946456e-05,0.67
dueling_dqn,330,0.77675,40,-40.0,False,7897,4.9170106649398804e-05,0.67
dueling_dqn,331,0.77607,35,-24.0,True,7932,2.0992365534766577e-05,0.67
dueling_dqn,332,0.77539,9,2.0,True,7941,4.739084397442639e-05,0.67
dueling_dqn,333,0.77471,2,9.0,True,7943,5.702609632862732e-05,0.68
dueling_dqn,334,0.77404,15,-4.0,True,7958,1.1019829798897263e-05,0.69
dueling_dqn,335,0.77336,29,-38.0,False,7987,0.0002762614458333701,0.68
dueling_dqn,336,0.77268,10,1.0,True,7997,0.00010972812015097588,0.68
dueling_dqn,337,0.772,1,10.0,True,7998,0.00017929438035935163,0.68
dueling_dqn,338,0.77132,4,-13.0,False,8000,0.00017408332496415824,0.68
dueling_dqn,339,0.77064,10,1.0,True,8000,9.093379776459187e-05,0.69
dueling_dqn,340,0.76996,10,1.0,True,8000,0.0001207949680974707,0.69
dueling_dqn,341,0.76929,4,-13.0,False,8000,8.311061537824571e-05,0.69
dueling_dqn,342,0.76861,6,5.0,True,8000,5.2228795539122075e-05,0.7
dueling_dqn,343,0.76793,40,-40.0,False,8000,0.0003728571755345911,0.69
dueling_dqn,344,0.76725,20,-9.0,True,8000,0.0002482137060724199,0.7
dueling_dqn,345,0.76657,28,-17.0,True,8000,0.0004469152772799134,0.71
dueling_dqn,346,0.76589,1,10.0,True,8000,0.00040213699685409665,0.72
dueling_dqn,347,0.76521,4,7.0,True,8000,0.0004881690547335893,0.72
dueling_dqn,348,0.76454,16,-5.0,True,8000,0.0004949897993355989,0.72
dueling_dqn,349,0.76386,5,6.0,True,8000,0.0006140155019238591,0.72
dueling_dqn,350,0.76318,26,-15.0,True,8000,0.0011574954260140657,0.72
dueling_dqn,351,0.7625,20,-9.0,True,8000,0.0004756728303618729,0.72
dueling_dqn,352,0.76182,12,-1.0,True,8000,0.0005795719916932285,0.73
dueling_dqn,353,0.76114,30,-19.0,True,8000,0.00020248102373443544,0.74
dueling_dqn,354,0.76046,12,-1.0,True,8000,0.0002423613186692819,0.74
dueling_dqn,355,0.75979,35,-24.0,True,8000,0.0001202977291541174,0.74
dueling_dqn,356,0.75911,10,1.0,True,8000,8.679412712808698e-05,0.75
dueling_dqn,357,0.75843,14,-3.0,True,8000,0.00017481840041000396,0.75
dueling_dqn,358,0.75775,6,-15.0,False,8000,0.00010235440277028829,0.74
dueling_dqn,359,0.75707,6,-15.0,False,8000,9.73864589468576e-05,0.73
dueling_dqn,360,0.75639,12,-21.0,False,8000,0.00010581707465462387,0.72
dueling_dqn,361,0.75571,40,-40.0,False,8000,0.00019411719404160976,0.72
dueling_dqn,362,0.75504,38,-27.0,True,8000,0.00013795398990623653,0.72
dueling_dqn,363,0.75436,3,8.0,True,8000,0.0002256492734886706,0.72
dueling_dqn,364,0.75368,3,8.0,True,8000,0.00021852101781405509,0.72
dueling_dqn,365,0.753,1,10.0,True,8000,0.00023172234068624675,0.72
dueling_dqn,366,0.75232,37,-26.0,True,8000,0.0007900582277216017,0.73
dueling_dqn,367,0.75164,16,-5.0,True,8000,0.0008872507605701685,0.73
dueling_dqn,368,0.75096,40,-40.0,False,8000,0.0015588782262057066,0.73
dueling_dqn,369,0.75029,10,1.0,True,8000,0.000905584660358727,0.73
dueling_dqn,370,0.74961,24,-13.0,True,8000,0.0002966524916701019,0.74
dueling_dqn,371,0.74893,15,-4.0,True,8000,0.00020239409059286118,0.75
dueling_dqn,372,0.74825,21,-10.0,True,8000,0.0003023581230081618,0.75
dueling_dqn,373,0.74757,17,-6.0,True,8000,0.0005959661211818457,0.75
dueling_dqn,374,0.74689,9,2.0,True,8000,0.0005472996854223311,0.75
dueling_dqn,375,0.74621,8,3.0,True,8000,0.0002971694339066744,0.76
dueling_dqn,376,0.74554,11,0.0,True,8000,0.000543720496352762,0.77
dueling_dqn,377,0.74486,18,-7.0,True,8000,0.0002965695457533002,0.77
dueling_dqn,378,0.74418,5,6.0,True,8000,0.0008622271125204861,0.77
dueling_dqn,379,0.7435,1,10.0,True,8000,0.0005639510345645249,0.77
dueling_dqn,380,0.74282,6,5.0,True,8000,0.00036999661824665964,0.77
dueling_dqn,381,0.74214,14,-3.0,True,8000,0.00100506073795259,0.77
dueling_dqn,382,0.74146,22,-11.0,True,8000,0.0006850289064459503,0.77
dueling_dqn,383,0.74079,7,4.0,True,8000,0.001076517510227859,0.77
dueling_dqn,384,0.74011,26,-15.0,True,8000,0.00026852398877963424,0.78
dueling_dqn,385,0.73943,10,1.0,True,8000,0.0002762565272860229,0.78
dueling_dqn,386,0.73875,14,-3.0,True,8000,0.0003237155615352094,0.79
dueling_dqn,387,0.73807,10,1.0,True,8000,0.0003524096682667732,0.79
dueling_dqn,388,0.73739,37,-26.0,True,8000,0.00037433026591315866,0.79
dueling_dqn,389,0.73671,2,9.0,True,8000,0.00017198703426402062,0.79
dueling_dqn,390,0.73604,7,4.0,True,8000,0.0006484269979409873,0.8
dueling_dqn,391,0.73536,31,-20.0,True,8000,0.00018826949235517532,0.81
dueling_dqn,392,0.73468,31,-20.0,True,8000,0.002082065911963582,0.81
dueling_dqn,393,0.734,14,-3.0,True,8000,0.0005265800864435732,0.81
dueling_dqn,394,0.73332,6,5.0,True,8000,0.0005279431352391839,0.81
dueling_dqn,395,0.73264,5,6.0,True,8000,0.0005939530674368143,0.81
dueling_dqn,396,0.73196,8,3.0,True,8000,0.001117322826758027,0.82
dueling_dqn,397,0.73129,3,8.0,True,8000,0.0005487458547577262,0.82
dueling_dqn,398,0.73061,34,-23.0,True,8000,0.00015149021055549383,0.82
dueling_dqn,399,0.72993,10,1.0,True,8000,8.134868403431028e-05,0.82
dueling_dqn,400,0.72925,8,3.0,True,8000,4.4515851186588407e-05,0.82
dueling_dqn,401,0.72857,40,-40.0,False,8000,0.0005478219245560467,0.81
dueling_dqn,402,0.72789,24,-33.0,False,8000,0.00012966424401383847,0.81
dueling_dqn,403,0.72721,27,-16.0,True,8000,3.467008355073631e-05,0.81
dueling_dqn,404,0.72654,11,0.0,True,8000,2.1066338376840577e-05,0.81
dueling_dqn,405,0.72586,5,6.0,True,8000,2.507768112991471e-05,0.81
dueling_dqn,406,0.72518,12,-1.0,True,8000,0.0004973970935679972,0.81
dueling_dqn,407,0.7245,10,-19.0,False,8000,0.0002651336253620684,0.8
dueling_dqn,408,0.72382,2,9.0,True,8000,0.0003159056359436363,0.8
dueling_dqn,409,0.72314,40,-40.0,False,8000,4.344117405707948e-05,0.8
dueling_dqn,410,0.72246,9,2.0,True,8000,2.3532675186288543e-05,0.8
dueling_dqn,411,0.72179,23,-12.0,True,8000,3.0016467462701257e-06,0.8
dueling_dqn,412,0.72111,18,-7.0,True,8000,0.00034304941073060036,0.8
dueling_dqn,413,0.72043,8,3.0,True,8000,0.00032913050381466746,0.81
dueling_dqn,414,0.71975,3,-12.0,False,8000,0.00026180566055700183,0.8
dueling_dqn,415,0.71907,13,-2.0,True,8000,0.0002729964326135814,0.8
dueling_dqn,416,0.71839,14,-3.0,True,8000,0.00018589445971883833,0.81
dueling_dqn,417,0.71771,1,10.0,True,8000,0.00015785546565894037,0.82
dueling_dqn,418,0.71704,2,9.0,True,8000,0.00012503530888352543,0.83
dueling_dqn,419,0.71636,40,-40.0,False,8000,0.00010556901543168351,0.82
dueling_dqn,420,0.71568,19,-8.0,True,8000,0.0005208189832046628,0.82
dueling_dqn,421,0.715,17,-6.0,True,8000,0.00025178471696563065,0.82
dueling_dqn,422,0.71432,8,3.0,True,8000,0.00021764816483482718,0.82
dueling_dqn,423,0.71364,15,-4.0,True,8000,0.00013711284555029124,0.82
dueling_dqn,424,0.71296,8,3.0,True,8000,6.65962797938846e-05,0.82
dueling_dqn,425,0.71229,33,-22.0,True,8000,0.00016247358871623874,0.82
dueling_dqn,426,0.71161,15,-4.0,True,8000,0.0009982186602428555,0.82
dueling_dqn,427,0.71093,28,-17.0,True,8000,0.0015188948018476367,0.82
dueling_dqn,428,0.71025,21,-10.0,True,8000,0.0027157235890626907,0.83
dueling_dqn,429,0.70957,40,-29.0,True,8000,0.000441294425399974,0.84
dueling_dqn,430,0.70889,8,3.0,True,8000,0.0019121684599667788,0.85
dueling_dqn,431,0.70821,17,-6.0,True,8000,0.0028857169672846794,0.85
dueling_dqn,432,0.70754,1,-10.0,False,8000,0.0011259960010647774,0.84
dueling_dqn,433,0.70686,27,-16.0,True,8000,0.00033240116317756474,0.84
dueling_dqn,434,0.70618,40,-40.0,False,8000,0.00031480295001529157,0.83
dueling_dqn,435,0.7055,9,2.0,True,8000,0.0001418346946593374,0.84
dueling_dqn,436,0.70482,2,9.0,True,8000,0.00018933961109723896,0.84
dueling_dqn,437,0.70414,39,-28.0,True,8000,8.664778579259291e-05,0.84
dueling_dqn,438,0.70346,11,0.0,True,8000,8.240771421696991e-05,0.85
dueling_dqn,439,0.70279,2,9.0,True,8000,5.091948696644977e-05,0.85
dueling_dqn,440,0.70211,19,-8.0,True,8000,3.642310548457317e-05,0.85
dueling_dqn,441,0.70143,23,-12.0,True,8000,6.381508137565106e-05,0.86
dueling_dqn,442,0.70075,24,-13.0,True,8000,8.803568198345602e-05,0.86
dueling_dqn,443,0.70007,3,8.0,True,8000,7.03613695804961e-05,0.87
dueling_dqn,444,0.69939,27,-16.0,True,8000,3.654509418993257e-05,0.87
dueling_dqn,445,0.69871,19,-8.0,True,8000,1.5468200217583217e-05,0.87
dueling_dqn,446,0.69804,40,-40.0,False,8000,0.00011497690866235644,0.86
dueling_dqn,447,0.69736,17,-6.0,True,8000,2.467343074386008e-05,0.86
dueling_dqn,448,0.69668,7,4.0,True,8000,2.7038913685828447e-05,0.86
dueling_dqn,449,0.696,2,-11.0,False,8000,1.7175707398564555e-05,0.85
dueling_dqn,450,0.69532,1,10.0,True,8000,2.81077554973308e-05,0.85
dueling_dqn,451,0.69464,16,-5.0,True,8000,1.3608138033305295e-05,0.85
dueling_dqn,452,0.69396,10,1.0,True,8000,1.2862351468356792e-05,0.85
dueling_dqn,453,0.69329,27,-16.0,True,8000,2.9271732273628004e-06,0.85
dueling_dqn,454,0.69261,12,-1.0,True,8000,2.5155675302812597e-06,0.85
dueling_dqn,455,0.69193,37,-26.0,True,8000,2.447677616146393e-05,0.85
dueling_dqn,456,0.69125,26,-15.0,True,8000,2.6439416615176015e-05,0.85
dueling_dqn,457,0.69057,28,-17.0,True,8000,4.247938340995461e-05,0.85
dueling_dqn,458,0.68989,9,2.0,True,8000,2.6881685698754154e-05,0.86
dueling_dqn,459,0.68921,31,-20.0,True,8000,0.0009629076230339706,0.87
dueling_dqn,460,0.68854,10,1.0,True,8000,0.0006621726788580418,0.88
dueling_dqn,461,0.68786,40,-40.0,False,8000,0.00023658528516534716,0.88
dueling_dqn,462,0.68718,9,2.0,True,8000,0.00020418994245119393,0.88
dueling_dqn,463,0.6865,5,6.0,True,8000,8.278584573417902e-05,0.88
dueling_dqn,464,0.68582,3,8.0,True,8000,7.229353650473058e-05,0.88
dueling_dqn,465,0.68514,33,-22.0,True,8000,0.00026761123444885015,0.88
dueling_dqn,466,0.68446,4,7.0,True,8000,0.00015841009735595435,0.88
dueling_dqn,467,0.68379,5,6.0,True,8000,0.0001314270921284333,0.88
dueling_dqn,468,0.68311,10,1.0,True,8000,6.585522351088002e-05,0.89
dueling_dqn,469,0.68243,3,8.0,True,8000,5.85220186621882e-05,0.89
dueling_dqn,470,0.68175,13,-2.0,True,8000,1.3403182492766064e-05,0.89
dueling_dqn,471,0.68107,5,6.0,True,8000,8.202757453545928e-05,0.89
dueling_dqn,472,0.68039,13,-2.0,True,8000,5.260656325845048e-05,0.89
dueling_dqn,473,0.67971,13,-2.0,True,8000,2.2907464881427586e-05,0.89
dueling_dqn,474,0.67904,1,10.0,True,8000,2.782493902486749e-05,0.89
dueling_dqn,475,0.67836,3,8.0,True,8000,1.5806255760253407e-05,0.89
dueling_dqn,476,0.67768,8,3.0,True,8000,0.00012391329801175743,0.89
dueling_dqn,477,0.677,20,-9.0,True,8000,5.434813647298142e-05,0.89
dueling_dqn,478,0.67632,31,-20.0,True,8000,0.0005281438934616745,0.89
dueling_dqn,479,0.67564,8,3.0,True,8000,0.0002867222356144339,0.89
dueling_dqn,480,0.67496,1,-10.0,False,8000,0.00010225146252196282,0.88
dueling_dqn,481,0.67429,11,0.0,True,8000,0.00022063087089918554,0.88
dueling_dqn,482,0.67361,23,-12.0,True,8000,0.00010588455916149542,0.88
dueling_dqn,483,0.67293,7,4.0,True,8000,0.0004625308501999825,0.88
dueling_dqn,484,0.67225,1,10.0,True,8000,0.0003641759685706347,0.88
dueling_dqn,485,0.67157,21,-10.0,True,8000,0.00042464392026886344,0.88
dueling_dqn,486,0.67089,18,-7.0,True,8000,0.00040525206713937223,0.88
dueling_dqn,487,0.67021,4,7.0,True,8000,0.000504671479575336,0.88
dueling_dqn,488,0.66954,9,2.0,True,8000,0.0003427418414503336,0.88
dueling_dqn,489,0.66886,4,7.0,True,8000,0.0003024219477083534,0.88
dueling_dqn,490,0.66818,7,4.0,True,8000,0.0009323050617240369,0.88
dueling_dqn,491,0.6675,13,-2.0,True,8000,0.0004418474272824824,0.88
dueling_dqn,492,0.66682,3,-12.0,False,8000,0.00044901043293066323,0.87
dueling_dqn,493,0.66614,32,-21.0,True,8000,0.00030069725471548736,0.87
dueling_dqn,494,0.66546,15,-4.0,True,8000,6.309802847681567e-05,0.87
dueling_dqn,495,0.66479,9,2.0,True,8000,9.105453500524163e-05,0.87
dueling_dqn,496,0.66411,2,9.0,True,8000,0.00017136329552158713,0.87
dueling_dqn,497,0.66343,19,-8.0,True,8000,3.152287536067888e-05,0.87
dueling_dqn,498,0.66275,19,-8.0,True,8000,1.620041257410776e-05,0.87
dueling_dqn,499,0.66207,32,-21.0,True,8000,0.0005372138693928719,0.87
dueling_dqn,500,0.66139,16,-5.0,True,8000,0.00012468644126784056,0.87
dueling_dqn,501,0.66071,1,10.0,True,8000,0.00017075889627449214,0.88
dueling_dqn,502,0.66004,24,-13.0,True,8000,0.00028728265897370875,0.89
dueling_dqn,503,0.65936,7,4.0,True,8000,9.007355401990935e-05,0.89
dueling_dqn,504,0.65868,6,5.0,True,8000,0.0005050845211371779,0.89
dueling_dqn,505,0.658,14,-3.0,True,8000,0.00042433003545738757,0.89
dueling_dqn,506,0.65732,34,-23.0,True,8000,0.00045700068585574627,0.89
dueling_dqn,507,0.65664,29,-18.0,True,8000,0.00014891184400767088,0.9
dueling_dqn,508,0.65596,5,6.0,True,8000,0.00010914300219155848,0.9
dueling_dqn,509,0.65529,26,-15.0,True,8000,7.187906885519624e-05,0.91
dueling_dqn,510,0.65461,3,8.0,True,8000,8.411439193878323e-05,0.91
dueling_dqn,511,0.65393,9,2.0,True,8000,1.3874873729946557e-05,0.91
dueling_dqn,512,0.65325,24,-13.0,True,8000,0.0005177606944926083,0.91
dueling_dqn,513,0.65257,24,-13.0,True,8000,0.0005440075183287263,0.91
dueling_dqn,514,0.65189,31,-20.0,True,8000,0.0013881797203794122,0.92
dueling_dqn,515,0.65121,15,-4.0,True,8000,0.0008958972175605595,0.92
dueling_dqn,516,0.65054,9,2.0,True,8000,0.001118370913900435,0.92
dueling_dqn,517,0.64986,8,3.0,True,8000,0.0011630880180746317,0.92
dueling_dqn,518,0.64918,9,-18.0,False,8000,0.0010121342493221164,0.91
dueling_dqn,519,0.6485,18,-7.0,True,8000,0.0007088147103786469,0.92
dueling_dqn,520,0.64782,9,2.0,True,8000,0.00042093649972230196,0.92
dueling_dqn,521,0.64714,10,1.0,True,8000,0.0002660510945133865,0.92
dueling_dqn,522,0.64646,5,6.0,True,8000,0.0006816350505687296,0.92
dueling_dqn,523,0.64579,39,-28.0,True,8000,0.00037767100729979575,0.92
dueling_dqn,524,0.64511,15,-4.0,True,8000,0.0020445892587304115,0.92
dueling_dqn,525,0.64443,3,8.0,True,8000,0.0008692739647813141,0.92
dueling_dqn,526,0.64375,2,9.0,True,8000,0.0017351011047139764,0.92
dueling_dqn,527,0.64307,11,0.0,True,8000,0.0032748717349022627,0.92
dueling_dqn,528,0.64239,10,-19.0,False,8000,0.0008821601513773203,0.91
dueling_dqn,529,0.64171,1,10.0,True,8000,0.000768556259572506,0.91
dueling_dqn,530,0.64104,5,6.0,True,8000,0.0006837031105533242,0.91
dueling_dqn,531,0.64036,29,-18.0,True,8000,0.001162513974122703,0.91
dueling_dqn,532,0.63968,33,-22.0,True,8000,0.00017366315296385437,0.92
dueling_dqn,533,0.639,18,-7.0,True,8000,0.0007646301528438926,0.92
dueling_dqn,534,0.63832,15,-4.0,True,8000,0.0008685026550665498,0.93
dueling_dqn,535,0.63764,4,-13.0,False,8000,0.0007028786349110305,0.92
dueling_dqn,536,0.63696,11,0.0,True,8000,0.0004250713682267815,0.92
dueling_dqn,537,0.63629,20,-9.0,True,8000,0.0002599256986286491,0.92
dueling_dqn,538,0.63561,9,2.0,True,8000,0.00013300932187121361,0.92
dueling_dqn,539,0.63493,3,-12.0,False,8000,0.00021060372819192708,0.91
dueling_dqn,540,0.63425,16,-5.0,True,8000,9.645487443776801e-05,0.91
dueling_dqn,541,0.63357,18,-7.0,True,8000,0.0002404909610049799,0.91
dueling_dqn,542,0.63289,1,10.0,True,8000,6.946606299607083e-05,0.91
dueling_dqn,543,0.63221,10,1.0,True,8000,0.00011560321581782773,0.91
dueling_dqn,544,0.63154,13,-2.0,True,8000,0.00014780940546188504,0.91
dueling_dqn,545,0.63086,21,-10.0,True,8000,7.044951780699193e-05,0.91
dueling_dqn,546,0.63018,4,7.0,True,8000,0.00010790956730488688,0.92
dueling_dqn,547,0.6295,3,8.0,True,8000,0.00011106792226200923,0.92
dueling_dqn,548,0.62882,9,2.0,True,8000,9.182022768072784e-05,0.92
dueling_dqn,549,0.62814,8,3.0,True,8000,5.4176984122022986e-05,0.93
dueling_dqn,550,0.62746,5,6.0,True,8000,0.00011482580885058269,0.93
dueling_dqn,551,0.62679,9,2.0,True,8000,7.169989112298936e-05,0.93
dueling_dqn,552,0.62611,9,2.0,True,8000,0.00014221288438420743,0.93
dueling_dqn,553,0.62543,24,-13.0,True,8000,0.00011615191760938615,0.93
dueling_dqn,554,0.62475,4,7.0,True,8000,8.913686906453222e-05,0.93
dueling_dqn,555,0.62407,5,6.0,True,8000,7.742904563201591e-05,0.93
dueling_dqn,556,0.62339,34,-23.0,True,8000,3.052155443583615e-05,0.93
dueling_dqn,557,0.62271,12,-1.0,True,8000,2.7791105821961537e-05,0.93
dueling_dqn,558,0.62204,2,9.0,True,8000,1.0350204320275225e-05,0.93
dueling_dqn,559,0.62136,13,-2.0,True,8000,2.461944313836284e-05,0.93
dueling_dqn,560,0.62068,11,0.0,True,8000,0.000475824112072587,0.93
dueling_dqn,561,0.62,12,-1.0,True,8000,0.00012250605504959822,0.94
dueling_dqn,562,0.61932,2,9.0,True,8000,0.00025172423920594156,0.94
dueling_dqn,563,0.61864,4,7.0,True,8000,0.0004891950520686805,0.94
dueling_dqn,564,0.61796,9,2.0,True,8000,0.00039607996586710215,0.94
dueling_dqn,565,0.61729,3,8.0,True,8000,0.0004364984924905002,0.94
dueling_dqn,566,0.61661,16,-5.0,True,8000,0.00013710284838452935,0.94
dueling_dqn,567,0.61593,31,-20.0,True,8000,0.0003203001688234508,0.94
dueling_dqn,568,0.61525,6,5.0,True,8000,0.00025620823726058006,0.94
dueling_dqn,569,0.61457,4,7.0,True,8000,0.00020293574198149145,0.94
dueling_dqn,570,0.61389,1,10.0,True,8000,0.0003460844454821199,0.94
dueling_dqn,571,0.61321,8,3.0,True,8000,0.0002320485218660906,0.94
dueling_dqn,572,0.61254,7,4.0,True,8000,0.0003848298511002213,0.94
dueling_dqn,573,0.61186,5,6.0,True,8000,0.0005512820207513869,0.94
dueling_dqn,574,0.61118,2,9.0,True,8000,0.00022134566097520292,0.94
dueling_dqn,575,0.6105,12,-1.0,True,8000,0.0006567661184817553,0.94
dueling_dqn,576,0.60982,17,-6.0,True,8000,0.0017752302810549736,0.94
dueling_dqn,577,0.60914,14,-3.0,True,8000,0.002828673692420125,0.94
dueling_dqn,578,0.60846,16,-5.0,True,8000,0.0027483273297548294,0.94
dueling_dqn,579,0.60779,25,-14.0,True,8000,0.0007888582767918706,0.94
dueling_dqn,580,0.60711,3,8.0,True,8000,0.0009355355286970735,0.95
dueling_dqn,581,0.60643,18,-7.0,True,8000,0.00025445842766202986,0.95
dueling_dqn,582,0.60575,6,5.0,True,8000,5.474068166222423e-05,0.95
dueling_dqn,583,0.60507,1,10.0,True,8000,9.290893649449572e-05,0.95
dueling_dqn,584,0.60439,8,3.0,True,8000,7.05692800693214e-05,0.95
dueling_dqn,585,0.60371,5,6.0,True,8000,8.599526336183771e-05,0.95
dueling_dqn,586,0.60304,11,0.0,True,8000,4.9078927986556664e-05,0.95
dueling_dqn,587,0.60236,3,8.0,True,8000,5.617445640382357e-05,0.95
dueling_dqn,588,0.60168,18,-7.0,True,8000,2.161639349651523e-05,0.95
dueling_dqn,589,0.601,16,-5.0,True,8000,8.240514034696389e-06,0.95
dueling_dqn,590,0.60032,10,1.0,True,8000,0.0004227236786391586,0.95
dueling_dqn,591,0.59964,20,-9.0,True,8000,0.00011348624684615061,0.95
dueling_dqn,592,0.59896,6,5.0,True,8000,0.00015404130681417882,0.96
dueling_dqn,593,0.59829,6,5.0,True,8000,0.00014057975204195827,0.96
dueling_dqn,594,0.59761,6,5.0,True,8000,0.00014746988017577678,0.96
dueling_dqn,595,0.59693,26,-15.0,True,8000,0.0001805517531465739,0.96
dueling_dqn,596,0.59625,6,5.0,True,8000,0.00015388250176329166,0.96
dueling_dqn,597,0.59557,11,0.0,True,8000,9.699907241156325e-05,0.96
dueling_dqn,598,0.59489,3,8.0,True,8000,5.088859688839875e-05,0.96
dueling_dqn,599,0.59421,15,-4.0,True,8000,0.0002754735469352454,0.96
dueling_dqn,600,0.59354,8,3.0,True,8000,0.00020685406343545765,0.96
dueling_dqn,601,0.59286,9,2.0,True,8000,0.00010614938219077885,0.96
dueling_dqn,602,0.59218,19,-8.0,True,8000,8.526722376700491e-05,0.96
dueling_dqn,603,0.5915,15,-4.0,True,8000,0.0003810626803897321,0.96
dueling_dqn,604,0.59082,6,5.0,True,8000,0.0001980164961423725,0.96
dueling_dqn,605,0.59014,5,6.0,True,8000,0.0002098113182000816,0.96
dueling_dqn,606,0.58946,18,-7.0,True,8000,0.00016041778144426644,0.96
dueling_dqn,607,0.58879,36,-25.0,True,8000,0.00019307160982862115,0.96
dueling_dqn,608,0.58811,2,-11.0,False,8000,8.326162787852809e-05,0.95
dueling_dqn,609,0.58743,12,-1.0,True,8000,0.00012237776536494493,0.95
dueling_dqn,610,0.58675,6,5.0,True,8000,9.266931738238782e-05,0.95
dueling_dqn,611,0.58607,10,1.0,True,8000,6.009919161442667e-05,0.95
dueling_dqn,612,0.58539,4,7.0,True,8000,3.6553006793837994e-05,0.95
dueling_dqn,613,0.58471,9,2.0,True,8000,8.591328514739871e-05,0.95
dueling_dqn,614,0.58404,8,3.0,True,8000,3.814783849520609e-05,0.95
dueling_dqn,615,0.58336,16,-5.0,True,8000,2.605447662062943e-05,0.95
dueling_dqn,616,0.58268,13,-2.0,True,8000,0.00012599378533195704,0.95
dueling_dqn,617,0.582,8,3.0,True,8000,0.00016435683937743306,0.95
dueling_dqn,618,0.58132,17,-6.0,True,8000,0.0001621925475774333,0.96
dueling_dqn,619,0.58064,13,-2.0,True,8000,4.993038237444125e-05,0.96
dueling_dqn,620,0.57996,1,10.0,True,8000,5.21326728630811e-05,0.96
dueling_dqn,621,0.57929,7,4.0,True,8000,0.0001164748246083036,0.96
dueling_dqn,622,0.57861,13,-2.0,True,8000,4.763129254570231e-05,0.96
dueling_dqn,623,0.57793,14,-3.0,True,8000,0.0001109462755266577,0.96
dueling_dqn,624,0.57725,6,5.0,True,8000,7.929459388833493e-05,0.96
dueling_dqn,625,0.57657,9,2.0,True,8000,6.883595051476732e-05,0.96
dueling_dqn,626,0.57589,8,3.0,True,8000,3.081340400967747e-05,0.96
dueling_dqn,627,0.57521,18,-7.0,True,8000,5.677608714904636e-05,0.96
dueling_dqn,628,0.57454,8,3.0,True,8000,7.247548637678847e-05,0.97
dueling_dqn,629,0.57386,13,-2.0,True,8000,0.00012995093129575253,0.97
dueling_dqn,630,0.57318,6,5.0,True,8000,0.00016071769641712308,0.97
dueling_dqn,631,0.5725,5,6.0,True,8000,0.00015478917339351028,0.97
dueling_dqn,632,0.57182,4,7.0,True,8000,0.00023301826149690896,0.97
dueling_dqn,633,0.57114,11,0.0,True,8000,8.040736429393291e-05,0.97
dueling_dqn,634,0.57046,17,-6.0,True,8000,2.911781848524697e-05,0.97
dueling_dqn,635,0.56979,16,-5.0,True,8000,1.58015318447724e-05,0.98
dueling_dqn,636,0.56911,11,0.0,True,8000,4.078855272382498e-05,0.98
dueling_dqn,637,0.56843,4,7.0,True,8000,6.120533362263814e-05,0.98
dueling_dqn,638,0.56775,7,4.0,True,8000,2.6378977054264396e-05,0.98
dueling_dqn,639,0.56707,1,-10.0,False,8000,5.165140100871213e-05,0.98
dueling_dqn,640,0.56639,1,10.0,True,8000,3.5153760109096766e-05,0.98
dueling_dqn,641,0.56571,3,8.0,True,8000,3.461366577539593e-05,0.98
dueling_dqn,642,0.56504,11,0.0,True,8000,3.2894608011702076e-05,0.98
dueling_dqn,643,0.56436,13,-2.0,True,8000,2.4392400518991053e-05,0.98
dueling_dqn,644,0.56368,4,-13.0,False,8000,3.519473102642223e-05,0.97
dueling_dqn,645,0.563,20,-9.0,True,8000,0.0002161905140383169,0.97
dueling_dqn,646,0.56232,6,5.0,True,8000,0.00021800216927658767,0.97
dueling_dqn,647,0.56164,19,-8.0,True,8000,0.00010457284952281043,0.97
dueling_dqn,648,0.56096,17,-6.0,True,8000,8.829124999465421e-05,0.97
dueling_dqn,649,0.56029,4,7.0,True,8000,4.692533548222855e-05,0.97
dueling_dqn,650,0.55961,7,4.0,True,8000,3.902293974533677e-05,0.97
dueling_dqn,651,0.55893,8,3.0,True,8000,2.020408101088833e-05,0.97
dueling_dqn,652,0.55825,16,-5.0,True,8000,2.9164901206968352e-05,0.97
dueling_dqn,653,0.55757,1,10.0,True,8000,2.0080889953533188e-05,0.97
dueling_dqn,654,0.55689,15,-24.0,False,8000,7.295484465430491e-06,0.96
dueling_dqn,655,0.55621,12,-1.0,True,8000,6.3994193624239415e-06,0.96
dueling_dqn,656,0.55554,1,10.0,True,8000,1.3710510756936856e-05,0.96
dueling_dqn,657,0.55486,8,3.0,True,8000,2.3021337256068364e-05,0.96
dueling_dqn,658,0.55418,6,5.0,True,8000,6.914662662893534e-06,0.96
dueling_dqn,659,0.5535,4,7.0,True,8000,3.236098928027786e-05,0.96
dueling_dqn,660,0.55282,10,1.0,True,8000,0.00015917426208034158,0.96
dueling_dqn,661,0.55214,2,9.0,True,8000,7.715065294178203e-05,0.96
dueling_dqn,662,0.55146,3,8.0,True,8000,5.6712975492700934e-05,0.96
dueling_dqn,663,0.55079,18,-7.0,True,8000,7.233473297674209e-05,0.96
dueling_dqn,664,0.55011,14,-3.0,True,8000,0.00010523463424760848,0.96
dueling_dqn,665,0.54943,16,-5.0,True,8000,6.164354999782518e-05,0.96
dueling_dqn,666,0.54875,2,9.0,True,8000,7.08532752469182e-05,0.96
dueling_dqn,667,0.54807,4,7.0,True,8000,0.00016203313134610653,0.96
dueling_dqn,668,0.54739,11,0.0,True,8000,7.788287621224299e-05,0.96
dueling_dqn,669,0.54671,7,4.0,True,8000,3.673713581520133e-05,0.96
dueling_dqn,670,0.54604,6,5.0,True,8000,4.94151609018445e-05,0.96
dueling_dqn,671,0.54536,22,-11.0,True,8000,7.594078488182276e-05,0.96
dueling_dqn,672,0.54468,18,-7.0,True,8000,3.865833059535362e-05,0.96
dueling_dqn,673,0.544,5,6.0,True,8000,0.00012842437718063593,0.96
dueling_dqn,674,0.54332,7,4.0,True,8000,7.434928556904197e-05,0.96
dueling_dqn,675,0.54264,5,6.0,True,8000,6.456363917095587e-05,0.96
dueling_dqn,676,0.54196,16,-5.0,True,8000,0.00025070784613490105,0.96
dueling_dqn,677,0.54129,8,3.0,True,8000,0.00011864008411066607,0.96
dueling_dqn,678,0.54061,13,-2.0,True,8000,0.0007843106868676841,0.96
dueling_dqn,679,0.53993,20,-9.0,True,8000,0.00027448328910395503,0.96
dueling_dqn,680,0.53925,17,-6.0,True,8000,0.000678585609421134,0.96
dueling_dqn,681,0.53857,17,-6.0,True,8000,0.00023143558064475656,0.96
dueling_dqn,682,0.53789,2,9.0,True,8000,0.0007200741092674434,0.96
dueling_dqn,683,0.53721,1,-10.0,False,8000,0.000497839821036905,0.95
dueling_dqn,684,0.53654,1,10.0,True,8000,0.0006761567201465368,0.95
dueling_dqn,685,0.53586,16,-5.0,True,8000,0.0009016709518618882,0.95
dueling_dqn,686,0.53518,13,-2.0,True,8000,0.00018006001482717693,0.95
dueling_dqn,687,0.5345,10,1.0,True,8000,0.00038286333438009024,0.95
dueling_dqn,688,0.53382,4,7.0,True,8000,0.00020042050164192915,0.95
dueling_dqn,689,0.53314,27,-16.0,True,8000,0.001055890810675919,0.95
dueling_dqn,690,0.53246,16,-5.0,True,8000,0.000816074782051146,0.95
dueling_dqn,691,0.53179,21,-10.0,True,8000,0.001029816223308444,0.95
dueling_dqn,692,0.53111,12,-1.0,True,8000,0.0010499419877305627,0.95
dueling_dqn,693,0.53043,4,7.0,True,8000,0.00045566968037746847,0.95
dueling_dqn,694,0.52975,8,3.0,True,8000,0.0003215525357518345,0.95
dueling_dqn,695,0.52907,7,4.0,True,8000,0.000431325810495764,0.95
dueling_dqn,696,0.52839,7,4.0,True,8000,0.0005805626278743148,0.95
dueling_dqn,697,0.52771,16,-5.0,True,8000,0.0003814895753748715,0.95
dueling_dqn,698,0.52704,1,-10.0,False,8000,0.00011892445763805881,0.94
dueling_dqn,699,0.52636,13,-2.0,True,8000,0.00033713653101585805,0.94
dueling_dqn,700,0.52568,1,10.0,True,8000,0.0003018334391526878,0.94
dueling_dqn,701,0.525,20,-9.0,True,8000,0.00016873267304617912,0.94
dueling_dqn,702,0.52432,2,9.0,True,8000,0.0004737375711556524,0.94
dueling_dqn,703,0.52364,9,2.0,True,8000,0.00039942903094924986,0.94
dueling_dqn,704,0.52296,6,5.0,True,8000,0.000243252536165528,0.94
dueling_dqn,705,0.52229,11,0.0,True,8000,0.000694799586199224,0.94
dueling_dqn,706,0.52161,10,1.0,True,8000,0.0006399396806955338,0.94
dueling_dqn,707,0.52093,28,-17.0,True,8000,0.000472139596240595,0.94
dueling_dqn,708,0.52025,12,-1.0,True,8000,0.0008269042591564357,0.95
dueling_dqn,709,0.51957,17,-6.0,True,8000,0.00035033331369049847,0.95
dueling_dqn,710,0.51889,7,4.0,True,8000,0.0003823699662461877,0.95
dueling_dqn,711,0.51821,4,7.0,True,8000,0.000309490947984159,0.95
dueling_dqn,712,0.51754,8,3.0,True,8000,0.0002129596541635692,0.95
dueling_dqn,713,0.51686,1,10.0,True,8000,0.00024587774532847106,0.95
dueling_dqn,714,0.51618,5,6.0,True,8000,0.0002124059828929603,0.95
dueling_dqn,715,0.5155,8,3.0,True,8000,0.0001690759090706706,0.95
dueling_dqn,716,0.51482,8,3.0,True,8000,0.00024018195108510554,0.95
dueling_dqn,717,0.51414,18,-7.0,True,8000,0.00012052660167682916,0.95
dueling_dqn,718,0.51346,14,-3.0,True,8000,6.855714309494942e-05,0.95
dueling_dqn,719,0.51279,10,1.0,True,8000,0.0006792020285502076,0.95
dueling_dqn,720,0.51211,4,7.0,True,8000,0.0008077154052443802,0.95
dueling_dqn,721,0.51143,4,7.0,True,8000,0.0008684518979862332,0.95
dueling_dqn,722,0.51075,9,2.0,True,8000,0.0019078499171882868,0.95
dueling_dqn,723,0.51007,10,1.0,True,8000,0.0013111393200233579,0.95
dueling_dqn,724,0.50939,5,6.0,True,8000,0.000601050560362637,0.95
dueling_dqn,725,0.50871,13,-2.0,True,8000,0.0006249450379982591,0.95
dueling_dqn,726,0.50804,18,-7.0,True,8000,8.716537558939308e-05,0.95
dueling_dqn,727,0.50736,14,-3.0,True,8000,0.0005289025721140206,0.95
dueling_dqn,728,0.50668,12,-1.0,True,8000,0.0002578530984465033,0.95
dueling_dqn,729,0.506,11,0.0,True,8000,0.001727687194943428,0.95
dueling_dqn,730,0.50532,4,-13.0,False,8000,0.0006121275364421308,0.94
dueling_dqn,731,0.50464,4,7.0,True,8000,0.00097651471151039,0.94
dueling_dqn,732,0.50396,8,3.0,True,8000,0.0004331425006967038,0.94
dueling_dqn,733,0.50329,10,1.0,True,8000,0.0005901062395423651,0.94
dueling_dqn,734,0.50261,16,-5.0,True,8000,0.00024509269860573113,0.94
dueling_dqn,735,0.50193,3,8.0,True,8000,0.00028149355784989893,0.94
dueling_dqn,736,0.50125,10,1.0,True,8000,0.0008159719873219728,0.94
dueling_dqn,737,0.50057,11,0.0,True,8000,0.0003031313535757363,0.94
dueling_dqn,738,0.49989,8,3.0,True,8000,0.0005262746708467603,0.94
dueling_dqn,739,0.49921,9,2.0,True,8000,0.0010543974349275231,0.95
dueling_dqn,740,0.49854,21,-10.0,True,8000,0.0007288219640031457,0.95
dueling_dqn,741,0.49786,6,5.0,True,8000,0.0015575913712382317,0.95
dueling_dqn,742,0.49718,14,-3.0,True,8000,0.0004981692181900144,0.95
dueling_dqn,743,0.4965,7,4.0,True,8000,0.00019868227536790073,0.95
dueling_dqn,744,0.49582,3,8.0,True,8000,0.00019639333186205477,0.96
dueling_dqn,745,0.49514,7,4.0,True,8000,0.00021610409021377563,0.96
dueling_dqn,746,0.49446,6,5.0,True,8000,9.316326031694189e-05,0.96
dueling_dqn,747,0.49379,10,1.0,True,8000,6.713201582897455e-05,0.96
dueling_dqn,748,0.49311,11,0.0,True,8000,4.321329470258206e-05,0.96
dueling_dqn,749,0.49243,22,-11.0,True,8000,5.73107945456286e-06,0.96
dueling_dqn,750,0.49175,34,-23.0,True,8000,0.00024454406229779124,0.96
dueling_dqn,751,0.49107,12,-1.0,True,8000,0.0001141449756687507,0.96
dueling_dqn,752,0.49039,18,-7.0,True,8000,0.00038235794636420906,0.96
dueling_dqn,753,0.48971,10,1.0,True,8000,0.0008847858989611268,0.96
dueling_dqn,754,0.48904,11,0.0,True,8000,0.0004927219124510884,0.97
dueling_dqn,755,0.48836,3,8.0,True,8000,0.0014299266040325165,0.97
dueling_dqn,756,0.48768,2,9.0,True,8000,0.0006361546693369746,0.97
dueling_dqn,757,0.487,4,7.0,True,8000,0.00040603819070383906,0.97
dueling_dqn,758,0.48632,6,5.0,True,8000,0.00045827997382730246,0.97
dueling_dqn,759,0.48564,1,10.0,True,8000,0.0009628850966691971,0.97
dueling_dqn,760,0.48496,1,10.0,True,8000,0.0013575005577877164,0.97
dueling_dqn,761,0.48429,16,-5.0,True,8000,0.0015169974649325013,0.97
dueling_dqn,762,0.48361,11,0.0,True,8000,0.0011571767972782254,0.97
dueling_dqn,763,0.48293,10,1.0,True,8000,0.0019914384465664625,0.97
dueling_dqn,764,0.48225,8,3.0,True,8000,0.0006346309091895819,0.97
dueling_dqn,765,0.48157,9,2.0,True,8000,0.0018241975922137499,0.97
dueling_dqn,766,0.48089,7,4.0,True,8000,0.0011036742944270372,0.97
dueling_dqn,767,0.48021,8,3.0,True,8000,0.0011157491244375706,0.97
dueling_dqn,768,0.47954,9,2.0,True,8000,0.0007685443270020187,0.97
dueling_dqn,769,0.47886,14,-3.0,True,8000,0.0005198217695578933,0.97
dueling_dqn,770,0.47818,12,-1.0,True,8000,0.0009095239220187068,0.97
dueling_dqn,771,0.4775,8,3.0,True,8000,0.0006820817943662405,0.97
dueling_dqn,772,0.47682,5,6.0,True,8000,0.00021730459411628544,0.97
dueling_dqn,773,0.47614,16,-5.0,True,8000,0.0001835431030485779,0.97
dueling_dqn,774,0.47546,19,-8.0,True,8000,0.0001977370702661574,0.97
dueling_dqn,775,0.47479,30,-19.0,True,8000,5.7169065257767215e-05,0.97
dueling_dqn,776,0.47411,3,8.0,True,8000,0.00017145281890407205,0.97
dueling_dqn,777,0.47343,4,7.0,True,8000,0.0001264764869119972,0.97
dueling_dqn,778,0.47275,6,5.0,True,8000,3.800269769271836e-05,0.97
dueling_dqn,779,0.47207,5,6.0,True,8000,0.000305365800159052,0.97
dueling_dqn,780,0.47139,12,-1.0,True,8000,0.00014091504272073507,0.97
dueling_dqn,781,0.47071,5,6.0,True,8000,8.694744610693306e-05,0.97
dueling_dqn,782,0.47004,1,10.0,True,8000,0.0001734332909109071,0.97
dueling_dqn,783,0.46936,7,4.0,True,8000,4.523356619756669e-05,0.98
dueling_dqn,784,0.46868,3,8.0,True,8000,8.366680413018912e-05,0.98
dueling_dqn,785,0.468,14,-3.0,True,8000,7.352874672506005e-05,0.98
dueling_dqn,786,0.46732,5,6.0,True,8000,1.9151386368321255e-05,0.98
dueling_dqn,787,0.46664,17,-6.0,True,8000,1.3551694792113267e-05,0.98
dueling_dqn,788,0.46596,3,8.0,True,8000,1.996738137677312e-05,0.98
dueling_dqn,789,0.46529,1,10.0,True,8000,1.2594844520208426e-05,0.98
dueling_dqn,790,0.46461,5,6.0,True,8000,1.9697843526955694e-05,0.98
dueling_dqn,791,0.46393,1,-10.0,False,8000,1.1663024451991078e-05,0.97
dueling_dqn,792,0.46325,13,-2.0,True,8000,1.2672732736973558e-05,0.97
dueling_dqn,793,0.46257,6,5.0,True,8000,1.45573267218424e-05,0.97
dueling_dqn,794,0.46189,2,9.0,True,8000,8.304567018058151e-06,0.97
dueling_dqn,795,0.46121,12,-1.0,True,8000,0.00013442369527183473,0.97
dueling_dqn,796,0.46054,19,-8.0,True,8000,4.816618820768781e-05,0.97
dueling_dqn,797,0.45986,7,4.0,True,8000,8.00665293354541e-05,0.97
dueling_dqn,798,0.45918,11,0.0,True,8000,2.3633336240891367e-05,0.98
dueling_dqn,799,0.4585,1,10.0,True,8000,2.352494266233407e-05,0.98
dueling_dqn,800,0.45782,5,6.0,True,8000,2.7808855520561337e-05,0.98
dueling_dqn,801,0.45714,6,5.0,True,8000,2.362905979680363e-05,0.98
dueling_dqn,802,0.45646,4,7.0,True,8000,2.5191751774400473e-05,0.98
dueling_dqn,803,0.45579,21,-10.0,True,8000,3.345893128425814e-05,0.98
dueling_dqn,804,0.45511,11,0.0,True,8000,2.432370456517674e-05,0.98
dueling_dqn,805,0.45443,11,0.0,True,8000,0.00012665061512961984,0.98
dueling_dqn,806,0.45375,3,8.0,True,8000,0.00011212926619919017,0.98
dueling_dqn,807,0.45307,19,-8.0,True,8000,0.00014478036609943956,0.98
dueling_dqn,808,0.45239,10,1.0,True,8000,5.835113552166149e-05,0.98
dueling_dqn,809,0.45171,17,-6.0,True,8000,1.753399737935979e-05,0.98
dueling_dqn,810,0.45104,4,7.0,True,8000,1.8290706066181883e-05,0.98
dueling_dqn,811,0.45036,7,4.0,True,8000,1.3732487786910497e-05,0.98
dueling_dqn,812,0.44968,3,8.0,True,8000,2.1326573914848268e-05,0.98
dueling_dqn,813,0.449,5,6.0,True,8000,1.4793126865697559e-05,0.98
dueling_dqn,814,0.44832,6,5.0,True,8000,1.336622517555952e-05,0.98
dueling_dqn,815,0.44764,4,7.0,True,8000,1.291607622988522e-05,0.98
dueling_dqn,816,0.44696,11,0.0,True,8000,5.261578280624235e-06,0.98
dueling_dqn,817,0.44629,7,4.0,True,8000,9.174608567263931e-05,0.98
dueling_dqn,818,0.44561,12,-1.0,True,8000,4.067660483997315e-05,0.98
dueling_dqn,819,0.44493,6,5.0,True,8000,3.9343314711004496e-05,0.98
dueling_dqn,820,0.44425,6,5.0,True,8000,3.7802692531840876e-05,0.98
dueling_dqn,821,0.44357,2,9.0,True,8000,3.0384357160073705e-05,0.98
dueling_dqn,822,0.44289,6,5.0,True,8000,2.012873301282525e-05,0.98
dueling_dqn,823,0.44221,2,9.0,True,8000,7.068975264701294e-06,0.98
dueling_dqn,824,0.44154,8,3.0,True,8000,1.0972159543598536e-05,0.98
dueling_dqn,825,0.44086,6,5.0,True,8000,5.96146346651949e-05,0.98
dueling_dqn,826,0.44018,12,-1.0,True,8000,3.168404145981185e-05,0.98
dueling_dqn,827,0.4395,8,3.0,True,8000,1.8668884877115488e-05,0.98
dueling_dqn,828,0.43882,7,4.0,True,8000,2.1116933567100205e-05,0.98
dueling_dqn,829,0.43814,7,4.0,True,8000,1.0189209206146188e-05,0.98
dueling_dqn,830,0.43746,16,-5.0,True,8000,1.617865200387314e-05,0.99
dueling_dqn,831,0.43679,5,6.0,True,8000,2.9979255486978218e-05,0.99
dueling_dqn,832,0.43611,4,7.0,True,8000,2.484923788870219e-05,0.99
dueling_dqn,833,0.43543,14,-3.0,True,8000,3.160196865792386e-05,0.99
dueling_dqn,834,0.43475,4,7.0,True,8000,3.852596637443639e-05,0.99
dueling_dqn,835,0.43407,14,-3.0,True,8000,1.618541318748612e-05,0.99
dueling_dqn,836,0.43339,10,1.0,True,8000,1.3896631571697071e-05,0.99
dueling_dqn,837,0.43271,11,0.0,True,8000,1.2182331374788191e-05,0.99
dueling_dqn,838,0.43204,8,3.0,True,8000,1.5476489352295175e-05,0.99
dueling_dqn,839,0.43136,2,9.0,True,8000,1.1635695955192205e-05,0.99
dueling_dqn,840,0.43068,12,-1.0,True,8000,5.572121153818443e-06,0.99
dueling_dqn,841,0.43,3,8.0,True,8000,9.227990631188732e-06,0.99
dueling_dqn,842,0.42932,6,5.0,True,8000,4.811444341612514e-06,0.99
dueling_dqn,843,0.42864,5,6.0,True,8000,7.689155609114096e-06,0.99
dueling_dqn,844,0.42796,10,1.0,True,8000,3.24565771734342e-05,0.99
dueling_dqn,845,0.42729,1,10.0,True,8000,4.312757300795056e-05,0.99
dueling_dqn,846,0.42661,19,-8.0,True,8000,2.9934461053926498e-05,0.99
dueling_dqn,847,0.42593,14,-3.0,True,8000,2.4215585654019378e-05,0.99
dueling_dqn,848,0.42525,4,7.0,True,8000,1.6260502889053896e-05,0.99
dueling_dqn,849,0.42457,6,5.0,True,8000,2.684695391508285e-05,0.99
dueling_dqn,850,0.42389,6,5.0,True,8000,1.1309864930808544e-05,0.99
dueling_dqn,851,0.42321,30,-19.0,True,8000,4.504621301748557e-06,0.99
dueling_dqn,852,0.42254,10,1.0,True,8000,3.2884029224078404e-06,0.99
dueling_dqn,853,0.42186,10,1.0,True,8000,1.8673628801479936e-05,0.99
dueling_dqn,854,0.42118,2,9.0,True,8000,2.3081087419996038e-05,0.99
dueling_dqn,855,0.4205,8,3.0,True,8000,1.1762756912503392e-05,0.99
dueling_dqn,856,0.41982,8,3.0,True,8000,3.6057448596693575e-05,0.99
dueling_dqn,857,0.41914,10,1.0,True,8000,1.1422574971220456e-05,0.99
dueling_dqn,858,0.41846,15,-4.0,True,8000,3.729866193680209e-06,0.99
dueling_dqn,859,0.41779,9,2.0,True,8000,1.129391421272885e-05,0.99
dueling_dqn,860,0.41711,5,6.0,True,8000,1.8342412658967078e-05,0.99
dueling_dqn,861,0.41643,7,4.0,True,8000,1.578233604959678e-05,0.99
dueling_dqn,862,0.41575,11,0.0,True,8000,2.7154139388585463e-05,0.99
dueling_dqn,863,0.41507,9,2.0,True,8000,2.698877506190911e-05,0.99
dueling_dqn,864,0.41439,3,8.0,True,8000,1.5171207451203372e-05,0.99
dueling_dqn,865,0.41371,6,5.0,True,8000,1.4668201401946135e-05,0.99
dueling_dqn,866,0.41304,10,1.0,True,8000,2.128858795913402e-05,0.99
dueling_dqn,867,0.41236,1,10.0,True,8000,3.310714237159118e-05,0.99
dueling_dqn,868,0.41168,6,5.0,True,8000,1.964072544069495e-05,0.99
dueling_dqn,869,0.411,10,1.0,True,8000,2.4985347408801317e-05,0.99
dueling_dqn,870,0.41032,20,-9.0,True,8000,7.087895937729627e-05,0.99
dueling_dqn,871,0.40964,10,1.0,True,8000,0.00012372690252959728,0.99
dueling_dqn,872,0.40896,9,2.0,True,8000,2.028006019827444e-05,0.99
dueling_dqn,873,0.40829,10,1.0,True,8000,6.089427915867418e-05,0.99
dueling_dqn,874,0.40761,2,9.0,True,8000,3.802451101364568e-05,0.99
dueling_dqn,875,0.40693,23,-12.0,True,8000,9.402045543538406e-05,0.99
dueling_dqn,876,0.40625,5,6.0,True,8000,0.00011107433238066733,0.99
dueling_dqn,877,0.40557,10,1.0,True,8000,5.834593321196735e-05,0.99
dueling_dqn,878,0.40489,11,0.0,True,8000,0.00015630792768206447,0.99
dueling_dqn,879,0.40421,20,-9.0,True,8000,9.939494339050725e-05,0.99
dueling_dqn,880,0.40354,14,-3.0,True,8000,0.0001974244078155607,0.99
dueling_dqn,881,0.40286,9,2.0,True,8000,0.00010540831863181666,0.99
dueling_dqn,882,0.40218,6,5.0,True,8000,0.00013122212840244174,0.99
dueling_dqn,883,0.4015,6,5.0,True,8000,0.00013182750262785703,0.99
dueling_dqn,884,0.40082,16,-5.0,True,8000,8.097030513454229e-05,0.99
dueling_dqn,885,0.40014,10,1.0,True,8000,0.00018915235705208033,0.99
dueling_dqn,886,0.39946,6,5.0,True,8000,6.285024574026465e-05,0.99
dueling_dqn,887,0.39879,1,10.0,True,8000,0.0001263176091015339,0.99
dueling_dqn,888,0.39811,6,5.0,True,8000,0.00016702550055924803,0.99
dueling_dqn,889,0.39743,10,1.0,True,8000,8.046541188377887e-05,0.99
dueling_dqn,890,0.39675,6,5.0,True,8000,0.00022017343144398183,0.99
dueling_dqn,891,0.39607,8,3.0,True,8000,0.0003040104347746819,1.0
dueling_dqn,892,0.39539,3,8.0,True,8000,0.00027965105255134404,1.0
dueling_dqn,893,0.39471,3,8.0,True,8000,0.0002367633715039119,1.0
dueling_dqn,894,0.39404,15,-4.0,True,8000,0.0003043741453438997,1.0
dueling_dqn,895,0.39336,4,7.0,True,8000,0.0003736719663720578,1.0
dueling_dqn,896,0.39268,8,3.0,True,8000,0.0003215298638679087,1.0
dueling_dqn,897,0.392,7,4.0,True,8000,0.000421729200752452,1.0
dueling_dqn,898,0.39132,10,1.0,True,8000,0.00020198564743623137,1.0
dueling_dqn,899,0.39064,5,6.0,True,8000,0.00013753882376477122,1.0
dueling_dqn,900,0.38996,25,-14.0,True,8000,0.003348532598465681,1.0
dueling_dqn,901,0.38929,1,10.0,True,8000,0.0005660203169099987,1.0
dueling_dqn,902,0.38861,3,8.0,True,8000,0.0011215051636099815,1.0
dueling_dqn,903,0.38793,6,5.0,True,8000,0.0004956350312568247,1.0
dueling_dqn,904,0.38725,5,6.0,True,8000,0.001416307408362627,1.0
dueling_dqn,905,0.38657,7,4.0,True,8000,0.0005267448141239583,1.0
dueling_dqn,906,0.38589,5,6.0,True,8000,0.0014706575311720371,1.0
dueling_dqn,907,0.38521,7,4.0,True,8000,0.0011722450144588947,1.0
dueling_dqn,908,0.38454,1,10.0,True,8000,0.0014468813315033913,1.0
dueling_dqn,909,0.38386,10,1.0,True,8000,0.0008853784529492259,1.0
dueling_dqn,910,0.38318,6,5.0,True,8000,0.002159873489290476,1.0
dueling_dqn,911,0.3825,10,1.0,True,8000,0.0033834134228527546,1.0
dueling_dqn,912,0.38182,6,5.0,True,8000,0.0033390698954463005,1.0
dueling_dqn,913,0.38114,1,10.0,True,8000,0.0011789845302700996,1.0
dueling_dqn,914,0.38046,3,8.0,True,8000,0.0006884197937324643,1.0
dueling_dqn,915,0.37979,6,5.0,True,8000,0.0013722768053412437,1.0
dueling_dqn,916,0.37911,13,-2.0,True,8000,0.0004712437803391367,1.0
dueling_dqn,917,0.37843,12,-1.0,True,8000,0.0007270610076375306,1.0
dueling_dqn,918,0.37775,12,-1.0,True,8000,0.001195048214867711,1.0
dueling_dqn,919,0.37707,16,-5.0,True,8000,0.0003643980890046805,1.0
dueling_dqn,920,0.37639,16,-5.0,True,8000,0.00013642298290506005,1.0
dueling_dqn,921,0.37571,5,6.0,True,8000,7.968411227921024e-05,1.0
dueling_dqn,922,0.37504,8,3.0,True,8000,9.512630640529096e-05,1.0
dueling_dqn,923,0.37436,5,6.0,True,8000,0.0001236199022969231,1.0
dueling_dqn,924,0.37368,7,4.0,True,8000,0.00013037139433436096,1.0
dueling_dqn,925,0.373,3,8.0,True,8000,7.92115242802538e-05,1.0
dueling_dqn,926,0.37232,19,-8.0,True,8000,0.0001598718954483047,1.0
dueling_dqn,927,0.37164,9,2.0,True,8000,0.00020785603555850685,1.0
dueling_dqn,928,0.37096,2,9.0,True,8000,8.731881098356098e-05,1.0
dueling_dqn,929,0.37029,12,-1.0,True,8000,0.00012769698514603078,1.0
dueling_dqn,930,0.36961,2,9.0,True,8000,0.00013176329957786947,1.0
dueling_dqn,931,0.36893,27,-16.0,True,8000,7.021710916887969e-05,1.0
dueling_dqn,932,0.36825,1,10.0,True,8000,7.836048462195322e-05,1.0
dueling_dqn,933,0.36757,27,-16.0,True,8000,3.0132467145449482e-05,1.0
dueling_dqn,934,0.36689,10,1.0,True,8000,0.00039107550401240587,1.0
dueling_dqn,935,0.36621,6,5.0,True,8000,0.00023332395358011127,1.0
dueling_dqn,936,0.36554,13,-2.0,True,8000,0.00014753070718143135,1.0
dueling_dqn,937,0.36486,18,-7.0,True,8000,5.739232074120082e-05,1.0
dueling_dqn,938,0.36418,10,1.0,True,8000,6.413133087335154e-05,1.0
dueling_dqn,939,0.3635,3,8.0,True,8000,3.8141839468153194e-05,1.0
dueling_dqn,940,0.36282,6,5.0,True,8000,4.254522718838416e-05,1.0
dueling_dqn,941,0.36214,7,4.0,True,8000,1.957832500920631e-05,1.0
dueling_dqn,942,0.36146,8,3.0,True,8000,2.6852056180359796e-05,1.0
dueling_dqn,943,0.36079,7,4.0,True,8000,9.913322173815686e-06,1.0
dueling_dqn,944,0.36011,3,-12.0,False,8000,4.754051406052895e-05,0.99
dueling_dqn,945,0.35943,5,6.0,True,8000,1.3376425158639904e-05,0.99
dueling_dqn,946,0.35875,9,2.0,True,8000,0.00014862456009723246,0.99
dueling_dqn,947,0.35807,9,2.0,True,8000,0.00012127478839829564,0.99
dueling_dqn,948,0.35739,2,9.0,True,8000,9.927474457072094e-05,0.99
dueling_dqn,949,0.35671,3,8.0,True,8000,6.771444896003231e-05,0.99
dueling_dqn,950,0.35604,3,8.0,True,8000,6.938765000086278e-05,0.99
dueling_dqn,951,0.35536,2,9.0,True,8000,4.385131614981219e-05,0.99
dueling_dqn,952,0.35468,5,6.0,True,8000,4.8157300625462085e-05,0.99
dueling_dqn,953,0.354,2,9.0,True,8000,2.485412551322952e-05,0.99
dueling_dqn,954,0.35332,10,1.0,True,8000,6.317051884252578e-05,0.99
dueling_dqn,955,0.35264,12,-1.0,True,8000,2.4672584913787432e-05,0.99
dueling_dqn,956,0.35196,5,6.0,True,8000,1.7054217096301727e-05,0.99
dueling_dqn,957,0.35129,7,4.0,True,8000,2.291804412379861e-05,0.99
dueling_dqn,958,0.35061,11,0.0,True,8000,4.421067933435552e-05,0.99
dueling_dqn,959,0.34993,2,9.0,True,8000,1.67103971762117e-05,0.99
dueling_dqn,960,0.34925,5,6.0,True,8000,2.3337584934779443e-05,0.99
dueling_dqn,961,0.34857,3,8.0,True,8000,1.5014271411928348e-05,0.99
dueling_dqn,962,0.34789,2,9.0,True,8000,1.9143477402394637e-05,0.99
dueling_dqn,963,0.34721,5,6.0,True,8000,1.827521191444248e-05,0.99
dueling_dqn,964,0.34654,18,-7.0,True,8000,0.00015051857917569578,0.99
dueling_dqn,965,0.34586,10,1.0,True,8000,0.00017033291806001216,0.99
dueling_dqn,966,0.34518,9,2.0,True,8000,0.00013276560639496893,0.99
dueling_dqn,967,0.3445,4,7.0,True,8000,0.00012003711890429258,0.99
dueling_dqn,968,0.34382,4,7.0,True,8000,0.00013393998960964382,0.99
dueling_dqn,969,0.34314,8,3.0,True,8000,8.373604214284569e-05,0.99
dueling_dqn,970,0.34246,5,-14.0,False,8000,6.657516496488824e-05,0.98
dueling_dqn,971,0.34179,10,1.0,True,8000,8.982737926999107e-05,0.98
dueling_dqn,972,0.34111,7,4.0,True,8000,9.250541188521311e-05,0.98
dueling_dqn,973,0.34043,2,9.0,True,8000,0.00011907763837371022,0.98
dueling_dqn,974,0.33975,14,-3.0,True,8000,0.0002966226893477142,0.98
dueling_dqn,975,0.33907,11,0.0,True,8000,0.000146955469972454,0.98
dueling_dqn,976,0.33839,17,-6.0,True,8000,0.0001512702729087323,0.98
dueling_dqn,977,0.33771,5,6.0,True,8000,0.00014609255595132709,0.98
dueling_dqn,978,0.33704,10,1.0,True,8000,8.443166734650731e-05,0.98
dueling_dqn,979,0.33636,6,5.0,True,8000,6.897681305417791e-05,0.98
dueling_dqn,980,0.33568,11,0.0,True,8000,6.601245695492253e-05,0.98
dueling_dqn,981,0.335,11,0.0,True,8000,9.846150351222605e-05,0.98
dueling_dqn,982,0.33432,5,6.0,True,8000,3.725742135429755e-05,0.98
dueling_dqn,983,0.33364,5,6.0,True,8000,6.72661408316344e-05,0.98
dueling_dqn,984,0.33296,10,1.0,True,8000,6.429650238715112e-05,0.98
dueling_dqn,985,0.33229,1,10.0,True,8000,9.545096690999344e-05,0.98
dueling_dqn,986,0.33161,3,8.0,True,8000,3.389988705748692e-05,0.98
dueling_dqn,987,0.33093,2,9.0,True,8000,3.3646927477093413e-05,0.98
dueling_dqn,988,0.33025,12,-1.0,True,8000,0.00010605781426420435,0.98
dueling_dqn,989,0.32957,11,0.0,True,8000,0.0009346735896542668,0.98
dueling_dqn,990,0.32889,1,10.0,True,8000,0.001106511102989316,0.98
dueling_dqn,991,0.32821,6,5.0,True,8000,0.00042049214243888855,0.98
dueling_dqn,992,0.32754,6,5.0,True,8000,0.00028245197609066963,0.98
dueling_dqn,993,0.32686,1,10.0,True,8000,0.0006395382806658745,0.98
dueling_dqn,994,0.32618,9,2.0,True,8000,0.0005156986298970878,0.98
dueling_dqn,995,0.3255,12,-1.0,True,8000,0.0010033880826085806,0.98
dueling_dqn,996,0.32482,4,7.0,True,8000,0.0004433531139511615,0.98
dueling_dqn,997,0.32414,3,8.0,True,8000,0.0005339523777365685,0.98
dueling_dqn,998,0.32346,5,6.0,True,8000,0.0001760737068252638,0.98
dueling_dqn,999,0.32279,12,-1.0,True,8000,0.00032436050241813064,0.98
dueling_dqn,1000,0.32211,11,0.0,True,8000,0.0004296396509744227,0.98
dueling_dqn,1001,0.32143,1,10.0,True,8000,0.0004214789951220155,0.98
dueling_dqn,1002,0.32075,5,6.0,True,8000,0.00039940071292221546,0.98
dueling_dqn,1003,0.32007,10,1.0,True,8000,0.0002343454398214817,0.98
dueling_dqn,1004,0.31939,4,7.0,True,8000,0.00021984093473292887,0.98
dueling_dqn,1005,0.31871,6,5.0,True,8000,0.00014929237659089267,0.98
dueling_dqn,1006,0.31804,7,4.0,True,8000,0.0004909617709927261,0.98
dueling_dqn,1007,0.31736,6,5.0,True,8000,0.0009470860240980983,0.98
dueling_dqn,1008,0.31668,5,6.0,True,8000,0.0005847435095347464,0.98
dueling_dqn,1009,0.316,7,4.0,True,8000,0.0008813310996629298,0.98
dueling_dqn,1010,0.31532,6,5.0,True,8000,0.0005824141553603113,0.98
dueling_dqn,1011,0.31464,6,5.0,True,8000,0.00033387282746843994,0.98
dueling_dqn,1012,0.31396,7,4.0,True,8000,0.00022309075575321913,0.98
dueling_dqn,1013,0.31329,5,6.0,True,8000,0.00026698349392972887,0.98
dueling_dqn,1014,0.31261,9,2.0,True,8000,0.00023874346516095102,0.98
dueling_dqn,1015,0.31193,10,1.0,True,8000,0.0002543198934290558,0.98
dueling_dqn,1016,0.31125,9,2.0,True,8000,9.08220827113837e-05,0.98
dueling_dqn,1017,0.31057,9,2.0,True,8000,0.00028769110213033855,0.98
dueling_dqn,1018,0.30989,7,4.0,True,8000,0.00029778480529785156,0.98
dueling_dqn,1019,0.30921,1,10.0,True,8000,0.00016862836491782218,0.98
dueling_dqn,1020,0.30854,9,2.0,True,8000,0.0007195430225692689,0.98
dueling_dqn,1021,0.30786,6,5.0,True,8000,0.0007204582798294723,0.98
dueling_dqn,1022,0.30718,9,2.0,True,8000,0.0008943504653871059,0.98
dueling_dqn,1023,0.3065,10,1.0,True,8000,0.0010355538688600063,0.98
dueling_dqn,1024,0.30582,2,9.0,True,8000,0.0005341836367733777,0.98
dueling_dqn,1025,0.30514,5,6.0,True,8000,0.001266731764189899,0.98
dueling_dqn,1026,0.30446,1,10.0,True,8000,0.0012454953975975513,0.98
dueling_dqn,1027,0.30379,3,8.0,True,8000,0.0009522667387500405,0.98
dueling_dqn,1028,0.30311,15,-4.0,True,8000,0.0010761312441900373,0.98
dueling_dqn,1029,0.30243,14,-3.0,True,8000,0.00038544792914763093,0.98
dueling_dqn,1030,0.30175,7,4.0,True,8000,0.00016411543765570968,0.98
dueling_dqn,1031,0.30107,2,9.0,True,8000,0.00019774757674895227,0.98
dueling_dqn,1032,0.30039,4,7.0,True,8000,0.0004213307984173298,0.98
dueling_dqn,1033,0.29971,4,7.0,True,8000,0.0004931650473736227,0.98
dueling_dqn,1034,0.29904,5,6.0,True,8000,0.0001484697568230331,0.98
dueling_dqn,1035,0.29836,7,4.0,True,8000,0.00011920381803065538,0.98
dueling_dqn,1036,0.29768,3,-12.0,False,8000,0.0004242802388034761,0.97
dueling_dqn,1037,0.297,4,7.0,True,8000,0.0009416553657501936,0.97
dueling_dqn,1038,0.29632,5,6.0,True,8000,0.0001688215124886483,0.97
dueling_dqn,1039,0.29564,6,5.0,True,8000,0.00047892218572087586,0.97
dueling_dqn,1040,0.29496,5,6.0,True,8000,0.00013749352365266532,0.97
dueling_dqn,1041,0.29429,7,4.0,True,8000,0.0001657092070672661,0.97
dueling_dqn,1042,0.29361,8,3.0,True,8000,0.00017454801127314568,0.97
dueling_dqn,1043,0.29293,4,7.0,True,8000,0.0001765498600434512,0.97
dueling_dqn,1044,0.29225,9,2.0,True,8000,0.0002562789886724204,0.98
dueling_dqn,1045,0.29157,1,10.0,True,8000,3.341713090776466e-05,0.98
dueling_dqn,1046,0.29089,3,8.0,True,8000,0.00013856901205144823,0.98
dueling_dqn,1047,0.29021,7,4.0,True,8000,0.00010277693945681676,0.98
dueling_dqn,1048,0.28954,4,7.0,True,8000,5.47580566490069e-05,0.98
dueling_dqn,1049,0.28886,3,8.0,True,8000,0.00013227314047981054,0.98
dueling_dqn,1050,0.28818,11,0.0,True,8000,6.643195956712589e-05,0.98
dueling_dqn,1051,0.2875,8,3.0,True,8000,8.040148532018065e-05,0.98
dueling_dqn,1052,0.28682,10,1.0,True,8000,9.334796777693555e-05,0.98
dueling_dqn,1053,0.28614,11,0.0,True,8000,0.000702731660567224,0.98
dueling_dqn,1054,0.28546,2,9.0,True,8000,0.00044609708129428327,0.98
dueling_dqn,1055,0.28479,1,10.0,True,8000,0.00038753848639316857,0.98
dueling_dqn,1056,0.28411,9,2.0,True,8000,0.0003122217603959143,0.98
dueling_dqn,1057,0.28343,8,3.0,True,8000,0.00011249292583670467,0.98
dueling_dqn,1058,0.28275,8,3.0,True,8000,0.0002266337105538696,0.98
dueling_dqn,1059,0.28207,12,-1.0,True,8000,0.00011677099973894656,0.98
dueling_dqn,1060,0.28139,5,6.0,True,8000,8.253320265794173e-05,0.98
dueling_dqn,1061,0.28071,2,9.0,True,8000,5.8893620007438585e-05,0.98
dueling_dqn,1062,0.28004,5,6.0,True,8000,5.243938721832819e-05,0.98
dueling_dqn,1063,0.27936,6,5.0,True,8000,8.568482735427096e-05,0.98
dueling_dqn,1064,0.27868,3,8.0,True,8000,0.0001360694586765021,0.98
dueling_dqn,1065,0.278,9,2.0,True,8000,2.636250246723648e-05,0.98
dueling_dqn,1066,0.27732,9,2.0,True,8000,1.5527100913459435e-05,0.98
dueling_dqn,1067,0.27664,14,-3.0,True,8000,8.238989721576218e-06,0.98
dueling_dqn,1068,0.27596,7,4.0,True,8000,0.00025575803010724485,0.98
dueling_dqn,1069,0.27529,6,5.0,True,8000,0.0004508017154876143,0.98
dueling_dqn,1070,0.27461,7,4.0,True,8000,0.00014252254914026707,0.99
dueling_dqn,1071,0.27393,1,10.0,True,8000,0.0006629026029258966,0.99
dueling_dqn,1072,0.27325,7,4.0,True,8000,0.00026211192016489804,0.99
dueling_dqn,1073,0.27257,7,4.0,True,8000,0.00037824356695637107,0.99
dueling_dqn,1074,0.27189,12,-1.0,True,8000,0.0002571335935499519,0.99
dueling_dqn,1075,0.27121,2,9.0,True,8000,0.00014715961879119277,0.99
dueling_dqn,1076,0.27054,10,1.0,True,8000,0.0002291451091878116,0.99
dueling_dqn,1077,0.26986,2,9.0,True,8000,7.859319157432765e-05,0.99
dueling_dqn,1078,0.26918,5,6.0,True,8000,0.00035872633452527225,0.99
dueling_dqn,1079,0.2685,8,3.0,True,8000,0.00017780569032765925,0.99
dueling_dqn,1080,0.26782,7,4.0,True,8000,0.00015529501251876354,0.99
dueling_dqn,1081,0.26714,6,5.0,True,8000,9.730939200380817e-05,0.99
dueling_dqn,1082,0.26646,8,3.0,True,8000,0.00035004012170247734,0.99
dueling_dqn,1083,0.26579,16,-5.0,True,8000,0.0013141981326043606,0.99
dueling_dqn,1084,0.26511,2,9.0,True,8000,0.0005044854478910565,0.99
dueling_dqn,1085,0.26443,6,5.0,True,8000,0.0004442807112354785,0.99
dueling_dqn,1086,0.26375,4,7.0,True,8000,0.0004040336352773011,0.99
dueling_dqn,1087,0.26307,5,6.0,True,8000,0.0005915426881983876,0.99
dueling_dqn,1088,0.26239,4,7.0,True,8000,0.00027438305551186204,0.99
dueling_dqn,1089,0.26171,1,10.0,True,8000,0.0001758093130774796,0.99
dueling_dqn,1090,0.26104,8,3.0,True,8000,0.00026455934857949615,0.99
dueling_dqn,1091,0.26036,9,2.0,True,8000,9.899363794829696e-05,0.99
dueling_dqn,1092,0.25968,6,5.0,True,8000,0.00010244128498015925,0.99
dueling_dqn,1093,0.259,9,2.0,True,8000,0.00014402763918042183,0.99
dueling_dqn,1094,0.25832,5,6.0,True,8000,0.00020928231242578477,0.99
dueling_dqn,1095,0.25764,6,5.0,True,8000,0.00012103794142603874,0.99
dueling_dqn,1096,0.25696,10,1.0,True,8000,0.00010506910621188581,0.99
dueling_dqn,1097,0.25629,11,0.0,True,8000,0.000263631489360705,0.99
dueling_dqn,1098,0.25561,10,1.0,True,8000,0.00013193981430958956,0.99
dueling_dqn,1099,0.25493,3,8.0,True,8000,0.00010832199041033164,0.99
dueling_dqn,1100,0.25425,6,5.0,True,8000,7.610852480866015e-05,0.99
dueling_dqn,1101,0.25357,1,10.0,True,8000,0.00020641437731683254,0.99
dueling_dqn,1102,0.25289,6,5.0,True,8000,0.00016878775204531848,0.99
dueling_dqn,1103,0.25221,7,4.0,True,8000,5.910889376536943e-05,0.99
dueling_dqn,1104,0.25154,1,10.0,True,8000,7.705418101977557e-05,0.99
dueling_dqn,1105,0.25086,10,1.0,True,8000,2.9630662538693286e-05,0.99
dueling_dqn,1106,0.25018,10,1.0,True,8000,2.3403532395604998e-05,0.99
dueling_dqn,1107,0.2495,10,1.0,True,8000,1.4419037142943125e-05,0.99
dueling_dqn,1108,0.24882,6,5.0,True,8000,2.867090006475337e-05,0.99
dueling_dqn,1109,0.24814,9,2.0,True,8000,3.182419459335506e-05,0.99
dueling_dqn,1110,0.24746,8,3.0,True,8000,6.194323214003816e-05,0.99
dueling_dqn,1111,0.24679,1,10.0,True,8000,0.0001529716537334025,0.99
dueling_dqn,1112,0.24611,4,7.0,True,8000,3.4800719731720164e-05,0.99
dueling_dqn,1113,0.24543,12,-1.0,True,8000,0.0003594511654227972,0.99
dueling_dqn,1114,0.24475,6,5.0,True,8000,0.0005553686060011387,0.99
dueling_dqn,1115,0.24407,2,9.0,True,8000,0.0005728468531742692,0.99
dueling_dqn,1116,0.24339,5,6.0,True,8000,0.0009837559191510081,0.99
dueling_dqn,1117,0.24271,11,0.0,True,8000,0.0004416844458319247,0.99
dueling_dqn,1118,0.24204,9,2.0,True,8000,0.00021761906100437045,0.99
dueling_dqn,1119,0.24136,8,3.0,True,8000,0.0004313287790864706,0.99
dueling_dqn,1120,0.24068,1,10.0,True,8000,0.0004287225310690701,0.99
dueling_dqn,1121,0.24,9,2.0,True,8000,0.0012990201357752085,0.99
dueling_dqn,1122,0.23932,4,7.0,True,8000,0.0010676360689103603,0.99
dueling_dqn,1123,0.23864,7,4.0,True,8000,0.0012521495809778571,0.99
dueling_dqn,1124,0.23796,14,-3.0,True,8000,0.0015357445226982236,0.99
dueling_dqn,1125,0.23729,7,4.0,True,8000,0.0008571558864787221,0.99
dueling_dqn,1126,0.23661,8,3.0,True,8000,0.0006750145112164319,0.99
dueling_dqn,1127,0.23593,3,8.0,True,8000,0.0006906643975526094,0.99
dueling_dqn,1128,0.23525,7,4.0,True,8000,0.003595552407205105,0.99
dueling_dqn,1129,0.23457,19,-8.0,True,8000,0.0077771879732608795,0.99
dueling_dqn,1130,0.23389,10,1.0,True,8000,0.0025365478359162807,0.99
dueling_dqn,1131,0.23321,5,6.0,True,8000,0.0012814890360459685,0.99
dueling_dqn,1132,0.23254,9,2.0,True,8000,0.001778600038960576,0.99
dueling_dqn,1133,0.23186,7,4.0,True,8000,0.0013985219411551952,0.99
dueling_dqn,1134,0.23118,5,6.0,True,8000,0.0007499168859794736,0.99
dueling_dqn,1135,0.2305,1,10.0,True,8000,0.0008783683879300952,0.99
dueling_dqn,1136,0.22982,7,4.0,True,8000,0.00042681716149672866,1.0
dueling_dqn,1137,0.22914,9,2.0,True,8000,0.0005095364758744836,1.0
dueling_dqn,1138,0.22846,6,5.0,True,8000,0.0006159119657240808,1.0
dueling_dqn,1139,0.22779,4,7.0,True,8000,0.0002627553476486355,1.0
dueling_dqn,1140,0.22711,2,9.0,True,8000,0.00019679783144965768,1.0
dueling_dqn,1141,0.22643,8,3.0,True,8000,0.0006165814120322466,1.0
dueling_dqn,1142,0.22575,6,5.0,True,8000,0.0003624314849730581,1.0
dueling_dqn,1143,0.22507,9,2.0,True,8000,0.0012933253310620785,1.0
dueling_dqn,1144,0.22439,4,7.0,True,8000,0.0008016967331059277,1.0
dueling_dqn,1145,0.22371,7,4.0,True,8000,0.0003678512293845415,1.0
dueling_dqn,1146,0.22304,8,3.0,True,8000,0.0007128493161872029,1.0
dueling_dqn,1147,0.22236,5,6.0,True,8000,0.000559715204872191,1.0
dueling_dqn,1148,0.22168,6,5.0,True,8000,0.00032931548776105046,1.0
dueling_dqn,1149,0.221,2,9.0,True,8000,0.0003988886601291597,1.0
dueling_dqn,1150,0.22032,7,4.0,True,8000,0.000183004405698739,1.0
dueling_dqn,1151,0.21964,2,9.0,True,8000,0.00036536913830786943,1.0
dueling_dqn,1152,0.21896,10,1.0,True,8000,0.0004392793634906411,1.0
dueling_dqn,1153,0.21829,5,6.0,True,8000,0.0010064910165965557,1.0
dueling_dqn,1154,0.21761,4,7.0,True,8000,0.0006111980765126646,1.0
dueling_dqn,1155,0.21693,7,4.0,True,8000,0.0003765314759220928,1.0
dueling_dqn,1156,0.21625,6,5.0,True,8000,0.000120094271551352,1.0
dueling_dqn,1157,0.21557,4,7.0,True,8000,9.312081965617836e-05,1.0
dueling_dqn,1158,0.21489,5,6.0,True,8000,8.844556577969342e-05,1.0
dueling_dqn,1159,0.21421,7,4.0,True,8000,5.195418998482637e-05,1.0
dueling_dqn,1160,0.21354,6,5.0,True,8000,0.00117924390360713,1.0
dueling_dqn,1161,0.21286,7,4.0,True,8000,0.0005054717184975743,1.0
dueling_dqn,1162,0.21218,6,5.0,True,8000,0.0003438173152972013,1.0
dueling_dqn,1163,0.2115,6,5.0,True,8000,0.00020534332725219429,1.0
dueling_dqn,1164,0.21082,3,8.0,True,8000,0.0002974263043142855,1.0
dueling_dqn,1165,0.21014,4,7.0,True,8000,0.00012231235450599343,1.0
dueling_dqn,1166,0.20946,4,7.0,True,8000,6.199596100486815e-05,1.0
dueling_dqn,1167,0.20879,18,-7.0,True,8000,3.847792322630994e-05,1.0
dueling_dqn,1168,0.20811,9,2.0,True,8000,2.9177084797993302e-05,1.0
dueling_dqn,1169,0.20743,5,6.0,True,8000,3.550019027898088e-05,1.0
dueling_dqn,1170,0.20675,6,5.0,True,8000,5.4048919992055744e-05,1.0
dueling_dqn,1171,0.20607,3,8.0,True,8000,3.597319664550014e-05,1.0
dueling_dqn,1172,0.20539,5,6.0,True,8000,2.2922531570657156e-05,1.0
dueling_dqn,1173,0.20471,1,10.0,True,8000,3.090938116656616e-05,1.0
dueling_dqn,1174,0.20404,1,10.0,True,8000,2.026892252615653e-05,1.0
dueling_dqn,1175,0.20336,5,6.0,True,8000,1.6124891772051342e-05,1.0
dueling_dqn,1176,0.20268,4,7.0,True,8000,1.8685146642383188e-05,1.0
dueling_dqn,1177,0.202,3,8.0,True,8000,8.129796697176062e-06,1.0
dueling_dqn,1178,0.20132,3,8.0,True,8000,6.388362180587137e-06,1.0
dueling_dqn,1179,0.20064,7,4.0,True,8000,0.0006605875678360462,1.0
dueling_dqn,1180,0.19996,6,5.0,True,8000,0.00041370585677213967,1.0
dueling_dqn,1181,0.19929,6,5.0,True,8000,0.0002910525072365999,1.0
dueling_dqn,1182,0.19861,4,7.0,True,8000,0.00024618039606139064,1.0
dueling_dqn,1183,0.19793,6,5.0,True,8000,0.00016707181930541992,1.0
dueling_dqn,1184,0.19725,2,9.0,True,8000,6.110365211497992e-05,1.0
dueling_dqn,1185,0.19657,3,8.0,True,8000,0.00015557704318780452,1.0
dueling_dqn,1186,0.19589,9,2.0,True,8000,0.00036218599416315556,1.0
dueling_dqn,1187,0.19521,1,10.0,True,8000,8.238866575993598e-05,1.0
dueling_dqn,1188,0.19454,5,6.0,True,8000,0.00010949821444228292,1.0
dueling_dqn,1189,0.19386,10,1.0,True,8000,9.16239368962124e-05,1.0
dueling_dqn,1190,0.19318,12,-1.0,True,8000,4.0081435145111755e-05,1.0
dueling_dqn,1191,0.1925,7,4.0,True,8000,6.442570156650618e-05,1.0
dueling_dqn,1192,0.19182,10,1.0,True,8000,7.071951131365495e-06,1.0
dueling_dqn,1193,0.19114,8,3.0,True,8000,5.573581802309491e-06,1.0
dueling_dqn,1194,0.19046,3,8.0,True,8000,2.555957507865969e-06,1.0
dueling_dqn,1195,0.18979,5,6.0,True,8000,5.255538781057112e-06,1.0
dueling_dqn,1196,0.18911,1,10.0,True,8000,1.6434081544502988e-06,1.0
dueling_dqn,1197,0.18843,1,10.0,True,8000,5.360177055990789e-06,1.0
dueling_dqn,1198,0.18775,2,9.0,True,8000,0.00023449667787645012,1.0
dueling_dqn,1199,0.18707,3,8.0,True,8000,0.00034172157756984234,1.0
dueling_dqn,1200,0.18639,4,7.0,True,8000,0.00016775621043052524,1.0
dueling_dqn,1201,0.18571,7,4.0,True,8000,0.00020336921443231404,1.0
dueling_dqn,1202,0.18504,8,3.0,True,8000,7.944154640426859e-05,1.0
dueling_dqn,1203,0.18436,5,6.0,True,8000,9.289113222621381e-05,1.0
dueling_dqn,1204,0.18368,9,2.0,True,8000,5.590307409875095e-05,1.0
dueling_dqn,1205,0.183,3,8.0,True,8000,5.936591333011165e-05,1.0
dueling_dqn,1206,0.18232,7,4.0,True,8000,2.801968003041111e-05,1.0
dueling_dqn,1207,0.18164,7,4.0,True,8000,1.3926955944043584e-05,1.0
dueling_dqn,1208,0.18096,1,10.0,True,8000,1.4512730558635667e-05,1.0
dueling_dqn,1209,0.18029,7,4.0,True,8000,1.3317429875314701e-05,1.0
dueling_dqn,1210,0.17961,1,10.0,True,8000,1.1738475222955458e-05,1.0
dueling_dqn,1211,0.17893,1,10.0,True,8000,2.3195096218842082e-05,1.0
dueling_dqn,1212,0.17825,1,10.0,True,8000,1.1457395885372534e-05,1.0
dueling_dqn,1213,0.17757,6,5.0,True,8000,3.1281890642276267e-06,1.0
dueling_dqn,1214,0.17689,6,5.0,True,8000,5.976893589831889e-06,1.0
dueling_dqn,1215,0.17621,7,4.0,True,8000,3.553000397005235e-06,1.0
dueling_dqn,1216,0.17554,1,10.0,True,8000,1.9072899704042356e-06,1.0
dueling_dqn,1217,0.17486,8,3.0,True,8000,2.1975488380121533e-06,1.0
dueling_dqn,1218,0.17418,1,10.0,True,8000,2.166732883779332e-06,1.0
dueling_dqn,1219,0.1735,9,2.0,True,8000,0.00016384503396693617,1.0
dueling_dqn,1220,0.17282,5,6.0,True,8000,7.982010720297694e-05,1.0
dueling_dqn,1221,0.17214,4,7.0,True,8000,8.671794057590887e-05,1.0
dueling_dqn,1222,0.17146,5,6.0,True,8000,7.361026655416936e-05,1.0
dueling_dqn,1223,0.17079,4,7.0,True,8000,4.545534466160461e-05,1.0
dueling_dqn,1224,0.17011,6,5.0,True,8000,5.0762762839440256e-05,1.0
dueling_dqn,1225,0.16943,8,3.0,True,8000,2.6427453121868894e-05,1.0
dueling_dqn,1226,0.16875,1,10.0,True,8000,6.256815686356276e-05,1.0
dueling_dqn,1227,0.16807,2,9.0,True,8000,2.0849178326898254e-05,1.0
dueling_dqn,1228,0.16739,9,2.0,True,8000,5.065060031483881e-05,1.0
dueling_dqn,1229,0.16671,2,9.0,True,8000,2.3516346118412912e-05,1.0
dueling_dqn,1230,0.16604,13,-2.0,True,8000,2.552811747591477e-05,1.0
dueling_dqn,1231,0.16536,10,1.0,True,8000,1.0026281415775884e-05,1.0
dueling_dqn,1232,0.16468,1,10.0,True,8000,8.175926268449984e-06,1.0
dueling_dqn,1233,0.164,4,7.0,True,8000,3.3327069104416296e-06,1.0
dueling_dqn,1234,0.16332,3,8.0,True,8000,4.214283762848936e-06,1.0
dueling_dqn,1235,0.16264,5,6.0,True,8000,3.1208987820718903e-06,1.0
dueling_dqn,1236,0.16196,5,6.0,True,8000,2.0060786027897848e-06,1.0
dueling_dqn,1237,0.16129,2,9.0,True,8000,1.9439553398115095e-06,1.0
dueling_dqn,1238,0.16061,5,6.0,True,8000,1.5542350411124062e-06,1.0
dueling_dqn,1239,0.15993,7,4.0,True,8000,5.883568883291446e-05,1.0
dueling_dqn,1240,0.15925,1,10.0,True,8000,4.932812589686364e-05,1.0
dueling_dqn,1241,0.15857,6,5.0,True,8000,2.8728496545227244e-05,1.0
dueling_dqn,1242,0.15789,6,5.0,True,8000,3.415353057789616e-05,1.0
dueling_dqn,1243,0.15721,7,4.0,True,8000,2.914795004471671e-05,1.0
dueling_dqn,1244,0.15654,6,5.0,True,8000,2.903602216974832e-05,1.0
dueling_dqn,1245,0.15586,5,6.0,True,8000,3.6835233913734555e-05,1.0
dueling_dqn,1246,0.15518,3,8.0,True,8000,4.1502920794300735e-05,1.0
dueling_dqn,1247,0.1545,4,7.0,True,8000,4.7422483476111665e-05,1.0
dueling_dqn,1248,0.15382,6,5.0,True,8000,6.575137376785278e-05,1.0
dueling_dqn,1249,0.15314,8,3.0,True,8000,2.781570583465509e-05,1.0
dueling_dqn,1250,0.15246,5,6.0,True,8000,6.617709732381627e-05,1.0
dueling_dqn,1251,0.15179,9,2.0,True,8000,1.759477163432166e-05,1.0
dueling_dqn,1252,0.15111,8,3.0,True,8000,1.9368380890227854e-05,1.0
dueling_dqn,1253,0.15043,5,6.0,True,8000,1.3792037862003781e-05,1.0
dueling_dqn,1254,0.14975,7,4.0,True,8000,8.260948561655823e-06,1.0
dueling_dqn,1255,0.14907,5,6.0,True,8000,2.847417999873869e-05,1.0
dueling_dqn,1256,0.14839,5,6.0,True,8000,3.607396865845658e-05,1.0
dueling_dqn,1257,0.14771,4,7.0,True,8000,2.716697781579569e-05,1.0
dueling_dqn,1258,0.14704,4,7.0,True,8000,2.4070350264082663e-05,1.0
dueling_dqn,1259,0.14636,7,4.0,True,8000,3.502128674881533e-05,1.0
dueling_dqn,1260,0.14568,3,8.0,True,8000,1.611415973457042e-05,1.0
dueling_dqn,1261,0.145,8,3.0,True,8000,9.726577445690054e-06,1.0
dueling_dqn,1262,0.14432,5,6.0,True,8000,3.5277205370221054e-06,1.0
dueling_dqn,1263,0.14364,11,0.0,True,8000,2.9193024602136575e-06,1.0
dueling_dqn,1264,0.14296,10,1.0,True,8000,1.8986805798704154e-06,1.0
dueling_dqn,1265,0.14229,5,6.0,True,8000,1.5530551991105312e-06,1.0
dueling_dqn,1266,0.14161,1,10.0,True,8000,1.48635558616661e-06,1.0
dueling_dqn,1267,0.14093,6,5.0,True,8000,1.1908065289389924e-06,1.0
dueling_dqn,1268,0.14025,4,7.0,True,8000,5.349319849301537e-07,1.0
dueling_dqn,1269,0.13957,5,6.0,True,8000,9.154033477898338e-07,1.0
dueling_dqn,1270,0.13889,5,6.0,True,8000,7.591870598844253e-07,1.0
dueling_dqn,1271,0.13821,6,5.0,True,8000,5.517881049854623e-07,1.0
dueling_dqn,1272,0.13754,6,5.0,True,8000,7.527036132159992e-07,1.0
dueling_dqn,1273,0.13686,5,6.0,True,8000,5.794704520667437e-07,1.0
dueling_dqn,1274,0.13618,6,5.0,True,8000,9.985279575630557e-06,1.0
dueling_dqn,1275,0.1355,16,-5.0,True,8000,4.383641680760775e-06,1.0
dueling_dqn,1276,0.13482,7,4.0,True,8000,6.429505901905941e-06,1.0
dueling_dqn,1277,0.13414,4,7.0,True,8000,3.556117462721886e-06,1.0
dueling_dqn,1278,0.13346,3,8.0,True,8000,1.3515120826923521e-06,1.0
dueling_dqn,1279,0.13279,6,5.0,True,8000,3.2246207410935313e-06,1.0
dueling_dqn,1280,0.13211,3,8.0,True,8000,1.3050694178673439e-06,1.0
dueling_dqn,1281,0.13143,2,9.0,True,8000,2.104149189108284e-06,1.0
dueling_dqn,1282,0.13075,7,4.0,True,8000,1.9648398392746458e-06,1.0
dueling_dqn,1283,0.13007,7,4.0,True,8000,1.73562261807092e-06,1.0
dueling_dqn,1284,0.12939,4,7.0,True,8000,1.3374061609283672e-06,1.0
dueling_dqn,1285,0.12871,3,8.0,True,8000,1.1076033388235373e-06,1.0
dueling_dqn,1286,0.12804,5,6.0,True,8000,2.0617553673218936e-06,1.0
dueling_dqn,1287,0.12736,7,4.0,True,8000,4.600504723839549e-07,1.0
dueling_dqn,1288,0.12668,6,5.0,True,8000,1.5259086012520129e-06,1.0
dueling_dqn,1289,0.126,6,5.0,True,8000,1.9601202438934706e-06,1.0
dueling_dqn,1290,0.12532,4,7.0,True,8000,9.223361416843545e-07,1.0
dueling_dqn,1291,0.12464,6,5.0,True,8000,7.042885954433586e-07,1.0
dueling_dqn,1292,0.12396,10,1.0,True,8000,1.1300302503514104e-05,1.0
dueling_dqn,1293,0.12329,7,4.0,True,8000,5.457965926325414e-06,1.0
dueling_dqn,1294,0.12261,5,6.0,True,8000,4.292916401027469e-06,1.0
dueling_dqn,1295,0.12193,5,6.0,True,8000,2.504445546946954e-06,1.0
dueling_dqn,1296,0.12125,3,8.0,True,8000,2.5822084808169166e-06,1.0
dueling_dqn,1297,0.12057,7,4.0,True,8000,3.218316578568192e-06,1.0
dueling_dqn,1298,0.11989,7,4.0,True,8000,1.6970330989352078e-06,1.0
dueling_dqn,1299,0.11921,5,6.0,True,8000,1.3258356830192497e-06,1.0
dueling_dqn,1300,0.11854,5,6.0,True,8000,1.1019396879419219e-06,1.0
dueling_dqn,1301,0.11786,8,3.0,True,8000,1.8365473124504206e-06,1.0
dueling_dqn,1302,0.11718,2,9.0,True,8000,1.1507352155604167e-06,1.0
dueling_dqn,1303,0.1165,5,6.0,True,8000,8.763108212406223e-07,1.0
dueling_dqn,1304,0.11582,1,10.0,True,8000,1.855454343058227e-06,1.0
dueling_dqn,1305,0.11514,9,2.0,True,8000,1.5455329958058428e-06,1.0
dueling_dqn,1306,0.11446,8,3.0,True,8000,1.7676686638878891e-06,1.0
dueling_dqn,1307,0.11379,5,6.0,True,8000,2.1865171220269985e-06,1.0
dueling_dqn,1308,0.11311,5,6.0,True,8000,6.259217570914188e-07,1.0
dueling_dqn,1309,0.11243,2,9.0,True,8000,7.748997177259298e-07,1.0
dueling_dqn,1310,0.11175,4,7.0,True,8000,9.781160770216957e-06,1.0
dueling_dqn,1311,0.11107,1,10.0,True,8000,5.839803634444252e-06,1.0
dueling_dqn,1312,0.11039,6,5.0,True,8000,6.122021659393795e-06,1.0
dueling_dqn,1313,0.10971,8,3.0,True,8000,1.4593052583222743e-05,1.0
dueling_dqn,1314,0.10904,5,6.0,True,8000,2.1276355255395174e-05,1.0
dueling_dqn,1315,0.10836,2,9.0,True,8000,2.4178791136364453e-05,1.0
dueling_dqn,1316,0.10768,3,8.0,True,8000,1.4837143680779263e-05,1.0
dueling_dqn,1317,0.107,11,0.0,True,8000,1.3443404895951971e-05,1.0
dueling_dqn,1318,0.10632,7,4.0,True,8000,4.417008312884718e-06,1.0
dueling_dqn,1319,0.10564,4,7.0,True,8000,1.153550147137139e-05,1.0
dueling_dqn,1320,0.10496,3,8.0,True,8000,5.99221721131471e-06,1.0
dueling_dqn,1321,0.10429,6,5.0,True,8000,8.040252396313008e-06,1.0
dueling_dqn,1322,0.10361,7,4.0,True,8000,7.405920314340619e-06,1.0
dueling_dqn,1323,0.10293,3,8.0,True,8000,5.239021902525565e-06,1.0
dueling_dqn,1324,0.10225,4,7.0,True,8000,6.108099569246406e-06,1.0
dueling_dqn,1325,0.10157,3,8.0,True,8000,1.1930757864320185e-05,1.0
dueling_dqn,1326,0.10089,4,7.0,True,8000,2.730273536144523e-06,1.0
dueling_dqn,1327,0.10021,7,4.0,True,8000,6.5150888985954225e-06,1.0
dueling_dqn,1328,0.09954,6,5.0,True,8000,1.465136051592708e-06,1.0
dueling_dqn,1329,0.09886,2,9.0,True,8000,4.508289748628158e-06,1.0
dueling_dqn,1330,0.09818,6,5.0,True,8000,5.938169124419801e-06,1.0
dueling_dqn,1331,0.0975,6,5.0,True,8000,1.141349184763385e-05,1.0
dueling_dqn,1332,0.09682,3,8.0,True,8000,1.3337819837033749e-05,1.0
dueling_dqn,1333,0.09614,7,4.0,True,8000,8.861715286911931e-06,1.0
dueling_dqn,1334,0.09546,3,8.0,True,8000,2.2353302483679727e-05,1.0
dueling_dqn,1335,0.09479,8,3.0,True,8000,7.322049896174576e-06,1.0
dueling_dqn,1336,0.09411,2,9.0,True,8000,1.0475239832885563e-05,1.0
dueling_dqn,1337,0.09343,6,5.0,True,8000,9.706900527817197e-06,1.0
dueling_dqn,1338,0.09275,7,4.0,True,8000,5.091393177281134e-06,1.0
dueling_dqn,1339,0.09207,6,5.0,True,8000,5.228915142652113e-06,1.0
dueling_dqn,1340,0.09139,5,6.0,True,8000,4.225743850838626e-06,1.0
dueling_dqn,1341,0.09071,5,6.0,True,8000,1.1074678695877083e-05,1.0
dueling_dqn,1342,0.09004,5,6.0,True,8000,8.172772140824236e-06,1.0
dueling_dqn,1343,0.08936,5,6.0,True,8000,1.0984598702634685e-05,1.0
dueling_dqn,1344,0.08868,6,5.0,True,8000,6.952071089472156e-06,1.0
dueling_dqn,1345,0.088,7,4.0,True,8000,7.11124357621884e-06,1.0
dueling_dqn,1346,0.08732,8,3.0,True,8000,1.8986540908372262e-06,1.0
dueling_dqn,1347,0.08664,3,8.0,True,8000,2.663574605321628e-06,1.0
dueling_dqn,1348,0.08596,6,5.0,True,8000,1.5033060662972275e-06,1.0
dueling_dqn,1349,0.08529,4,7.0,True,8000,1.4165141692501493e-05,1.0
dueling_dqn,1350,0.08461,5,6.0,True,8000,6.788993232476059e-06,1.0
dueling_dqn,1351,0.08393,6,5.0,True,8000,1.0221493539575022e-05,1.0
dueling_dqn,1352,0.08325,1,10.0,True,8000,5.929201961407671e-06,1.0
dueling_dqn,1353,0.08257,3,8.0,True,8000,1.2541882824734785e-05,1.0
dueling_dqn,1354,0.08189,5,6.0,True,8000,3.121439931419445e-06,1.0
dueling_dqn,1355,0.08121,6,5.0,True,8000,3.079826001339825e-06,1.0
dueling_dqn,1356,0.08054,3,8.0,True,8000,2.3614743440703023e-06,1.0
dueling_dqn,1357,0.07986,3,8.0,True,8000,1.3133189895597752e-06,1.0
dueling_dqn,1358,0.07918,5,6.0,True,8000,5.363555146686849e-07,1.0
dueling_dqn,1359,0.0785,8,3.0,True,8000,8.893854896996345e-07,1.0
dueling_dqn,1360,0.07782,6,5.0,True,8000,8.752055009608739e-07,1.0
dueling_dqn,1361,0.07714,7,4.0,True,8000,3.6262747471482726e-07,1.0
dueling_dqn,1362,0.07646,6,5.0,True,8000,1.568633820170362e-06,1.0
dueling_dqn,1363,0.07579,4,7.0,True,8000,4.440340433120582e-07,1.0
dueling_dqn,1364,0.07511,4,7.0,True,8000,5.460109946398006e-07,1.0
dueling_dqn,1365,0.07443,4,7.0,True,8000,3.777833512685902e-07,1.0
dueling_dqn,1366,0.07375,3,8.0,True,8000,9.737636901263613e-07,1.0
dueling_dqn,1367,0.07307,6,5.0,True,8000,7.853506076571648e-07,1.0
dueling_dqn,1368,0.07239,1,10.0,True,8000,2.69001446895345e-07,1.0
dueling_dqn,1369,0.07171,6,5.0,True,8000,4.0953401025944913e-07,1.0
dueling_dqn,1370,0.07104,5,6.0,True,8000,5.299821168591734e-07,1.0
dueling_dqn,1371,0.07036,1,10.0,True,8000,8.766059522713476e-07,1.0
dueling_dqn,1372,0.06968,6,5.0,True,8000,5.03913815919077e-06,1.0
dueling_dqn,1373,0.069,6,5.0,True,8000,6.211686468304833e-06,1.0
dueling_dqn,1374,0.06832,8,3.0,True,8000,7.767987881379668e-06,1.0
dueling_dqn,1375,0.06764,5,6.0,True,8000,2.430989979984588e-06,1.0
dueling_dqn,1376,0.06696,7,4.0,True,8000,1.9192400486645056e-06,1.0
dueling_dqn,1377,0.06629,4,7.0,True,8000,4.171095497440547e-06,1.0
dueling_dqn,1378,0.06561,2,9.0,True,8000,3.008572775797802e-06,1.0
dueling_dqn,1379,0.06493,5,6.0,True,8000,2.083884510284406e-06,1.0
dueling_dqn,1380,0.06425,5,6.0,True,8000,2.0582099296007073e-06,1.0
dueling_dqn,1381,0.06357,6,5.0,True,8000,1.9947563032474136e-06,1.0
dueling_dqn,1382,0.06289,5,6.0,True,8000,2.635079454194056e-06,1.0
dueling_dqn,1383,0.06221,7,4.0,True,8000,1.53256064550078e-06,1.0
dueling_dqn,1384,0.06154,4,7.0,True,8000,2.503259565855842e-06,1.0
dueling_dqn,1385,0.06086,4,7.0,True,8000,3.119869461443159e-06,1.0
dueling_dqn,1386,0.06018,5,6.0,True,8000,2.3389336547552375e-06,1.0
dueling_dqn,1387,0.0595,6,5.0,True,8000,3.3339949823130155e-06,1.0
dueling_dqn,1388,0.05882,5,6.0,True,8000,2.6678535505197942e-06,1.0
dueling_dqn,1389,0.05814,1,10.0,True,8000,3.6585627185559133e-06,1.0
dueling_dqn,1390,0.05746,7,4.0,True,8000,2.87165971712966e-06,1.0
dueling_dqn,1391,0.05679,6,5.0,True,8000,7.141723472159356e-06,1.0
dueling_dqn,1392,0.05611,5,6.0,True,8000,8.751198947720695e-06,1.0
dueling_dqn,1393,0.05543,6,5.0,True,8000,1.3076319191895891e-05,1.0
dueling_dqn,1394,0.05475,1,10.0,True,8000,1.757038990035653e-05,1.0
dueling_dqn,1395,0.05407,6,5.0,True,8000,2.1231831851764582e-05,1.0
dueling_dqn,1396,0.05339,2,9.0,True,8000,1.943662209669128e-05,1.0
dueling_dqn,1397,0.05271,3,8.0,True,8000,3.159505649819039e-05,1.0
dueling_dqn,1398,0.05204,6,5.0,True,8000,4.1550967580405995e-05,1.0
dueling_dqn,1399,0.05136,5,6.0,True,8000,0.00016184445121325552,1.0
dueling_dqn,1400,0.05068,2,9.0,True,8000,0.00021562421170528978,1.0
dueling_dqn,1401,0.05,4,7.0,True,8000,0.00018637807806953788,1.0
dueling_dqn,1402,0.05,5,6.0,True,8000,2.7010450139641762e-05,1.0
dueling_dqn,1403,0.05,3,8.0,True,8000,6.521382601931691e-05,1.0
dueling_dqn,1404,0.05,4,7.0,True,8000,3.415703395148739e-05,1.0
dueling_dqn,1405,0.05,5,6.0,True,8000,4.9049016524804756e-05,1.0
dueling_dqn,1406,0.05,4,7.0,True,8000,2.2229880414670333e-05,1.0
dueling_dqn,1407,0.05,5,6.0,True,8000,2.5270603146054782e-05,1.0
dueling_dqn,1408,0.05,2,9.0,True,8000,2.4824184947647154e-05,1.0
dueling_dqn,1409,0.05,3,8.0,True,8000,1.9116901967208833e-05,1.0
dueling_dqn,1410,0.05,4,7.0,True,8000,2.247174415970221e-05,1.0
dueling_dqn,1411,0.05,5,6.0,True,8000,1.4578930858988315e-05,1.0
dueling_dqn,1412,0.05,3,8.0,True,8000,2.9255696063046344e-05,1.0
dueling_dqn,1413,0.05,7,4.0,True,8000,1.9739940398721956e-05,1.0
dueling_dqn,1414,0.05,3,8.0,True,8000,1.887014695967082e-05,1.0
dueling_dqn,1415,0.05,1,10.0,True,8000,2.4409797333646566e-05,1.0
dueling_dqn,1416,0.05,5,6.0,True,8000,6.014374230289832e-05,1.0
dueling_dqn,1417,0.05,6,5.0,True,8000,3.877652488881722e-05,1.0
dueling_dqn,1418,0.05,4,7.0,True,8000,6.0653586842818186e-05,1.0
dueling_dqn,1419,0.05,3,8.0,True,8000,4.089247158844955e-05,1.0
dueling_dqn,1420,0.05,2,9.0,True,8000,8.500185504090041e-05,1.0
dueling_dqn,1421,0.05,1,10.0,True,8000,6.313489575404674e-05,1.0
dueling_dqn,1422,0.05,5,6.0,True,8000,5.563518061535433e-05,1.0
dueling_dqn,1423,0.05,5,6.0,True,8000,0.00012944030459038913,1.0
dueling_dqn,1424,0.05,5,6.0,True,8000,7.55951987230219e-05,1.0
dueling_dqn,1425,0.05,5,6.0,True,8000,7.500425999751315e-05,1.0
dueling_dqn,1426,0.05,3,8.0,True,8000,7.574172195745632e-05,1.0
dueling_dqn,1427,0.05,4,7.0,True,8000,0.00032738022855482996,1.0
dueling_dqn,1428,0.05,4,7.0,True,8000,0.00032897558412514627,1.0
dueling_dqn,1429,0.05,8,3.0,True,8000,0.00017964938888326287,1.0
dueling_dqn,1430,0.05,1,10.0,True,8000,0.0003158817708026618,1.0
dueling_dqn,1431,0.05,5,6.0,True,8000,0.00021609992836602032,1.0
dueling_dqn,1432,0.05,2,9.0,True,8000,0.00043109478428959846,1.0
dueling_dqn,1433,0.05,5,6.0,True,8000,0.0006088369409553707,1.0
dueling_dqn,1434,0.05,5,6.0,True,8000,0.000641476537566632,1.0
dueling_dqn,1435,0.05,4,7.0,True,8000,0.0006236032349988818,1.0
dueling_dqn,1436,0.05,5,6.0,True,8000,0.0011012713657692075,1.0
dueling_dqn,1437,0.05,6,5.0,True,8000,0.00031299295369535685,1.0
dueling_dqn,1438,0.05,4,7.0,True,8000,0.00039404063136316836,1.0
dueling_dqn,1439,0.05,6,5.0,True,8000,0.0003003134625032544,1.0
dueling_dqn,1440,0.05,4,7.0,True,8000,0.0002166367048630491,1.0
dueling_dqn,1441,0.05,6,5.0,True,8000,0.0004649707698263228,1.0
dueling_dqn,1442,0.05,1,10.0,True,8000,0.0008506617159582675,1.0
dueling_dqn,1443,0.05,5,6.0,True,8000,0.0007056646281853318,1.0
dueling_dqn,1444,0.05,6,5.0,True,8000,0.00015734565386082977,1.0
dueling_dqn,1445,0.05,4,7.0,True,8000,0.0001699981658020988,1.0
dueling_dqn,1446,0.05,6,5.0,True,8000,0.00031675558420829475,1.0
dueling_dqn,1447,0.05,7,4.0,True,8000,0.0003093734849244356,1.0
dueling_dqn,1448,0.05,5,6.0,True,8000,0.00018230057321488857,1.0
dueling_dqn,1449,0.05,1,10.0,True,8000,0.0002468816819600761,1.0
dueling_dqn,1450,0.05,3,8.0,True,8000,0.00045416911598294973,1.0
dueling_dqn,1451,0.05,1,10.0,True,8000,0.0001718096755212173,1.0
dueling_dqn,1452,0.05,6,5.0,True,8000,0.0007252811919897795,1.0
dueling_dqn,1453,0.05,6,5.0,True,8000,0.0005731978453695774,1.0
dueling_dqn,1454,0.05,5,6.0,True,8000,0.0005672494880855083,1.0
dueling_dqn,1455,0.05,6,5.0,True,8000,0.0004453795263543725,1.0
dueling_dqn,1456,0.05,3,8.0,True,8000,0.002124415012076497,1.0
dueling_dqn,1457,0.05,8,3.0,True,8000,0.0014395791804417968,1.0
dueling_dqn,1458,0.05,1,10.0,True,8000,0.0003416482650209218,1.0
dueling_dqn,1459,0.05,5,6.0,True,8000,0.00039646969526074827,1.0
dueling_dqn,1460,0.05,3,8.0,True,8000,0.0003065654600504786,1.0
dueling_dqn,1461,0.05,4,7.0,True,8000,0.0007164528360590339,1.0
dueling_dqn,1462,0.05,4,7.0,True,8000,0.000434190034866333,1.0
dueling_dqn,1463,0.05,6,5.0,True,8000,0.00043057696893811226,1.0
dueling_dqn,1464,0.05,4,7.0,True,8000,0.00025302162976004183,1.0
dueling_dqn,1465,0.05,5,6.0,True,8000,0.0002460769028402865,1.0
dueling_dqn,1466,0.05,7,4.0,True,8000,0.0002962419530376792,1.0
dueling_dqn,1467,0.05,8,3.0,True,8000,0.0008694216376170516,1.0
dueling_dqn,1468,0.05,8,3.0,True,8000,0.00033989149960689247,1.0
dueling_dqn,1469,0.05,5,6.0,True,8000,0.000547327334061265,1.0
dueling_dqn,1470,0.05,3,8.0,True,8000,0.0003093149571213871,1.0
dueling_dqn,1471,0.05,3,8.0,True,8000,0.0003078517038375139,1.0
dueling_dqn,1472,0.05,4,7.0,True,8000,0.0005117084365338087,1.0
dueling_dqn,1473,0.05,3,8.0,True,8000,0.00023209780920296907,1.0
dueling_dqn,1474,0.05,6,5.0,True,8000,0.0003355950175318867,1.0
dueling_dqn,1475,0.05,2,9.0,True,8000,0.00032782304333522916,1.0
dueling_dqn,1476,0.05,4,7.0,True,8000,0.00016198368393816054,1.0
dueling_dqn,1477,0.05,6,5.0,True,8000,0.00029932823963463306,1.0
dueling_dqn,1478,0.05,2,9.0,True,8000,0.00018907686171587557,1.0
dueling_dqn,1479,0.05,6,5.0,True,8000,6.838048284407705e-05,1.0
dueling_dqn,1480,0.05,7,4.0,True,8000,6.931911048013717e-05,1.0
dueling_dqn,1481,0.05,11,0.0,True,8000,4.015960803371854e-05,1.0
dueling_dqn,1482,0.05,7,4.0,True,8000,0.00017969973850995302,1.0
dueling_dqn,1483,0.05,4,7.0,True,8000,5.566161416936666e-05,1.0
dueling_dqn,1484,0.05,6,5.0,True,8000,0.00013256056990940124,1.0
dueling_dqn,1485,0.05,3,8.0,True,8000,6.346568989101797e-05,1.0
dueling_dqn,1486,0.05,1,10.0,True,8000,0.00013784966722596437,1.0
dueling_dqn,1487,0.05,1,10.0,True,8000,5.2300973038654774e-05,1.0
dueling_dqn,1488,0.05,5,6.0,True,8000,0.00011123446165584028,1.0
dueling_dqn,1489,0.05,3,8.0,True,8000,6.342311098705977e-05,1.0
dueling_dqn,1490,0.05,7,4.0,True,8000,3.087225559283979e-05,1.0
dueling_dqn,1491,0.05,4,7.0,True,8000,6.809460319345817e-05,1.0
dueling_dqn,1492,0.05,4,7.0,True,8000,6.3326173403766e-05,1.0
dueling_dqn,1493,0.05,8,3.0,True,8000,2.5822730094660074e-05,1.0
dueling_dqn,1494,0.05,4,7.0,True,8000,9.212316217599437e-05,1.0
dueling_dqn,1495,0.05,7,4.0,True,8000,7.891756104072556e-05,1.0
dueling_dqn,1496,0.05,4,7.0,True,8000,1.4687326256535016e-05,1.0
dueling_dqn,1497,0.05,6,5.0,True,8000,3.28158239426557e-05,1.0
dueling_dqn,1498,0.05,7,4.0,True,8000,2.0715657228720374e-05,1.0
dueling_dqn,1499,0.05,1,10.0,True,8000,1.7446236597606912e-05,1.0
dueling_dqn,1500,0.05,2,9.0,True,8000,1.732707278279122e-05,1.0
dueling_dqn,1501,0.05,4,7.0,True,8000,1.808178421924822e-05,1.0
dueling_dqn,1502,0.05,7,4.0,True,8000,1.4491513866232708e-05,1.0
dueling_dqn,1503,0.05,1,10.0,True,8000,1.7112428395194e-05,1.0
dueling_dqn,1504,0.05,2,9.0,True,8000,1.0003421266446821e-05,1.0
dueling_dqn,1505,0.05,1,10.0,True,8000,2.9398914193734527e-05,1.0
dueling_dqn,1506,0.05,9,2.0,True,8000,0.00015501234156545252,1.0
dueling_dqn,1507,0.05,4,7.0,True,8000,0.00023129620240069926,1.0
dueling_dqn,1508,0.05,6,5.0,True,8000,0.00018330846796743572,1.0
dueling_dqn,1509,0.05,3,8.0,True,8000,6.81455567246303e-05,1.0
dueling_dqn,1510,0.05,7,4.0,True,8000,0.0001325497723883018,1.0
dueling_dqn,1511,0.05,2,9.0,True,8000,4.040408748551272e-05,1.0
dueling_dqn,1512,0.05,2,9.0,True,8000,0.00011055689537897706,1.0
dueling_dqn,1513,0.05,5,6.0,True,8000,1.8751310562947765e-05,1.0
dueling_dqn,1514,0.05,3,8.0,True,8000,2.945819142041728e-05,1.0
dueling_dqn,1515,0.05,3,8.0,True,8000,5.2692168537760153e-05,1.0
dueling_dqn,1516,0.05,6,5.0,True,8000,3.507733708829619e-05,1.0
dueling_dqn,1517,0.05,5,6.0,True,8000,3.170404306729324e-05,1.0
dueling_dqn,1518,0.05,3,8.0,True,8000,5.2313131163828075e-05,1.0
dueling_dqn,1519,0.05,5,6.0,True,8000,5.88339171372354e-05,1.0
dueling_dqn,1520,0.05,5,6.0,True,8000,3.565885344869457e-05,1.0
dueling_dqn,1521,0.05,5,6.0,True,8000,1.9036637240787968e-05,1.0
dueling_dqn,1522,0.05,7,4.0,True,8000,3.371045022504404e-05,1.0
dueling_dqn,1523,0.05,7,4.0,True,8000,1.7592798030818813e-05,1.0
dueling_dqn,1524,0.05,3,8.0,True,8000,3.805864616879262e-05,1.0
dueling_dqn,1525,0.05,4,7.0,True,8000,2.7494914320413955e-05,1.0
dueling_dqn,1526,0.05,8,3.0,True,8000,0.00012685713591054082,1.0
dueling_dqn,1527,0.05,6,5.0,True,8000,0.00010796807328006253,1.0
dueling_dqn,1528,0.05,2,9.0,True,8000,0.0001450314885005355,1.0
dueling_dqn,1529,0.05,5,6.0,True,8000,0.00044246052857488394,1.0
dueling_dqn,1530,0.05,4,7.0,True,8000,0.0002761690702755004,1.0
dueling_dqn,1531,0.05,5,6.0,True,8000,0.0004006410017609596,1.0
dueling_dqn,1532,0.05,4,7.0,True,8000,0.000539857370313257,1.0
dueling_dqn,1533,0.05,2,9.0,True,8000,0.0002799492795020342,1.0
dueling_dqn,1534,0.05,6,5.0,True,8000,0.0003516856231726706,1.0
dueling_dqn,1535,0.05,5,6.0,True,8000,0.0002465518773533404,1.0
dueling_dqn,1536,0.05,4,7.0,True,8000,0.00017735903384163976,1.0
dueling_dqn,1537,0.05,5,6.0,True,8000,0.00027221135678701103,1.0
dueling_dqn,1538,0.05,4,7.0,True,8000,0.0003465655317995697,1.0
dueling_dqn,1539,0.05,4,7.0,True,8000,0.000272369128651917,1.0
dueling_dqn,1540,0.05,4,7.0,True,8000,0.000464782293420285,1.0
dueling_dqn,1541,0.05,7,4.0,True,8000,0.0006058842409402132,1.0
dueling_dqn,1542,0.05,6,5.0,True,8000,0.00023896852508187294,1.0
dueling_dqn,1543,0.05,3,8.0,True,8000,0.00011644560436252505,1.0
dueling_dqn,1544,0.05,5,6.0,True,8000,0.0011112774955108762,1.0
dueling_dqn,1545,0.05,5,6.0,True,8000,0.0004923890810459852,1.0
dueling_dqn,1546,0.05,5,6.0,True,8000,0.0010232946369796991,1.0
dueling_dqn,1547,0.05,9,2.0,True,8000,0.0011014380725100636,1.0
dueling_dqn,1548,0.05,4,7.0,True,8000,0.000590108975302428,1.0
dueling_dqn,1549,0.05,7,4.0,True,8000,0.0009268990252166986,1.0
dueling_dqn,1550,0.05,4,7.0,True,8000,0.0007254580850712955,1.0
dueling_dqn,1551,0.05,6,5.0,True,8000,0.0011900224490091205,1.0
dueling_dqn,1552,0.05,7,4.0,True,8000,0.0006437539122998714,1.0
dueling_dqn,1553,0.05,4,7.0,True,8000,0.001001387252472341,1.0
dueling_dqn,1554,0.05,4,7.0,True,8000,0.00043071259278804064,1.0
dueling_dqn,1555,0.05,6,5.0,True,8000,0.0007590814493596554,1.0
dueling_dqn,1556,0.05,6,5.0,True,8000,0.0005758614861406386,1.0
dueling_dqn,1557,0.05,6,5.0,True,8000,0.0005902227130718529,1.0
dueling_dqn,1558,0.05,5,6.0,True,8000,0.001149533549323678,1.0
dueling_dqn,1559,0.05,5,6.0,True,8000,0.001323856646195054,1.0
dueling_dqn,1560,0.05,5,6.0,True,8000,0.0008939243853092194,1.0
dueling_dqn,1561,0.05,5,6.0,True,8000,0.0005261026090011001,1.0
dueling_dqn,1562,0.05,4,7.0,True,8000,0.0010074845049530268,1.0
dueling_dqn,1563,0.05,3,8.0,True,8000,0.00022868189262226224,1.0
dueling_dqn,1564,0.05,3,8.0,True,8000,0.0002375160693190992,1.0
dueling_dqn,1565,0.05,4,7.0,True,8000,0.0005082935094833374,1.0
dueling_dqn,1566,0.05,5,6.0,True,8000,0.00048351523582823575,1.0
dueling_dqn,1567,0.05,5,6.0,True,8000,0.0010696954559534788,1.0
dueling_dqn,1568,0.05,6,5.0,True,8000,0.0008078426471911371,1.0
dueling_dqn,1569,0.05,2,9.0,True,8000,0.001201178296469152,1.0
dueling_dqn,1570,0.05,6,5.0,True,8000,0.0005541673162952065,1.0
dueling_dqn,1571,0.05,4,7.0,True,8000,0.00045065904851071537,1.0
dueling_dqn,1572,0.05,5,6.0,True,8000,0.0002152797969756648,1.0
dueling_dqn,1573,0.05,6,5.0,True,8000,0.0007287042681127787,1.0
dueling_dqn,1574,0.05,7,4.0,True,8000,0.00035033602034673095,1.0
dueling_dqn,1575,0.05,4,7.0,True,8000,0.0004838306922465563,1.0
dueling_dqn,1576,0.05,3,8.0,True,8000,0.00018615910084918141,1.0
dueling_dqn,1577,0.05,4,7.0,True,8000,0.0002460409887135029,1.0
dueling_dqn,1578,0.05,2,9.0,True,8000,7.534652831964195e-05,1.0
dueling_dqn,1579,0.05,5,6.0,True,8000,0.00019911478739231825,1.0
dueling_dqn,1580,0.05,1,10.0,True,8000,0.00012159546895418316,1.0
dueling_dqn,1581,0.05,1,10.0,True,8000,0.0010666813468560576,1.0
dueling_dqn,1582,0.05,4,7.0,True,8000,0.0002074731164611876,1.0
dueling_dqn,1583,0.05,3,8.0,True,8000,0.00021922978339716792,1.0
dueling_dqn,1584,0.05,6,5.0,True,8000,0.000814067549072206,1.0
dueling_dqn,1585,0.05,3,8.0,True,8000,0.00019102021178696305,1.0
dueling_dqn,1586,0.05,9,2.0,True,8000,0.0003029567888006568,1.0
dueling_dqn,1587,0.05,3,8.0,True,8000,0.00015572659322060645,1.0
dueling_dqn,1588,0.05,6,5.0,True,8000,8.061990229180083e-05,1.0
dueling_dqn,1589,0.05,4,7.0,True,8000,0.00024438038235530257,1.0
dueling_dqn,1590,0.05,6,5.0,True,8000,0.00021074611868243665,1.0
dueling_dqn,1591,0.05,7,4.0,True,8000,0.0003842813603114337,1.0
dueling_dqn,1592,0.05,4,7.0,True,8000,0.001206208486109972,1.0
dueling_dqn,1593,0.05,6,5.0,True,8000,0.0007459804182872176,1.0
dueling_dqn,1594,0.05,7,4.0,True,8000,0.0002600412699393928,1.0
dueling_dqn,1595,0.05,1,10.0,True,8000,0.000623432279098779,1.0
dueling_dqn,1596,0.05,1,10.0,True,8000,0.000503599876537919,1.0
dueling_dqn,1597,0.05,4,7.0,True,8000,0.0009105261415243149,1.0
dueling_dqn,1598,0.05,2,9.0,True,8000,0.0008751838468015194,1.0
dueling_dqn,1599,0.05,4,7.0,True,8000,0.001054822700098157,1.0
dueling_dqn,1600,0.05,5,6.0,True,8000,0.00020543519349303097,1.0
dueling_dqn,1601,0.05,5,6.0,True,8000,0.00042762290104292333,1.0
dueling_dqn,1602,0.05,8,3.0,True,8000,0.00026456356863491237,1.0
dueling_dqn,1603,0.05,4,7.0,True,8000,0.00018938163702841848,1.0
dueling_dqn,1604,0.05,7,4.0,True,8000,0.0007502571097575128,1.0
dueling_dqn,1605,0.05,3,8.0,True,8000,0.00035773549461737275,1.0
dueling_dqn,1606,0.05,1,10.0,True,8000,0.0009909195359796286,1.0
dueling_dqn,1607,0.05,2,9.0,True,8000,0.0006574052385985851,1.0
dueling_dqn,1608,0.05,4,7.0,True,8000,0.00070334313204512,1.0
dueling_dqn,1609,0.05,7,4.0,True,8000,0.00021723339159507304,1.0
dueling_dqn,1610,0.05,1,10.0,True,8000,0.0007293851813301444,1.0
dueling_dqn,1611,0.05,3,8.0,True,8000,0.0001253308291779831,1.0
dueling_dqn,1612,0.05,4,7.0,True,8000,0.00011203987378394231,1.0
dueling_dqn,1613,0.05,5,6.0,True,8000,0.00016029918333515525,1.0
dueling_dqn,1614,0.05,6,5.0,True,8000,0.000447621860075742,1.0
dueling_dqn,1615,0.05,9,2.0,True,8000,0.00030349200824275613,1.0
dueling_dqn,1616,0.05,6,5.0,True,8000,0.0004389598616398871,1.0
dueling_dqn,1617,0.05,4,7.0,True,8000,0.00031073697027750313,1.0
dueling_dqn,1618,0.05,3,8.0,True,8000,0.0003789010806940496,1.0
dueling_dqn,1619,0.05,6,5.0,True,8000,0.0001640150003368035,1.0
dueling_dqn,1620,0.05,4,7.0,True,8000,0.00014876035857014358,1.0
dueling_dqn,1621,0.05,3,8.0,True,8000,0.0002492207277100533,1.0
dueling_dqn,1622,0.05,4,7.0,True,8000,0.0001242116413777694,1.0
dueling_dqn,1623,0.05,3,8.0,True,8000,8.912781049730256e-05,1.0
dueling_dqn,1624,0.05,6,5.0,True,8000,7.734716928098351e-05,1.0
dueling_dqn,1625,0.05,3,8.0,True,8000,0.00012997676094528288,1.0
dueling_dqn,1626,0.05,5,6.0,True,8000,0.00011619931319728494,1.0
dueling_dqn,1627,0.05,7,4.0,True,8000,0.00014569173799827695,1.0
dueling_dqn,1628,0.05,7,4.0,True,8000,0.0001295182155445218,1.0
dueling_dqn,1629,0.05,2,9.0,True,8000,0.00014545704470947385,1.0
dueling_dqn,1630,0.05,5,6.0,True,8000,3.1244606361724436e-05,1.0
dueling_dqn,1631,0.05,7,4.0,True,8000,4.458118201000616e-05,1.0
dueling_dqn,1632,0.05,6,5.0,True,8000,4.748687206301838e-05,1.0
dueling_dqn,1633,0.05,4,7.0,True,8000,4.1991861507995054e-05,1.0
dueling_dqn,1634,0.05,5,6.0,True,8000,4.016078310087323e-05,1.0
dueling_dqn,1635,0.05,3,8.0,True,8000,0.0002290619013365358,1.0
dueling_dqn,1636,0.05,2,9.0,True,8000,0.0002457211376167834,1.0
dueling_dqn,1637,0.05,8,3.0,True,8000,0.0001841879857238382,1.0
dueling_dqn,1638,0.05,6,5.0,True,8000,0.00026187271578237414,1.0
dueling_dqn,1639,0.05,5,6.0,True,8000,0.00010695424862205982,1.0
dueling_dqn,1640,0.05,7,4.0,True,8000,0.0004412924754433334,1.0
dueling_dqn,1641,0.05,7,4.0,True,8000,0.00015460341819562018,1.0
dueling_dqn,1642,0.05,6,5.0,True,8000,0.00013175596541259438,1.0
dueling_dqn,1643,0.05,1,10.0,True,8000,0.00022459121828433126,1.0
dueling_dqn,1644,0.05,7,4.0,True,8000,0.0002267387171741575,1.0
dueling_dqn,1645,0.05,6,5.0,True,8000,0.00011863443796755746,1.0
dueling_dqn,1646,0.05,3,8.0,True,8000,6.340128311421722e-05,1.0
dueling_dqn,1647,0.05,5,6.0,True,8000,3.911882595275529e-05,1.0
dueling_dqn,1648,0.05,5,6.0,True,8000,6.999282777542248e-05,1.0
dueling_dqn,1649,0.05,5,6.0,True,8000,8.576895197620615e-05,1.0
dueling_dqn,1650,0.05,5,6.0,True,8000,2.5300441848230548e-05,1.0
dueling_dqn,1651,0.05,2,9.0,True,8000,4.019393236376345e-05,1.0
dueling_dqn,1652,0.05,1,10.0,True,8000,3.634010863606818e-05,1.0
dueling_dqn,1653,0.05,3,8.0,True,8000,4.413668648339808e-05,1.0
dueling_dqn,1654,0.05,6,5.0,True,8000,7.704325980739668e-05,1.0
dueling_dqn,1655,0.05,4,7.0,True,8000,8.413277100771666e-05,1.0
dueling_dqn,1656,0.05,6,5.0,True,8000,0.0001252309448318556,1.0
dueling_dqn,1657,0.05,8,3.0,True,8000,5.6486926041543484e-05,1.0
dueling_dqn,1658,0.05,7,4.0,True,8000,8.889675518730655e-05,1.0
dueling_dqn,1659,0.05,2,9.0,True,8000,5.780763603979722e-05,1.0
dueling_dqn,1660,0.05,5,6.0,True,8000,4.363893094705418e-05,1.0
dueling_dqn,1661,0.05,7,4.0,True,8000,0.00031692878110334277,1.0
dueling_dqn,1662,0.05,2,9.0,True,8000,5.999927088851109e-05,1.0
dueling_dqn,1663,0.05,2,9.0,True,8000,5.53183417650871e-05,1.0
dueling_dqn,1664,0.05,8,3.0,True,8000,2.9869377613067627e-05,1.0
dueling_dqn,1665,0.05,4,7.0,True,8000,3.134344660793431e-05,1.0
dueling_dqn,1666,0.05,2,9.0,True,8000,5.821216473123059e-05,1.0
dueling_dqn,1667,0.05,7,4.0,True,8000,2.5402197934454307e-05,1.0
dueling_dqn,1668,0.05,7,4.0,True,8000,6.15300377830863e-05,1.0
dueling_dqn,1669,0.05,5,6.0,True,8000,0.00012045045150443912,1.0
dueling_dqn,1670,0.05,4,7.0,True,8000,0.0001293007517233491,1.0
dueling_dqn,1671,0.05,8,3.0,True,8000,3.67375832865946e-05,1.0
dueling_dqn,1672,0.05,8,3.0,True,8000,0.00022214751516003162,1.0
dueling_dqn,1673,0.05,6,5.0,True,8000,0.00043896897113882005,1.0
dueling_dqn,1674,0.05,5,6.0,True,8000,0.000990798114798963,1.0
dueling_dqn,1675,0.05,4,7.0,True,8000,0.0011098980903625488,1.0
dueling_dqn,1676,0.05,4,7.0,True,8000,0.00044568756129592657,1.0
dueling_dqn,1677,0.05,7,4.0,True,8000,0.00038892740849405527,1.0
dueling_dqn,1678,0.05,6,5.0,True,8000,0.00017362655489705503,1.0
dueling_dqn,1679,0.05,7,4.0,True,8000,0.0003095584106631577,1.0
dueling_dqn,1680,0.05,3,8.0,True,8000,0.0002552705118432641,1.0
dueling_dqn,1681,0.05,2,9.0,True,8000,0.00017802062211558223,1.0
dueling_dqn,1682,0.05,3,8.0,True,8000,0.00011805481335613877,1.0
dueling_dqn,1683,0.05,4,7.0,True,8000,0.0007668358157388866,1.0
dueling_dqn,1684,0.05,6,5.0,True,8000,0.00014067786105442792,1.0
dueling_dqn,1685,0.05,5,6.0,True,8000,0.00014073963393457234,1.0
dueling_dqn,1686,0.05,6,5.0,True,8000,0.00010442518396303058,1.0
dueling_dqn,1687,0.05,3,8.0,True,8000,0.00020379829220473766,1.0
dueling_dqn,1688,0.05,5,6.0,True,8000,5.937107926001772e-05,1.0
dueling_dqn,1689,0.05,5,6.0,True,8000,0.00015546374197583646,1.0
dueling_dqn,1690,0.05,2,9.0,True,8000,3.1339302950073034e-05,1.0
dueling_dqn,1691,0.05,2,9.0,True,8000,0.00014594390813726932,1.0
dueling_dqn,1692,0.05,4,7.0,True,8000,9.291286551160738e-05,1.0
dueling_dqn,1693,0.05,4,7.0,True,8000,4.1392268030904233e-05,1.0
dueling_dqn,1694,0.05,4,7.0,True,8000,4.529599391389638e-05,1.0
dueling_dqn,1695,0.05,5,6.0,True,8000,3.1547988328384236e-05,1.0
dueling_dqn,1696,0.05,2,9.0,True,8000,2.484535980329383e-05,1.0
dueling_dqn,1697,0.05,2,9.0,True,8000,3.0436271117650904e-05,1.0
dueling_dqn,1698,0.05,7,4.0,True,8000,8.827918645692989e-05,1.0
dueling_dqn,1699,0.05,4,7.0,True,8000,0.00011117865506093949,1.0
dueling_dqn,1700,0.05,7,4.0,True,8000,6.442403537221253e-05,1.0
dueling_dqn,1701,0.05,6,5.0,True,8000,6.512946129078045e-05,1.0
dueling_dqn,1702,0.05,2,9.0,True,8000,3.30966868204996e-05,1.0
dueling_dqn,1703,0.05,1,10.0,True,8000,1.7888634829432704e-05,1.0
dueling_dqn,1704,0.05,8,3.0,True,8000,1.1078383977292106e-05,1.0
dueling_dqn,1705,0.05,8,3.0,True,8000,2.592731652839575e-05,1.0
dueling_dqn,1706,0.05,5,6.0,True,8000,1.3866903827874921e-05,1.0
dueling_dqn,1707,0.05,6,5.0,True,8000,1.9496377717587166e-05,1.0
dueling_dqn,1708,0.05,2,9.0,True,8000,4.3639206523948815e-06,1.0
dueling_dqn,1709,0.05,6,5.0,True,8000,1.8633752915775403e-05,1.0
dueling_dqn,1710,0.05,5,6.0,True,8000,2.1220726921455935e-05,1.0
dueling_dqn,1711,0.05,11,0.0,True,8000,1.5934281691443175e-05,1.0
dueling_dqn,1712,0.05,7,4.0,True,8000,5.042848897574004e-06,1.0
dueling_dqn,1713,0.05,5,6.0,True,8000,8.784618330537342e-06,1.0
dueling_dqn,1714,0.05,4,7.0,True,8000,9.586143278283998e-06,1.0
dueling_dqn,1715,0.05,4,7.0,True,8000,5.264220089884475e-05,1.0
dueling_dqn,1716,0.05,5,6.0,True,8000,1.7121550627052784e-05,1.0
dueling_dqn,1717,0.05,6,5.0,True,8000,3.359755646670237e-05,1.0
dueling_dqn,1718,0.05,4,7.0,True,8000,2.7001100534107536e-05,1.0
dueling_dqn,1719,0.05,1,10.0,True,8000,2.4478664272464812e-05,1.0
dueling_dqn,1720,0.05,6,5.0,True,8000,1.119177795771975e-05,1.0
dueling_dqn,1721,0.05,3,8.0,True,8000,1.3818640582030639e-05,1.0
dueling_dqn,1722,0.05,3,8.0,True,8000,0.0010690754279494286,1.0
dueling_dqn,1723,0.05,5,6.0,True,8000,0.00029347854433581233,1.0
dueling_dqn,1724,0.05,5,6.0,True,8000,0.00011845598055515438,1.0
dueling_dqn,1725,0.05,3,8.0,True,8000,0.0010518988128751516,1.0
dueling_dqn,1726,0.05,3,8.0,True,8000,0.0009954356355592608,1.0
dueling_dqn,1727,0.05,6,5.0,True,8000,0.00021264889801386744,1.0
dueling_dqn,1728,0.05,5,6.0,True,8000,0.0006028764182701707,1.0
dueling_dqn,1729,0.05,3,8.0,True,8000,0.000823301263153553,1.0
dueling_dqn,1730,0.05,7,4.0,True,8000,0.00028399337315931916,1.0
dueling_dqn,1731,0.05,6,5.0,True,8000,0.002719631651416421,1.0
dueling_dqn,1732,0.05,5,6.0,True,8000,0.006093515083193779,1.0
dueling_dqn,1733,0.05,5,6.0,True,8000,0.0018846156308427453,1.0
dueling_dqn,1734,0.05,5,6.0,True,8000,0.002019100356847048,1.0
dueling_dqn,1735,0.05,6,5.0,True,8000,0.0023814886808395386,1.0
dueling_dqn,1736,0.05,3,8.0,True,8000,0.0011902358382940292,1.0
dueling_dqn,1737,0.05,2,9.0,True,8000,0.0021448137704283,1.0
dueling_dqn,1738,0.05,5,6.0,True,8000,0.0006522858748212457,1.0
dueling_dqn,1739,0.05,5,6.0,True,8000,0.005577669944614172,1.0
dueling_dqn,1740,0.05,2,9.0,True,8000,0.005711771082133055,1.0
dueling_dqn,1741,0.05,6,5.0,True,8000,0.00357662420719862,1.0
dueling_dqn,1742,0.05,7,4.0,True,8000,0.022612497210502625,1.0
dueling_dqn,1743,0.05,5,6.0,True,8000,0.002738474402576685,1.0
dueling_dqn,1744,0.05,3,8.0,True,8000,0.002429576124995947,1.0
dueling_dqn,1745,0.05,6,5.0,True,8000,0.0009231693111360073,1.0
dueling_dqn,1746,0.05,5,6.0,True,8000,0.0010582813993096352,1.0
dueling_dqn,1747,0.05,5,6.0,True,8000,0.0006349388277158141,1.0
dueling_dqn,1748,0.05,6,5.0,True,8000,0.000480389833683148,1.0
dueling_dqn,1749,0.05,7,4.0,True,8000,0.00042887404561042786,1.0
dueling_dqn,1750,0.05,8,3.0,True,8000,0.0005152153316885233,1.0
dueling_dqn,1751,0.05,4,7.0,True,8000,0.0005378298810683191,1.0
dueling_dqn,1752,0.05,5,6.0,True,8000,0.0007233409560285509,1.0
dueling_dqn,1753,0.05,5,6.0,True,8000,8.321739733219147e-05,1.0
dueling_dqn,1754,0.05,1,10.0,True,8000,0.00023126142332330346,1.0
dueling_dqn,1755,0.05,4,7.0,True,8000,0.00017250498058274388,1.0
dueling_dqn,1756,0.05,6,5.0,True,8000,7.638707029400393e-05,1.0
dueling_dqn,1757,0.05,8,3.0,True,8000,0.00011119973351014778,1.0
dueling_dqn,1758,0.05,6,5.0,True,8000,6.030192889738828e-05,1.0
dueling_dqn,1759,0.05,5,6.0,True,8000,0.0020621675066649914,1.0
dueling_dqn,1760,0.05,6,5.0,True,8000,0.0008017109939828515,1.0
dueling_dqn,1761,0.05,2,9.0,True,8000,0.0007208360475488007,1.0
dueling_dqn,1762,0.05,6,5.0,True,8000,0.0007262974977493286,1.0
dueling_dqn,1763,0.05,2,9.0,True,8000,0.0003906861529685557,1.0
dueling_dqn,1764,0.05,6,5.0,True,8000,0.0003152993449475616,1.0
dueling_dqn,1765,0.05,3,8.0,True,8000,0.00027446457534097135,1.0
dueling_dqn,1766,0.05,6,5.0,True,8000,0.0002077524404739961,1.0
dueling_dqn,1767,0.05,4,7.0,True,8000,0.00012358442472759634,1.0
dueling_dqn,1768,0.05,5,6.0,True,8000,0.0002756314934231341,1.0
dueling_dqn,1769,0.05,3,8.0,True,8000,0.0001502817467553541,1.0
dueling_dqn,1770,0.05,7,4.0,True,8000,0.00019841249741148204,1.0
dueling_dqn,1771,0.05,7,4.0,True,8000,6.563424540217966e-05,1.0
dueling_dqn,1772,0.05,8,3.0,True,8000,0.00016428253729827702,1.0
dueling_dqn,1773,0.05,3,8.0,True,8000,8.648648508824408e-05,1.0
dueling_dqn,1774,0.05,5,6.0,True,8000,5.360330396797508e-05,1.0
dueling_dqn,1775,0.05,4,7.0,True,8000,5.6427794334013015e-05,1.0
dueling_dqn,1776,0.05,6,5.0,True,8000,6.057629070710391e-05,1.0
dueling_dqn,1777,0.05,6,5.0,True,8000,4.569910743157379e-05,1.0
dueling_dqn,1778,0.05,4,7.0,True,8000,1.6346177289960906e-05,1.0
dueling_dqn,1779,0.05,6,5.0,True,8000,0.0009516645222902298,1.0
dueling_dqn,1780,0.05,2,9.0,True,8000,0.0004131437453906983,1.0
dueling_dqn,1781,0.05,6,5.0,True,8000,0.0004895766032859683,1.0
dueling_dqn,1782,0.05,3,8.0,True,8000,0.0004280321882106364,1.0
dueling_dqn,1783,0.05,6,5.0,True,8000,0.0005480636027641594,1.0
dueling_dqn,1784,0.05,5,6.0,True,8000,0.000168397935340181,1.0
dueling_dqn,1785,0.05,5,6.0,True,8000,0.0001691816287348047,1.0
dueling_dqn,1786,0.05,5,6.0,True,8000,0.00020446284906938672,1.0
dueling_dqn,1787,0.05,7,4.0,True,8000,3.316183210699819e-05,1.0
dueling_dqn,1788,0.05,5,6.0,True,8000,0.00011154230742249638,1.0
dueling_dqn,1789,0.05,4,7.0,True,8000,0.00013194118218962103,1.0
dueling_dqn,1790,0.05,5,6.0,True,8000,4.9244808906223625e-05,1.0
dueling_dqn,1791,0.05,3,8.0,True,8000,0.00011924812861252576,1.0
dueling_dqn,1792,0.05,6,5.0,True,8000,7.395039574475959e-05,1.0
dueling_dqn,1793,0.05,2,9.0,True,8000,4.37299968325533e-05,1.0
dueling_dqn,1794,0.05,6,5.0,True,8000,1.2100358617317397e-05,1.0
dueling_dqn,1795,0.05,6,5.0,True,8000,1.8487393390387297e-05,1.0
dueling_dqn,1796,0.05,1,10.0,True,8000,4.2551488149911165e-05,1.0
dueling_dqn,1797,0.05,5,6.0,True,8000,2.1134133930900134e-05,1.0
dueling_dqn,1798,0.05,4,7.0,True,8000,9.950009371095803e-06,1.0
dueling_dqn,1799,0.05,6,5.0,True,8000,1.6692843928467482e-05,1.0
dueling_dqn,1800,0.05,6,5.0,True,8000,1.721005537547171e-05,1.0
dueling_dqn,1801,0.05,8,3.0,True,8000,7.126949640223756e-05,1.0
dueling_dqn,1802,0.05,4,7.0,True,8000,8.516911475453526e-05,1.0
dueling_dqn,1803,0.05,7,4.0,True,8000,0.00028149218996986747,1.0
dueling_dqn,1804,0.05,1,10.0,True,8000,0.00018871213251259178,1.0
dueling_dqn,1805,0.05,5,6.0,True,8000,0.00015675263421144336,1.0
dueling_dqn,1806,0.05,3,8.0,True,8000,7.937785267131403e-05,1.0
dueling_dqn,1807,0.05,3,8.0,True,8000,9.852551738731563e-05,1.0
dueling_dqn,1808,0.05,7,4.0,True,8000,9.93737849057652e-05,1.0
dueling_dqn,1809,0.05,5,6.0,True,8000,9.12299583433196e-05,1.0
dueling_dqn,1810,0.05,1,10.0,True,8000,7.801355968695134e-05,1.0
dueling_dqn,1811,0.05,5,6.0,True,8000,7.803839253028855e-05,1.0
dueling_dqn,1812,0.05,5,6.0,True,8000,5.299291296978481e-05,1.0
dueling_dqn,1813,0.05,1,-10.0,False,8000,2.9519589588744566e-05,0.99
dueling_dqn,1814,0.05,4,7.0,True,8000,2.616359961393755e-05,0.99
dueling_dqn,1815,0.05,6,5.0,True,8000,5.423433685791679e-05,0.99
dueling_dqn,1816,0.05,4,7.0,True,8000,1.6253972717095166e-05,0.99
dueling_dqn,1817,0.05,2,9.0,True,8000,3.2708863727748394e-05,0.99
dueling_dqn,1818,0.05,3,8.0,True,8000,1.189082922792295e-05,0.99
dueling_dqn,1819,0.05,3,8.0,True,8000,2.40899662458105e-05,0.99
dueling_dqn,1820,0.05,3,8.0,True,8000,1.0746385669335723e-05,0.99
dueling_dqn,1821,0.05,7,4.0,True,8000,2.491334089427255e-05,0.99
dueling_dqn,1822,0.05,6,5.0,True,8000,7.68056543165585e-06,0.99
dueling_dqn,1823,0.05,3,8.0,True,8000,7.830535651009995e-06,0.99
dueling_dqn,1824,0.05,4,7.0,True,8000,3.2283696782542393e-06,0.99
dueling_dqn,1825,0.05,5,6.0,True,8000,7.319016731344163e-05,0.99
dueling_dqn,1826,0.05,6,5.0,True,8000,1.649947080295533e-05,0.99
dueling_dqn,1827,0.05,4,7.0,True,8000,5.632327156490646e-05,0.99
dueling_dqn,1828,0.05,1,10.0,True,8000,2.193337604694534e-05,0.99
dueling_dqn,1829,0.05,6,5.0,True,8000,2.2951076971367e-05,0.99
dueling_dqn,1830,0.05,5,6.0,True,8000,2.8008464141748846e-05,0.99
dueling_dqn,1831,0.05,4,7.0,True,8000,8.79003491718322e-05,0.99
dueling_dqn,1832,0.05,2,9.0,True,8000,7.698890112806112e-05,0.99
dueling_dqn,1833,0.05,4,7.0,True,8000,4.980144512956031e-05,0.99
dueling_dqn,1834,0.05,5,6.0,True,8000,1.4601901057176292e-05,0.99
dueling_dqn,1835,0.05,7,4.0,True,8000,1.2907084965263493e-05,0.99
dueling_dqn,1836,0.05,8,3.0,True,8000,1.5808525859029032e-05,0.99
dueling_dqn,1837,0.05,3,8.0,True,8000,6.539799869642593e-06,0.99
dueling_dqn,1838,0.05,6,5.0,True,8000,1.3181528629502282e-05,0.99
dueling_dqn,1839,0.05,4,7.0,True,8000,5.886752205697121e-06,0.99
dueling_dqn,1840,0.05,7,4.0,True,8000,4.260848072590306e-06,0.99
dueling_dqn,1841,0.05,1,10.0,True,8000,3.3557910228410037e-06,0.99
dueling_dqn,1842,0.05,6,5.0,True,8000,3.2707644095353317e-06,0.99
dueling_dqn,1843,0.05,5,6.0,True,8000,2.3709148990747053e-06,0.99
dueling_dqn,1844,0.05,3,8.0,True,8000,1.4603706404159311e-06,0.99
dueling_dqn,1845,0.05,6,5.0,True,8000,5.482329925143858e-06,0.99
dueling_dqn,1846,0.05,6,5.0,True,8000,3.3919709494512063e-06,0.99
dueling_dqn,1847,0.05,6,5.0,True,8000,1.571287248225417e-05,0.99
dueling_dqn,1848,0.05,5,6.0,True,8000,1.9402648831601255e-05,0.99
dueling_dqn,1849,0.05,3,8.0,True,8000,1.8972197722177953e-05,0.99
dueling_dqn,1850,0.05,7,4.0,True,8000,3.977898359153187e-06,0.99
dueling_dqn,1851,0.05,5,6.0,True,8000,4.066284873260884e-06,0.99
dueling_dqn,1852,0.05,2,9.0,True,8000,8.103244908852503e-06,0.99
dueling_dqn,1853,0.05,5,6.0,True,8000,5.812533800053643e-06,0.99
dueling_dqn,1854,0.05,2,9.0,True,8000,2.2147958134155488e-06,0.99
dueling_dqn,1855,0.05,5,6.0,True,8000,3.6489718695520423e-06,0.99
dueling_dqn,1856,0.05,3,8.0,True,8000,8.616435479780193e-06,0.99
dueling_dqn,1857,0.05,7,4.0,True,8000,7.4591862357920036e-06,0.99
dueling_dqn,1858,0.05,1,10.0,True,8000,1.6158514881681185e-06,0.99
dueling_dqn,1859,0.05,3,8.0,True,8000,5.1957490541099105e-06,0.99
dueling_dqn,1860,0.05,3,8.0,True,8000,1.1627943194980617e-06,0.99
dueling_dqn,1861,0.05,1,10.0,True,8000,2.1368873603933025e-06,0.99
dueling_dqn,1862,0.05,5,6.0,True,8000,1.3627540056404541e-06,0.99
dueling_dqn,1863,0.05,5,6.0,True,8000,1.721955754874216e-06,0.99
dueling_dqn,1864,0.05,4,7.0,True,8000,1.571086158946855e-06,0.99
dueling_dqn,1865,0.05,7,4.0,True,8000,1.1499114407342859e-06,0.99
dueling_dqn,1866,0.05,8,3.0,True,8000,4.7084139964681526e-07,0.99
dueling_dqn,1867,0.05,6,5.0,True,8000,6.89273917942046e-07,0.99
dueling_dqn,1868,0.05,3,8.0,True,8000,1.9528151824488305e-06,0.99
dueling_dqn,1869,0.05,2,9.0,True,8000,5.255501491774339e-06,0.99
dueling_dqn,1870,0.05,6,5.0,True,8000,1.605941520210763e-06,0.99
dueling_dqn,1871,0.05,6,5.0,True,8000,2.3908735329314368e-06,0.99
dueling_dqn,1872,0.05,4,7.0,True,8000,1.4107158676779363e-06,0.99
dueling_dqn,1873,0.05,6,5.0,True,8000,2.1904572804487543e-06,0.99
dueling_dqn,1874,0.05,7,4.0,True,8000,7.510192858717346e-07,0.99
dueling_dqn,1875,0.05,3,8.0,True,8000,4.565665676636854e-07,0.99
dueling_dqn,1876,0.05,3,8.0,True,8000,9.105995104619069e-07,0.99
dueling_dqn,1877,0.05,5,6.0,True,8000,4.0736938444752013e-07,0.99
dueling_dqn,1878,0.05,2,9.0,True,8000,4.5956721805850975e-07,0.99
dueling_dqn,1879,0.05,6,5.0,True,8000,5.158536851013196e-07,0.99
dueling_dqn,1880,0.05,6,5.0,True,8000,1.8087271769218205e-07,0.99
dueling_dqn,1881,0.05,1,10.0,True,8000,2.462299732997053e-07,0.99
dueling_dqn,1882,0.05,8,3.0,True,8000,7.32136911096859e-08,0.99
dueling_dqn,1883,0.05,2,9.0,True,8000,8.049232746998314e-08,0.99
dueling_dqn,1884,0.05,2,9.0,True,8000,8.428209952171528e-08,0.99
dueling_dqn,1885,0.05,6,5.0,True,8000,5.5296183631980966e-08,0.99
dueling_dqn,1886,0.05,3,8.0,True,8000,3.4034389528869724e-08,0.99
dueling_dqn,1887,0.05,2,9.0,True,8000,8.314508193052461e-08,0.99
dueling_dqn,1888,0.05,4,7.0,True,8000,1.3798353393212892e-07,0.99
dueling_dqn,1889,0.05,6,5.0,True,8000,4.825557553544968e-08,0.99
dueling_dqn,1890,0.05,3,8.0,True,8000,8.39201135249823e-08,0.99
dueling_dqn,1891,0.05,6,5.0,True,8000,6.148266606942343e-08,0.99
dueling_dqn,1892,0.05,1,10.0,True,8000,6.044199096777447e-08,0.99
dueling_dqn,1893,0.05,5,6.0,True,8000,4.170619376964169e-06,0.99
dueling_dqn,1894,0.05,8,3.0,True,8000,3.6916749195370357e-06,0.99
dueling_dqn,1895,0.05,7,4.0,True,8000,6.679720627289498e-06,0.99
dueling_dqn,1896,0.05,3,8.0,True,8000,4.423137397679966e-06,0.99
dueling_dqn,1897,0.05,2,9.0,True,8000,1.993446403503185e-06,0.99
dueling_dqn,1898,0.05,2,9.0,True,8000,1.8541143163020024e-06,0.99
dueling_dqn,1899,0.05,2,9.0,True,8000,1.5170843425948988e-06,0.99
dueling_dqn,1900,0.05,5,6.0,True,8000,3.873764853778994e-06,0.99
dueling_dqn,1901,0.05,3,8.0,True,8000,6.88418765548704e-07,0.99
dueling_dqn,1902,0.05,7,4.0,True,8000,1.607772674105945e-06,0.99
dueling_dqn,1903,0.05,5,6.0,True,8000,1.6603164567641215e-06,0.99
dueling_dqn,1904,0.05,4,7.0,True,8000,6.802019356655364e-07,0.99
dueling_dqn,1905,0.05,2,9.0,True,8000,4.35044626101444e-07,0.99
dueling_dqn,1906,0.05,8,3.0,True,8000,4.261830497398478e-07,0.99
dueling_dqn,1907,0.05,4,7.0,True,8000,3.138015074455325e-07,0.99
dueling_dqn,1908,0.05,4,7.0,True,8000,1.1508155921546859e-06,0.99
dueling_dqn,1909,0.05,5,6.0,True,8000,2.8361881732053007e-07,0.99
dueling_dqn,1910,0.05,6,5.0,True,8000,1.2449874020603602e-06,0.99
dueling_dqn,1911,0.05,6,5.0,True,8000,1.4710508366988506e-06,0.99
dueling_dqn,1912,0.05,1,10.0,True,8000,6.239362733140297e-07,0.99
dueling_dqn,1913,0.05,5,6.0,True,8000,3.8479875001939945e-06,1.0
dueling_dqn,1914,0.05,5,6.0,True,8000,3.96355602561016e-07,1.0
dueling_dqn,1915,0.05,7,4.0,True,8000,1.1002464361808961e-06,1.0
dueling_dqn,1916,0.05,5,6.0,True,8000,1.0417355724712252e-06,1.0
dueling_dqn,1917,0.05,5,6.0,True,8000,1.1316418522255844e-06,1.0
dueling_dqn,1918,0.05,3,8.0,True,8000,9.740338100527879e-07,1.0
dueling_dqn,1919,0.05,1,10.0,True,8000,1.3056210264039692e-06,1.0
dueling_dqn,1920,0.05,5,6.0,True,8000,1.3228240050011664e-06,1.0
dueling_dqn,1921,0.05,5,6.0,True,8000,7.36515460175724e-07,1.0
dueling_dqn,1922,0.05,5,6.0,True,8000,2.3832606643736653e-07,1.0
dueling_dqn,1923,0.05,8,3.0,True,8000,4.041542922550434e-07,1.0
dueling_dqn,1924,0.05,4,7.0,True,8000,1.0287484428772586e-06,1.0
dueling_dqn,1925,0.05,5,6.0,True,8000,1.1296901902824175e-06,1.0
dueling_dqn,1926,0.05,4,7.0,True,8000,2.0144534573773853e-07,1.0
dueling_dqn,1927,0.05,6,5.0,True,8000,6.785919026697229e-07,1.0
dueling_dqn,1928,0.05,1,10.0,True,8000,7.493455314033781e-07,1.0
dueling_dqn,1929,0.05,4,7.0,True,8000,8.569894021093205e-07,1.0
dueling_dqn,1930,0.05,5,6.0,True,8000,5.855000608789851e-07,1.0
dueling_dqn,1931,0.05,7,4.0,True,8000,6.974597681619343e-07,1.0
dueling_dqn,1932,0.05,5,6.0,True,8000,5.899057669012109e-07,1.0
dueling_dqn,1933,0.05,5,6.0,True,8000,9.547255785946618e-07,1.0
dueling_dqn,1934,0.05,3,8.0,True,8000,1.471227960792021e-06,1.0
dueling_dqn,1935,0.05,4,7.0,True,8000,9.36648063998291e-07,1.0
dueling_dqn,1936,0.05,5,6.0,True,8000,2.2244905721890973e-06,1.0
dueling_dqn,1937,0.05,5,6.0,True,8000,1.8549828837421956e-06,1.0
dueling_dqn,1938,0.05,2,9.0,True,8000,2.2759077182854526e-06,1.0
dueling_dqn,1939,0.05,1,10.0,True,8000,1.1970199693678296e-06,1.0
dueling_dqn,1940,0.05,4,7.0,True,8000,6.771938956262602e-07,1.0
dueling_dqn,1941,0.05,5,6.0,True,8000,1.1801269010902615e-06,1.0
dueling_dqn,1942,0.05,3,8.0,True,8000,1.4540638630933245e-06,1.0
dueling_dqn,1943,0.05,3,8.0,True,8000,1.2134482858527917e-06,1.0
dueling_dqn,1944,0.05,7,4.0,True,8000,3.6141585724180914e-07,1.0
dueling_dqn,1945,0.05,8,3.0,True,8000,6.439821049752936e-07,1.0
dueling_dqn,1946,0.05,4,7.0,True,8000,7.198387379503401e-07,1.0
dueling_dqn,1947,0.05,4,7.0,True,8000,2.199001073677209e-06,1.0
dueling_dqn,1948,0.05,7,4.0,True,8000,4.625615019904217e-06,1.0
dueling_dqn,1949,0.05,4,7.0,True,8000,1.7245299659407465e-06,1.0
dueling_dqn,1950,0.05,7,4.0,True,8000,9.41309735935647e-06,1.0
dueling_dqn,1951,0.05,6,5.0,True,8000,1.664558908487379e-06,1.0
dueling_dqn,1952,0.05,7,4.0,True,8000,2.1309797375579365e-06,1.0
dueling_dqn,1953,0.05,3,8.0,True,8000,1.1406542625991278e-06,1.0
dueling_dqn,1954,0.05,6,5.0,True,8000,1.4074259979679482e-06,1.0
dueling_dqn,1955,0.05,4,7.0,True,8000,4.0563517700320517e-07,1.0
dueling_dqn,1956,0.05,3,8.0,True,8000,4.949858976033283e-07,1.0
dueling_dqn,1957,0.05,6,5.0,True,8000,4.4118667119619204e-07,1.0
dueling_dqn,1958,0.05,6,5.0,True,8000,8.481532631776645e-07,1.0
dueling_dqn,1959,0.05,5,6.0,True,8000,2.27581153922074e-06,1.0
dueling_dqn,1960,0.05,1,10.0,True,8000,2.1645923879987095e-06,1.0
dueling_dqn,1961,0.05,5,6.0,True,8000,3.5331963772478048e-06,1.0
dueling_dqn,1962,0.05,3,8.0,True,8000,1.1475805195004796e-06,1.0
dueling_dqn,1963,0.05,6,5.0,True,8000,1.107446678361157e-06,1.0
dueling_dqn,1964,0.05,6,5.0,True,8000,8.856522981659509e-07,1.0
dueling_dqn,1965,0.05,4,7.0,True,8000,4.341916906014376e-07,1.0
dueling_dqn,1966,0.05,5,6.0,True,8000,4.891467710876896e-07,1.0
dueling_dqn,1967,0.05,2,9.0,True,8000,1.2442908428056398e-06,1.0
dueling_dqn,1968,0.05,5,6.0,True,8000,8.780329494584294e-07,1.0
dueling_dqn,1969,0.05,8,3.0,True,8000,1.032927229971392e-06,1.0
dueling_dqn,1970,0.05,5,6.0,True,8000,4.515200942023512e-07,1.0
dueling_dqn,1971,0.05,7,4.0,True,8000,5.963601097391802e-07,1.0
dueling_dqn,1972,0.05,6,5.0,True,8000,5.286179316499329e-07,1.0
dueling_dqn,1973,0.05,6,5.0,True,8000,1.38004537575398e-07,1.0
dueling_dqn,1974,0.05,5,6.0,True,8000,1.598109378164736e-07,1.0
dueling_dqn,1975,0.05,6,5.0,True,8000,2.1572934372215968e-07,1.0
dueling_dqn,1976,0.05,5,6.0,True,8000,3.348554855620023e-07,1.0
dueling_dqn,1977,0.05,3,8.0,True,8000,2.750016392383259e-07,1.0
dueling_dqn,1978,0.05,5,6.0,True,8000,6.429490895243362e-07,1.0
dueling_dqn,1979,0.05,1,10.0,True,8000,5.108768164063804e-07,1.0
dueling_dqn,1980,0.05,7,4.0,True,8000,4.5599085751746316e-07,1.0
dueling_dqn,1981,0.05,1,10.0,True,8000,2.6858066348722787e-07,1.0
dueling_dqn,1982,0.05,3,8.0,True,8000,4.942091322845954e-07,1.0
dueling_dqn,1983,0.05,3,8.0,True,8000,3.2082201073535543e-07,1.0
dueling_dqn,1984,0.05,6,5.0,True,8000,3.086523747697356e-07,1.0
dueling_dqn,1985,0.05,7,4.0,True,8000,4.305298091367149e-07,1.0
dueling_dqn,1986,0.05,3,8.0,True,8000,3.5933322806158685e-07,1.0
dueling_dqn,1987,0.05,2,9.0,True,8000,3.678459563616343e-07,1.0
dueling_dqn,1988,0.05,4,7.0,True,8000,1.8031558113307256e-07,1.0
dueling_dqn,1989,0.05,3,8.0,True,8000,1.3342992133402731e-06,1.0
dueling_dqn,1990,0.05,7,4.0,True,8000,4.963058017892763e-07,1.0
dueling_dqn,1991,0.05,4,7.0,True,8000,9.952805157809053e-07,1.0
dueling_dqn,1992,0.05,6,5.0,True,8000,9.374929277328192e-07,1.0
dueling_dqn,1993,0.05,2,9.0,True,8000,8.050288897720748e-07,1.0
dueling_dqn,1994,0.05,3,8.0,True,8000,1.2007247960355016e-06,1.0
dueling_dqn,1995,0.05,2,9.0,True,8000,1.7501533022823423e-07,1.0
dueling_dqn,1996,0.05,6,5.0,True,8000,1.9442141763192922e-07,1.0
dueling_dqn,1997,0.05,4,7.0,True,8000,4.719162518540543e-07,1.0
dueling_dqn,1998,0.05,5,6.0,True,8000,5.958365818514721e-07,1.0
dueling_dqn,1999,0.05,4,7.0,True,8000,3.167571662743285e-07,1.0
dueling_dqn,2000,0.05,2,9.0,True,8000,2.413137565326906e-07,1.0
dueling_dqn,2001,0.05,5,6.0,True,8000,2.1016816731389554e-07,1.0
dueling_dqn,2002,0.05,4,7.0,True,8000,2.3162311890700948e-07,1.0
dueling_dqn,2003,0.05,5,6.0,True,8000,5.915758265473414e-07,1.0
dueling_dqn,2004,0.05,9,2.0,True,8000,4.0390037270299217e-07,1.0
dueling_dqn,2005,0.05,4,7.0,True,8000,4.623063432518393e-06,1.0
dueling_dqn,2006,0.05,6,5.0,True,8000,2.0753155638431053e-07,1.0
dueling_dqn,2007,0.05,7,4.0,True,8000,1.3620999652630417e-06,1.0
dueling_dqn,2008,0.05,4,7.0,True,8000,1.2971448768439586e-06,1.0
dueling_dqn,2009,0.05,5,6.0,True,8000,5.440664381239912e-07,1.0
dueling_dqn,2010,0.05,3,8.0,True,8000,1.1280303624516819e-06,1.0
dueling_dqn,2011,0.05,6,5.0,True,8000,2.068285994027974e-06,1.0
dueling_dqn,2012,0.05,4,7.0,True,8000,1.133787236540229e-06,1.0
dueling_dqn,2013,0.05,5,6.0,True,8000,1.1709714272001293e-05,1.0
dueling_dqn,2014,0.05,5,6.0,True,8000,2.570368906162912e-06,1.0
dueling_dqn,2015,0.05,6,5.0,True,8000,2.4795945137157105e-06,1.0
dueling_dqn,2016,0.05,4,7.0,True,8000,1.9696444724104367e-06,1.0
dueling_dqn,2017,0.05,3,8.0,True,8000,1.8608693608257454e-06,1.0
dueling_dqn,2018,0.05,6,5.0,True,8000,1.5764615000080084e-06,1.0
dueling_dqn,2019,0.05,1,10.0,True,8000,1.295822312386008e-05,1.0
dueling_dqn,2020,0.05,5,6.0,True,8000,1.3920651326770894e-05,1.0
dueling_dqn,2021,0.05,6,5.0,True,8000,1.678712033026386e-05,1.0
dueling_dqn,2022,0.05,2,9.0,True,8000,2.416649840597529e-05,1.0
dueling_dqn,2023,0.05,5,6.0,True,8000,3.701135574374348e-05,1.0
dueling_dqn,2024,0.05,4,7.0,True,8000,0.0010235551744699478,1.0
dueling_dqn,2025,0.05,5,6.0,True,8000,0.00018723639368545264,1.0
dueling_dqn,2026,0.05,6,5.0,True,8000,0.0003900824813172221,1.0
dueling_dqn,2027,0.05,4,7.0,True,8000,0.0005684274947270751,1.0
dueling_dqn,2028,0.05,1,10.0,True,8000,0.000190692997421138,1.0
dueling_dqn,2029,0.05,6,5.0,True,8000,0.0004258431144990027,1.0
dueling_dqn,2030,0.05,7,4.0,True,8000,0.000103906357253436,1.0
dueling_dqn,2031,0.05,4,7.0,True,8000,7.491629366995767e-05,1.0
dueling_dqn,2032,0.05,2,9.0,True,8000,0.00010688859765650705,1.0
dueling_dqn,2033,0.05,6,5.0,True,8000,8.79774524946697e-05,1.0
dueling_dqn,2034,0.05,2,9.0,True,8000,4.184166027698666e-05,1.0
dueling_dqn,2035,0.05,3,8.0,True,8000,5.674428757629357e-05,1.0
dueling_dqn,2036,0.05,5,6.0,True,8000,0.00015245129179675132,1.0
dueling_dqn,2037,0.05,5,6.0,True,8000,8.576021355111152e-05,1.0
dueling_dqn,2038,0.05,3,8.0,True,8000,0.00010714182280935347,1.0
dueling_dqn,2039,0.05,1,10.0,True,8000,0.000291728152660653,1.0
dueling_dqn,2040,0.05,4,7.0,True,8000,0.0001877318136394024,1.0
dueling_dqn,2041,0.05,1,10.0,True,8000,0.00017398028285242617,1.0
dueling_dqn,2042,0.05,2,9.0,True,8000,0.0007999084191396832,1.0
dueling_dqn,2043,0.05,11,0.0,True,8000,0.001188647118397057,1.0
dueling_dqn,2044,0.05,3,8.0,True,8000,0.0005198214785195887,1.0
dueling_dqn,2045,0.05,7,4.0,True,8000,0.0003287956933490932,1.0
dueling_dqn,2046,0.05,7,4.0,True,8000,0.00016670975310262293,1.0
dueling_dqn,2047,0.05,7,4.0,True,8000,0.00031230345484800637,1.0
dueling_dqn,2048,0.05,5,6.0,True,8000,0.00022932168212719262,1.0
dueling_dqn,2049,0.05,7,4.0,True,8000,0.0006795884692110121,1.0
dueling_dqn,2050,0.05,4,7.0,True,8000,0.0008849253645166755,1.0
dueling_dqn,2051,0.05,2,9.0,True,8000,0.0007392906118184328,1.0
dueling_dqn,2052,0.05,6,5.0,True,8000,0.0012979391030967236,1.0
dueling_dqn,2053,0.05,3,8.0,True,8000,0.00021479479619301856,1.0
dueling_dqn,2054,0.05,6,5.0,True,8000,0.001875764923170209,1.0
dueling_dqn,2055,0.05,5,6.0,True,8000,0.0008025512797757983,1.0
dueling_dqn,2056,0.05,1,10.0,True,8000,0.0006513092666864395,1.0
dueling_dqn,2057,0.05,4,7.0,True,8000,0.0006187162362039089,1.0
dueling_dqn,2058,0.05,6,5.0,True,8000,0.0006388061447069049,1.0
dueling_dqn,2059,0.05,3,8.0,True,8000,0.0007309166248887777,1.0
dueling_dqn,2060,0.05,5,6.0,True,8000,0.0009620949276722968,1.0
dueling_dqn,2061,0.05,3,8.0,True,8000,0.00022574406466446817,1.0
dueling_dqn,2062,0.05,7,4.0,True,8000,0.0007037286413833499,1.0
dueling_dqn,2063,0.05,5,6.0,True,8000,0.00047217623796314,1.0
dueling_dqn,2064,0.05,7,4.0,True,8000,0.0013857826124876738,1.0
dueling_dqn,2065,0.05,5,6.0,True,8000,0.000345011823810637,1.0
dueling_dqn,2066,0.05,4,7.0,True,8000,0.00030618830351158977,1.0
dueling_dqn,2067,0.05,6,5.0,True,8000,0.00013981337542645633,1.0
dueling_dqn,2068,0.05,6,5.0,True,8000,0.0007538257050327957,1.0
dueling_dqn,2069,0.05,3,8.0,True,8000,0.00021974518313072622,1.0
dueling_dqn,2070,0.05,6,5.0,True,8000,0.0010708010522648692,1.0
dueling_dqn,2071,0.05,3,8.0,True,8000,0.0008243574993684888,1.0
dueling_dqn,2072,0.05,5,6.0,True,8000,0.0025540385395288467,1.0
dueling_dqn,2073,0.05,5,6.0,True,8000,0.0024224466178566217,1.0
dueling_dqn,2074,0.05,5,6.0,True,8000,0.0022454208228737116,1.0
dueling_dqn,2075,0.05,3,8.0,True,8000,0.0014274094719439745,1.0
dueling_dqn,2076,0.05,8,3.0,True,8000,0.0012331402394920588,1.0
dueling_dqn,2077,0.05,5,6.0,True,8000,0.001115675549954176,1.0
dueling_dqn,2078,0.05,1,10.0,True,8000,0.0013120955554768443,1.0
dueling_dqn,2079,0.05,6,5.0,True,8000,0.0015345161082223058,1.0
dueling_dqn,2080,0.05,6,5.0,True,8000,0.0009830804774537683,1.0
dueling_dqn,2081,0.05,4,7.0,True,8000,0.00132449297234416,1.0
dueling_dqn,2082,0.05,2,9.0,True,8000,0.0013416282599791884,1.0
dueling_dqn,2083,0.05,6,5.0,True,8000,0.0004920471110381186,1.0
dueling_dqn,2084,0.05,8,3.0,True,8000,0.0007502018706873059,1.0
dueling_dqn,2085,0.05,6,5.0,True,8000,0.0008749521803110838,1.0
dueling_dqn,2086,0.05,4,7.0,True,8000,0.00025765711325220764,1.0
dueling_dqn,2087,0.05,6,5.0,True,8000,0.00031094177393242717,1.0
dueling_dqn,2088,0.05,6,5.0,True,8000,0.0005201776511967182,1.0
dueling_dqn,2089,0.05,6,5.0,True,8000,0.0004179150564596057,1.0
dueling_dqn,2090,0.05,3,8.0,True,8000,0.0005995128303766251,1.0
dueling_dqn,2091,0.05,2,9.0,True,8000,0.00043595346505753696,1.0
dueling_dqn,2092,0.05,4,7.0,True,8000,0.0005056593799963593,1.0
dueling_dqn,2093,0.05,6,5.0,True,8000,0.00021700588695239276,1.0
dueling_dqn,2094,0.05,5,6.0,True,8000,0.0002551510988269001,1.0
dueling_dqn,2095,0.05,3,8.0,True,8000,0.00034831484663300216,1.0
dueling_dqn,2096,0.05,6,5.0,True,8000,0.0001261696161236614,1.0
dueling_dqn,2097,0.05,7,4.0,True,8000,0.0001216905438923277,1.0
dueling_dqn,2098,0.05,4,7.0,True,8000,8.639991574455053e-05,1.0
dueling_dqn,2099,0.05,5,6.0,True,8000,3.556112642399967e-05,1.0
dueling_dqn,2100,0.05,6,5.0,True,8000,4.944640750181861e-05,1.0
dueling_dqn,2101,0.05,10,1.0,True,8000,3.0230379707063548e-05,1.0
dueling_dqn,2102,0.05,5,6.0,True,8000,2.0203022359055467e-05,1.0
dueling_dqn,2103,0.05,2,9.0,True,8000,1.8628305042511784e-05,1.0
dueling_dqn,2104,0.05,1,10.0,True,8000,4.4110547605669126e-05,1.0
dueling_dqn,2105,0.05,5,6.0,True,8000,4.5278426114236936e-05,1.0
dueling_dqn,2106,0.05,5,6.0,True,8000,4.911517316941172e-05,1.0
dueling_dqn,2107,0.05,3,8.0,True,8000,5.560603312915191e-05,1.0
dueling_dqn,2108,0.05,4,7.0,True,8000,1.9838207663269714e-05,1.0
dueling_dqn,2109,0.05,4,7.0,True,8000,5.59700456506107e-05,1.0
dueling_dqn,2110,0.05,4,7.0,True,8000,3.009258034580853e-05,1.0
dueling_dqn,2111,0.05,6,5.0,True,8000,8.451219036942348e-05,1.0
dueling_dqn,2112,0.05,7,4.0,True,8000,9.547782246954739e-05,1.0
dueling_dqn,2113,0.05,5,6.0,True,8000,5.52345700270962e-05,1.0
dueling_dqn,2114,0.05,8,3.0,True,8000,0.0003388034529052675,1.0
dueling_dqn,2115,0.05,3,8.0,True,8000,7.661792915314436e-05,1.0
dueling_dqn,2116,0.05,3,8.0,True,8000,0.00031485973158851266,1.0
dueling_dqn,2117,0.05,7,4.0,True,8000,0.0005425606505014002,1.0
dueling_dqn,2118,0.05,5,6.0,True,8000,0.000250216166023165,1.0
dueling_dqn,2119,0.05,5,6.0,True,8000,0.00017330952687188983,1.0
dueling_dqn,2120,0.05,4,7.0,True,8000,0.00014600236318074167,1.0
dueling_dqn,2121,0.05,4,7.0,True,8000,0.00011807725968537852,1.0
dueling_dqn,2122,0.05,3,8.0,True,8000,0.00013360111915972084,1.0
dueling_dqn,2123,0.05,4,7.0,True,8000,0.00026437893393449485,1.0
dueling_dqn,2124,0.05,5,6.0,True,8000,0.00010596527135930955,1.0
dueling_dqn,2125,0.05,6,5.0,True,8000,0.00031148127163760364,1.0
dueling_dqn,2126,0.05,4,7.0,True,8000,0.00022497738245874643,1.0
dueling_dqn,2127,0.05,4,7.0,True,8000,7.599019590998068e-05,1.0
dueling_dqn,2128,0.05,4,7.0,True,8000,6.233977910596877e-05,1.0
dueling_dqn,2129,0.05,3,8.0,True,8000,4.682751023210585e-05,1.0
dueling_dqn,2130,0.05,2,9.0,True,8000,5.9238955145701766e-05,1.0
dueling_dqn,2131,0.05,4,7.0,True,8000,3.208196721971035e-05,1.0
dueling_dqn,2132,0.05,5,6.0,True,8000,0.00022400431043934077,1.0
dueling_dqn,2133,0.05,3,8.0,True,8000,0.00044311079545877874,1.0
dueling_dqn,2134,0.05,6,5.0,True,8000,0.00012417201651260257,1.0
dueling_dqn,2135,0.05,3,8.0,True,8000,6.735661008860916e-05,1.0
dueling_dqn,2136,0.05,5,6.0,True,8000,4.6511217078659683e-05,1.0
dueling_dqn,2137,0.05,3,8.0,True,8000,3.060465678572655e-05,1.0
dueling_dqn,2138,0.05,5,6.0,True,8000,5.4604617616860196e-05,1.0
dueling_dqn,2139,0.05,4,7.0,True,8000,0.004494568798691034,1.0
dueling_dqn,2140,0.05,6,5.0,True,8000,8.326270472025499e-05,1.0
dueling_dqn,2141,0.05,5,6.0,True,8000,0.00010118928184965625,1.0
dueling_dqn,2142,0.05,3,8.0,True,8000,7.823041232768446e-05,1.0
dueling_dqn,2143,0.05,6,5.0,True,8000,0.00010471443238202482,1.0
dueling_dqn,2144,0.05,6,5.0,True,8000,0.00029865041142329574,1.0
dueling_dqn,2145,0.05,6,5.0,True,8000,0.0002685505896806717,1.0
dueling_dqn,2146,0.05,6,5.0,True,8000,0.00030745903495699167,1.0
dueling_dqn,2147,0.05,1,10.0,True,8000,0.0003393938532099128,1.0
dueling_dqn,2148,0.05,8,3.0,True,8000,0.00013283950102049857,1.0
dueling_dqn,2149,0.05,5,6.0,True,8000,4.9857488193083555e-05,1.0
dueling_dqn,2150,0.05,6,5.0,True,8000,5.3088926506461576e-05,1.0
dueling_dqn,2151,0.05,4,7.0,True,8000,2.5379451471962966e-05,1.0
dueling_dqn,2152,0.05,2,9.0,True,8000,2.721057717280928e-05,1.0
dueling_dqn,2153,0.05,3,8.0,True,8000,3.5088887671008706e-05,1.0
dueling_dqn,2154,0.05,2,9.0,True,8000,0.00024409388424828649,1.0
dueling_dqn,2155,0.05,3,8.0,True,8000,0.0001408719690516591,1.0
dueling_dqn,2156,0.05,5,6.0,True,8000,0.00016586417041253299,1.0
dueling_dqn,2157,0.05,8,3.0,True,8000,6.103952910052612e-05,1.0
dueling_dqn,2158,0.05,6,5.0,True,8000,9.866304753813893e-05,1.0
dueling_dqn,2159,0.05,4,7.0,True,8000,5.3414034482557327e-05,1.0
dueling_dqn,2160,0.05,1,10.0,True,8000,3.847253174171783e-05,1.0
dueling_dqn,2161,0.05,7,4.0,True,8000,1.9017183149117045e-05,1.0
dueling_dqn,2162,0.05,6,5.0,True,8000,8.17314867163077e-06,1.0
dueling_dqn,2163,0.05,8,3.0,True,8000,2.197955473093316e-05,1.0
dueling_dqn,2164,0.05,6,5.0,True,8000,8.01837450126186e-06,1.0
dueling_dqn,2165,0.05,6,5.0,True,8000,4.810774407815188e-05,1.0
dueling_dqn,2166,0.05,5,6.0,True,8000,5.103182411403395e-05,1.0
dueling_dqn,2167,0.05,4,7.0,True,8000,0.0001224237057613209,1.0
dueling_dqn,2168,0.05,2,9.0,True,8000,3.797990575549193e-05,1.0
dueling_dqn,2169,0.05,5,6.0,True,8000,5.248271190794185e-05,1.0
dueling_dqn,2170,0.05,6,5.0,True,8000,0.00011344831000315025,1.0
dueling_dqn,2171,0.05,6,5.0,True,8000,0.00017256769933737814,1.0
dueling_dqn,2172,0.05,7,4.0,True,8000,0.00012134534335928038,1.0
dueling_dqn,2173,0.05,6,5.0,True,8000,0.0001804838393582031,1.0
dueling_dqn,2174,0.05,4,7.0,True,8000,9.541158215142787e-05,1.0
dueling_dqn,2175,0.05,6,5.0,True,8000,6.562941416632384e-05,1.0
dueling_dqn,2176,0.05,4,7.0,True,8000,7.632737833773717e-05,1.0
dueling_dqn,2177,0.05,6,5.0,True,8000,6.039544678060338e-05,1.0
dueling_dqn,2178,0.05,4,7.0,True,8000,7.381493924185634e-05,1.0
dueling_dqn,2179,0.05,2,9.0,True,8000,1.947718919836916e-05,1.0
dueling_dqn,2180,0.05,5,6.0,True,8000,2.0695819330285303e-05,1.0
dueling_dqn,2181,0.05,1,10.0,True,8000,4.1623730794526637e-05,1.0
dueling_dqn,2182,0.05,5,6.0,True,8000,0.00016896388842724264,1.0
dueling_dqn,2183,0.05,4,7.0,True,8000,5.135664468980394e-05,1.0
dueling_dqn,2184,0.05,8,3.0,True,8000,0.00010655137884896249,1.0
dueling_dqn,2185,0.05,2,9.0,True,8000,7.91762795415707e-05,1.0
dueling_dqn,2186,0.05,10,1.0,True,8000,8.430887100985274e-05,1.0
dueling_dqn,2187,0.05,3,8.0,True,8000,2.650721035024617e-05,1.0
dueling_dqn,2188,0.05,4,7.0,True,8000,3.062952237087302e-05,1.0
dueling_dqn,2189,0.05,7,4.0,True,8000,0.0002227074292022735,1.0
dueling_dqn,2190,0.05,1,10.0,True,8000,0.00023137748939916492,1.0
dueling_dqn,2191,0.05,7,4.0,True,8000,0.00014484647545032203,1.0
dueling_dqn,2192,0.05,2,9.0,True,8000,0.00011702303163474426,1.0
dueling_dqn,2193,0.05,5,6.0,True,8000,0.0004275025276001543,1.0
dueling_dqn,2194,0.05,5,6.0,True,8000,0.0003104462521150708,1.0
dueling_dqn,2195,0.05,5,6.0,True,8000,0.0006149403634481132,1.0
dueling_dqn,2196,0.05,7,4.0,True,8000,0.0003391066857147962,1.0
dueling_dqn,2197,0.05,3,8.0,True,8000,0.00015881212311796844,1.0
dueling_dqn,2198,0.05,7,4.0,True,8000,0.00021750485757365823,1.0
dueling_dqn,2199,0.05,4,7.0,True,8000,0.0003385778109077364,1.0
dueling_dqn,2200,0.05,1,10.0,True,8000,0.0005938757676631212,1.0
