variant,episode,epsilon,moves,return,won,replay_size,loss,rolling_success_100
double_dqn,1,1.0,20,-9.0,True,20,,1.0
double_dqn,2,0.99932,40,-40.0,False,60,,0.5
double_dqn,3,0.99864,40,-40.0,False,100,1.6222124099731445,0.3333333333333333
double_dqn,4,0.99796,10,1.0,True,110,1.5525132417678833,0.5
double_dqn,5,0.99729,19,-8.0,True,129,0.013578684069216251,0.6
double_dqn,6,0.99661,40,-40.0,False,169,1.9301624298095703,0.5
double_dqn,7,0.99593,16,-5.0,True,185,0.6943836212158203,0.5714285714285714
double_dqn,8,0.99525,40,-40.0,False,225,0.16344782710075378,0.5
double_dqn,9,0.99457,40,-40.0,False,265,2.900322437286377,0.4444444444444444
double_dqn,10,0.99389,40,-40.0,False,305,0.9999119639396667,0.4
double_dqn,11,0.99321,16,-5.0,True,321,0.7168031334877014,0.45454545454545453
double_dqn,12,0.99254,34,-23.0,True,355,0.1988706886768341,0.5
double_dqn,13,0.99186,39,-48.0,False,394,1.7244232892990112,0.46153846153846156
double_dqn,14,0.99118,40,-40.0,False,434,1.4387810230255127,0.42857142857142855
double_dqn,15,0.9905,40,-40.0,False,474,2.3766374588012695,0.4
double_dqn,16,0.98982,40,-40.0,False,514,0.6131473183631897,0.375
double_dqn,17,0.98914,14,-23.0,False,528,1.3834820985794067,0.35294117647058826
double_dqn,18,0.98846,16,-25.0,False,544,0.893876850605011,0.3333333333333333
double_dqn,19,0.98779,40,-40.0,False,584,1.5650084018707275,0.3157894736842105
double_dqn,20,0.98711,31,-20.0,True,615,1.609266996383667,0.35
double_dqn,21,0.98643,40,-40.0,False,655,0.5149126052856445,0.3333333333333333
double_dqn,22,0.98575,40,-40.0,False,695,0.6314916610717773,0.3181818181818182
double_dqn,23,0.98507,40,-40.0,False,735,0.4549650549888611,0.30434782608695654
double_dqn,24,0.98439,21,-10.0,True,756,0.2168058454990387,0.3333333333333333
double_dqn,25,0.98371,2,9.0,True,758,0.2989000678062439,0.36
double_dqn,26,0.98304,40,-40.0,False,798,0.46609392762184143,0.34615384615384615
double_dqn,27,0.98236,40,-40.0,False,838,0.06979920715093613,0.3333333333333333
double_dqn,28,0.98168,40,-40.0,False,878,0.458792120218277,0.32142857142857145
double_dqn,29,0.981,40,-40.0,False,918,0.126376673579216,0.3103448275862069
double_dqn,30,0.98032,7,-16.0,False,925,0.09291841089725494,0.3
double_dqn,31,0.97964,40,-40.0,False,965,0.4820011258125305,0.2903225806451613
double_dqn,32,0.97896,40,-40.0,False,1005,0.10051107406616211,0.28125
double_dqn,33,0.97829,23,-32.0,False,1028,0.07305415719747543,0.2727272727272727
double_dqn,34,0.97761,24,-33.0,False,1052,0.05751102790236473,0.2647058823529412
double_dqn,35,0.97693,30,-39.0,False,1082,0.1252584457397461,0.2571428571428571
double_dqn,36,0.97625,23,-32.0,False,1105,0.05678032338619232,0.25
double_dqn,37,0.97557,40,-40.0,False,1145,0.026523180305957794,0.24324324324324326
double_dqn,38,0.97489,5,6.0,True,1150,0.04184800758957863,0.2631578947368421
double_dqn,39,0.97421,40,-40.0,False,1190,0.06339725106954575,0.2564102564102564
double_dqn,40,0.97354,40,-40.0,False,1230,0.06200109422206879,0.25
double_dqn,41,0.97286,40,-40.0,False,1270,0.14943091571331024,0.24390243902439024
double_dqn,42,0.97218,40,-40.0,False,1310,0.13117343187332153,0.23809523809523808
double_dqn,43,0.9715,40,-40.0,False,1350,0.024851100519299507,0.23255813953488372
double_dqn,44,0.97082,1,10.0,True,1351,0.025342900305986404,0.25
double_dqn,45,0.97014,40,-40.0,False,1391,0.03444916382431984,0.24444444444444444
double_dqn,46,0.96946,29,-18.0,True,1420,0.04239310696721077,0.2608695652173913
double_dqn,47,0.96879,11,0.0,True,1431,0.06509390473365784,0.2765957446808511
double_dqn,48,0.96811,40,-40.0,False,1471,0.10531328618526459,0.2708333333333333
double_dqn,49,0.96743,40,-40.0,False,1511,0.014485172927379608,0.2653061224489796
double_dqn,50,0.96675,18,-7.0,True,1529,0.015691662207245827,0.28
double_dqn,51,0.96607,6,-15.0,False,1535,0.01275726780295372,0.27450980392156865
double_dqn,52,0.96539,12,-21.0,False,1547,0.024693451821804047,0.2692307692307692
double_dqn,53,0.96471,15,-4.0,True,1562,0.005592196714133024,0.2830188679245283
double_dqn,54,0.96404,40,-40.0,False,1602,0.010450306348502636,0.2777777777777778
double_dqn,55,0.96336,24,-33.0,False,1626,0.008546988479793072,0.2727272727272727
double_dqn,56,0.96268,25,-14.0,True,1651,0.0037517636083066463,0.2857142857142857
double_dqn,57,0.962,6,-15.0,False,1657,0.006780689582228661,0.2807017543859649
double_dqn,58,0.96132,11,0.0,True,1668,0.07680323719978333,0.29310344827586204
double_dqn,59,0.96064,40,-40.0,False,1708,0.012739621102809906,0.288135593220339
double_dqn,60,0.95996,40,-40.0,False,1748,0.014144024811685085,0.2833333333333333
double_dqn,61,0.95929,15,-24.0,False,1763,0.00837524514645338,0.2786885245901639
double_dqn,62,0.95861,5,6.0,True,1768,0.05973182991147041,0.2903225806451613
double_dqn,63,0.95793,32,-41.0,False,1800,0.019043156877160072,0.2857142857142857
double_dqn,64,0.95725,35,-44.0,False,1835,0.00440170057117939,0.28125
double_dqn,65,0.95657,40,-40.0,False,1875,0.0346597358584404,0.27692307692307694
double_dqn,66,0.95589,40,-40.0,False,1915,0.004504854790866375,0.2727272727272727
double_dqn,67,0.95521,32,-41.0,False,1947,0.005653283558785915,0.26865671641791045
double_dqn,68,0.95454,28,-37.0,False,1975,0.02185189165174961,0.2647058823529412
double_dqn,69,0.95386,22,-31.0,False,1997,0.005728674121201038,0.2608695652173913
double_dqn,70,0.95318,4,7.0,True,2001,0.010603987611830235,0.2714285714285714
double_dqn,71,0.9525,14,-23.0,False,2015,0.007923828437924385,0.2676056338028169
double_dqn,72,0.95182,27,-36.0,False,2042,0.0037812793161720037,0.2638888888888889
double_dqn,73,0.95114,40,-40.0,False,2082,0.019127625972032547,0.2602739726027397
double_dqn,74,0.95046,40,-40.0,False,2122,0.007914595305919647,0.25675675675675674
double_dqn,75,0.94979,3,-12.0,False,2125,0.006557478569447994,0.25333333333333335
double_dqn,76,0.94911,1,10.0,True,2126,0.0043411171063780785,0.2631578947368421
double_dqn,77,0.94843,16,-25.0,False,2142,0.008413426578044891,0.2597402597402597
double_dqn,78,0.94775,30,-19.0,True,2172,0.036855462938547134,0.2692307692307692
double_dqn,79,0.94707,31,-40.0,False,2203,0.008553624153137207,0.26582278481012656
double_dqn,80,0.94639,1,10.0,True,2204,0.007151952013373375,0.275
double_dqn,81,0.94571,40,-40.0,False,2244,0.009613970294594765,0.2716049382716049
double_dqn,82,0.94504,1,-10.0,False,2245,0.010635788552463055,0.2682926829268293
double_dqn,83,0.94436,1,10.0,True,2246,0.010449162684381008,0.27710843373493976
double_dqn,84,0.94368,2,9.0,True,2248,0.005055497866123915,0.2857142857142857
double_dqn,85,0.943,3,8.0,True,2251,0.006472771521657705,0.29411764705882354
double_dqn,86,0.94232,21,-30.0,False,2272,0.05396687984466553,0.29069767441860467
double_dqn,87,0.94164,20,-9.0,True,2292,0.019487757235765457,0.2988505747126437
double_dqn,88,0.94096,40,-40.0,False,2332,0.0033164394553750753,0.29545454545454547
double_dqn,89,0.94029,29,-38.0,False,2361,0.0016718237893655896,0.29213483146067415
double_dqn,90,0.93961,26,-35.0,False,2387,0.006285718642175198,0.28888888888888886
double_dqn,91,0.93893,40,-40.0,False,2427,0.002247453900054097,0.2857142857142857
double_dqn,92,0.93825,40,-40.0,False,2467,0.013460089452564716,0.2826086956521739
double_dqn,93,0.93757,9,2.0,True,2476,0.007115625310689211,0.2903225806451613
double_dqn,94,0.93689,40,-40.0,False,2516,0.0026203501038253307,0.2872340425531915
double_dqn,95,0.93621,21,-10.0,True,2537,0.001010580686852336,0.29473684210526313
double_dqn,96,0.93554,29,-18.0,True,2566,0.017323879525065422,0.3020833333333333
double_dqn,97,0.93486,9,2.0,True,2575,0.008790399879217148,0.30927835051546393
double_dqn,98,0.93418,1,10.0,True,2576,0.006355491932481527,0.3163265306122449
double_dqn,99,0.9335,25,-14.0,True,2601,0.0019446536898612976,0.32323232323232326
double_dqn,100,0.93282,20,-9.0,True,2621,0.0027721335645765066,0.33
double_dqn,101,0.93214,40,-40.0,False,2661,0.001186554552987218,0.32
double_dqn,102,0.93146,40,-40.0,False,2701,0.0026313941925764084,0.32
double_dqn,103,0.93079,40,-40.0,False,2741,0.0014335899613797665,0.32
double_dqn,104,0.93011,16,-5.0,True,2757,0.0006097310688346624,0.32
double_dqn,105,0.92943,40,-40.0,False,2797,0.0013143604155629873,0.31
double_dqn,106,0.92875,2,-11.0,False,2799,0.0013369204243645072,0.31
double_dqn,107,0.92807,40,-40.0,False,2839,0.0004658473189920187,0.3
double_dqn,108,0.92739,1,-10.0,False,2840,0.0005811232258565724,0.3
double_dqn,109,0.92671,3,8.0,True,2843,0.0002820272056851536,0.31
double_dqn,110,0.92604,29,-18.0,True,2872,0.005075264722108841,0.32
double_dqn,111,0.92536,1,-10.0,False,2873,0.004871925339102745,0.31
double_dqn,112,0.92468,23,-12.0,True,2896,0.0016624198760837317,0.31
double_dqn,113,0.924,3,-12.0,False,2899,0.0016569321742281318,0.31
double_dqn,114,0.92332,25,-14.0,True,2924,0.0006275029736571014,0.32
double_dqn,115,0.92264,40,-40.0,False,2964,0.009065850637853146,0.32
double_dqn,116,0.92196,33,-42.0,False,2997,0.0011720804031938314,0.32
double_dqn,117,0.92129,27,-36.0,False,3024,0.0006082970649003983,0.32
double_dqn,118,0.92061,40,-40.0,False,3064,0.008648262359201908,0.32
double_dqn,119,0.91993,18,-7.0,True,3082,0.001684169052168727,0.33
double_dqn,120,0.91925,24,-13.0,True,3106,0.000647914013825357,0.33
double_dqn,121,0.91857,40,-40.0,False,3146,0.00010162463877350092,0.33
double_dqn,122,0.91789,40,-40.0,False,3186,0.0012052570236846805,0.33
double_dqn,123,0.91721,40,-40.0,False,3226,0.00017812321311794221,0.33
double_dqn,124,0.91654,13,-2.0,True,3239,9.630059503251687e-05,0.33
double_dqn,125,0.91586,2,-11.0,False,3241,8.151318616000935e-05,0.32
double_dqn,126,0.91518,38,-27.0,True,3279,0.0007268622284755111,0.33
double_dqn,127,0.9145,2,9.0,True,3281,0.0007380553870461881,0.34
double_dqn,128,0.91382,5,-14.0,False,3286,0.0006795232184231281,0.34
double_dqn,129,0.91314,14,-23.0,False,3300,0.000492971739731729,0.34
double_dqn,130,0.91246,27,-16.0,True,3327,0.00033111957600340247,0.35
double_dqn,131,0.91179,25,-14.0,True,3352,0.00029415712924674153,0.36
double_dqn,132,0.91111,40,-40.0,False,3392,0.0002394241455476731,0.36
double_dqn,133,0.91043,12,-21.0,False,3404,0.0003373744839336723,0.36
double_dqn,134,0.90975,1,-10.0,False,3405,0.0004363943007774651,0.36
double_dqn,135,0.90907,7,-16.0,False,3412,0.00028337331605143845,0.36
double_dqn,136,0.90839,38,-27.0,True,3450,3.9252048736670986e-05,0.37
double_dqn,137,0.90771,17,-6.0,True,3467,0.001656252657994628,0.38
double_dqn,138,0.90704,13,-2.0,True,3480,0.0006100612226873636,0.38
double_dqn,139,0.90636,12,-21.0,False,3492,0.0001964960538316518,0.38
double_dqn,140,0.90568,9,-18.0,False,3501,0.0001433767465641722,0.38
double_dqn,141,0.905,4,7.0,True,3505,0.00010188744636252522,0.39
double_dqn,142,0.90432,40,-40.0,False,3545,3.47176865034271e-05,0.39
double_dqn,143,0.90364,11,0.0,True,3556,2.841455898305867e-05,0.4
double_dqn,144,0.90296,3,8.0,True,3559,1.8460927094565704e-05,0.4
double_dqn,145,0.90229,26,-15.0,True,3585,0.000193181011127308,0.41
double_dqn,146,0.90161,28,-17.0,True,3613,0.0001781950704753399,0.41
double_dqn,147,0.90093,17,-6.0,True,3630,0.00014679865853395313,0.41
double_dqn,148,0.90025,1,-10.0,False,3631,8.719808101886883e-05,0.41
double_dqn,149,0.89957,40,-40.0,False,3671,0.0004516979097388685,0.41
double_dqn,150,0.89889,40,-40.0,False,3711,9.202546061715111e-05,0.4
double_dqn,151,0.89821,31,-20.0,True,3742,5.316472743288614e-05,0.41
double_dqn,152,0.89754,40,-40.0,False,3782,0.00010120745719177648,0.41
double_dqn,153,0.89686,40,-40.0,False,3822,4.2209379898849875e-05,0.4
double_dqn,154,0.89618,13,-2.0,True,3835,1.3938749361841474e-05,0.41
double_dqn,155,0.8955,40,-40.0,False,3875,0.00013473525177687407,0.41
double_dqn,156,0.89482,12,-21.0,False,3887,5.002237594453618e-05,0.4
double_dqn,157,0.89414,26,-35.0,False,3913,2.26109641516814e-05,0.4
double_dqn,158,0.89346,3,8.0,True,3916,1.5344059647759423e-05,0.4
double_dqn,159,0.89279,40,-40.0,False,3956,7.147914857341675e-06,0.4
double_dqn,160,0.89211,40,-40.0,False,3996,2.2611018721363507e-05,0.4
double_dqn,161,0.89143,36,-45.0,False,4032,8.131425602186937e-06,0.4
double_dqn,162,0.89075,11,0.0,True,4043,5.060061539552407e-06,0.4
double_dqn,163,0.89007,7,4.0,True,4050,4.346091373008676e-06,0.41
double_dqn,164,0.88939,40,-40.0,False,4090,2.033608870988246e-05,0.41
double_dqn,165,0.88871,40,-40.0,False,4130,2.3191671516542556e-06,0.41
double_dqn,166,0.88804,21,-10.0,True,4151,1.6942027514232905e-06,0.42
double_dqn,167,0.88736,14,-3.0,True,4165,0.00012262155360076576,0.43
double_dqn,168,0.88668,37,-26.0,True,4202,3.827537057077279e-06,0.44
double_dqn,169,0.886,40,-40.0,False,4242,1.3949346566732856e-06,0.44
double_dqn,170,0.88532,35,-24.0,True,4277,1.2701808373094536e-05,0.44
double_dqn,171,0.88464,10,1.0,True,4287,6.126124844740843e-06,0.45
double_dqn,172,0.88396,11,-20.0,False,4298,2.5203951281582704e-06,0.45
double_dqn,173,0.88329,40,-40.0,False,4338,1.0132933994100313e-06,0.45
double_dqn,174,0.88261,12,-21.0,False,4350,1.4470712130787433e-06,0.45
double_dqn,175,0.88193,40,-40.0,False,4390,5.051432253821986e-06,0.45
double_dqn,176,0.88125,6,-15.0,False,4396,3.199169668732793e-06,0.44
double_dqn,177,0.88057,4,-13.0,False,4400,1.9167200662195683e-06,0.44
double_dqn,178,0.87989,40,-40.0,False,4440,1.0187344656742425e-07,0.43
double_dqn,179,0.87921,25,-14.0,True,4465,1.1534489203768317e-05,0.44
double_dqn,180,0.87854,32,-21.0,True,4497,9.176629873763886e-07,0.44
double_dqn,181,0.87786,31,-40.0,False,4528,5.443856139208947e-07,0.44
double_dqn,182,0.87718,40,-40.0,False,4568,3.2107757306221174e-06,0.44
double_dqn,183,0.8765,17,-6.0,True,4585,1.1233750001338194e-06,0.44
double_dqn,184,0.87582,15,-4.0,True,4600,3.0658958394269575e-07,0.44
double_dqn,185,0.87514,20,-9.0,True,4620,1.7224648729552428e-07,0.44
double_dqn,186,0.87446,23,-12.0,True,4643,5.2466013755747554e-08,0.45
double_dqn,187,0.87379,11,-20.0,False,4654,7.97619819081774e-08,0.44
double_dqn,188,0.87311,12,-1.0,True,4666,1.7715829017106444e-06,0.45
double_dqn,189,0.87243,19,-8.0,True,4685,4.4515707031678176e-07,0.46
double_dqn,190,0.87175,40,-40.0,False,4725,2.924491226963255e-08,0.46
double_dqn,191,0.87107,12,-1.0,True,4737,1.824520090565329e-08,0.47
double_dqn,192,0.87039,28,-17.0,True,4765,1.4748807188880164e-06,0.48
double_dqn,193,0.86971,28,-17.0,True,4793,1.2920315839437535e-07,0.48
double_dqn,194,0.86904,9,2.0,True,4802,1.078454232583681e-07,0.49
double_dqn,195,0.86836,20,-9.0,True,4822,3.3893105211291186e-08,0.49
double_dqn,196,0.86768,40,-40.0,False,4862,2.157441869599097e-08,0.48
double_dqn,197,0.867,6,5.0,True,4868,5.322000902197033e-07,0.48
double_dqn,198,0.86632,6,-15.0,False,4874,2.6929893692795304e-07,0.47
double_dqn,199,0.86564,40,-40.0,False,4914,2.7360700372014435e-08,0.46
double_dqn,200,0.86496,13,-2.0,True,4927,7.10250080970809e-09,0.46
double_dqn,201,0.86429,3,8.0,True,4930,7.306677485274804e-09,0.47
double_dqn,202,0.86361,28,-37.0,False,4958,3.830611383648375e-09,0.47
double_dqn,203,0.86293,40,-29.0,True,4998,3.163091122360129e-08,0.48
double_dqn,204,0.86225,10,1.0,True,5008,6.973490229711388e-09,0.48
double_dqn,205,0.86157,9,2.0,True,5017,1.2257451942332409e-08,0.49
double_dqn,206,0.86089,19,-28.0,False,5036,3.365141276745476e-09,0.49
double_dqn,207,0.86021,24,-13.0,True,5060,1.2759010514784563e-09,0.5
double_dqn,208,0.85954,17,-6.0,True,5077,5.177088979735345e-08,0.51
double_dqn,209,0.85886,1,10.0,True,5078,5.71403475646548e-08,0.51
double_dqn,210,0.85818,17,-6.0,True,5095,1.3109535679234341e-08,0.51
double_dqn,211,0.8575,39,-28.0,True,5134,5.493353771868215e-09,0.52
double_dqn,212,0.85682,14,-23.0,False,5148,2.9040645443956237e-09,0.51
double_dqn,213,0.85614,15,-4.0,True,5163,8.331722534116182e-10,0.52
double_dqn,214,0.85546,40,-40.0,False,5203,2.0930805977315003e-09,0.51
double_dqn,215,0.85479,16,-25.0,False,5219,6.558235621234587e-10,0.51
double_dqn,216,0.85411,1,10.0,True,5220,5.750639964219317e-10,0.52
double_dqn,217,0.85343,38,-27.0,True,5258,1.1105616426476672e-10,0.53
double_dqn,218,0.85275,17,-6.0,True,5275,5.041497441737874e-09,0.54
double_dqn,219,0.85207,40,-40.0,False,5315,2.2954593781321364e-10,0.53
double_dqn,220,0.85139,26,-15.0,True,5341,2.8343827285226553e-11,0.53
double_dqn,221,0.85071,34,-23.0,True,5375,4.135500386581725e-09,0.54
double_dqn,222,0.85004,17,-6.0,True,5392,5.008333747724691e-10,0.55
double_dqn,223,0.84936,23,-32.0,False,5415,3.101426337970281e-10,0.55
double_dqn,224,0.84868,17,-6.0,True,5432,9.394274247398471e-11,0.55
double_dqn,225,0.848,30,-19.0,True,5462,4.104117046210831e-11,0.56
double_dqn,226,0.84732,29,-18.0,True,5491,2.566570844741989e-10,0.56
double_dqn,227,0.84664,18,-7.0,True,5509,9.126727151809177e-11,0.56
double_dqn,228,0.84596,22,-11.0,True,5531,1.3395795583903691e-10,0.57
double_dqn,229,0.84529,40,-40.0,False,5571,5.160212257493413e-10,0.57
double_dqn,230,0.84461,21,-30.0,False,5592,1.0284062490484303e-10,0.56
double_dqn,231,0.84393,1,10.0,True,5593,7.288586401088537e-11,0.56
double_dqn,232,0.84325,1,10.0,True,5594,1.1515105535764292e-10,0.57
double_dqn,233,0.84257,6,5.0,True,5600,5.2777449077723304e-11,0.58
double_dqn,234,0.84189,8,3.0,True,5608,1.5479728610046095e-11,0.59
double_dqn,235,0.84121,11,0.0,True,5619,1.0836220809551378e-11,0.6
double_dqn,236,0.84054,31,-20.0,True,5650,5.670630631726681e-12,0.6
double_dqn,237,0.83986,1,10.0,True,5651,4.031275313565175e-12,0.6
double_dqn,238,0.83918,40,-40.0,False,5691,3.782990587453128e-11,0.59
double_dqn,239,0.8385,38,-27.0,True,5729,7.392031431407986e-12,0.6
double_dqn,240,0.83782,22,-11.0,True,5751,1.1044498648971057e-11,0.61
double_dqn,241,0.83714,6,-15.0,False,5757,3.2460145682478014e-12,0.6
double_dqn,242,0.83646,1,-10.0,False,5758,2.837896584395594e-12,0.6
double_dqn,243,0.83579,34,-23.0,True,5792,1.7166046362149245e-11,0.6
double_dqn,244,0.83511,16,-5.0,True,5808,8.854028621385623e-12,0.6
double_dqn,245,0.83443,14,-3.0,True,5822,2.0227375330250652e-11,0.6
double_dqn,246,0.83375,22,-11.0,True,5844,4.113431817387436e-12,0.6
double_dqn,247,0.83307,37,-46.0,False,5881,8.508138638063656e-12,0.59
double_dqn,248,0.83239,40,-29.0,True,5921,2.10909067988041e-12,0.6
double_dqn,249,0.83171,29,-18.0,True,5950,1.253497305953033e-12,0.61
double_dqn,250,0.83104,40,-40.0,False,5990,6.272427022224747e-12,0.61
double_dqn,251,0.83036,40,-40.0,False,6030,4.738986980612481e-13,0.6
double_dqn,252,0.82968,20,-9.0,True,6050,2.0000667788622195e-13,0.61
double_dqn,253,0.829,35,-44.0,False,6085,3.88544751928066e-12,0.61
double_dqn,254,0.82832,28,-17.0,True,6113,4.854450175173497e-13,0.61
double_dqn,255,0.82764,40,-40.0,False,6153,4.718447854656915e-13,0.61
double_dqn,256,0.82696,40,-40.0,False,6193,9.228728892196614e-13,0.61
double_dqn,257,0.82629,3,8.0,True,6196,7.576161920042068e-13,0.62
double_dqn,258,0.82561,36,-45.0,False,6232,9.681144774731365e-14,0.61
double_dqn,259,0.82493,24,-13.0,True,6256,8.193445921733655e-14,0.62
double_dqn,260,0.82425,14,-3.0,True,6270,2.0172752357439094e-12,0.63
double_dqn,261,0.82357,33,-22.0,True,6303,2.2115642650533118e-13,0.64
double_dqn,262,0.82289,27,-16.0,True,6330,9.126033262418787e-14,0.64
double_dqn,263,0.82221,40,-40.0,False,6370,1.2296830220748234e-12,0.63
double_dqn,264,0.82154,10,-19.0,False,6380,8.135159212940835e-13,0.63
double_dqn,265,0.82086,40,-40.0,False,6420,6.800116025829084e-14,0.63
double_dqn,266,0.82018,31,-40.0,False,6451,5.0959236830294685e-14,0.62
double_dqn,267,0.8195,11,-20.0,False,6462,4.779510121011299e-14,0.61
double_dqn,268,0.81882,10,1.0,True,6472,4.313216450668733e-13,0.61
double_dqn,269,0.81814,12,-1.0,True,6484,3.144706717250756e-13,0.62
double_dqn,270,0.81746,17,-6.0,True,6501,2.2648549702353193e-13,0.62
double_dqn,271,0.81679,3,8.0,True,6504,2.5451862839531714e-13,0.62
double_dqn,272,0.81611,18,-7.0,True,6522,1.6708856520608606e-13,0.63
double_dqn,273,0.81543,40,-40.0,False,6562,1.1335377081422848e-13,0.63
double_dqn,274,0.81475,9,2.0,True,6571,6.394884621840902e-13,0.64
double_dqn,275,0.81407,11,0.0,True,6582,4.961586697049825e-13,0.65
double_dqn,276,0.81339,12,-21.0,False,6594,4.5313752750075764e-13,0.65
double_dqn,277,0.81271,36,-45.0,False,6630,2.738920201750261e-13,0.65
double_dqn,278,0.81204,14,-3.0,True,6644,1.61259894326804e-13,0.66
double_dqn,279,0.81136,40,-40.0,False,6684,2.2792878695554464e-13,0.65
double_dqn,280,0.81068,36,-25.0,True,6720,9.325873406851315e-14,0.65
double_dqn,281,0.81,20,-9.0,True,6740,1.0147438445073931e-13,0.66
double_dqn,282,0.80932,2,-11.0,False,6742,1.8879342533750787e-13,0.66
double_dqn,283,0.80864,12,-1.0,True,6754,1.7819079545233762e-13,0.66
double_dqn,284,0.80796,15,-4.0,True,6769,2.181643754539664e-12,0.66
double_dqn,285,0.80729,7,4.0,True,6776,7.932543510946743e-13,0.66
double_dqn,286,0.80661,1,-10.0,False,6777,4.591882429849647e-13,0.65
double_dqn,287,0.80593,26,-15.0,True,6803,3.4622305022935507e-13,0.66
double_dqn,288,0.80525,19,-8.0,True,6822,2.8976820942716586e-13,0.66
double_dqn,289,0.80457,12,-21.0,False,6834,1.4305223672295142e-13,0.65
double_dqn,290,0.80389,3,8.0,True,6837,2.931543896522726e-13,0.66
double_dqn,291,0.80321,32,-21.0,True,6869,1.1109446695911629e-12,0.66
double_dqn,292,0.80254,9,2.0,True,6878,9.043876758596525e-13,0.66
double_dqn,293,0.80186,13,-2.0,True,6891,2.1215251777562116e-12,0.66
double_dqn,294,0.80118,8,3.0,True,6899,4.888311977424564e-13,0.66
double_dqn,295,0.8005,31,-20.0,True,6930,7.902012377769552e-13,0.66
double_dqn,296,0.79982,40,-40.0,False,6970,3.28126414927965e-12,0.66
double_dqn,297,0.79914,25,-34.0,False,6995,7.022715742266428e-13,0.65
double_dqn,298,0.79846,10,1.0,True,7005,1.3840040224977201e-12,0.66
double_dqn,299,0.79779,20,-9.0,True,7025,5.359046539865631e-13,0.67
double_dqn,300,0.79711,12,-1.0,True,7037,4.612421555805213e-12,0.67
double_dqn,301,0.79643,1,-10.0,False,7038,2.5202617770503366e-12,0.66
double_dqn,302,0.79575,6,-15.0,False,7044,1.9154677843857826e-12,0.66
double_dqn,303,0.79507,1,-10.0,False,7045,4.7790105206502176e-12,0.65
double_dqn,304,0.79439,4,7.0,True,7049,1.9430013153964865e-12,0.65
double_dqn,305,0.79371,8,3.0,True,7057,1.7508772209851031e-12,0.65
double_dqn,306,0.79304,5,-14.0,False,7062,6.15341111398493e-13,0.65
double_dqn,307,0.79236,40,-29.0,True,7102,6.722233880651629e-12,0.65
double_dqn,308,0.79168,20,-9.0,True,7122,2.0543566847663897e-12,0.65
double_dqn,309,0.791,29,-18.0,True,7151,6.465938895416912e-13,0.65
double_dqn,310,0.79032,40,-40.0,False,7191,1.2252920900124309e-11,0.64
double_dqn,311,0.78964,31,-20.0,True,7222,4.936273612088371e-12,0.64
double_dqn,312,0.78896,27,-16.0,True,7249,5.282441151166495e-12,0.65
double_dqn,313,0.78829,18,-7.0,True,7267,2.4986346325306386e-11,0.65
double_dqn,314,0.78761,10,1.0,True,7277,7.702949389454261e-12,0.66
double_dqn,315,0.78693,10,1.0,True,7287,5.380584866543359e-12,0.67
double_dqn,316,0.78625,26,-15.0,True,7313,8.033185228129014e-12,0.67
double_dqn,317,0.78557,11,0.0,True,7324,3.5440539392084247e-12,0.67
double_dqn,318,0.78489,37,-26.0,True,7361,1.8924639633155493e-11,0.67
double_dqn,319,0.78421,40,-40.0,False,7401,6.454753398443813e-11,0.67
double_dqn,320,0.78354,28,-17.0,True,7429,8.001888041064831e-11,0.67
double_dqn,321,0.78286,15,-4.0,True,7444,5.129674462978073e-11,0.67
double_dqn,322,0.78218,31,-40.0,False,7475,1.2768947010854959e-10,0.66
double_dqn,323,0.7815,14,-23.0,False,7489,2.5669644188042184e-10,0.66
double_dqn,324,0.78082,6,5.0,True,7495,2.0391865973579115e-10,0.66
double_dqn,325,0.78014,35,-24.0,True,7530,3.5298464151622966e-10,0.66
double_dqn,326,0.77946,4,7.0,True,7534,2.515375130407449e-10,0.66
double_dqn,327,0.77879,12,-1.0,True,7546,1.799840831928634e-10,0.66
double_dqn,328,0.77811,40,-40.0,False,7586,6.129730611981188e-10,0.65
double_dqn,329,0.77743,26,-35.0,False,7612,1.0836846975337266e-09,0.65
double_dqn,330,0.77675,4,-13.0,False,7616,8.303457921243762e-10,0.65
double_dqn,331,0.77607,7,4.0,True,7623,2.2976451852230184e-09,0.65
double_dqn,332,0.77539,11,0.0,True,7634,1.1522891529835988e-09,0.65
double_dqn,333,0.77471,20,-9.0,True,7654,3.674225368399675e-09,0.65
double_dqn,334,0.77404,40,-40.0,False,7694,3.0020244068396096e-09,0.64
double_dqn,335,0.77336,3,-12.0,False,7697,4.467817671383045e-09,0.63
double_dqn,336,0.77268,30,-19.0,True,7727,2.1004369354926666e-09,0.63
double_dqn,337,0.772,1,10.0,True,7728,1.1707806280014665e-08,0.63
double_dqn,338,0.77132,40,-29.0,True,7768,2.687580824556335e-08,0.64
double_dqn,339,0.77064,13,-2.0,True,7781,2.5199092590355576e-08,0.64
double_dqn,340,0.76996,6,-15.0,False,7787,7.035352211914869e-08,0.63
double_dqn,341,0.76929,40,-40.0,False,7827,3.692009329370194e-07,0.63
double_dqn,342,0.76861,21,-10.0,True,7848,4.1761836655496154e-07,0.64
double_dqn,343,0.76793,11,0.0,True,7859,4.613285398136213e-07,0.64
double_dqn,344,0.76725,39,-28.0,True,7898,3.952232816573087e-07,0.64
double_dqn,345,0.76657,34,-23.0,True,7932,1.195075674331747e-05,0.64
double_dqn,346,0.76589,9,2.0,True,7941,2.5248407837352715e-05,0.64
double_dqn,347,0.76521,3,-12.0,False,7944,4.6211000153562054e-05,0.64
double_dqn,348,0.76454,9,2.0,True,7953,0.0003344950673636049,0.64
double_dqn,349,0.76386,5,6.0,True,7958,0.0001555851922603324,0.64
double_dqn,350,0.76318,34,-23.0,True,7992,0.0013975991168990731,0.65
double_dqn,351,0.7625,7,4.0,True,7999,0.002111474983394146,0.66
double_dqn,352,0.76182,12,-1.0,True,8000,0.0012363477144390345,0.66
double_dqn,353,0.76114,22,-11.0,True,8000,0.0010099802166223526,0.67
double_dqn,354,0.76046,17,-6.0,True,8000,0.0008788096602074802,0.67
double_dqn,355,0.75979,32,-21.0,True,8000,0.0006081280298531055,0.68
double_dqn,356,0.75911,10,1.0,True,8000,0.0005502960993908346,0.69
double_dqn,357,0.75843,3,-12.0,False,8000,0.0005645258352160454,0.68
double_dqn,358,0.75775,21,-30.0,False,8000,0.000379145669285208,0.68
double_dqn,359,0.75707,9,2.0,True,8000,0.00025265367003157735,0.68
double_dqn,360,0.75639,40,-40.0,False,8000,0.002629274968057871,0.67
double_dqn,361,0.75571,7,4.0,True,8000,0.0031499331817030907,0.67
double_dqn,362,0.75504,20,-9.0,True,8000,0.0014183104503899813,0.67
double_dqn,363,0.75436,7,4.0,True,8000,0.0007995706982910633,0.68
double_dqn,364,0.75368,5,6.0,True,8000,0.002215809654444456,0.69
double_dqn,365,0.753,3,8.0,True,8000,0.0020503138657659292,0.7
double_dqn,366,0.75232,2,9.0,True,8000,0.0017022513784468174,0.71
double_dqn,367,0.75164,3,8.0,True,8000,0.002538941102102399,0.72
double_dqn,368,0.75096,22,-11.0,True,8000,0.0026208078488707542,0.72
double_dqn,369,0.75029,12,-1.0,True,8000,0.0051210541278123856,0.72
double_dqn,370,0.74961,37,-26.0,True,8000,0.0012482736492529511,0.72
double_dqn,371,0.74893,22,-11.0,True,8000,0.0010122654493898153,0.72
double_dqn,372,0.74825,6,-15.0,False,8000,0.0008941992418840528,0.71
double_dqn,373,0.74757,8,3.0,True,8000,0.00042288139229640365,0.72
double_dqn,374,0.74689,40,-40.0,False,8000,0.0002689949469640851,0.71
double_dqn,375,0.74621,16,-5.0,True,8000,0.0011868056608363986,0.71
double_dqn,376,0.74554,32,-21.0,True,8000,0.0012106603244319558,0.72
double_dqn,377,0.74486,40,-40.0,False,8000,0.0022619105875492096,0.72
double_dqn,378,0.74418,21,-10.0,True,8000,0.002238515531644225,0.72
double_dqn,379,0.7435,1,10.0,True,8000,0.0025717972312122583,0.73
double_dqn,380,0.74282,7,4.0,True,8000,0.0018118397565558553,0.73
double_dqn,381,0.74214,40,-40.0,False,8000,0.0007706807809881866,0.72
double_dqn,382,0.74146,24,-13.0,True,8000,8.116694516502321e-05,0.73
double_dqn,383,0.74079,10,1.0,True,8000,0.0002330398710910231,0.73
double_dqn,384,0.74011,20,-9.0,True,8000,0.0004693366354331374,0.73
double_dqn,385,0.73943,7,4.0,True,8000,0.0005618373397737741,0.73
double_dqn,386,0.73875,17,-6.0,True,8000,0.00018922204617410898,0.74
double_dqn,387,0.73807,17,-6.0,True,8000,7.218974496936426e-05,0.74
double_dqn,388,0.73739,11,0.0,True,8000,7.599238597322255e-05,0.74
double_dqn,389,0.73671,1,10.0,True,8000,4.73971085739322e-05,0.75
double_dqn,390,0.73604,3,8.0,True,8000,0.00011383726086933166,0.75
double_dqn,391,0.73536,15,-4.0,True,8000,3.575302253011614e-05,0.75
double_dqn,392,0.73468,4,7.0,True,8000,0.00018264134996570647,0.75
double_dqn,393,0.734,7,4.0,True,8000,5.086255259811878e-05,0.75
double_dqn,394,0.73332,13,-2.0,True,8000,0.0019240148831158876,0.75
double_dqn,395,0.73264,2,9.0,True,8000,0.001486344262957573,0.75
double_dqn,396,0.73196,21,-10.0,True,8000,0.000952798523940146,0.76
double_dqn,397,0.73129,11,-20.0,False,8000,0.00042102369479835033,0.76
double_dqn,398,0.73061,11,0.0,True,8000,0.000532492296770215,0.76
double_dqn,399,0.72993,11,0.0,True,8000,0.0002890717005357146,0.76
double_dqn,400,0.72925,13,-2.0,True,8000,0.00023157276154961437,0.76
double_dqn,401,0.72857,11,0.0,True,8000,0.00036217219894751906,0.77
double_dqn,402,0.72789,10,1.0,True,8000,0.00015783320122864097,0.78
double_dqn,403,0.72721,20,-9.0,True,8000,0.000220056768739596,0.79
double_dqn,404,0.72654,9,2.0,True,8000,0.00024076466797851026,0.79
double_dqn,405,0.72586,3,8.0,True,8000,0.0003047322097700089,0.79
double_dqn,406,0.72518,18,-7.0,True,8000,4.841017653234303e-05,0.8
double_dqn,407,0.7245,11,0.0,True,8000,1.0463720172992907e-05,0.8
double_dqn,408,0.72382,11,0.0,True,8000,7.700265996390954e-06,0.8
double_dqn,409,0.72314,36,-25.0,True,8000,2.5100225684582256e-06,0.8
double_dqn,410,0.72246,4,7.0,True,8000,0.00042577425483614206,0.81
double_dqn,411,0.72179,11,0.0,True,8000,0.00021745124831795692,0.81
double_dqn,412,0.72111,9,2.0,True,8000,0.00014891837781760842,0.81
double_dqn,413,0.72043,24,-13.0,True,8000,7.431497942889109e-05,0.81
double_dqn,414,0.71975,2,-11.0,False,8000,0.00011371923028491437,0.8
double_dqn,415,0.71907,5,6.0,True,8000,0.00018085735791828483,0.8
double_dqn,416,0.71839,10,1.0,True,8000,0.00028947886312380433,0.8
double_dqn,417,0.71771,1,10.0,True,8000,0.00013928249245509505,0.8
double_dqn,418,0.71704,2,9.0,True,8000,0.0003210696449968964,0.8
double_dqn,419,0.71636,9,2.0,True,8000,0.00024333849432878196,0.81
double_dqn,420,0.71568,11,0.0,True,8000,0.00012161768972873688,0.81
double_dqn,421,0.715,10,1.0,True,8000,9.95528171188198e-05,0.81
double_dqn,422,0.71432,14,-3.0,True,8000,0.0005204390618018806,0.82
double_dqn,423,0.71364,12,-1.0,True,8000,0.00034933898132294416,0.83
double_dqn,424,0.71296,5,-14.0,False,8000,0.0007471854914911091,0.82
double_dqn,425,0.71229,11,0.0,True,8000,0.00021772607578895986,0.82
double_dqn,426,0.71161,15,-4.0,True,8000,0.00015260720101650804,0.82
double_dqn,427,0.71093,34,-23.0,True,8000,9.403975127497688e-05,0.82
double_dqn,428,0.71025,10,1.0,True,8000,0.00010130091686733067,0.83
double_dqn,429,0.70957,4,-13.0,False,8000,0.00037264139973558486,0.83
double_dqn,430,0.70889,1,10.0,True,8000,0.0003581398050300777,0.84
double_dqn,431,0.70821,5,6.0,True,8000,0.00018968322547152638,0.84
double_dqn,432,0.70754,8,3.0,True,8000,0.00013653823407366872,0.84
double_dqn,433,0.70686,25,-14.0,True,8000,0.00013556746125686914,0.84
double_dqn,434,0.70618,10,1.0,True,8000,3.283838304923847e-05,0.85
double_dqn,435,0.7055,22,-11.0,True,8000,0.00010699089034460485,0.86
double_dqn,436,0.70482,2,9.0,True,8000,0.00012538087321445346,0.86
double_dqn,437,0.70414,13,-2.0,True,8000,6.061212479835376e-05,0.86
double_dqn,438,0.70346,9,2.0,True,8000,5.3933410526951775e-05,0.86
double_dqn,439,0.70279,25,-14.0,True,8000,0.00011604092287598178,0.86
double_dqn,440,0.70211,28,-17.0,True,8000,7.740536238998175e-05,0.87
double_dqn,441,0.70143,8,3.0,True,8000,8.200488082366064e-05,0.88
double_dqn,442,0.70075,13,-2.0,True,8000,6.600339838769287e-05,0.88
double_dqn,443,0.70007,1,10.0,True,8000,7.320264558074996e-05,0.88
double_dqn,444,0.69939,11,0.0,True,8000,0.00011799563799286261,0.88
double_dqn,445,0.69871,25,-14.0,True,8000,9.840563870966434e-05,0.88
double_dqn,446,0.69804,22,-11.0,True,8000,8.508664177497849e-05,0.88
double_dqn,447,0.69736,7,4.0,True,8000,2.08992696570931e-05,0.89
double_dqn,448,0.69668,3,8.0,True,8000,3.994127473561093e-05,0.89
double_dqn,449,0.696,6,-15.0,False,8000,4.189408355159685e-05,0.88
double_dqn,450,0.69532,3,8.0,True,8000,3.955815191147849e-05,0.88
double_dqn,451,0.69464,5,6.0,True,8000,8.536427230865229e-06,0.88
double_dqn,452,0.69396,5,6.0,True,8000,2.1563440895988606e-05,0.88
double_dqn,453,0.69329,40,-40.0,False,8000,5.609461368294433e-06,0.87
double_dqn,454,0.69261,9,2.0,True,8000,0.00020115832739975303,0.87
double_dqn,455,0.69193,14,-3.0,True,8000,0.0001140539679909125,0.87
double_dqn,456,0.69125,14,-3.0,True,8000,0.00014687806833535433,0.87
double_dqn,457,0.69057,16,-5.0,True,8000,0.0001479124475736171,0.88
double_dqn,458,0.68989,40,-40.0,False,8000,6.236210174392909e-05,0.88
double_dqn,459,0.68921,17,-6.0,True,8000,0.00010370652307756245,0.88
double_dqn,460,0.68854,20,-9.0,True,8000,4.632389027392492e-05,0.89
double_dqn,461,0.68786,14,-3.0,True,8000,0.00017414514150004834,0.89
double_dqn,462,0.68718,8,3.0,True,8000,0.00015070551307871938,0.89
double_dqn,463,0.6865,11,0.0,True,8000,0.00011678657028824091,0.89
double_dqn,464,0.68582,8,3.0,True,8000,3.2556676160311326e-05,0.89
double_dqn,465,0.68514,24,-13.0,True,8000,0.00025153710157610476,0.89
double_dqn,466,0.68446,2,9.0,True,8000,8.834453183226287e-05,0.89
double_dqn,467,0.68379,6,5.0,True,8000,0.0001921819639392197,0.89
double_dqn,468,0.68311,4,7.0,True,8000,0.00025010775425471365,0.89
double_dqn,469,0.68243,2,9.0,True,8000,0.00017904932610690594,0.89
double_dqn,470,0.68175,12,-1.0,True,8000,8.512161730322987e-05,0.89
double_dqn,471,0.68107,11,0.0,True,8000,9.73205897025764e-05,0.89
double_dqn,472,0.68039,12,-1.0,True,8000,8.972262730821967e-05,0.9
double_dqn,473,0.67971,16,-5.0,True,8000,3.114332866971381e-05,0.9
double_dqn,474,0.67904,1,10.0,True,8000,3.1549028790323064e-05,0.91
double_dqn,475,0.67836,5,6.0,True,8000,4.8385816626250744e-05,0.91
double_dqn,476,0.67768,5,-14.0,False,8000,5.56768718524836e-05,0.9
double_dqn,477,0.677,5,6.0,True,8000,2.3834089006413706e-05,0.91
double_dqn,478,0.67632,4,7.0,True,8000,6.10071983828675e-05,0.91
double_dqn,479,0.67564,3,8.0,True,8000,1.7617412595427595e-05,0.91
double_dqn,480,0.67496,40,-29.0,True,8000,0.0008668557275086641,0.91
double_dqn,481,0.67429,8,3.0,True,8000,0.0003637970658019185,0.92
double_dqn,482,0.67361,12,-1.0,True,8000,0.00035876798210665584,0.92
double_dqn,483,0.67293,17,-6.0,True,8000,0.0005855403724126518,0.92
double_dqn,484,0.67225,3,8.0,True,8000,0.00013066749670542777,0.92
double_dqn,485,0.67157,11,0.0,True,8000,0.0003453336248639971,0.92
double_dqn,486,0.67089,2,9.0,True,8000,0.0002912136842496693,0.92
double_dqn,487,0.67021,8,3.0,True,8000,0.0002939651603810489,0.92
double_dqn,488,0.66954,4,7.0,True,8000,0.0007171874167397618,0.92
double_dqn,489,0.66886,32,-21.0,True,8000,0.0009880807483568788,0.92
double_dqn,490,0.66818,37,-26.0,True,8000,0.000899994105566293,0.92
double_dqn,491,0.6675,9,2.0,True,8000,0.0013035489246249199,0.92
double_dqn,492,0.66682,22,-11.0,True,8000,0.002715335227549076,0.92
double_dqn,493,0.66614,11,0.0,True,8000,0.0008831744780763984,0.92
double_dqn,494,0.66546,2,-11.0,False,8000,0.004165398422628641,0.91
double_dqn,495,0.66479,16,-5.0,True,8000,0.0008635572157800198,0.91
double_dqn,496,0.66411,2,9.0,True,8000,0.0017137868562713265,0.91
double_dqn,497,0.66343,25,-14.0,True,8000,0.0006697134813293815,0.92
double_dqn,498,0.66275,19,-8.0,True,8000,0.00039770768489688635,0.92
double_dqn,499,0.66207,30,-19.0,True,8000,0.0003949040547013283,0.92
double_dqn,500,0.66139,7,4.0,True,8000,0.00016484696243423969,0.92
double_dqn,501,0.66071,3,8.0,True,8000,0.0023017574567347765,0.92
double_dqn,502,0.66004,9,2.0,True,8000,0.0023567955940961838,0.92
double_dqn,503,0.65936,19,-8.0,True,8000,0.0019167594145983458,0.92
double_dqn,504,0.65868,11,0.0,True,8000,0.002186043420806527,0.92
double_dqn,505,0.658,40,-40.0,False,8000,0.0011472898768261075,0.91
double_dqn,506,0.65732,14,-3.0,True,8000,0.0006809316691942513,0.91
double_dqn,507,0.65664,12,-1.0,True,8000,0.0035494002513587475,0.91
double_dqn,508,0.65596,40,-40.0,False,8000,0.0007444817456416786,0.9
double_dqn,509,0.65529,27,-16.0,True,8000,0.00022176890342961997,0.9
double_dqn,510,0.65461,6,5.0,True,8000,0.00024099761503748596,0.9
double_dqn,511,0.65393,12,-1.0,True,8000,0.0002580871805548668,0.9
double_dqn,512,0.65325,17,-6.0,True,8000,0.0025372642558068037,0.9
double_dqn,513,0.65257,25,-14.0,True,8000,0.00043218189966864884,0.9
double_dqn,514,0.65189,22,-11.0,True,8000,0.0002938892866950482,0.91
double_dqn,515,0.65121,10,1.0,True,8000,0.0002681002370081842,0.91
double_dqn,516,0.65054,10,1.0,True,8000,9.029953798744828e-05,0.91
double_dqn,517,0.64986,6,5.0,True,8000,3.792737697949633e-05,0.91
double_dqn,518,0.64918,27,-16.0,True,8000,0.0030506160110235214,0.91
double_dqn,519,0.6485,13,-22.0,False,8000,0.0011485639261081815,0.9
double_dqn,520,0.64782,14,-3.0,True,8000,0.0004506820987444371,0.9
double_dqn,521,0.64714,13,-2.0,True,8000,0.0001484462118241936,0.9
double_dqn,522,0.64646,4,7.0,True,8000,0.0007088413112796843,0.9
double_dqn,523,0.64579,9,2.0,True,8000,0.00015213462756946683,0.9
double_dqn,524,0.64511,11,0.0,True,8000,0.0004621048574335873,0.91
double_dqn,525,0.64443,14,-3.0,True,8000,0.0008865972049534321,0.91
double_dqn,526,0.64375,3,8.0,True,8000,0.001124497503042221,0.91
double_dqn,527,0.64307,25,-14.0,True,8000,0.0027112835086882114,0.91
double_dqn,528,0.64239,21,-10.0,True,8000,0.0011978666298091412,0.91
double_dqn,529,0.64171,1,10.0,True,8000,0.001618015463463962,0.92
double_dqn,530,0.64104,6,5.0,True,8000,0.0011165596079081297,0.92
double_dqn,531,0.64036,2,-11.0,False,8000,0.0007441506022587419,0.91
double_dqn,532,0.63968,7,4.0,True,8000,0.00040556181920692325,0.91
double_dqn,533,0.639,15,-4.0,True,8000,0.0005057789967395365,0.91
double_dqn,534,0.63832,11,0.0,True,8000,0.00022916386660654098,0.91
double_dqn,535,0.63764,6,5.0,True,8000,0.0002207038050983101,0.91
double_dqn,536,0.63696,10,1.0,True,8000,0.0010218602837994695,0.91
double_dqn,537,0.63629,5,-14.0,False,8000,0.0005277837044559419,0.9
double_dqn,538,0.63561,17,-6.0,True,8000,0.000737493101041764,0.9
double_dqn,539,0.63493,9,2.0,True,8000,0.0007780076703056693,0.9
double_dqn,540,0.63425,20,-9.0,True,8000,0.00022940835333429277,0.9
double_dqn,541,0.63357,12,-1.0,True,8000,3.425780596444383e-05,0.9
double_dqn,542,0.63289,3,8.0,True,8000,6.81036981404759e-05,0.9
double_dqn,543,0.63221,5,6.0,True,8000,0.0001320656156167388,0.9
double_dqn,544,0.63154,18,-7.0,True,8000,8.561231516068801e-05,0.9
double_dqn,545,0.63086,3,-12.0,False,8000,7.963710959302261e-05,0.89
double_dqn,546,0.63018,12,-1.0,True,8000,0.0002386463456787169,0.89
double_dqn,547,0.6295,18,-7.0,True,8000,0.0006832028739154339,0.89
double_dqn,548,0.62882,40,-40.0,False,8000,9.782232518773526e-05,0.88
double_dqn,549,0.62814,27,-16.0,True,8000,0.00011302839266136289,0.89
double_dqn,550,0.62746,5,6.0,True,8000,5.800859071314335e-05,0.89
double_dqn,551,0.62679,6,5.0,True,8000,0.00016378717555198818,0.89
double_dqn,552,0.62611,6,5.0,True,8000,0.00035338723682798445,0.89
double_dqn,553,0.62543,11,0.0,True,8000,0.0002702953352127224,0.9
double_dqn,554,0.62475,7,4.0,True,8000,0.00017181379371322691,0.9
double_dqn,555,0.62407,7,4.0,True,8000,9.295264317188412e-05,0.9
double_dqn,556,0.62339,33,-22.0,True,8000,3.168774856021628e-05,0.9
double_dqn,557,0.62271,30,-19.0,True,8000,0.00013556453632190824,0.9
double_dqn,558,0.62204,17,-6.0,True,8000,0.00037368707126006484,0.91
double_dqn,559,0.62136,32,-21.0,True,8000,4.145404091104865e-05,0.91
double_dqn,560,0.62068,6,5.0,True,8000,6.0845512052765116e-05,0.91
double_dqn,561,0.62,31,-20.0,True,8000,1.7205418771482073e-05,0.91
double_dqn,562,0.61932,1,10.0,True,8000,2.1542100512306206e-05,0.91
double_dqn,563,0.61864,1,10.0,True,8000,2.047475936706178e-05,0.91
double_dqn,564,0.61796,17,-6.0,True,8000,3.348540485603735e-05,0.91
double_dqn,565,0.61729,15,-4.0,True,8000,0.0002497719251550734,0.91
double_dqn,566,0.61661,4,7.0,True,8000,0.0001266064791707322,0.91
double_dqn,567,0.61593,12,-1.0,True,8000,6.949105591047555e-05,0.91
double_dqn,568,0.61525,8,3.0,True,8000,8.749832340981811e-05,0.91
double_dqn,569,0.61457,12,-1.0,True,8000,2.7056796170654707e-05,0.91
double_dqn,570,0.61389,9,2.0,True,8000,1.417855492036324e-05,0.91
double_dqn,571,0.61321,10,1.0,True,8000,5.7950210248236544e-06,0.91
double_dqn,572,0.61254,15,-4.0,True,8000,4.773073669639416e-06,0.91
double_dqn,573,0.61186,13,-2.0,True,8000,8.033372978388797e-06,0.91
double_dqn,574,0.61118,2,9.0,True,8000,3.699262606460252e-06,0.91
double_dqn,575,0.6105,3,8.0,True,8000,4.211990017211065e-06,0.91
double_dqn,576,0.60982,17,-6.0,True,8000,0.00016823687474243343,0.92
double_dqn,577,0.60914,7,4.0,True,8000,0.00014246332284528762,0.92
double_dqn,578,0.60846,14,-3.0,True,8000,6.340895924950019e-05,0.92
double_dqn,579,0.60779,3,8.0,True,8000,0.00021929506328888237,0.92
double_dqn,580,0.60711,2,9.0,True,8000,0.00010606877913232893,0.92
double_dqn,581,0.60643,9,2.0,True,8000,7.198079401860014e-05,0.92
double_dqn,582,0.60575,6,-15.0,False,8000,0.00010153091716347262,0.91
double_dqn,583,0.60507,1,10.0,True,8000,5.554960807785392e-05,0.91
double_dqn,584,0.60439,16,-5.0,True,8000,2.3199556380859576e-05,0.91
double_dqn,585,0.60371,11,0.0,True,8000,1.9910636183340102e-05,0.91
double_dqn,586,0.60304,16,-5.0,True,8000,1.5106583305168897e-05,0.91
double_dqn,587,0.60236,11,0.0,True,8000,0.0002879890671465546,0.91
double_dqn,588,0.60168,14,-3.0,True,8000,0.0002514793013688177,0.91
double_dqn,589,0.601,7,4.0,True,8000,0.00013933313312008977,0.91
double_dqn,590,0.60032,17,-6.0,True,8000,0.0001066412078216672,0.91
double_dqn,591,0.59964,19,-8.0,True,8000,2.4676803150214255e-05,0.91
double_dqn,592,0.59896,6,5.0,True,8000,2.888158633140847e-05,0.91
double_dqn,593,0.59829,12,-1.0,True,8000,3.674389881780371e-05,0.91
double_dqn,594,0.59761,7,4.0,True,8000,1.574793532199692e-05,0.92
double_dqn,595,0.59693,17,-6.0,True,8000,0.0002358746132813394,0.92
double_dqn,596,0.59625,9,2.0,True,8000,0.0001348476653220132,0.92
double_dqn,597,0.59557,5,6.0,True,8000,0.0009874217212200165,0.92
double_dqn,598,0.59489,2,9.0,True,8000,0.00011623714817687869,0.92
double_dqn,599,0.59421,8,3.0,True,8000,0.00038227473851293325,0.92
double_dqn,600,0.59354,2,9.0,True,8000,0.00031508543179370463,0.92
double_dqn,601,0.59286,9,2.0,True,8000,0.00037747356691397727,0.92
double_dqn,602,0.59218,6,5.0,True,8000,0.0003691083111334592,0.92
double_dqn,603,0.5915,22,-11.0,True,8000,8.977144898381084e-05,0.92
double_dqn,604,0.59082,17,-6.0,True,8000,2.140457581845112e-05,0.92
double_dqn,605,0.59014,40,-40.0,False,8000,2.0291239707148634e-05,0.92
double_dqn,606,0.58946,5,6.0,True,8000,1.6422005501226522e-05,0.92
double_dqn,607,0.58879,6,5.0,True,8000,1.4029353224032093e-05,0.92
double_dqn,608,0.58811,13,-2.0,True,8000,9.485260306973942e-06,0.93
double_dqn,609,0.58743,6,5.0,True,8000,2.8494956495705992e-05,0.93
double_dqn,610,0.58675,12,-1.0,True,8000,1.487012195866555e-05,0.93
double_dqn,611,0.58607,10,1.0,True,8000,2.045493238256313e-05,0.93
double_dqn,612,0.58539,3,8.0,True,8000,1.6396730643464252e-05,0.93
double_dqn,613,0.58471,3,8.0,True,8000,8.200828233384527e-06,0.93
double_dqn,614,0.58404,2,9.0,True,8000,5.6319763643841725e-06,0.93
double_dqn,615,0.58336,10,1.0,True,8000,4.8383867579104844e-06,0.93
double_dqn,616,0.58268,16,-5.0,True,8000,4.899670238955878e-05,0.93
double_dqn,617,0.582,7,4.0,True,8000,3.490167000563815e-05,0.93
double_dqn,618,0.58132,13,-2.0,True,8000,5.528207839233801e-05,0.93
double_dqn,619,0.58064,3,8.0,True,8000,3.706965071614832e-05,0.94
double_dqn,620,0.57996,4,7.0,True,8000,7.702970469836146e-05,0.94
double_dqn,621,0.57929,24,-13.0,True,8000,9.370324551127851e-05,0.94
double_dqn,622,0.57861,1,-10.0,False,8000,3.999598993686959e-05,0.93
double_dqn,623,0.57793,29,-18.0,True,8000,3.672646562336013e-05,0.93
double_dqn,624,0.57725,3,-12.0,False,8000,3.7530098779825494e-05,0.92
double_dqn,625,0.57657,4,7.0,True,8000,6.77050047670491e-05,0.92
double_dqn,626,0.57589,3,8.0,True,8000,6.19495112914592e-05,0.92
double_dqn,627,0.57521,13,-2.0,True,8000,5.8562582125887275e-05,0.92
double_dqn,628,0.57454,5,6.0,True,8000,4.5093682274455205e-05,0.92
double_dqn,629,0.57386,14,-3.0,True,8000,9.476573904976249e-05,0.92
double_dqn,630,0.57318,4,7.0,True,8000,0.0015438967384397984,0.92
double_dqn,631,0.5725,5,6.0,True,8000,0.00024757409119047225,0.93
double_dqn,632,0.57182,18,-7.0,True,8000,0.00037308165337890387,0.93
double_dqn,633,0.57114,9,2.0,True,8000,0.0028852135874330997,0.93
double_dqn,634,0.57046,16,-5.0,True,8000,0.0004601904656738043,0.93
double_dqn,635,0.56979,6,5.0,True,8000,0.00038009401760064065,0.93
double_dqn,636,0.56911,18,-7.0,True,8000,0.0003113689599558711,0.93
double_dqn,637,0.56843,22,-11.0,True,8000,0.003246770706027746,0.94
double_dqn,638,0.56775,4,7.0,True,8000,0.0010853090789169073,0.94
double_dqn,639,0.56707,1,-10.0,False,8000,0.0006026363116689026,0.93
double_dqn,640,0.56639,10,1.0,True,8000,0.0003309375897515565,0.93
double_dqn,641,0.56571,7,4.0,True,8000,0.000252130557782948,0.93
double_dqn,642,0.56504,12,-1.0,True,8000,0.00021678631310351193,0.93
double_dqn,643,0.56436,7,4.0,True,8000,0.0003818142577074468,0.93
double_dqn,644,0.56368,17,-6.0,True,8000,0.00040173911838792264,0.93
double_dqn,645,0.563,8,3.0,True,8000,0.007711809128522873,0.94
double_dqn,646,0.56232,10,1.0,True,8000,0.0014108101604506373,0.94
double_dqn,647,0.56164,17,-6.0,True,8000,0.0017115025548264384,0.94
double_dqn,648,0.56096,11,0.0,True,8000,0.0036898686084896326,0.95
double_dqn,649,0.56029,23,-12.0,True,8000,0.0005806541303172708,0.95
double_dqn,650,0.55961,12,-1.0,True,8000,0.0008821791270747781,0.95
double_dqn,651,0.55893,11,0.0,True,8000,0.0009949089726433158,0.95
double_dqn,652,0.55825,33,-22.0,True,8000,0.00085162662435323,0.95
double_dqn,653,0.55757,2,9.0,True,8000,0.0004902186337858438,0.95
double_dqn,654,0.55689,16,-5.0,True,8000,0.00047087407438084483,0.95
double_dqn,655,0.55621,15,-4.0,True,8000,0.000561620166990906,0.95
double_dqn,656,0.55554,2,9.0,True,8000,0.00036346103297546506,0.95
double_dqn,657,0.55486,11,0.0,True,8000,0.0002382792445132509,0.95
double_dqn,658,0.55418,10,1.0,True,8000,0.00034359481651335955,0.95
double_dqn,659,0.5535,6,5.0,True,8000,0.00011994731903541833,0.95
double_dqn,660,0.55282,21,-10.0,True,8000,0.0006206899415701628,0.95
double_dqn,661,0.55214,4,7.0,True,8000,0.00040353217627853155,0.95
double_dqn,662,0.55146,4,7.0,True,8000,0.0013061001664027572,0.95
double_dqn,663,0.55079,10,1.0,True,8000,0.0005062090349383652,0.95
double_dqn,664,0.55011,25,-14.0,True,8000,0.00033165625063702464,0.95
double_dqn,665,0.54943,16,-5.0,True,8000,0.0005137925036251545,0.95
double_dqn,666,0.54875,4,7.0,True,8000,0.00026981165865436196,0.95
double_dqn,667,0.54807,35,-24.0,True,8000,0.00017459601804148406,0.95
double_dqn,668,0.54739,1,-10.0,False,8000,0.0016099815256893635,0.94
double_dqn,669,0.54671,7,4.0,True,8000,0.0012054112739861012,0.94
double_dqn,670,0.54604,4,7.0,True,8000,0.0007474130252376199,0.94
double_dqn,671,0.54536,18,-7.0,True,8000,0.0003373227082192898,0.94
double_dqn,672,0.54468,18,-7.0,True,8000,0.0002197580470237881,0.94
double_dqn,673,0.544,3,8.0,True,8000,0.0001435362355550751,0.94
double_dqn,674,0.54332,5,6.0,True,8000,0.00010651548655005172,0.94
double_dqn,675,0.54264,7,4.0,True,8000,9.70840483205393e-05,0.94
double_dqn,676,0.54196,18,-7.0,True,8000,2.9608258046209812e-05,0.94
double_dqn,677,0.54129,6,5.0,True,8000,3.439033025642857e-05,0.94
double_dqn,678,0.54061,21,-10.0,True,8000,0.0005772318108938634,0.94
double_dqn,679,0.53993,6,5.0,True,8000,0.0010910951532423496,0.94
double_dqn,680,0.53925,6,5.0,True,8000,0.002235955558717251,0.94
double_dqn,681,0.53857,13,-2.0,True,8000,0.0002085556334350258,0.94
double_dqn,682,0.53789,3,8.0,True,8000,0.0007851555710658431,0.95
double_dqn,683,0.53721,11,0.0,True,8000,0.00020932673942297697,0.95
double_dqn,684,0.53654,1,10.0,True,8000,0.00033380568493157625,0.95
double_dqn,685,0.53586,3,-12.0,False,8000,0.00021244764502625912,0.94
double_dqn,686,0.53518,15,-4.0,True,8000,0.0003466912603471428,0.94
double_dqn,687,0.5345,9,2.0,True,8000,0.00043286269647069275,0.94
double_dqn,688,0.53382,11,0.0,True,8000,8.838520443532616e-05,0.94
double_dqn,689,0.53314,14,-3.0,True,8000,0.0001596591027919203,0.94
double_dqn,690,0.53246,13,-2.0,True,8000,0.00032107956940308213,0.94
double_dqn,691,0.53179,5,6.0,True,8000,0.00019419690943323076,0.94
double_dqn,692,0.53111,6,5.0,True,8000,9.76131996139884e-05,0.94
double_dqn,693,0.53043,7,4.0,True,8000,0.0001313932880293578,0.94
double_dqn,694,0.52975,17,-6.0,True,8000,9.044097532751039e-05,0.94
double_dqn,695,0.52907,5,6.0,True,8000,7.873553113313392e-05,0.94
double_dqn,696,0.52839,13,-2.0,True,8000,0.00017528848547954112,0.94
double_dqn,697,0.52771,1,-10.0,False,8000,6.261900853132829e-05,0.93
double_dqn,698,0.52704,21,-10.0,True,8000,9.225198300555348e-05,0.93
double_dqn,699,0.52636,21,-10.0,True,8000,0.0002619992592372,0.93
double_dqn,700,0.52568,1,10.0,True,8000,0.00020872689492534846,0.93
double_dqn,701,0.525,14,-3.0,True,8000,3.490464587230235e-05,0.93
double_dqn,702,0.52432,2,9.0,True,8000,7.639116665814072e-05,0.93
double_dqn,703,0.52364,7,4.0,True,8000,7.78786197770387e-05,0.93
double_dqn,704,0.52296,32,-21.0,True,8000,1.6923941075219773e-05,0.93
double_dqn,705,0.52229,17,-6.0,True,8000,2.9948741939733736e-06,0.94
double_dqn,706,0.52161,3,8.0,True,8000,4.646835805033334e-06,0.94
double_dqn,707,0.52093,9,2.0,True,8000,5.115222847962286e-06,0.94
double_dqn,708,0.52025,3,8.0,True,8000,9.501784916210454e-06,0.94
double_dqn,709,0.51957,11,0.0,True,8000,0.00012271260493434966,0.94
double_dqn,710,0.51889,5,6.0,True,8000,5.702230191673152e-05,0.94
double_dqn,711,0.51821,15,-4.0,True,8000,7.386734068859369e-05,0.94
double_dqn,712,0.51754,12,-1.0,True,8000,9.555563156027347e-05,0.94
double_dqn,713,0.51686,1,10.0,True,8000,0.00011124792217742652,0.94
double_dqn,714,0.51618,6,5.0,True,8000,3.493476833682507e-05,0.94
double_dqn,715,0.5155,14,-3.0,True,8000,0.00011897401418536901,0.94
double_dqn,716,0.51482,12,-1.0,True,8000,0.00014780854689888656,0.94
double_dqn,717,0.51414,9,2.0,True,8000,0.0001237434771610424,0.94
double_dqn,718,0.51346,20,-9.0,True,8000,0.00042518469854258,0.94
double_dqn,719,0.51279,11,0.0,True,8000,0.00037634492036886513,0.94
double_dqn,720,0.51211,7,4.0,True,8000,0.00031465498614124954,0.94
double_dqn,721,0.51143,1,10.0,True,8000,0.0002785859687719494,0.94
double_dqn,722,0.51075,16,-5.0,True,8000,0.00010948794079013169,0.95
double_dqn,723,0.51007,4,7.0,True,8000,0.00025559720234014094,0.95
double_dqn,724,0.50939,3,8.0,True,8000,6.268812285270542e-05,0.96
double_dqn,725,0.50871,12,-1.0,True,8000,4.5978769776411355e-05,0.96
double_dqn,726,0.50804,7,4.0,True,8000,3.822632788796909e-05,0.96
double_dqn,727,0.50736,16,-5.0,True,8000,1.849630643846467e-05,0.96
double_dqn,728,0.50668,6,5.0,True,8000,1.1481174624350388e-05,0.96
double_dqn,729,0.506,25,-14.0,True,8000,0.000287989794742316,0.96
double_dqn,730,0.50532,17,-6.0,True,8000,0.00021811675105709583,0.96
double_dqn,731,0.50464,3,8.0,True,8000,0.00010744515748228878,0.96
double_dqn,732,0.50396,22,-11.0,True,8000,9.461642184760422e-05,0.96
double_dqn,733,0.50329,11,0.0,True,8000,4.297142004361376e-05,0.96
double_dqn,734,0.50261,7,4.0,True,8000,6.513929110951722e-05,0.96
double_dqn,735,0.50193,5,6.0,True,8000,2.7803171178675257e-05,0.96
double_dqn,736,0.50125,5,-14.0,False,8000,2.381382728344761e-05,0.95
double_dqn,737,0.50057,8,3.0,True,8000,0.00017922594270203263,0.95
double_dqn,738,0.49989,11,0.0,True,8000,2.3084538042894565e-05,0.95
double_dqn,739,0.49921,9,2.0,True,8000,0.00018240261124446988,0.96
double_dqn,740,0.49854,21,-10.0,True,8000,0.00010960963845718652,0.96
double_dqn,741,0.49786,8,3.0,True,8000,2.618147300381679e-05,0.96
double_dqn,742,0.49718,8,3.0,True,8000,3.1227544241119176e-05,0.96
double_dqn,743,0.4965,6,5.0,True,8000,1.318925842497265e-05,0.96
double_dqn,744,0.49582,1,10.0,True,8000,3.2154362997971475e-05,0.96
double_dqn,745,0.49514,27,-16.0,True,8000,1.7312033378402703e-05,0.96
double_dqn,746,0.49446,11,0.0,True,8000,2.106088686559815e-05,0.96
double_dqn,747,0.49379,21,-10.0,True,8000,7.805670611560345e-05,0.96
double_dqn,748,0.49311,23,-12.0,True,8000,2.9351580451475456e-05,0.96
double_dqn,749,0.49243,9,2.0,True,8000,2.0391853468026966e-05,0.96
double_dqn,750,0.49175,17,-6.0,True,8000,1.9703569705598056e-05,0.96
double_dqn,751,0.49107,6,5.0,True,8000,1.164171135314973e-05,0.96
double_dqn,752,0.49039,19,-8.0,True,8000,7.33030610717833e-05,0.96
double_dqn,753,0.48971,5,6.0,True,8000,1.3635655705002137e-05,0.96
double_dqn,754,0.48904,11,0.0,True,8000,0.00012575228174682707,0.96
double_dqn,755,0.48836,7,4.0,True,8000,9.563076309859753e-05,0.96
double_dqn,756,0.48768,2,9.0,True,8000,4.020198684884235e-05,0.96
double_dqn,757,0.487,4,7.0,True,8000,7.31277687009424e-05,0.96
double_dqn,758,0.48632,1,-10.0,False,8000,0.00011150811769766733,0.95
double_dqn,759,0.48564,1,10.0,True,8000,7.522755913669243e-05,0.95
double_dqn,760,0.48496,1,10.0,True,8000,6.211246363818645e-05,0.95
double_dqn,761,0.48429,13,-2.0,True,8000,2.414488699287176e-05,0.95
double_dqn,762,0.48361,16,-5.0,True,8000,6.941548781469464e-05,0.95
double_dqn,763,0.48293,3,8.0,True,8000,6.140836921986192e-05,0.95
double_dqn,764,0.48225,17,-6.0,True,8000,0.0002342192456126213,0.95
double_dqn,765,0.48157,6,5.0,True,8000,0.0007525599794462323,0.95
double_dqn,766,0.48089,19,-8.0,True,8000,0.0006174505688250065,0.95
double_dqn,767,0.48021,5,-14.0,False,8000,0.0007828226662240922,0.94
double_dqn,768,0.47954,8,3.0,True,8000,0.0008149764616973698,0.95
double_dqn,769,0.47886,27,-16.0,True,8000,0.00043987116077914834,0.95
double_dqn,770,0.47818,8,3.0,True,8000,0.0007312517263926566,0.95
double_dqn,771,0.4775,5,6.0,True,8000,0.00022340929717756808,0.95
double_dqn,772,0.47682,9,-18.0,False,8000,0.0002029227907769382,0.94
double_dqn,773,0.47614,6,5.0,True,8000,9.309249435318634e-05,0.94
double_dqn,774,0.47546,11,0.0,True,8000,0.0008061021799221635,0.94
double_dqn,775,0.47479,9,2.0,True,8000,0.00032561426633037627,0.94
double_dqn,776,0.47411,7,4.0,True,8000,4.4886732212034985e-05,0.94
double_dqn,777,0.47343,3,8.0,True,8000,0.000109869048174005,0.94
double_dqn,778,0.47275,7,4.0,True,8000,8.823545795166865e-05,0.94
double_dqn,779,0.47207,17,-6.0,True,8000,0.0006488008075393736,0.94
double_dqn,780,0.47139,13,-2.0,True,8000,0.00033062705188058317,0.94
double_dqn,781,0.47071,8,3.0,True,8000,0.00046183750964701176,0.94
double_dqn,782,0.47004,1,10.0,True,8000,0.0003753255004994571,0.94
double_dqn,783,0.46936,9,2.0,True,8000,0.00019825049093924463,0.94
double_dqn,784,0.46868,3,8.0,True,8000,0.0005443207919597626,0.94
double_dqn,785,0.468,2,-11.0,False,8000,0.0006798192043788731,0.94
double_dqn,786,0.46732,3,8.0,True,8000,0.00031208942527882755,0.94
double_dqn,787,0.46664,11,0.0,True,8000,0.0006841376889497042,0.94
double_dqn,788,0.46596,4,7.0,True,8000,0.0005228749359957874,0.94
double_dqn,789,0.46529,3,8.0,True,8000,0.0003788062313105911,0.94
double_dqn,790,0.46461,16,-5.0,True,8000,0.00030145703931339085,0.94
double_dqn,791,0.46393,17,-6.0,True,8000,0.00039672115235589445,0.94
double_dqn,792,0.46325,8,3.0,True,8000,0.00021862656285520643,0.94
double_dqn,793,0.46257,10,1.0,True,8000,0.00014033241313882172,0.94
double_dqn,794,0.46189,16,-5.0,True,8000,9.588670945959166e-05,0.94
double_dqn,795,0.46121,11,0.0,True,8000,0.00016323429008480161,0.94
double_dqn,796,0.46054,19,-8.0,True,8000,0.0006758490344509482,0.94
double_dqn,797,0.45986,11,0.0,True,8000,0.00025760280550457537,0.95
double_dqn,798,0.45918,5,6.0,True,8000,0.0007371012470684946,0.95
double_dqn,799,0.4585,5,6.0,True,8000,0.0003553398419171572,0.95
double_dqn,800,0.45782,4,7.0,True,8000,0.0008319520857185125,0.95
double_dqn,801,0.45714,6,5.0,True,8000,0.0012391217751428485,0.95
double_dqn,802,0.45646,14,-3.0,True,8000,0.0004277049156371504,0.95
double_dqn,803,0.45579,17,-6.0,True,8000,0.0008867823635227978,0.95
double_dqn,804,0.45511,16,-5.0,True,8000,0.00017408677376806736,0.95
double_dqn,805,0.45443,14,-3.0,True,8000,0.00011690198152791709,0.95
double_dqn,806,0.45375,4,7.0,True,8000,0.00013930592103861272,0.95
double_dqn,807,0.45307,5,6.0,True,8000,0.00013353265239857137,0.95
double_dqn,808,0.45239,6,5.0,True,8000,0.0001281950098928064,0.95
double_dqn,809,0.45171,8,3.0,True,8000,0.00026900545344688,0.95
double_dqn,810,0.45104,9,2.0,True,8000,0.0002884363057091832,0.95
double_dqn,811,0.45036,16,-5.0,True,8000,0.00048546900507062674,0.95
double_dqn,812,0.44968,8,3.0,True,8000,0.000135669790324755,0.95
double_dqn,813,0.449,14,-3.0,True,8000,0.00021150796965230256,0.95
double_dqn,814,0.44832,6,5.0,True,8000,0.00019352776871528476,0.95
double_dqn,815,0.44764,8,3.0,True,8000,0.00011105726298410445,0.95
double_dqn,816,0.44696,24,-13.0,True,8000,0.00016477254393976182,0.95
double_dqn,817,0.44629,17,-6.0,True,8000,9.948504157364368e-05,0.95
double_dqn,818,0.44561,10,1.0,True,8000,0.00015684419486206025,0.95
double_dqn,819,0.44493,4,7.0,True,8000,0.00012287053687032312,0.95
double_dqn,820,0.44425,2,9.0,True,8000,8.716399315744638e-05,0.95
double_dqn,821,0.44357,2,9.0,True,8000,0.00043307655141688883,0.95
double_dqn,822,0.44289,5,-14.0,False,8000,0.0002712818968575448,0.94
double_dqn,823,0.44221,4,7.0,True,8000,0.00035237829433754086,0.94
double_dqn,824,0.44154,11,0.0,True,8000,0.000283318106085062,0.94
double_dqn,825,0.44086,6,5.0,True,8000,0.00010625441063893959,0.94
double_dqn,826,0.44018,2,9.0,True,8000,0.00013606093125417829,0.94
double_dqn,827,0.4395,5,6.0,True,8000,8.443681872449815e-05,0.94
double_dqn,828,0.43882,10,1.0,True,8000,0.00011999500566162169,0.94
double_dqn,829,0.43814,7,4.0,True,8000,0.00011651705426629633,0.94
double_dqn,830,0.43746,3,-12.0,False,8000,0.00014373488374985754,0.93
double_dqn,831,0.43679,4,7.0,True,8000,0.000164178796694614,0.93
double_dqn,832,0.43611,7,4.0,True,8000,0.0003791357739828527,0.93
double_dqn,833,0.43543,6,5.0,True,8000,0.00018259974604006857,0.93
double_dqn,834,0.43475,4,7.0,True,8000,0.00011740962509065866,0.93
double_dqn,835,0.43407,8,3.0,True,8000,0.0026584374718368053,0.93
double_dqn,836,0.43339,11,0.0,True,8000,0.0019384168554097414,0.94
double_dqn,837,0.43271,17,-6.0,True,8000,0.0011854502372443676,0.94
double_dqn,838,0.43204,10,1.0,True,8000,0.0025349322240799665,0.94
double_dqn,839,0.43136,8,3.0,True,8000,0.0020176705438643694,0.94
double_dqn,840,0.43068,9,2.0,True,8000,0.0011509122559800744,0.94
double_dqn,841,0.43,3,8.0,True,8000,0.0013016262091696262,0.94
double_dqn,842,0.42932,5,6.0,True,8000,0.0011942526325583458,0.94
double_dqn,843,0.42864,4,7.0,True,8000,0.0012185047380626202,0.94
double_dqn,844,0.42796,5,6.0,True,8000,0.001780409598723054,0.94
double_dqn,845,0.42729,1,10.0,True,8000,0.0009134282590821385,0.94
double_dqn,846,0.42661,18,-7.0,True,8000,0.0008462162222713232,0.94
double_dqn,847,0.42593,11,0.0,True,8000,0.0010053637670353055,0.94
double_dqn,848,0.42525,5,6.0,True,8000,0.0012188786640763283,0.94
double_dqn,849,0.42457,14,-3.0,True,8000,0.002088257111608982,0.94
double_dqn,850,0.42389,4,7.0,True,8000,0.000916621123906225,0.94
double_dqn,851,0.42321,8,3.0,True,8000,0.0010277634719386697,0.94
double_dqn,852,0.42254,6,5.0,True,8000,0.0017124259611591697,0.94
double_dqn,853,0.42186,6,5.0,True,8000,0.0014518548268824816,0.94
double_dqn,854,0.42118,1,10.0,True,8000,0.0009369354811497033,0.94
double_dqn,855,0.4205,13,-2.0,True,8000,0.0008053291239775717,0.94
double_dqn,856,0.41982,5,6.0,True,8000,0.0003022223536390811,0.94
double_dqn,857,0.41914,11,0.0,True,8000,0.0005055173533037305,0.94
double_dqn,858,0.41846,9,2.0,True,8000,0.0003590548876672983,0.95
double_dqn,859,0.41779,3,8.0,True,8000,0.000971827597822994,0.95
double_dqn,860,0.41711,14,-3.0,True,8000,0.00014994230878073722,0.95
double_dqn,861,0.41643,11,0.0,True,8000,0.0006877640262246132,0.95
double_dqn,862,0.41575,7,4.0,True,8000,0.0015532260295003653,0.95
double_dqn,863,0.41507,14,-3.0,True,8000,0.00040857188287191093,0.95
double_dqn,864,0.41439,3,8.0,True,8000,0.0003933110274374485,0.95
double_dqn,865,0.41371,18,-7.0,True,8000,0.0036347289569675922,0.95
double_dqn,866,0.41304,8,3.0,True,8000,0.0004978709621354938,0.95
double_dqn,867,0.41236,1,10.0,True,8000,0.000753661326598376,0.96
double_dqn,868,0.41168,4,7.0,True,8000,0.001265543163754046,0.96
double_dqn,869,0.411,14,-3.0,True,8000,0.000891527917701751,0.96
double_dqn,870,0.41032,6,5.0,True,8000,0.00013703620061278343,0.96
double_dqn,871,0.40964,10,1.0,True,8000,0.00031297639361582696,0.96
double_dqn,872,0.40896,7,4.0,True,8000,7.794507837388664e-05,0.97
double_dqn,873,0.40829,14,-3.0,True,8000,0.0003102906921412796,0.97
double_dqn,874,0.40761,5,6.0,True,8000,0.0002543275186326355,0.97
double_dqn,875,0.40693,11,0.0,True,8000,0.00012170460831839591,0.97
double_dqn,876,0.40625,7,4.0,True,8000,0.00013662513811141253,0.97
double_dqn,877,0.40557,8,3.0,True,8000,0.0002187416102970019,0.97
double_dqn,878,0.40489,10,1.0,True,8000,0.00012641408829949796,0.97
double_dqn,879,0.40421,8,-17.0,False,8000,0.00011513728532008827,0.96
double_dqn,880,0.40354,14,-3.0,True,8000,0.00012702478852588683,0.96
double_dqn,881,0.40286,7,4.0,True,8000,7.522082887589931e-05,0.96
double_dqn,882,0.40218,8,3.0,True,8000,0.00013541356020141393,0.96
double_dqn,883,0.4015,15,-4.0,True,8000,8.704231004230678e-05,0.96
double_dqn,884,0.40082,7,4.0,True,8000,0.0006812946521677077,0.96
double_dqn,885,0.40014,10,1.0,True,8000,0.00021772916079498827,0.97
double_dqn,886,0.39946,6,5.0,True,8000,0.00017226315685547888,0.97
double_dqn,887,0.39879,1,10.0,True,8000,7.43522250559181e-05,0.97
double_dqn,888,0.39811,11,0.0,True,8000,0.00045945888268761337,0.97
double_dqn,889,0.39743,14,-3.0,True,8000,0.00032573449425399303,0.97
double_dqn,890,0.39675,8,3.0,True,8000,0.0008046599105000496,0.97
double_dqn,891,0.39607,7,4.0,True,8000,0.0005798042984679341,0.97
double_dqn,892,0.39539,1,10.0,True,8000,0.00032541551627218723,0.97
double_dqn,893,0.39471,4,7.0,True,8000,0.0007762399036437273,0.97
double_dqn,894,0.39404,28,-17.0,True,8000,0.0002078063989756629,0.97
double_dqn,895,0.39336,8,3.0,True,8000,7.954925240483135e-05,0.97
double_dqn,896,0.39268,10,1.0,True,8000,0.00010936131729977205,0.97
double_dqn,897,0.392,5,6.0,True,8000,0.00011118377005914226,0.97
double_dqn,898,0.39132,13,-2.0,True,8000,7.447352254530415e-05,0.97
double_dqn,899,0.39064,6,5.0,True,8000,0.0001484263048041612,0.97
double_dqn,900,0.38996,6,5.0,True,8000,0.00012172850256320089,0.97
double_dqn,901,0.38929,2,9.0,True,8000,5.4103446018416435e-05,0.97
double_dqn,902,0.38861,6,5.0,True,8000,2.8016051146551035e-05,0.97
double_dqn,903,0.38793,6,5.0,True,8000,2.9766613806714304e-05,0.97
double_dqn,904,0.38725,8,3.0,True,8000,2.1257990738376975e-05,0.97
double_dqn,905,0.38657,4,7.0,True,8000,2.97279329970479e-05,0.97
double_dqn,906,0.38589,5,6.0,True,8000,3.0380298994714394e-05,0.97
double_dqn,907,0.38521,13,-2.0,True,8000,3.543803177308291e-05,0.97
double_dqn,908,0.38454,1,10.0,True,8000,2.2479513063444756e-05,0.97
double_dqn,909,0.38386,7,4.0,True,8000,8.773888839641586e-05,0.97
double_dqn,910,0.38318,13,-2.0,True,8000,0.00013542099623009562,0.97
double_dqn,911,0.3825,19,-8.0,True,8000,8.330577111337334e-05,0.97
double_dqn,912,0.38182,6,5.0,True,8000,8.060764957917854e-05,0.97
double_dqn,913,0.38114,2,9.0,True,8000,6.289276643656194e-05,0.97
double_dqn,914,0.38046,3,8.0,True,8000,4.439927579369396e-05,0.97
double_dqn,915,0.37979,4,7.0,True,8000,3.5583681892603636e-05,0.97
double_dqn,916,0.37911,6,5.0,True,8000,0.0001189155736938119,0.97
double_dqn,917,0.37843,7,4.0,True,8000,2.085044252453372e-05,0.97
double_dqn,918,0.37775,5,6.0,True,8000,0.0001291958033107221,0.97
double_dqn,919,0.37707,9,2.0,True,8000,5.919604154769331e-05,0.97
double_dqn,920,0.37639,7,4.0,True,8000,6.778951501473784e-05,0.97
double_dqn,921,0.37571,8,3.0,True,8000,2.863021472876426e-05,0.97
double_dqn,922,0.37504,10,1.0,True,8000,5.152716767042875e-05,0.98
double_dqn,923,0.37436,8,3.0,True,8000,5.259488898445852e-05,0.98
double_dqn,924,0.37368,10,1.0,True,8000,0.00016082900401670486,0.98
double_dqn,925,0.373,2,9.0,True,8000,0.00021770964667666703,0.98
double_dqn,926,0.37232,12,-1.0,True,8000,9.001775470096618e-05,0.98
double_dqn,927,0.37164,16,-5.0,True,8000,6.794889486627653e-05,0.98
double_dqn,928,0.37096,1,10.0,True,8000,1.7850125004770234e-05,0.98
double_dqn,929,0.37029,4,7.0,True,8000,2.850553391908761e-05,0.98
double_dqn,930,0.36961,1,10.0,True,8000,0.00013868526730220765,0.99
double_dqn,931,0.36893,1,-10.0,False,8000,4.920203718938865e-05,0.98
double_dqn,932,0.36825,1,10.0,True,8000,4.625194560503587e-05,0.98
double_dqn,933,0.36757,6,5.0,True,8000,3.7272962799761444e-05,0.98
double_dqn,934,0.36689,7,4.0,True,8000,0.003975349944084883,0.98
double_dqn,935,0.36621,9,2.0,True,8000,0.0004352983960416168,0.98
double_dqn,936,0.36554,3,-12.0,False,8000,0.0015526035567745566,0.97
double_dqn,937,0.36486,8,3.0,True,8000,0.0008801203221082687,0.97
double_dqn,938,0.36418,2,-11.0,False,8000,0.0011886657448485494,0.96
double_dqn,939,0.3635,5,6.0,True,8000,0.00033580197487026453,0.96
double_dqn,940,0.36282,10,1.0,True,8000,0.0003145145601592958,0.96
double_dqn,941,0.36214,10,1.0,True,8000,0.00023675381089560688,0.96
double_dqn,942,0.36146,16,-5.0,True,8000,0.00011675046698655933,0.96
double_dqn,943,0.36079,10,1.0,True,8000,0.00017910439055413008,0.96
double_dqn,944,0.36011,6,5.0,True,8000,0.00013274619414005429,0.96
double_dqn,945,0.35943,5,6.0,True,8000,0.0002926730958279222,0.96
double_dqn,946,0.35875,7,4.0,True,8000,6.345509609673172e-05,0.96
double_dqn,947,0.35807,9,2.0,True,8000,0.00013163377298042178,0.96
double_dqn,948,0.35739,2,9.0,True,8000,0.00014338892651721835,0.96
double_dqn,949,0.35671,3,8.0,True,8000,0.00019828723452519625,0.96
double_dqn,950,0.35604,7,4.0,True,8000,0.0002060992264887318,0.96
double_dqn,951,0.35536,2,9.0,True,8000,0.00032098835799843073,0.96
double_dqn,952,0.35468,8,3.0,True,8000,0.00025057396851480007,0.96
double_dqn,953,0.354,3,8.0,True,8000,0.00014077847299631685,0.96
double_dqn,954,0.35332,14,-3.0,True,8000,0.00013142026728019118,0.96
double_dqn,955,0.35264,6,5.0,True,8000,0.00039446662412956357,0.96
double_dqn,956,0.35196,4,7.0,True,8000,0.0005877713556401432,0.96
double_dqn,957,0.35129,4,7.0,True,8000,0.0005080351256765425,0.96
double_dqn,958,0.35061,7,4.0,True,8000,0.0002570930519141257,0.96
double_dqn,959,0.34993,2,9.0,True,8000,0.00029819400515407324,0.96
double_dqn,960,0.34925,5,6.0,True,8000,0.00034979439806193113,0.96
double_dqn,961,0.34857,3,8.0,True,8000,0.00012000365677522495,0.96
double_dqn,962,0.34789,1,10.0,True,8000,0.00014987132453825325,0.96
double_dqn,963,0.34721,7,4.0,True,8000,0.00039349807775579393,0.96
double_dqn,964,0.34654,8,3.0,True,8000,0.00010605816351016983,0.96
double_dqn,965,0.34586,5,6.0,True,8000,4.405957224662416e-05,0.96
double_dqn,966,0.34518,6,5.0,True,8000,0.00022930493287276477,0.96
double_dqn,967,0.3445,4,7.0,True,8000,0.0001720319123705849,0.96
double_dqn,968,0.34382,4,7.0,True,8000,0.0001994939666474238,0.96
double_dqn,969,0.34314,11,0.0,True,8000,0.0002742969954852015,0.96
double_dqn,970,0.34246,6,5.0,True,8000,0.0002297276514582336,0.96
double_dqn,971,0.34179,8,3.0,True,8000,0.00018080443260259926,0.96
double_dqn,972,0.34111,9,2.0,True,8000,8.796347538009286e-05,0.96
double_dqn,973,0.34043,3,8.0,True,8000,0.00022474461002275348,0.96
double_dqn,974,0.33975,7,4.0,True,8000,0.00022346462355926633,0.96
double_dqn,975,0.33907,20,-9.0,True,8000,4.454307054402307e-05,0.96
double_dqn,976,0.33839,1,-10.0,False,8000,0.0001476850447943434,0.95
double_dqn,977,0.33771,3,8.0,True,8000,9.615864837542176e-05,0.95
double_dqn,978,0.33704,18,-7.0,True,8000,0.0001437221362721175,0.95
double_dqn,979,0.33636,11,0.0,True,8000,0.0001233452931046486,0.96
double_dqn,980,0.33568,15,-4.0,True,8000,0.00010138346260646358,0.96
double_dqn,981,0.335,1,10.0,True,8000,0.0001819696044549346,0.96
double_dqn,982,0.33432,10,1.0,True,8000,0.00014425463450606912,0.96
double_dqn,983,0.33364,4,7.0,True,8000,6.415855750674382e-05,0.96
double_dqn,984,0.33296,7,4.0,True,8000,0.00013068609405308962,0.96
double_dqn,985,0.33229,1,10.0,True,8000,6.100511382101104e-05,0.96
double_dqn,986,0.33161,5,6.0,True,8000,0.00026033809990622103,0.96
double_dqn,987,0.33093,3,8.0,True,8000,0.00019326034816913307,0.96
double_dqn,988,0.33025,14,-3.0,True,8000,7.502851804019883e-05,0.96
double_dqn,989,0.32957,11,0.0,True,8000,0.00010364347690483555,0.96
double_dqn,990,0.32889,1,10.0,True,8000,7.312459638342261e-05,0.96
double_dqn,991,0.32821,7,4.0,True,8000,7.74454019847326e-05,0.96
double_dqn,992,0.32754,5,6.0,True,8000,0.00033461471321061254,0.96
double_dqn,993,0.32686,1,10.0,True,8000,6.288993608905002e-05,0.96
double_dqn,994,0.32618,7,4.0,True,8000,0.00013113976456224918,0.96
double_dqn,995,0.3255,7,4.0,True,8000,2.8033857233822346e-05,0.96
double_dqn,996,0.32482,8,3.0,True,8000,2.3010514269117266e-05,0.96
double_dqn,997,0.32414,4,7.0,True,8000,2.7186844818061218e-05,0.96
double_dqn,998,0.32346,5,6.0,True,8000,2.75700913334731e-05,0.96
double_dqn,999,0.32279,10,1.0,True,8000,1.688960583123844e-05,0.96
double_dqn,1000,0.32211,6,5.0,True,8000,2.208586192864459e-05,0.96
double_dqn,1001,0.32143,1,10.0,True,8000,2.989541280840058e-05,0.96
double_dqn,1002,0.32075,11,0.0,True,8000,0.00010763267346192151,0.96
double_dqn,1003,0.32007,11,0.0,True,8000,0.00015257642371580005,0.96
double_dqn,1004,0.31939,3,8.0,True,8000,0.00011458521476015449,0.96
double_dqn,1005,0.31871,1,-10.0,False,8000,0.00016498118930030614,0.95
double_dqn,1006,0.31804,11,0.0,True,8000,9.509679512120783e-05,0.95
double_dqn,1007,0.31736,12,-1.0,True,8000,0.00020937652152497321,0.95
double_dqn,1008,0.31668,7,4.0,True,8000,0.0001186340959975496,0.95
double_dqn,1009,0.316,4,7.0,True,8000,0.00045009161112830043,0.95
double_dqn,1010,0.31532,6,5.0,True,8000,0.0009630422573536634,0.95
double_dqn,1011,0.31464,6,5.0,True,8000,0.00027538882568478584,0.95
double_dqn,1012,0.31396,6,5.0,True,8000,0.0010851232800632715,0.95
double_dqn,1013,0.31329,4,7.0,True,8000,0.0007138095679692924,0.95
double_dqn,1014,0.31261,6,5.0,True,8000,0.0006514735869131982,0.95
double_dqn,1015,0.31193,3,8.0,True,8000,0.00018741475651040673,0.95
double_dqn,1016,0.31125,7,4.0,True,8000,0.0006432776572182775,0.95
double_dqn,1017,0.31057,7,4.0,True,8000,0.0005313634173944592,0.95
double_dqn,1018,0.30989,6,5.0,True,8000,0.001100839814171195,0.95
double_dqn,1019,0.30921,4,7.0,True,8000,0.0008642798056825995,0.95
double_dqn,1020,0.30854,12,-1.0,True,8000,0.00021906678739469498,0.95
double_dqn,1021,0.30786,8,3.0,True,8000,0.00019943807274103165,0.95
double_dqn,1022,0.30718,8,3.0,True,8000,0.00015713160973973572,0.95
double_dqn,1023,0.3065,10,1.0,True,8000,0.00014198933786246926,0.95
double_dqn,1024,0.30582,4,7.0,True,8000,0.00012387461902108043,0.95
double_dqn,1025,0.30514,9,2.0,True,8000,4.298778367228806e-05,0.95
double_dqn,1026,0.30446,1,10.0,True,8000,4.669852205552161e-05,0.95
double_dqn,1027,0.30379,4,7.0,True,8000,0.00029981316765770316,0.95
double_dqn,1028,0.30311,3,8.0,True,8000,0.00047072151210159063,0.95
double_dqn,1029,0.30243,10,1.0,True,8000,0.00036469532642513514,0.95
double_dqn,1030,0.30175,6,5.0,True,8000,0.0004380340687930584,0.95
double_dqn,1031,0.30107,3,8.0,True,8000,0.00013948600098956376,0.96
double_dqn,1032,0.30039,3,8.0,True,8000,0.00039168476359918714,0.96
double_dqn,1033,0.29971,10,1.0,True,8000,0.0007870537228882313,0.96
double_dqn,1034,0.29904,12,-1.0,True,8000,0.0006181693752296269,0.96
double_dqn,1035,0.29836,8,3.0,True,8000,0.0007855187868699431,0.96
double_dqn,1036,0.29768,7,4.0,True,8000,0.0005404551629908383,0.97
double_dqn,1037,0.297,4,7.0,True,8000,0.0007914995076134801,0.97
double_dqn,1038,0.29632,5,6.0,True,8000,0.0012041653972119093,0.98
double_dqn,1039,0.29564,15,-4.0,True,8000,0.0008511675987392664,0.98
double_dqn,1040,0.29496,9,2.0,True,8000,0.0007035261951386929,0.98
double_dqn,1041,0.29429,8,3.0,True,8000,0.004378493409603834,0.98
double_dqn,1042,0.29361,7,4.0,True,8000,0.0007487490074709058,0.98
double_dqn,1043,0.29293,10,1.0,True,8000,0.001174065750092268,0.98
double_dqn,1044,0.29225,6,5.0,True,8000,0.0007047032122500241,0.98
double_dqn,1045,0.29157,1,10.0,True,8000,0.0014409685973078012,0.98
double_dqn,1046,0.29089,3,8.0,True,8000,0.002424408681690693,0.98
double_dqn,1047,0.29021,8,3.0,True,8000,0.0023940845858305693,0.98
double_dqn,1048,0.28954,11,0.0,True,8000,0.0015779567183926702,0.98
double_dqn,1049,0.28886,3,8.0,True,8000,0.0012137331068515778,0.98
double_dqn,1050,0.28818,7,4.0,True,8000,0.000983787002041936,0.98
double_dqn,1051,0.2875,7,4.0,True,8000,0.0014604971511289477,0.98
double_dqn,1052,0.28682,8,3.0,True,8000,0.01237558014690876,0.98
double_dqn,1053,0.28614,7,4.0,True,8000,0.0016923414077609777,0.98
double_dqn,1054,0.28546,2,9.0,True,8000,0.0033384752459824085,0.98
double_dqn,1055,0.28479,1,10.0,True,8000,0.0022500664927065372,0.98
double_dqn,1056,0.28411,6,5.0,True,8000,0.0027786188293248415,0.98
double_dqn,1057,0.28343,3,8.0,True,8000,0.0018651008140295744,0.98
double_dqn,1058,0.28275,9,2.0,True,8000,0.00048763214726932347,0.98
double_dqn,1059,0.28207,9,2.0,True,8000,0.0008927354938350618,0.98
double_dqn,1060,0.28139,5,6.0,True,8000,0.0017865062691271305,0.98
double_dqn,1061,0.28071,2,9.0,True,8000,0.0003442935412749648,0.98
double_dqn,1062,0.28004,5,6.0,True,8000,0.0007566529675386846,0.98
double_dqn,1063,0.27936,8,3.0,True,8000,0.0003652671293821186,0.98
double_dqn,1064,0.27868,8,3.0,True,8000,0.0008910467149689794,0.98
double_dqn,1065,0.278,7,4.0,True,8000,0.0006120891775935888,0.98
double_dqn,1066,0.27732,11,0.0,True,8000,0.0005381661467254162,0.98
double_dqn,1067,0.27664,5,6.0,True,8000,0.0004031024291180074,0.98
double_dqn,1068,0.27596,9,2.0,True,8000,0.00028880490572191775,0.98
double_dqn,1069,0.27529,11,0.0,True,8000,0.0010405761422589421,0.98
double_dqn,1070,0.27461,9,2.0,True,8000,0.0013214509235695004,0.98
double_dqn,1071,0.27393,1,10.0,True,8000,0.0009539389866404235,0.98
double_dqn,1072,0.27325,9,2.0,True,8000,0.000227247757720761,0.98
double_dqn,1073,0.27257,13,-2.0,True,8000,0.0014447628054767847,0.98
double_dqn,1074,0.27189,6,5.0,True,8000,0.0005569974891841412,0.98
double_dqn,1075,0.27121,4,7.0,True,8000,0.00037476938450708985,0.98
double_dqn,1076,0.27054,13,-2.0,True,8000,0.0008523024152964354,0.99
double_dqn,1077,0.26986,1,10.0,True,8000,0.0011266430374234915,0.99
double_dqn,1078,0.26918,6,5.0,True,8000,0.0005456944927573204,0.99
double_dqn,1079,0.2685,6,5.0,True,8000,0.0005928754690103233,0.99
double_dqn,1080,0.26782,8,3.0,True,8000,0.0005400748923420906,0.99
double_dqn,1081,0.26714,4,7.0,True,8000,0.00038489745929837227,0.99
double_dqn,1082,0.26646,7,4.0,True,8000,0.00026125452131964266,0.99
double_dqn,1083,0.26579,6,5.0,True,8000,0.00030375641654245555,0.99
double_dqn,1084,0.26511,2,9.0,True,8000,0.00016008860256988555,0.99
double_dqn,1085,0.26443,3,8.0,True,8000,0.00013539216888602823,0.99
double_dqn,1086,0.26375,3,8.0,True,8000,0.00010155967902392149,0.99
double_dqn,1087,0.26307,4,7.0,True,8000,4.49663566541858e-05,0.99
double_dqn,1088,0.26239,8,3.0,True,8000,0.00015241067740134895,0.99
double_dqn,1089,0.26171,2,9.0,True,8000,9.507234790362418e-05,0.99
double_dqn,1090,0.26104,5,6.0,True,8000,0.00011192110105184838,0.99
double_dqn,1091,0.26036,11,0.0,True,8000,5.423272159532644e-05,0.99
double_dqn,1092,0.25968,6,5.0,True,8000,4.018125036964193e-05,0.99
double_dqn,1093,0.259,5,6.0,True,8000,1.6397900253650732e-05,0.99
double_dqn,1094,0.25832,9,2.0,True,8000,0.00024161679903045297,0.99
double_dqn,1095,0.25764,9,2.0,True,8000,0.00011813082528533414,0.99
double_dqn,1096,0.25696,10,1.0,True,8000,0.00018731177260633558,0.99
double_dqn,1097,0.25629,5,6.0,True,8000,4.2550964280962944e-05,0.99
double_dqn,1098,0.25561,10,1.0,True,8000,0.00024301913799718022,0.99
double_dqn,1099,0.25493,3,8.0,True,8000,9.055263217305765e-05,0.99
double_dqn,1100,0.25425,9,2.0,True,8000,3.2902891689445823e-05,0.99
double_dqn,1101,0.25357,1,10.0,True,8000,4.475491004996002e-05,0.99
double_dqn,1102,0.25289,6,5.0,True,8000,8.555804379284382e-05,0.99
double_dqn,1103,0.25221,3,8.0,True,8000,0.00014575468958355486,0.99
double_dqn,1104,0.25154,1,10.0,True,8000,6.013313395669684e-05,0.99
double_dqn,1105,0.25086,5,6.0,True,8000,3.1289364414988086e-05,1.0
double_dqn,1106,0.25018,11,0.0,True,8000,9.869243513094261e-05,1.0
double_dqn,1107,0.2495,7,4.0,True,8000,6.225680408533663e-05,1.0
double_dqn,1108,0.24882,8,3.0,True,8000,6.23335872660391e-05,1.0
double_dqn,1109,0.24814,9,2.0,True,8000,5.072657950222492e-05,1.0
double_dqn,1110,0.24746,7,4.0,True,8000,0.00030996365239843726,1.0
double_dqn,1111,0.24679,1,10.0,True,8000,0.00021150996326468885,1.0
double_dqn,1112,0.24611,5,6.0,True,8000,0.00017217348795384169,1.0
double_dqn,1113,0.24543,12,-1.0,True,8000,6.233487511053681e-05,1.0
double_dqn,1114,0.24475,10,1.0,True,8000,3.878769348375499e-05,1.0
double_dqn,1115,0.24407,2,9.0,True,8000,3.03400829579914e-05,1.0
double_dqn,1116,0.24339,11,0.0,True,8000,2.224099080194719e-05,1.0
double_dqn,1117,0.24271,9,2.0,True,8000,1.4364034541358706e-05,1.0
double_dqn,1118,0.24204,5,6.0,True,8000,0.00010869613470276818,1.0
double_dqn,1119,0.24136,11,0.0,True,8000,5.894426431041211e-05,1.0
double_dqn,1120,0.24068,1,10.0,True,8000,7.582231046399102e-05,1.0
double_dqn,1121,0.24,9,2.0,True,8000,2.0577428585966118e-05,1.0
double_dqn,1122,0.23932,6,5.0,True,8000,3.791384369833395e-05,1.0
double_dqn,1123,0.23864,11,0.0,True,8000,5.418013461166993e-05,1.0
double_dqn,1124,0.23796,14,-3.0,True,8000,9.568972018314525e-05,1.0
double_dqn,1125,0.23729,8,3.0,True,8000,0.00010227352322544903,1.0
double_dqn,1126,0.23661,9,2.0,True,8000,0.00021630676928907633,1.0
double_dqn,1127,0.23593,5,6.0,True,8000,0.00015256025653798133,1.0
double_dqn,1128,0.23525,3,8.0,True,8000,7.180679676821455e-05,1.0
double_dqn,1129,0.23457,7,4.0,True,8000,6.0892532928846776e-05,1.0
double_dqn,1130,0.23389,5,6.0,True,8000,2.996410876221489e-05,1.0
double_dqn,1131,0.23321,8,3.0,True,8000,2.62815628957469e-05,1.0
double_dqn,1132,0.23254,7,4.0,True,8000,2.0469813534873538e-05,1.0
double_dqn,1133,0.23186,7,4.0,True,8000,3.770400144276209e-05,1.0
double_dqn,1134,0.23118,6,5.0,True,8000,3.36631310347002e-05,1.0
double_dqn,1135,0.2305,1,10.0,True,8000,2.6631048967828974e-05,1.0
double_dqn,1136,0.22982,9,2.0,True,8000,1.5119053387024906e-05,1.0
double_dqn,1137,0.22914,7,4.0,True,8000,2.345865868846886e-05,1.0
double_dqn,1138,0.22846,7,4.0,True,8000,3.9727805415168405e-05,1.0
double_dqn,1139,0.22779,3,8.0,True,8000,0.0001346279022982344,1.0
double_dqn,1140,0.22711,2,9.0,True,8000,0.00012523762416094542,1.0
double_dqn,1141,0.22643,5,6.0,True,8000,6.679103535134345e-05,1.0
double_dqn,1142,0.22575,7,4.0,True,8000,0.00010460179328219965,1.0
double_dqn,1143,0.22507,7,4.0,True,8000,4.697362601291388e-05,1.0
double_dqn,1144,0.22439,3,8.0,True,8000,6.225167453521863e-05,1.0
double_dqn,1145,0.22371,7,4.0,True,8000,1.569052619743161e-05,1.0
double_dqn,1146,0.22304,9,2.0,True,8000,4.352509495220147e-05,1.0
double_dqn,1147,0.22236,11,0.0,True,8000,4.8158624849747866e-05,1.0
double_dqn,1148,0.22168,6,5.0,True,8000,4.371761315269396e-05,1.0
double_dqn,1149,0.221,2,9.0,True,8000,2.1950605514575727e-05,1.0
double_dqn,1150,0.22032,6,5.0,True,8000,4.099026045878418e-05,1.0
double_dqn,1151,0.21964,1,10.0,True,8000,2.0024854165967554e-05,1.0
double_dqn,1152,0.21896,4,7.0,True,8000,5.492453965416644e-06,1.0
double_dqn,1153,0.21829,5,6.0,True,8000,5.6535491239628755e-06,1.0
double_dqn,1154,0.21761,6,5.0,True,8000,7.276132237166166e-06,1.0
double_dqn,1155,0.21693,7,4.0,True,8000,5.337694346962962e-06,1.0
double_dqn,1156,0.21625,6,5.0,True,8000,7.065816589602036e-06,1.0
double_dqn,1157,0.21557,8,3.0,True,8000,4.2857747757807374e-05,1.0
double_dqn,1158,0.21489,4,7.0,True,8000,5.150993092684075e-05,1.0
double_dqn,1159,0.21421,7,4.0,True,8000,5.920552212046459e-05,1.0
double_dqn,1160,0.21354,8,3.0,True,8000,1.0704279702622443e-05,1.0
double_dqn,1161,0.21286,9,2.0,True,8000,2.9186499887146056e-05,1.0
double_dqn,1162,0.21218,7,4.0,True,8000,2.514223706384655e-05,1.0
double_dqn,1163,0.2115,10,1.0,True,8000,1.5652851288905367e-05,1.0
double_dqn,1164,0.21082,4,7.0,True,8000,2.1117974029039033e-05,1.0
double_dqn,1165,0.21014,5,6.0,True,8000,1.2290467566344887e-05,1.0
double_dqn,1166,0.20946,7,4.0,True,8000,2.0845021936111152e-05,1.0
double_dqn,1167,0.20879,7,4.0,True,8000,1.743630309647415e-05,1.0
double_dqn,1168,0.20811,7,4.0,True,8000,1.665524541749619e-05,1.0
double_dqn,1169,0.20743,5,6.0,True,8000,1.0530317013035528e-05,1.0
double_dqn,1170,0.20675,6,5.0,True,8000,1.666880962147843e-05,1.0
double_dqn,1171,0.20607,6,5.0,True,8000,1.7521097106509842e-05,1.0
double_dqn,1172,0.20539,4,7.0,True,8000,1.18907519208733e-05,1.0
double_dqn,1173,0.20471,1,10.0,True,8000,3.4936980227939785e-05,1.0
double_dqn,1174,0.20404,1,10.0,True,8000,5.229288944974542e-05,1.0
double_dqn,1175,0.20336,6,5.0,True,8000,3.098130036960356e-05,1.0
double_dqn,1176,0.20268,8,3.0,True,8000,1.7872496755444445e-05,1.0
double_dqn,1177,0.202,3,8.0,True,8000,3.896551061188802e-05,1.0
double_dqn,1178,0.20132,3,8.0,True,8000,2.024080640694592e-05,1.0
double_dqn,1179,0.20064,8,3.0,True,8000,9.020455763675272e-06,1.0
double_dqn,1180,0.19996,6,5.0,True,8000,6.945786935830256e-06,1.0
double_dqn,1181,0.19929,11,0.0,True,8000,1.4581237337552011e-05,1.0
double_dqn,1182,0.19861,4,7.0,True,8000,6.26826749794418e-06,1.0
double_dqn,1183,0.19793,1,-10.0,False,8000,5.434349532151828e-06,0.99
double_dqn,1184,0.19725,2,9.0,True,8000,6.629513336520176e-06,0.99
double_dqn,1185,0.19657,3,8.0,True,8000,7.4739664341905154e-06,0.99
double_dqn,1186,0.19589,12,-1.0,True,8000,1.3723928532272112e-05,0.99
double_dqn,1187,0.19521,1,10.0,True,8000,3.1919444154482335e-06,0.99
double_dqn,1188,0.19454,8,3.0,True,8000,1.0618086889735423e-05,0.99
double_dqn,1189,0.19386,8,3.0,True,8000,3.840851150016533e-06,0.99
double_dqn,1190,0.19318,7,4.0,True,8000,5.735664672101848e-06,0.99
double_dqn,1191,0.1925,8,3.0,True,8000,3.6836085200775415e-05,0.99
double_dqn,1192,0.19182,8,3.0,True,8000,2.436132672301028e-05,0.99
double_dqn,1193,0.19114,6,5.0,True,8000,9.298429176851641e-06,0.99
double_dqn,1194,0.19046,3,8.0,True,8000,1.1141667528136168e-05,0.99
double_dqn,1195,0.18979,6,5.0,True,8000,1.1750850717362482e-05,0.99
double_dqn,1196,0.18911,1,10.0,True,8000,5.9032686294813175e-06,0.99
double_dqn,1197,0.18843,1,10.0,True,8000,8.66691152623389e-06,0.99
double_dqn,1198,0.18775,2,9.0,True,8000,8.329522643180098e-06,0.99
double_dqn,1199,0.18707,3,8.0,True,8000,1.0903710062848404e-05,0.99
double_dqn,1200,0.18639,8,3.0,True,8000,1.7305750589002855e-05,0.99
double_dqn,1201,0.18571,7,4.0,True,8000,2.5424164050491527e-05,0.99
double_dqn,1202,0.18504,6,5.0,True,8000,5.095875621918822e-06,0.99
double_dqn,1203,0.18436,5,6.0,True,8000,4.344952230894705e-06,0.99
double_dqn,1204,0.18368,11,0.0,True,8000,1.710613832983654e-05,0.99
double_dqn,1205,0.183,1,10.0,True,8000,8.571161743020639e-06,0.99
double_dqn,1206,0.18232,9,2.0,True,8000,1.5040987818792928e-05,0.99
double_dqn,1207,0.18164,6,5.0,True,8000,0.000378987577278167,0.99
double_dqn,1208,0.18096,1,10.0,True,8000,0.00011469114542705938,0.99
double_dqn,1209,0.18029,10,1.0,True,8000,5.2385381422936916e-05,0.99
double_dqn,1210,0.17961,2,9.0,True,8000,7.899526099208742e-05,0.99
double_dqn,1211,0.17893,1,10.0,True,8000,4.5567496272269636e-05,0.99
double_dqn,1212,0.17825,1,10.0,True,8000,8.029702439671382e-05,0.99
double_dqn,1213,0.17757,6,5.0,True,8000,0.00010762588499346748,0.99
double_dqn,1214,0.17689,7,4.0,True,8000,0.0001562145189382136,0.99
double_dqn,1215,0.17621,7,4.0,True,8000,0.00011612274101935327,0.99
double_dqn,1216,0.17554,1,10.0,True,8000,8.994586096378043e-05,0.99
double_dqn,1217,0.17486,6,5.0,True,8000,0.00014010845916345716,0.99
double_dqn,1218,0.17418,1,10.0,True,8000,8.396626799367368e-05,0.99
double_dqn,1219,0.1735,6,5.0,True,8000,0.00016514566959813237,0.99
double_dqn,1220,0.17282,5,6.0,True,8000,8.200871525332332e-05,0.99
double_dqn,1221,0.17214,6,5.0,True,8000,9.97961760731414e-05,0.99
double_dqn,1222,0.17146,7,4.0,True,8000,7.875059964135289e-05,0.99
double_dqn,1223,0.17079,6,5.0,True,8000,0.00010741072765085846,0.99
double_dqn,1224,0.17011,6,5.0,True,8000,0.00011160793656017631,0.99
double_dqn,1225,0.16943,12,-1.0,True,8000,5.6667216995265335e-05,0.99
double_dqn,1226,0.16875,1,10.0,True,8000,4.56572524853982e-05,0.99
double_dqn,1227,0.16807,2,9.0,True,8000,2.6537709345575422e-05,0.99
double_dqn,1228,0.16739,7,4.0,True,8000,4.505582546698861e-05,0.99
double_dqn,1229,0.16671,5,6.0,True,8000,3.1628598662791774e-05,0.99
double_dqn,1230,0.16604,5,6.0,True,8000,3.64872430509422e-05,0.99
double_dqn,1231,0.16536,5,6.0,True,8000,3.863618985633366e-05,0.99
double_dqn,1232,0.16468,1,10.0,True,8000,0.00013641489204019308,0.99
double_dqn,1233,0.164,4,7.0,True,8000,0.0007999075460247695,0.99
double_dqn,1234,0.16332,3,8.0,True,8000,0.00016464821237605065,0.99
double_dqn,1235,0.16264,2,9.0,True,8000,0.00012867925397586077,0.99
double_dqn,1236,0.16196,6,5.0,True,8000,0.00019229603640269488,0.99
double_dqn,1237,0.16129,2,9.0,True,8000,0.00020796785247512162,0.99
double_dqn,1238,0.16061,5,6.0,True,8000,0.0008910003234632313,0.99
double_dqn,1239,0.15993,7,4.0,True,8000,0.001147124683484435,0.99
double_dqn,1240,0.15925,1,10.0,True,8000,0.002220979891717434,0.99
double_dqn,1241,0.15857,4,7.0,True,8000,0.0006913273828104138,0.99
double_dqn,1242,0.15789,8,3.0,True,8000,0.0008061871048994362,0.99
double_dqn,1243,0.15721,9,2.0,True,8000,0.0006869505159556866,0.99
double_dqn,1244,0.15654,7,4.0,True,8000,0.0009518418228253722,0.99
double_dqn,1245,0.15586,5,6.0,True,8000,0.0006375589873641729,0.99
double_dqn,1246,0.15518,2,9.0,True,8000,0.0006284211413003504,0.99
double_dqn,1247,0.1545,5,6.0,True,8000,0.0005923231365159154,0.99
double_dqn,1248,0.15382,6,5.0,True,8000,0.0003772460331674665,0.99
double_dqn,1249,0.15314,6,5.0,True,8000,0.0007455679588019848,0.99
double_dqn,1250,0.15246,5,6.0,True,8000,0.0007820866885595024,0.99
double_dqn,1251,0.15179,6,5.0,True,8000,0.0004092676972504705,0.99
double_dqn,1252,0.15111,7,4.0,True,8000,0.001003498793579638,0.99
double_dqn,1253,0.15043,6,5.0,True,8000,0.0010907584801316261,0.99
double_dqn,1254,0.14975,6,5.0,True,8000,0.0007905330276116729,0.99
double_dqn,1255,0.14907,6,5.0,True,8000,0.0006187153048813343,0.99
double_dqn,1256,0.14839,7,4.0,True,8000,0.0013817959697917104,0.99
double_dqn,1257,0.14771,4,7.0,True,8000,0.0009239065111614764,0.99
double_dqn,1258,0.14704,6,5.0,True,8000,0.0003514962154440582,0.99
double_dqn,1259,0.14636,7,4.0,True,8000,0.0007181800901889801,0.99
double_dqn,1260,0.14568,3,8.0,True,8000,0.00046386258327402174,0.99
double_dqn,1261,0.145,5,6.0,True,8000,0.0004533770843409002,0.99
double_dqn,1262,0.14432,5,6.0,True,8000,0.0012250997824594378,0.99
double_dqn,1263,0.14364,6,5.0,True,8000,0.0009233001037500799,0.99
double_dqn,1264,0.14296,8,3.0,True,8000,0.0005146672483533621,0.99
double_dqn,1265,0.14229,7,4.0,True,8000,0.0021039440762251616,0.99
double_dqn,1266,0.14161,1,10.0,True,8000,0.0012818111572414637,0.99
double_dqn,1267,0.14093,6,5.0,True,8000,0.0004051798314321786,0.99
double_dqn,1268,0.14025,4,7.0,True,8000,0.0005393213359639049,0.99
double_dqn,1269,0.13957,8,3.0,True,8000,0.0024202559143304825,0.99
double_dqn,1270,0.13889,6,5.0,True,8000,0.0018602131167426705,0.99
double_dqn,1271,0.13821,8,3.0,True,8000,0.0027957172133028507,0.99
double_dqn,1272,0.13754,6,5.0,True,8000,0.0019421469187363982,0.99
double_dqn,1273,0.13686,5,6.0,True,8000,0.0007339329458773136,0.99
double_dqn,1274,0.13618,7,4.0,True,8000,0.00139617919921875,0.99
double_dqn,1275,0.1355,7,4.0,True,8000,0.0020290075335651636,0.99
double_dqn,1276,0.13482,4,7.0,True,8000,0.0011541947023943067,0.99
double_dqn,1277,0.13414,3,8.0,True,8000,0.0009264685213565826,0.99
double_dqn,1278,0.13346,4,7.0,True,8000,0.0008573003578931093,0.99
double_dqn,1279,0.13279,4,7.0,True,8000,0.0004890451673418283,0.99
double_dqn,1280,0.13211,3,8.0,True,8000,0.0005280041950754821,0.99
double_dqn,1281,0.13143,1,10.0,True,8000,0.0009757888037711382,0.99
double_dqn,1282,0.13075,7,4.0,True,8000,0.0004971881280653179,0.99
double_dqn,1283,0.13007,5,6.0,True,8000,0.000554392347112298,1.0
double_dqn,1284,0.12939,4,7.0,True,8000,0.00035779617610387504,1.0
double_dqn,1285,0.12871,3,8.0,True,8000,0.0001604269491508603,1.0
double_dqn,1286,0.12804,5,6.0,True,8000,0.000219125795410946,1.0
double_dqn,1287,0.12736,7,4.0,True,8000,0.0002687223022803664,1.0
double_dqn,1288,0.12668,6,5.0,True,8000,0.00033101902226917446,1.0
double_dqn,1289,0.126,6,5.0,True,8000,0.00038074434269219637,1.0
double_dqn,1290,0.12532,1,10.0,True,8000,0.0002804632531479001,1.0
double_dqn,1291,0.12464,8,3.0,True,8000,0.0016353148967027664,1.0
double_dqn,1292,0.12396,8,3.0,True,8000,0.0007683128933422267,1.0
double_dqn,1293,0.12329,5,6.0,True,8000,0.000596861878875643,1.0
double_dqn,1294,0.12261,5,6.0,True,8000,0.0004713559173978865,1.0
double_dqn,1295,0.12193,5,6.0,True,8000,0.0005715982406400144,1.0
double_dqn,1296,0.12125,3,8.0,True,8000,0.0003418991109356284,1.0
double_dqn,1297,0.12057,6,5.0,True,8000,0.0002092050708597526,1.0
double_dqn,1298,0.11989,4,7.0,True,8000,0.00010258778638672084,1.0
double_dqn,1299,0.11921,4,7.0,True,8000,0.00015873581287451088,1.0
double_dqn,1300,0.11854,5,6.0,True,8000,0.00011471092875581235,1.0
double_dqn,1301,0.11786,7,4.0,True,8000,4.0366001485381275e-05,1.0
double_dqn,1302,0.11718,2,9.0,True,8000,0.00018830870976671576,1.0
double_dqn,1303,0.1165,5,6.0,True,8000,0.00014297549205366522,1.0
double_dqn,1304,0.11582,1,10.0,True,8000,4.174861533101648e-05,1.0
double_dqn,1305,0.11514,5,6.0,True,8000,8.663747576065361e-05,1.0
double_dqn,1306,0.11446,4,7.0,True,8000,7.065173849696293e-05,1.0
double_dqn,1307,0.11379,7,4.0,True,8000,2.7353284167475067e-05,1.0
double_dqn,1308,0.11311,6,5.0,True,8000,1.488644011260476e-05,1.0
double_dqn,1309,0.11243,2,9.0,True,8000,2.2499974875245243e-05,1.0
double_dqn,1310,0.11175,6,5.0,True,8000,2.358351048314944e-05,1.0
double_dqn,1311,0.11107,1,10.0,True,8000,5.7410215958952904e-05,1.0
double_dqn,1312,0.11039,6,5.0,True,8000,0.0008299851906485856,1.0
double_dqn,1313,0.10971,6,5.0,True,8000,0.0007646185695193708,1.0
double_dqn,1314,0.10904,5,6.0,True,8000,0.0005749702686443925,1.0
double_dqn,1315,0.10836,2,9.0,True,8000,0.00023273596889339387,1.0
double_dqn,1316,0.10768,3,8.0,True,8000,0.00034278567181900144,1.0
double_dqn,1317,0.107,7,4.0,True,8000,0.00024704396491870284,1.0
double_dqn,1318,0.10632,7,4.0,True,8000,0.00023470420273952186,1.0
double_dqn,1319,0.10564,4,7.0,True,8000,0.00015500215522479266,1.0
double_dqn,1320,0.10496,3,8.0,True,8000,0.0002544075541663915,1.0
double_dqn,1321,0.10429,10,1.0,True,8000,0.00013324465544428676,1.0
double_dqn,1322,0.10361,10,1.0,True,8000,9.366586891701445e-05,1.0
double_dqn,1323,0.10293,3,8.0,True,8000,0.00010279175330651924,1.0
double_dqn,1324,0.10225,4,7.0,True,8000,0.00010286271572113037,1.0
double_dqn,1325,0.10157,3,8.0,True,8000,0.00013237445091363043,1.0
double_dqn,1326,0.10089,5,6.0,True,8000,0.00014551557251252234,1.0
double_dqn,1327,0.10021,7,4.0,True,8000,5.681979382643476e-05,1.0
double_dqn,1328,0.09954,6,5.0,True,8000,0.00027241549105383456,1.0
double_dqn,1329,0.09886,2,9.0,True,8000,6.501749157905579e-05,1.0
double_dqn,1330,0.09818,6,5.0,True,8000,5.6452900025760755e-05,1.0
double_dqn,1331,0.0975,8,3.0,True,8000,0.000628805486485362,1.0
double_dqn,1332,0.09682,5,6.0,True,8000,0.0006735334754921496,1.0
double_dqn,1333,0.09614,7,4.0,True,8000,0.00034939206670969725,1.0
double_dqn,1334,0.09546,3,8.0,True,8000,0.0003345755103509873,1.0
double_dqn,1335,0.09479,6,5.0,True,8000,0.00020764452347066253,1.0
double_dqn,1336,0.09411,2,9.0,True,8000,0.000525244337040931,1.0
double_dqn,1337,0.09343,7,4.0,True,8000,0.0001605942234164104,1.0
double_dqn,1338,0.09275,7,4.0,True,8000,0.0002017382939811796,1.0
double_dqn,1339,0.09207,6,5.0,True,8000,0.00019044155487790704,1.0
double_dqn,1340,0.09139,7,4.0,True,8000,0.0001050195496645756,1.0
double_dqn,1341,0.09071,6,5.0,True,8000,3.977225787821226e-05,1.0
double_dqn,1342,0.09004,5,6.0,True,8000,3.535300857038237e-05,1.0
double_dqn,1343,0.08936,7,4.0,True,8000,1.5631041605956852e-05,1.0
double_dqn,1344,0.08868,6,5.0,True,8000,3.348062455188483e-05,1.0
double_dqn,1345,0.088,7,4.0,True,8000,3.927547004423104e-05,1.0
double_dqn,1346,0.08732,6,5.0,True,8000,1.6177511497517116e-05,1.0
double_dqn,1347,0.08664,3,8.0,True,8000,1.6399706510128453e-05,1.0
double_dqn,1348,0.08596,5,6.0,True,8000,4.817150329472497e-05,1.0
double_dqn,1349,0.08529,4,7.0,True,8000,0.0003366021846886724,1.0
double_dqn,1350,0.08461,5,6.0,True,8000,0.00018967865617014468,1.0
double_dqn,1351,0.08393,6,5.0,True,8000,0.0003724308335222304,1.0
double_dqn,1352,0.08325,1,10.0,True,8000,0.00023835089814383537,1.0
double_dqn,1353,0.08257,3,8.0,True,8000,0.00028334150556474924,1.0
double_dqn,1354,0.08189,5,6.0,True,8000,0.00010489368287380785,1.0
double_dqn,1355,0.08121,6,5.0,True,8000,0.00018154601275455207,1.0
double_dqn,1356,0.08054,3,8.0,True,8000,0.00017385129467584193,1.0
double_dqn,1357,0.07986,3,8.0,True,8000,0.00011227352661080658,1.0
double_dqn,1358,0.07918,5,6.0,True,8000,9.03397667570971e-05,1.0
double_dqn,1359,0.0785,5,6.0,True,8000,0.00014356139581650496,1.0
double_dqn,1360,0.07782,6,5.0,True,8000,0.00010576065687928349,1.0
double_dqn,1361,0.07714,7,4.0,True,8000,5.347692422219552e-05,1.0
double_dqn,1362,0.07646,6,5.0,True,8000,5.965948002994992e-05,1.0
double_dqn,1363,0.07579,4,7.0,True,8000,6.0771410062443465e-05,1.0
double_dqn,1364,0.07511,4,7.0,True,8000,3.606548852985725e-05,1.0
double_dqn,1365,0.07443,5,6.0,True,8000,4.826830991078168e-05,1.0
double_dqn,1366,0.07375,3,8.0,True,8000,1.6701793356332928e-05,1.0
double_dqn,1367,0.07307,6,5.0,True,8000,0.0006269746227189898,1.0
double_dqn,1368,0.07239,1,10.0,True,8000,8.881739631760865e-05,1.0
double_dqn,1369,0.07171,7,4.0,True,8000,8.656688441988081e-05,1.0
double_dqn,1370,0.07104,5,6.0,True,8000,0.0002661398611962795,1.0
double_dqn,1371,0.07036,1,10.0,True,8000,6.593069701921195e-05,1.0
double_dqn,1372,0.06968,8,3.0,True,8000,0.00038109690649434924,1.0
double_dqn,1373,0.069,6,5.0,True,8000,0.0003657738561742008,1.0
double_dqn,1374,0.06832,7,4.0,True,8000,0.0003213356831111014,1.0
double_dqn,1375,0.06764,4,7.0,True,8000,0.0001755218836478889,1.0
double_dqn,1376,0.06696,6,5.0,True,8000,0.0002960632846225053,1.0
double_dqn,1377,0.06629,4,7.0,True,8000,0.00018345982243772596,1.0
double_dqn,1378,0.06561,2,9.0,True,8000,0.00013815215788781643,1.0
double_dqn,1379,0.06493,6,5.0,True,8000,0.00030463002622127533,1.0
double_dqn,1380,0.06425,5,6.0,True,8000,0.00019211981270927936,1.0
double_dqn,1381,0.06357,6,5.0,True,8000,0.00028479224420152605,1.0
double_dqn,1382,0.06289,5,6.0,True,8000,0.00028117067995481193,1.0
double_dqn,1383,0.06221,6,5.0,True,8000,0.00016950536519289017,1.0
double_dqn,1384,0.06154,4,7.0,True,8000,0.00018446767353452742,1.0
double_dqn,1385,0.06086,4,7.0,True,8000,0.0003930763341486454,1.0
double_dqn,1386,0.06018,5,6.0,True,8000,7.66851007938385e-05,1.0
double_dqn,1387,0.0595,6,5.0,True,8000,0.00029728806111961603,1.0
double_dqn,1388,0.05882,5,6.0,True,8000,0.0002947404864244163,1.0
double_dqn,1389,0.05814,1,10.0,True,8000,0.002149708801880479,1.0
double_dqn,1390,0.05746,8,3.0,True,8000,0.0004293386882636696,1.0
double_dqn,1391,0.05679,6,5.0,True,8000,0.0008415048359893262,1.0
double_dqn,1392,0.05611,5,6.0,True,8000,0.0009062804165296257,1.0
double_dqn,1393,0.05543,6,5.0,True,8000,0.0007937827613204718,1.0
double_dqn,1394,0.05475,1,10.0,True,8000,0.0003299980890005827,1.0
double_dqn,1395,0.05407,6,5.0,True,8000,0.0019778364803642035,1.0
double_dqn,1396,0.05339,2,9.0,True,8000,0.0003592279681470245,1.0
double_dqn,1397,0.05271,3,8.0,True,8000,0.0004820522153750062,1.0
double_dqn,1398,0.05204,7,4.0,True,8000,0.0011915049981325865,1.0
double_dqn,1399,0.05136,5,6.0,True,8000,0.0027773953042924404,1.0
double_dqn,1400,0.05068,2,9.0,True,8000,0.0011213435791432858,1.0
double_dqn,1401,0.05,2,9.0,True,8000,0.0005190244992263615,1.0
double_dqn,1402,0.05,5,6.0,True,8000,0.0009945133933797479,1.0
double_dqn,1403,0.05,3,8.0,True,8000,0.0015073535032570362,1.0
double_dqn,1404,0.05,4,7.0,True,8000,0.0010698949918150902,1.0
double_dqn,1405,0.05,7,4.0,True,8000,0.001107321586459875,1.0
double_dqn,1406,0.05,4,7.0,True,8000,0.0007374336710199714,1.0
double_dqn,1407,0.05,5,6.0,True,8000,0.0005697190063074231,1.0
double_dqn,1408,0.05,2,9.0,True,8000,0.00047613208880648017,1.0
double_dqn,1409,0.05,3,8.0,True,8000,0.0009110425598919392,1.0
double_dqn,1410,0.05,4,7.0,True,8000,0.0008838421781547368,1.0
double_dqn,1411,0.05,5,6.0,True,8000,0.00029253686079755425,1.0
double_dqn,1412,0.05,3,8.0,True,8000,0.00020384526578709483,1.0
double_dqn,1413,0.05,7,4.0,True,8000,0.0001746497000567615,1.0
double_dqn,1414,0.05,3,8.0,True,8000,0.0002631234237924218,1.0
double_dqn,1415,0.05,1,10.0,True,8000,0.00032824702793732285,1.0
double_dqn,1416,0.05,8,3.0,True,8000,0.0004131435707677156,1.0
double_dqn,1417,0.05,6,5.0,True,8000,0.0003243154496885836,1.0
double_dqn,1418,0.05,4,7.0,True,8000,0.0005634596454910934,1.0
double_dqn,1419,0.05,3,8.0,True,8000,0.00023245128977578133,1.0
double_dqn,1420,0.05,2,9.0,True,8000,0.000189651022083126,1.0
double_dqn,1421,0.05,1,10.0,True,8000,0.00022749192430637777,1.0
double_dqn,1422,0.05,5,6.0,True,8000,9.694495383882895e-05,1.0
double_dqn,1423,0.05,5,6.0,True,8000,0.00010713140363804996,1.0
double_dqn,1424,0.05,5,6.0,True,8000,7.952336454764009e-05,1.0
double_dqn,1425,0.05,7,4.0,True,8000,0.00019944347150158137,1.0
double_dqn,1426,0.05,3,8.0,True,8000,0.00023439308279193938,1.0
double_dqn,1427,0.05,4,7.0,True,8000,0.0003204920212738216,1.0
double_dqn,1428,0.05,4,7.0,True,8000,0.00026790480478666723,1.0
double_dqn,1429,0.05,8,3.0,True,8000,0.0001880372001323849,1.0
double_dqn,1430,0.05,1,10.0,True,8000,0.0010437344899401069,1.0
double_dqn,1431,0.05,5,6.0,True,8000,0.00015853017976041883,1.0
double_dqn,1432,0.05,2,9.0,True,8000,0.00029820739291608334,1.0
double_dqn,1433,0.05,5,6.0,True,8000,0.00029789036489091814,1.0
double_dqn,1434,0.05,5,6.0,True,8000,0.0006336683873087168,1.0
double_dqn,1435,0.05,4,7.0,True,8000,0.0007264348096214235,1.0
double_dqn,1436,0.05,5,6.0,True,8000,0.0003832903748843819,1.0
double_dqn,1437,0.05,6,5.0,True,8000,0.0003255385090596974,1.0
double_dqn,1438,0.05,4,7.0,True,8000,0.0010110095608979464,1.0
double_dqn,1439,0.05,6,5.0,True,8000,0.00047865763190202415,1.0
double_dqn,1440,0.05,6,5.0,True,8000,0.0007531360606662929,1.0
double_dqn,1441,0.05,6,5.0,True,8000,0.0004957548808306456,1.0
double_dqn,1442,0.05,1,10.0,True,8000,0.0002616431738715619,1.0
double_dqn,1443,0.05,5,6.0,True,8000,0.0001305805053561926,1.0
double_dqn,1444,0.05,10,1.0,True,8000,5.9175861679250374e-05,1.0
double_dqn,1445,0.05,4,7.0,True,8000,0.00011347602412570268,1.0
double_dqn,1446,0.05,6,5.0,True,8000,0.00013532463344745338,1.0
double_dqn,1447,0.05,7,4.0,True,8000,0.00013936345931142569,1.0
double_dqn,1448,0.05,5,6.0,True,8000,0.0001748920331010595,1.0
double_dqn,1449,0.05,1,10.0,True,8000,0.00017210846999660134,1.0
double_dqn,1450,0.05,3,8.0,True,8000,0.00013544640387408435,1.0
double_dqn,1451,0.05,1,10.0,True,8000,0.00015155415167100728,1.0
double_dqn,1452,0.05,6,5.0,True,8000,0.0008629676885902882,1.0
double_dqn,1453,0.05,8,3.0,True,8000,0.00026288212393410504,1.0
double_dqn,1454,0.05,5,6.0,True,8000,0.0001339949667453766,1.0
double_dqn,1455,0.05,6,5.0,True,8000,0.0001690062927082181,1.0
double_dqn,1456,0.05,3,8.0,True,8000,0.00011940007243538275,1.0
double_dqn,1457,0.05,8,3.0,True,8000,0.0001580574898980558,1.0
double_dqn,1458,0.05,1,10.0,True,8000,0.0001172879638033919,1.0
double_dqn,1459,0.05,5,6.0,True,8000,0.0006331217009574175,1.0
double_dqn,1460,0.05,3,8.0,True,8000,0.0004651972558349371,1.0
double_dqn,1461,0.05,4,7.0,True,8000,0.00027099536964669824,1.0
double_dqn,1462,0.05,4,7.0,True,8000,0.000384334271075204,1.0
double_dqn,1463,0.05,5,6.0,True,8000,0.0005372652667574584,1.0
double_dqn,1464,0.05,4,7.0,True,8000,0.00043989651021547616,1.0
double_dqn,1465,0.05,5,6.0,True,8000,0.000196154200239107,1.0
double_dqn,1466,0.05,7,4.0,True,8000,5.691844125976786e-05,1.0
double_dqn,1467,0.05,6,5.0,True,8000,6.986242078710347e-05,1.0
double_dqn,1468,0.05,7,4.0,True,8000,0.00024044697056524456,1.0
double_dqn,1469,0.05,5,6.0,True,8000,7.468636613339186e-05,1.0
double_dqn,1470,0.05,3,8.0,True,8000,0.00011454958439571783,1.0
double_dqn,1471,0.05,3,8.0,True,8000,5.872377005289309e-05,1.0
double_dqn,1472,0.05,5,6.0,True,8000,6.346414011204615e-05,1.0
double_dqn,1473,0.05,3,8.0,True,8000,9.30081369006075e-05,1.0
double_dqn,1474,0.05,6,5.0,True,8000,7.811965770088136e-05,1.0
double_dqn,1475,0.05,2,9.0,True,8000,7.786184141878039e-05,1.0
double_dqn,1476,0.05,4,7.0,True,8000,6.734771159244701e-05,1.0
double_dqn,1477,0.05,7,4.0,True,8000,2.543678965594154e-05,1.0
double_dqn,1478,0.05,2,9.0,True,8000,3.603554068831727e-05,1.0
double_dqn,1479,0.05,1,-10.0,False,8000,1.1726774573617149e-05,0.99
double_dqn,1480,0.05,7,4.0,True,8000,8.555655949749053e-05,0.99
double_dqn,1481,0.05,7,4.0,True,8000,0.0001359792659059167,0.99
double_dqn,1482,0.05,7,4.0,True,8000,6.797185051254928e-05,0.99
double_dqn,1483,0.05,4,7.0,True,8000,4.103272658539936e-05,0.99
double_dqn,1484,0.05,6,5.0,True,8000,4.945507680531591e-05,0.99
double_dqn,1485,0.05,3,8.0,True,8000,8.165287727024406e-05,0.99
double_dqn,1486,0.05,1,10.0,True,8000,5.936470188316889e-05,0.99
double_dqn,1487,0.05,1,10.0,True,8000,6.576546002179384e-05,0.99
double_dqn,1488,0.05,5,6.0,True,8000,0.00017461433890275657,0.99
double_dqn,1489,0.05,3,8.0,True,8000,2.8742531867465004e-05,0.99
double_dqn,1490,0.05,6,5.0,True,8000,2.6403917217976414e-05,0.99
double_dqn,1491,0.05,4,7.0,True,8000,3.82756807084661e-05,0.99
double_dqn,1492,0.05,4,7.0,True,8000,2.234378371213097e-05,0.99
double_dqn,1493,0.05,7,4.0,True,8000,2.5492519853287376e-05,0.99
double_dqn,1494,0.05,4,7.0,True,8000,1.4585818462364841e-05,0.99
double_dqn,1495,0.05,7,4.0,True,8000,2.023003798967693e-05,0.99
double_dqn,1496,0.05,4,7.0,True,8000,2.1375208234530874e-05,0.99
double_dqn,1497,0.05,6,5.0,True,8000,1.978507498279214e-05,0.99
double_dqn,1498,0.05,9,2.0,True,8000,1.298088682233356e-05,0.99
double_dqn,1499,0.05,1,10.0,True,8000,1.9556335246306844e-05,0.99
double_dqn,1500,0.05,2,9.0,True,8000,5.379467620514333e-05,0.99
double_dqn,1501,0.05,4,7.0,True,8000,1.6776020856923424e-05,0.99
double_dqn,1502,0.05,9,2.0,True,8000,8.371558942599222e-05,0.99
double_dqn,1503,0.05,1,10.0,True,8000,6.258124631131068e-05,0.99
double_dqn,1504,0.05,2,9.0,True,8000,0.00013976528134662658,0.99
double_dqn,1505,0.05,1,10.0,True,8000,3.4402855817461386e-05,0.99
double_dqn,1506,0.05,8,3.0,True,8000,6.447843770729378e-05,0.99
double_dqn,1507,0.05,4,7.0,True,8000,3.955698775826022e-05,0.99
double_dqn,1508,0.05,6,5.0,True,8000,6.273489270824939e-05,0.99
double_dqn,1509,0.05,3,8.0,True,8000,5.175077967578545e-05,0.99
double_dqn,1510,0.05,7,4.0,True,8000,5.309630432748236e-05,0.99
double_dqn,1511,0.05,2,9.0,True,8000,8.377399353776127e-05,0.99
double_dqn,1512,0.05,2,9.0,True,8000,3.0258735932875425e-05,0.99
double_dqn,1513,0.05,3,8.0,True,8000,5.901887925574556e-05,0.99
double_dqn,1514,0.05,6,5.0,True,8000,2.4042474251473323e-05,0.99
double_dqn,1515,0.05,3,8.0,True,8000,6.885206676088274e-05,0.99
double_dqn,1516,0.05,5,6.0,True,8000,1.6513789887540042e-05,0.99
double_dqn,1517,0.05,5,6.0,True,8000,1.9047778550884686e-05,0.99
double_dqn,1518,0.05,3,8.0,True,8000,2.8720256523229182e-05,0.99
double_dqn,1519,0.05,5,6.0,True,8000,7.892483154137153e-06,0.99
double_dqn,1520,0.05,5,6.0,True,8000,1.3617227523354813e-05,0.99
double_dqn,1521,0.05,5,6.0,True,8000,7.70923088566633e-06,0.99
double_dqn,1522,0.05,5,6.0,True,8000,3.878344614349771e-06,0.99
double_dqn,1523,0.05,7,4.0,True,8000,6.630491043324582e-06,0.99
double_dqn,1524,0.05,3,8.0,True,8000,1.0939201274595689e-05,0.99
double_dqn,1525,0.05,4,7.0,True,8000,6.305348961177515e-06,0.99
double_dqn,1526,0.05,6,5.0,True,8000,4.216243542032316e-05,0.99
double_dqn,1527,0.05,6,5.0,True,8000,2.6436287953401916e-05,0.99
double_dqn,1528,0.05,2,9.0,True,8000,3.796669261646457e-05,0.99
double_dqn,1529,0.05,5,6.0,True,8000,2.1566476789303124e-05,0.99
double_dqn,1530,0.05,4,7.0,True,8000,1.3707169273402542e-05,0.99
double_dqn,1531,0.05,5,6.0,True,8000,3.638270209194161e-05,0.99
double_dqn,1532,0.05,4,7.0,True,8000,1.9392406102269888e-05,0.99
double_dqn,1533,0.05,2,9.0,True,8000,2.8241760446690023e-05,0.99
double_dqn,1534,0.05,6,5.0,True,8000,4.4040734792361036e-05,0.99
double_dqn,1535,0.05,5,6.0,True,8000,1.0904112059506588e-05,0.99
double_dqn,1536,0.05,4,7.0,True,8000,3.357026798767038e-05,0.99
double_dqn,1537,0.05,5,6.0,True,8000,3.770186231122352e-05,0.99
double_dqn,1538,0.05,4,7.0,True,8000,9.672349551692605e-05,0.99
double_dqn,1539,0.05,4,7.0,True,8000,2.2591271772398613e-05,0.99
double_dqn,1540,0.05,4,7.0,True,8000,2.2526306565850973e-05,0.99
double_dqn,1541,0.05,7,4.0,True,8000,1.3268931979837362e-05,0.99
double_dqn,1542,0.05,6,5.0,True,8000,1.8749822629615664e-05,0.99
double_dqn,1543,0.05,4,7.0,True,8000,1.5870435163378716e-05,0.99
double_dqn,1544,0.05,5,6.0,True,8000,2.4197994207497686e-05,0.99
double_dqn,1545,0.05,5,6.0,True,8000,3.4779666748363525e-05,0.99
double_dqn,1546,0.05,5,6.0,True,8000,3.7744190194644034e-05,0.99
double_dqn,1547,0.05,6,5.0,True,8000,9.064836376637686e-06,0.99
double_dqn,1548,0.05,4,7.0,True,8000,2.1983112674206495e-05,0.99
double_dqn,1549,0.05,7,4.0,True,8000,2.235225838376209e-05,0.99
double_dqn,1550,0.05,4,7.0,True,8000,3.096161162829958e-05,0.99
double_dqn,1551,0.05,6,5.0,True,8000,2.1431340428534895e-05,0.99
double_dqn,1552,0.05,5,6.0,True,8000,4.619632818503305e-05,0.99
double_dqn,1553,0.05,4,7.0,True,8000,2.0637515262933448e-05,0.99
double_dqn,1554,0.05,4,7.0,True,8000,2.280115404573735e-05,0.99
double_dqn,1555,0.05,9,2.0,True,8000,2.584817229944747e-05,0.99
double_dqn,1556,0.05,6,5.0,True,8000,5.7296405429951847e-05,0.99
double_dqn,1557,0.05,6,5.0,True,8000,5.530464113689959e-05,0.99
double_dqn,1558,0.05,5,6.0,True,8000,2.985485116369091e-05,0.99
double_dqn,1559,0.05,5,6.0,True,8000,4.625799920177087e-05,0.99
double_dqn,1560,0.05,5,6.0,True,8000,5.2104594942647964e-05,0.99
double_dqn,1561,0.05,5,6.0,True,8000,3.411179568502121e-05,0.99
double_dqn,1562,0.05,4,7.0,True,8000,0.00012103693006793037,0.99
double_dqn,1563,0.05,3,8.0,True,8000,8.47963965497911e-05,0.99
double_dqn,1564,0.05,3,8.0,True,8000,6.171653512865305e-05,0.99
double_dqn,1565,0.05,4,7.0,True,8000,0.00011088588507845998,0.99
double_dqn,1566,0.05,5,6.0,True,8000,4.201919728075154e-05,0.99
double_dqn,1567,0.05,4,7.0,True,8000,4.408983659232035e-05,0.99
double_dqn,1568,0.05,7,4.0,True,8000,0.00027950017829425633,0.99
double_dqn,1569,0.05,2,9.0,True,8000,0.00017886536079458892,0.99
double_dqn,1570,0.05,6,5.0,True,8000,0.00015416117093991488,0.99
double_dqn,1571,0.05,4,7.0,True,8000,8.338056068168953e-05,0.99
double_dqn,1572,0.05,5,6.0,True,8000,0.0001333539403276518,0.99
double_dqn,1573,0.05,6,5.0,True,8000,0.00032872153678908944,0.99
double_dqn,1574,0.05,7,4.0,True,8000,6.59037905279547e-05,0.99
double_dqn,1575,0.05,7,4.0,True,8000,7.614908099640161e-05,0.99
double_dqn,1576,0.05,3,8.0,True,8000,5.0219736294820905e-05,0.99
double_dqn,1577,0.05,4,7.0,True,8000,6.2148756114766e-05,0.99
double_dqn,1578,0.05,2,9.0,True,8000,5.558055636356585e-05,0.99
double_dqn,1579,0.05,5,6.0,True,8000,4.3447897041914985e-05,1.0
double_dqn,1580,0.05,1,10.0,True,8000,2.393650902376976e-05,1.0
double_dqn,1581,0.05,1,10.0,True,8000,6.024277172400616e-05,1.0
double_dqn,1582,0.05,4,7.0,True,8000,4.528586214291863e-05,1.0
double_dqn,1583,0.05,3,8.0,True,8000,7.714332605246454e-05,1.0
double_dqn,1584,0.05,5,6.0,True,8000,7.39109018468298e-05,1.0
double_dqn,1585,0.05,3,8.0,True,8000,6.69249493512325e-05,1.0
double_dqn,1586,0.05,7,4.0,True,8000,3.490182280074805e-05,1.0
double_dqn,1587,0.05,5,6.0,True,8000,3.461169762886129e-05,1.0
double_dqn,1588,0.05,5,6.0,True,8000,2.5871224352158606e-05,1.0
double_dqn,1589,0.05,4,7.0,True,8000,2.922408930317033e-05,1.0
double_dqn,1590,0.05,7,4.0,True,8000,5.9101243095938116e-05,1.0
double_dqn,1591,0.05,7,4.0,True,8000,4.8730726120993495e-05,1.0
double_dqn,1592,0.05,4,7.0,True,8000,5.724994116462767e-05,1.0
double_dqn,1593,0.05,7,4.0,True,8000,5.576347030000761e-05,1.0
double_dqn,1594,0.05,7,4.0,True,8000,3.854948590742424e-05,1.0
double_dqn,1595,0.05,1,10.0,True,8000,3.672698949230835e-05,1.0
double_dqn,1596,0.05,1,10.0,True,8000,1.9106495528831147e-05,1.0
double_dqn,1597,0.05,3,8.0,True,8000,4.721102595794946e-05,1.0
double_dqn,1598,0.05,2,9.0,True,8000,1.861904820543714e-05,1.0
double_dqn,1599,0.05,4,7.0,True,8000,8.243605407187715e-05,1.0
double_dqn,1600,0.05,2,9.0,True,8000,4.649018228519708e-05,1.0
double_dqn,1601,0.05,5,6.0,True,8000,2.970365312648937e-05,1.0
double_dqn,1602,0.05,6,5.0,True,8000,4.037672988488339e-05,1.0
double_dqn,1603,0.05,4,7.0,True,8000,1.807460648706183e-05,1.0
double_dqn,1604,0.05,7,4.0,True,8000,1.8443166482029483e-05,1.0
double_dqn,1605,0.05,3,8.0,True,8000,4.400562102091499e-05,1.0
double_dqn,1606,0.05,1,10.0,True,8000,7.700886635575444e-05,1.0
double_dqn,1607,0.05,1,10.0,True,8000,6.625249079661444e-05,1.0
double_dqn,1608,0.05,4,7.0,True,8000,4.335088669904508e-05,1.0
double_dqn,1609,0.05,7,4.0,True,8000,2.7075389880337752e-05,1.0
double_dqn,1610,0.05,1,10.0,True,8000,2.2437512598116882e-05,1.0
double_dqn,1611,0.05,5,6.0,True,8000,1.4895575077389367e-05,1.0
double_dqn,1612,0.05,4,7.0,True,8000,2.375612166360952e-05,1.0
double_dqn,1613,0.05,5,6.0,True,8000,5.502753992914222e-06,1.0
double_dqn,1614,0.05,6,5.0,True,8000,1.4386725524673238e-05,1.0
double_dqn,1615,0.05,5,6.0,True,8000,7.826296496205032e-05,1.0
double_dqn,1616,0.05,7,4.0,True,8000,0.00019685905135702342,1.0
double_dqn,1617,0.05,8,3.0,True,8000,4.025933230877854e-05,1.0
double_dqn,1618,0.05,3,8.0,True,8000,3.742999251699075e-05,1.0
double_dqn,1619,0.05,6,5.0,True,8000,8.644019544590265e-05,1.0
double_dqn,1620,0.05,4,7.0,True,8000,2.2536491087521426e-05,1.0
double_dqn,1621,0.05,3,8.0,True,8000,2.974844755954109e-05,1.0
double_dqn,1622,0.05,4,7.0,True,8000,2.520540147088468e-05,1.0
double_dqn,1623,0.05,3,8.0,True,8000,2.4952956664492376e-05,1.0
double_dqn,1624,0.05,5,6.0,True,8000,1.9470218830974773e-05,1.0
double_dqn,1625,0.05,3,8.0,True,8000,2.8893173293909058e-05,1.0
double_dqn,1626,0.05,5,6.0,True,8000,3.240752266719937e-05,1.0
double_dqn,1627,0.05,7,4.0,True,8000,4.29564097430557e-05,1.0
double_dqn,1628,0.05,7,4.0,True,8000,5.048620005254634e-05,1.0
double_dqn,1629,0.05,2,9.0,True,8000,1.9386719941394404e-05,1.0
double_dqn,1630,0.05,5,6.0,True,8000,5.328599945642054e-05,1.0
double_dqn,1631,0.05,5,6.0,True,8000,9.801947453524917e-05,1.0
double_dqn,1632,0.05,6,5.0,True,8000,8.499241812387481e-05,1.0
double_dqn,1633,0.05,4,7.0,True,8000,0.00025412943796254694,1.0
double_dqn,1634,0.05,4,7.0,True,8000,0.00014242362522054464,1.0
double_dqn,1635,0.05,3,8.0,True,8000,0.00010372114775236696,1.0
double_dqn,1636,0.05,2,9.0,True,8000,7.622818520758301e-05,1.0
double_dqn,1637,0.05,6,5.0,True,8000,0.00015518954023718834,1.0
double_dqn,1638,0.05,6,5.0,True,8000,0.00015098862058948725,1.0
double_dqn,1639,0.05,5,6.0,True,8000,0.00013205317372921854,1.0
double_dqn,1640,0.05,7,4.0,True,8000,0.0001786041830200702,1.0
double_dqn,1641,0.05,5,6.0,True,8000,0.000526697258464992,1.0
double_dqn,1642,0.05,4,7.0,True,8000,9.310775203630328e-05,1.0
double_dqn,1643,0.05,1,10.0,True,8000,0.00013487394608091563,1.0
double_dqn,1644,0.05,7,4.0,True,8000,0.0002091037022182718,1.0
double_dqn,1645,0.05,6,5.0,True,8000,0.00012408263864926994,1.0
double_dqn,1646,0.05,3,8.0,True,8000,9.268754365621135e-05,1.0
double_dqn,1647,0.05,8,3.0,True,8000,0.00014437925710808486,1.0
double_dqn,1648,0.05,5,6.0,True,8000,4.5212131226435304e-05,1.0
double_dqn,1649,0.05,5,6.0,True,8000,0.00014037993969395757,1.0
double_dqn,1650,0.05,5,6.0,True,8000,8.948235335992649e-05,1.0
double_dqn,1651,0.05,2,9.0,True,8000,0.00010949462011922151,1.0
double_dqn,1652,0.05,1,10.0,True,8000,0.00014845056284684688,1.0
double_dqn,1653,0.05,3,8.0,True,8000,0.00013866637891624123,1.0
double_dqn,1654,0.05,6,5.0,True,8000,9.929887892212719e-05,1.0
double_dqn,1655,0.05,4,7.0,True,8000,5.29850585735403e-05,1.0
double_dqn,1656,0.05,7,4.0,True,8000,5.973341831122525e-05,1.0
double_dqn,1657,0.05,6,5.0,True,8000,8.794345194473863e-05,1.0
double_dqn,1658,0.05,7,4.0,True,8000,0.00010013383871410042,1.0
double_dqn,1659,0.05,2,9.0,True,8000,0.0002794768661260605,1.0
double_dqn,1660,0.05,5,6.0,True,8000,4.6552544517908245e-05,1.0
double_dqn,1661,0.05,7,4.0,True,8000,0.0001097188942367211,1.0
double_dqn,1662,0.05,2,9.0,True,8000,3.571598062990233e-05,1.0
double_dqn,1663,0.05,2,9.0,True,8000,0.00012677568884100765,1.0
double_dqn,1664,0.05,4,7.0,True,8000,0.000550158612895757,1.0
double_dqn,1665,0.05,4,7.0,True,8000,0.00012956111459061503,1.0
double_dqn,1666,0.05,3,8.0,True,8000,7.88847537478432e-05,1.0
double_dqn,1667,0.05,7,4.0,True,8000,3.0309367502923124e-05,1.0
double_dqn,1668,0.05,7,4.0,True,8000,9.191794379148632e-05,1.0
double_dqn,1669,0.05,5,6.0,True,8000,7.04506819602102e-05,1.0
double_dqn,1670,0.05,4,7.0,True,8000,7.27896549506113e-05,1.0
double_dqn,1671,0.05,6,5.0,True,8000,9.536659490549937e-05,1.0
double_dqn,1672,0.05,6,5.0,True,8000,0.00010928021947620437,1.0
double_dqn,1673,0.05,6,5.0,True,8000,3.261796155129559e-05,1.0
double_dqn,1674,0.05,5,6.0,True,8000,0.0006725513958372176,1.0
double_dqn,1675,0.05,3,8.0,True,8000,0.00029690511291846633,1.0
double_dqn,1676,0.05,4,7.0,True,8000,0.0010505827376618981,1.0
double_dqn,1677,0.05,7,4.0,True,8000,0.0011312304995954037,1.0
double_dqn,1678,0.05,6,5.0,True,8000,0.0005029159947298467,1.0
double_dqn,1679,0.05,9,2.0,True,8000,0.0005391729064285755,1.0
double_dqn,1680,0.05,3,8.0,True,8000,0.0006357044912874699,1.0
double_dqn,1681,0.05,2,9.0,True,8000,0.0008706997032277286,1.0
double_dqn,1682,0.05,3,8.0,True,8000,0.0006604766822420061,1.0
double_dqn,1683,0.05,4,7.0,True,8000,0.00019141787197440863,1.0
double_dqn,1684,0.05,6,5.0,True,8000,0.00044110516319051385,1.0
double_dqn,1685,0.05,6,5.0,True,8000,0.000166578363860026,1.0
double_dqn,1686,0.05,6,5.0,True,8000,8.22431466076523e-05,1.0
double_dqn,1687,0.05,3,8.0,True,8000,8.261981565738097e-05,1.0
double_dqn,1688,0.05,5,6.0,True,8000,0.0001708401832729578,1.0
double_dqn,1689,0.05,5,6.0,True,8000,0.00022753194207325578,1.0
double_dqn,1690,0.05,2,9.0,True,8000,0.0002064937725663185,1.0
double_dqn,1691,0.05,2,9.0,True,8000,0.000150884865433909,1.0
double_dqn,1692,0.05,4,7.0,True,8000,0.00016125582624226809,1.0
double_dqn,1693,0.05,4,7.0,True,8000,0.00021511972590815276,1.0
double_dqn,1694,0.05,3,8.0,True,8000,0.00023980109835974872,1.0
double_dqn,1695,0.05,5,6.0,True,8000,0.0006541420589201152,1.0
double_dqn,1696,0.05,4,7.0,True,8000,0.00029783177888020873,1.0
double_dqn,1697,0.05,2,9.0,True,8000,5.307463652570732e-05,1.0
double_dqn,1698,0.05,8,3.0,True,8000,7.185656431829557e-05,1.0
double_dqn,1699,0.05,4,7.0,True,8000,3.9638627640670165e-05,1.0
double_dqn,1700,0.05,7,4.0,True,8000,0.00015628617256879807,1.0
double_dqn,1701,0.05,6,5.0,True,8000,0.0003255393239669502,1.0
double_dqn,1702,0.05,2,9.0,True,8000,0.00023883313406258821,1.0
double_dqn,1703,0.05,1,10.0,True,8000,0.0003100887988694012,1.0
double_dqn,1704,0.05,7,4.0,True,8000,0.0007098880014382303,1.0
double_dqn,1705,0.05,6,5.0,True,8000,0.0005904862773604691,1.0
double_dqn,1706,0.05,5,6.0,True,8000,0.0003813743242062628,1.0
double_dqn,1707,0.05,6,5.0,True,8000,0.00017162130097858608,1.0
double_dqn,1708,0.05,3,8.0,True,8000,0.0001436470920452848,1.0
double_dqn,1709,0.05,6,5.0,True,8000,0.00019201899704057723,1.0
double_dqn,1710,0.05,9,2.0,True,8000,0.0003361007838975638,1.0
double_dqn,1711,0.05,10,1.0,True,8000,0.0004702424048446119,1.0
double_dqn,1712,0.05,5,6.0,True,8000,0.000433482404332608,1.0
double_dqn,1713,0.05,5,6.0,True,8000,0.0004496056935749948,1.0
double_dqn,1714,0.05,3,8.0,True,8000,0.001138548832386732,1.0
double_dqn,1715,0.05,6,5.0,True,8000,0.001070803264155984,1.0
double_dqn,1716,0.05,5,6.0,True,8000,0.0009438160341233015,1.0
double_dqn,1717,0.05,6,5.0,True,8000,0.00048493113717995584,1.0
double_dqn,1718,0.05,3,8.0,True,8000,0.000307705340674147,1.0
double_dqn,1719,0.05,1,10.0,True,8000,0.0004993467591702938,1.0
double_dqn,1720,0.05,6,5.0,True,8000,0.0005800178623758256,1.0
double_dqn,1721,0.05,3,8.0,True,8000,0.0004885619855485857,1.0
double_dqn,1722,0.05,3,8.0,True,8000,0.0007882033823989332,1.0
double_dqn,1723,0.05,5,6.0,True,8000,0.00035405094968155026,1.0
double_dqn,1724,0.05,5,6.0,True,8000,0.000264826143393293,1.0
double_dqn,1725,0.05,3,8.0,True,8000,0.00018338994414079934,1.0
double_dqn,1726,0.05,3,8.0,True,8000,0.0003085114876739681,1.0
double_dqn,1727,0.05,6,5.0,True,8000,0.00023440009681507945,1.0
double_dqn,1728,0.05,5,6.0,True,8000,0.0002855320635717362,1.0
double_dqn,1729,0.05,3,8.0,True,8000,0.0009704729891382158,1.0
double_dqn,1730,0.05,5,6.0,True,8000,0.0002488125755917281,1.0
double_dqn,1731,0.05,6,5.0,True,8000,0.0015526507049798965,1.0
double_dqn,1732,0.05,5,6.0,True,8000,0.003550581634044647,1.0
double_dqn,1733,0.05,5,6.0,True,8000,0.003489113412797451,1.0
double_dqn,1734,0.05,5,6.0,True,8000,0.0034362629521638155,1.0
double_dqn,1735,0.05,6,5.0,True,8000,0.012844841927289963,1.0
double_dqn,1736,0.05,3,8.0,True,8000,0.010143771767616272,1.0
double_dqn,1737,0.05,2,9.0,True,8000,0.004044405184686184,1.0
double_dqn,1738,0.05,5,6.0,True,8000,0.006349489558488131,1.0
double_dqn,1739,0.05,5,6.0,True,8000,0.00805174745619297,1.0
double_dqn,1740,0.05,2,9.0,True,8000,0.00585729256272316,1.0
double_dqn,1741,0.05,8,3.0,True,8000,0.0011926087317988276,1.0
double_dqn,1742,0.05,7,4.0,True,8000,0.003129072254523635,1.0
double_dqn,1743,0.05,5,6.0,True,8000,0.004747360944747925,1.0
double_dqn,1744,0.05,5,6.0,True,8000,0.002689962973818183,1.0
double_dqn,1745,0.05,6,5.0,True,8000,0.0022439518943428993,1.0
double_dqn,1746,0.05,6,5.0,True,8000,0.0031779168639332056,1.0
double_dqn,1747,0.05,5,6.0,True,8000,0.002395360264927149,1.0
double_dqn,1748,0.05,6,5.0,True,8000,0.003497921396046877,1.0
double_dqn,1749,0.05,7,4.0,True,8000,0.0014452235773205757,1.0
double_dqn,1750,0.05,6,5.0,True,8000,0.0026703199837356806,1.0
double_dqn,1751,0.05,6,5.0,True,8000,0.001676799263805151,1.0
double_dqn,1752,0.05,5,6.0,True,8000,0.0014890312450006604,1.0
double_dqn,1753,0.05,5,6.0,True,8000,0.0010756079573184252,1.0
double_dqn,1754,0.05,1,10.0,True,8000,0.00040722909034229815,1.0
double_dqn,1755,0.05,4,7.0,True,8000,0.0009534980054013431,1.0
double_dqn,1756,0.05,6,5.0,True,8000,0.0017201501177623868,1.0
double_dqn,1757,0.05,6,5.0,True,8000,0.0008327201940119267,1.0
double_dqn,1758,0.05,6,5.0,True,8000,0.0014632877428084612,1.0
double_dqn,1759,0.05,5,6.0,True,8000,0.0024187052622437477,1.0
double_dqn,1760,0.05,6,5.0,True,8000,0.001319882576353848,1.0
double_dqn,1761,0.05,2,9.0,True,8000,0.00240508746355772,1.0
double_dqn,1762,0.05,6,5.0,True,8000,0.0011551394127309322,1.0
double_dqn,1763,0.05,2,9.0,True,8000,0.0012992460979148746,1.0
double_dqn,1764,0.05,9,2.0,True,8000,0.0010348109062761068,1.0
double_dqn,1765,0.05,3,8.0,True,8000,0.0007227585883811116,1.0
double_dqn,1766,0.05,6,5.0,True,8000,0.0003682717797346413,1.0
double_dqn,1767,0.05,4,7.0,True,8000,0.0002749758423306048,1.0
double_dqn,1768,0.05,5,6.0,True,8000,0.00045632669935002923,1.0
double_dqn,1769,0.05,3,8.0,True,8000,0.00034062727354466915,1.0
double_dqn,1770,0.05,7,4.0,True,8000,0.00030956705450080335,1.0
double_dqn,1771,0.05,9,2.0,True,8000,0.00039056228706613183,1.0
double_dqn,1772,0.05,6,5.0,True,8000,0.00018049190111923963,1.0
double_dqn,1773,0.05,3,8.0,True,8000,0.00028481800109148026,1.0
double_dqn,1774,0.05,5,6.0,True,8000,0.00013909704284742475,1.0
double_dqn,1775,0.05,2,9.0,True,8000,0.00011870438902406022,1.0
double_dqn,1776,0.05,6,5.0,True,8000,6.091027898946777e-05,1.0
double_dqn,1777,0.05,6,5.0,True,8000,9.424707241123542e-05,1.0
double_dqn,1778,0.05,4,7.0,True,8000,0.00010608794400468469,1.0
double_dqn,1779,0.05,6,5.0,True,8000,5.382481322158128e-05,1.0
double_dqn,1780,0.05,4,7.0,True,8000,0.00019582330423872918,1.0
double_dqn,1781,0.05,6,5.0,True,8000,0.0010421409970149398,1.0
double_dqn,1782,0.05,3,8.0,True,8000,0.00045598993892781436,1.0
double_dqn,1783,0.05,8,3.0,True,8000,0.000407537940191105,1.0
double_dqn,1784,0.05,5,6.0,True,8000,0.0003556370211299509,1.0
double_dqn,1785,0.05,5,6.0,True,8000,0.00033722087391652167,1.0
double_dqn,1786,0.05,7,4.0,True,8000,0.00031693250639364123,1.0
double_dqn,1787,0.05,7,4.0,True,8000,0.0003320481046102941,1.0
double_dqn,1788,0.05,5,6.0,True,8000,0.00020075024804100394,1.0
double_dqn,1789,0.05,3,8.0,True,8000,0.0002242670743726194,1.0
double_dqn,1790,0.05,5,6.0,True,8000,7.497501792386174e-05,1.0
double_dqn,1791,0.05,1,10.0,True,8000,0.0001516151532996446,1.0
double_dqn,1792,0.05,6,5.0,True,8000,5.9392128605395555e-05,1.0
double_dqn,1793,0.05,2,9.0,True,8000,6.221270450623706e-05,1.0
double_dqn,1794,0.05,6,5.0,True,8000,3.5543867852538824e-05,1.0
double_dqn,1795,0.05,6,5.0,True,8000,4.15462491218932e-05,1.0
double_dqn,1796,0.05,1,10.0,True,8000,3.0997831345302984e-05,1.0
double_dqn,1797,0.05,5,6.0,True,8000,1.8261691366205923e-05,1.0
double_dqn,1798,0.05,4,7.0,True,8000,3.688053402584046e-05,1.0
double_dqn,1799,0.05,6,5.0,True,8000,2.4923589080572128e-05,1.0
double_dqn,1800,0.05,7,4.0,True,8000,1.759542828949634e-05,1.0
double_dqn,1801,0.05,6,5.0,True,8000,1.3747810044151265e-05,1.0
double_dqn,1802,0.05,4,7.0,True,8000,0.000307248265016824,1.0
double_dqn,1803,0.05,8,3.0,True,8000,0.0002896099758800119,1.0
double_dqn,1804,0.05,1,10.0,True,8000,0.00014545911108143628,1.0
double_dqn,1805,0.05,7,4.0,True,8000,0.00017110917542595416,1.0
double_dqn,1806,0.05,3,8.0,True,8000,6.50349902571179e-05,1.0
double_dqn,1807,0.05,3,8.0,True,8000,0.00012439808051567525,1.0
double_dqn,1808,0.05,7,4.0,True,8000,0.00012334292114246637,1.0
double_dqn,1809,0.05,6,5.0,True,8000,0.00011910261673619971,1.0
double_dqn,1810,0.05,1,10.0,True,8000,4.5351342123467475e-05,1.0
double_dqn,1811,0.05,6,5.0,True,8000,5.2624855015892535e-05,1.0
double_dqn,1812,0.05,5,6.0,True,8000,3.422196823521517e-05,1.0
double_dqn,1813,0.05,6,5.0,True,8000,1.5723771866760217e-05,1.0
double_dqn,1814,0.05,4,7.0,True,8000,2.377825694566127e-05,1.0
double_dqn,1815,0.05,6,5.0,True,8000,1.2148624591645785e-05,1.0
double_dqn,1816,0.05,4,7.0,True,8000,2.932399365818128e-05,1.0
double_dqn,1817,0.05,2,9.0,True,8000,2.0055096683790907e-05,1.0
double_dqn,1818,0.05,8,3.0,True,8000,9.189450793201104e-06,1.0
double_dqn,1819,0.05,4,7.0,True,8000,1.3888939065509476e-05,1.0
double_dqn,1820,0.05,3,8.0,True,8000,1.7021317034959793e-05,1.0
double_dqn,1821,0.05,4,7.0,True,8000,2.9150109185138717e-05,1.0
double_dqn,1822,0.05,6,5.0,True,8000,5.696995140169747e-05,1.0
double_dqn,1823,0.05,3,8.0,True,8000,3.88959379051812e-05,1.0
double_dqn,1824,0.05,4,7.0,True,8000,0.00040744830039329827,1.0
double_dqn,1825,0.05,5,6.0,True,8000,0.00010612045298330486,1.0
double_dqn,1826,0.05,8,3.0,True,8000,0.00010296340042259544,1.0
double_dqn,1827,0.05,4,7.0,True,8000,0.00013388285879045725,1.0
double_dqn,1828,0.05,1,10.0,True,8000,0.00016489351401105523,1.0
double_dqn,1829,0.05,6,5.0,True,8000,9.241564112016931e-05,1.0
double_dqn,1830,0.05,5,6.0,True,8000,6.181528442539275e-05,1.0
double_dqn,1831,0.05,4,7.0,True,8000,3.69778681488242e-05,1.0
double_dqn,1832,0.05,2,9.0,True,8000,5.5139003961812705e-05,1.0
double_dqn,1833,0.05,4,7.0,True,8000,2.409748049103655e-05,1.0
double_dqn,1834,0.05,5,6.0,True,8000,1.5167113815550692e-05,1.0
double_dqn,1835,0.05,7,4.0,True,8000,6.5317067310388666e-06,1.0
double_dqn,1836,0.05,10,1.0,True,8000,0.00011590561189223081,1.0
double_dqn,1837,0.05,3,8.0,True,8000,1.7900012608151883e-05,1.0
double_dqn,1838,0.05,8,3.0,True,8000,1.2054464605171233e-05,1.0
double_dqn,1839,0.05,2,9.0,True,8000,4.550336598185822e-06,1.0
double_dqn,1840,0.05,7,4.0,True,8000,7.646479389222804e-06,1.0
double_dqn,1841,0.05,1,10.0,True,8000,8.59144074638607e-06,1.0
double_dqn,1842,0.05,6,5.0,True,8000,5.857942596776411e-06,1.0
double_dqn,1843,0.05,5,6.0,True,8000,1.2555721696116962e-05,1.0
double_dqn,1844,0.05,3,8.0,True,8000,3.996145096607506e-06,1.0
double_dqn,1845,0.05,6,5.0,True,8000,6.194233719725162e-05,1.0
double_dqn,1846,0.05,6,5.0,True,8000,7.546205597463995e-05,1.0
double_dqn,1847,0.05,4,7.0,True,8000,5.1818351494148374e-05,1.0
double_dqn,1848,0.05,5,6.0,True,8000,7.782131433486938e-05,1.0
double_dqn,1849,0.05,3,8.0,True,8000,4.487433034228161e-05,1.0
double_dqn,1850,0.05,7,4.0,True,8000,0.0001540885423310101,1.0
double_dqn,1851,0.05,5,6.0,True,8000,2.0610592400771566e-05,1.0
double_dqn,1852,0.05,2,9.0,True,8000,4.7108296712394804e-05,1.0
double_dqn,1853,0.05,5,6.0,True,8000,1.4790214663662482e-05,1.0
double_dqn,1854,0.05,2,9.0,True,8000,1.9076742319157347e-05,1.0
double_dqn,1855,0.05,5,6.0,True,8000,1.555850940349046e-05,1.0
double_dqn,1856,0.05,3,8.0,True,8000,8.486234946758486e-06,1.0
double_dqn,1857,0.05,7,4.0,True,8000,1.7109556210925803e-05,1.0
double_dqn,1858,0.05,1,10.0,True,8000,8.70687381393509e-06,1.0
double_dqn,1859,0.05,3,8.0,True,8000,1.426414746674709e-05,1.0
double_dqn,1860,0.05,5,6.0,True,8000,1.3228149327915162e-05,1.0
double_dqn,1861,0.05,1,10.0,True,8000,6.459332780650584e-06,1.0
double_dqn,1862,0.05,5,6.0,True,8000,9.149382094619796e-06,1.0
double_dqn,1863,0.05,5,6.0,True,8000,2.4848730390658602e-05,1.0
double_dqn,1864,0.05,4,7.0,True,8000,2.6027712010545656e-05,1.0
double_dqn,1865,0.05,6,5.0,True,8000,3.300478056189604e-05,1.0
double_dqn,1866,0.05,8,3.0,True,8000,9.530305760563351e-06,1.0
double_dqn,1867,0.05,6,5.0,True,8000,7.072772132232785e-05,1.0
double_dqn,1868,0.05,3,8.0,True,8000,4.20666292484384e-05,1.0
double_dqn,1869,0.05,2,9.0,True,8000,5.034249625168741e-05,1.0
double_dqn,1870,0.05,6,5.0,True,8000,2.934986878244672e-05,1.0
double_dqn,1871,0.05,6,5.0,True,8000,2.400827725068666e-05,1.0
double_dqn,1872,0.05,4,7.0,True,8000,1.3938499250798486e-05,1.0
double_dqn,1873,0.05,6,5.0,True,8000,2.0973548089386895e-05,1.0
double_dqn,1874,0.05,7,4.0,True,8000,2.963454244309105e-05,1.0
double_dqn,1875,0.05,4,7.0,True,8000,2.874646997952368e-05,1.0
double_dqn,1876,0.05,3,8.0,True,8000,3.109866156592034e-05,1.0
double_dqn,1877,0.05,5,6.0,True,8000,3.362798452144489e-05,1.0
double_dqn,1878,0.05,2,9.0,True,8000,2.488934842403978e-05,1.0
double_dqn,1879,0.05,6,5.0,True,8000,2.0340363334980793e-05,1.0
double_dqn,1880,0.05,6,5.0,True,8000,1.0813013432198204e-05,1.0
double_dqn,1881,0.05,1,10.0,True,8000,1.9394889022805728e-05,1.0
double_dqn,1882,0.05,8,3.0,True,8000,2.756417052296456e-05,1.0
double_dqn,1883,0.05,2,9.0,True,8000,1.574833004269749e-05,1.0
double_dqn,1884,0.05,2,9.0,True,8000,9.72826273937244e-06,1.0
double_dqn,1885,0.05,6,5.0,True,8000,4.510658982326277e-06,1.0
double_dqn,1886,0.05,4,7.0,True,8000,4.128185992158251e-06,1.0
double_dqn,1887,0.05,2,9.0,True,8000,5.413442522694822e-06,1.0
double_dqn,1888,0.05,4,7.0,True,8000,3.856383500533411e-06,1.0
double_dqn,1889,0.05,6,5.0,True,8000,9.521294487058185e-06,1.0
double_dqn,1890,0.05,3,8.0,True,8000,4.659347905544564e-05,1.0
double_dqn,1891,0.05,6,5.0,True,8000,1.8689532225835137e-05,1.0
double_dqn,1892,0.05,1,10.0,True,8000,2.8055821530870162e-05,1.0
double_dqn,1893,0.05,5,6.0,True,8000,4.3021711462643e-05,1.0
double_dqn,1894,0.05,6,5.0,True,8000,1.8583101336844265e-05,1.0
double_dqn,1895,0.05,5,6.0,True,8000,1.8930442820419557e-05,1.0
double_dqn,1896,0.05,3,8.0,True,8000,1.6780524674686603e-05,1.0
double_dqn,1897,0.05,2,9.0,True,8000,7.187632036220748e-06,1.0
double_dqn,1898,0.05,2,9.0,True,8000,1.2926668205182068e-05,1.0
double_dqn,1899,0.05,2,9.0,True,8000,7.244471817102749e-06,1.0
double_dqn,1900,0.05,5,6.0,True,8000,7.889040716690943e-06,1.0
double_dqn,1901,0.05,3,8.0,True,8000,1.2341163710516412e-05,1.0
double_dqn,1902,0.05,6,5.0,True,8000,8.298407919937745e-06,1.0
double_dqn,1903,0.05,5,6.0,True,8000,5.265251274977345e-06,1.0
double_dqn,1904,0.05,4,7.0,True,8000,7.2573666329844855e-06,1.0
double_dqn,1905,0.05,3,8.0,True,8000,6.860022381260933e-07,1.0
double_dqn,1906,0.05,8,3.0,True,8000,1.1170717471031821e-06,1.0
double_dqn,1907,0.05,4,7.0,True,8000,2.6931163574772654e-06,1.0
double_dqn,1908,0.05,4,7.0,True,8000,1.9476324268907774e-06,1.0
double_dqn,1909,0.05,5,6.0,True,8000,4.575526418193476e-06,1.0
double_dqn,1910,0.05,6,5.0,True,8000,1.8880156858358532e-05,1.0
double_dqn,1911,0.05,6,5.0,True,8000,2.9575439839391038e-05,1.0
double_dqn,1912,0.05,1,10.0,True,8000,2.9804910809616558e-05,1.0
double_dqn,1913,0.05,5,6.0,True,8000,2.4945762561401352e-05,1.0
double_dqn,1914,0.05,5,6.0,True,8000,5.926542871748097e-05,1.0
double_dqn,1915,0.05,7,4.0,True,8000,1.4597204426536337e-05,1.0
double_dqn,1916,0.05,7,4.0,True,8000,6.369951734086499e-06,1.0
double_dqn,1917,0.05,5,6.0,True,8000,3.2112806366058066e-05,1.0
double_dqn,1918,0.05,3,8.0,True,8000,2.173886059608776e-05,1.0
double_dqn,1919,0.05,1,10.0,True,8000,2.231009966635611e-05,1.0
double_dqn,1920,0.05,5,6.0,True,8000,1.932893428602256e-05,1.0
double_dqn,1921,0.05,5,6.0,True,8000,2.8774244128726423e-05,1.0
double_dqn,1922,0.05,5,6.0,True,8000,1.2524436897365376e-05,1.0
double_dqn,1923,0.05,8,3.0,True,8000,6.682669209112646e-06,1.0
double_dqn,1924,0.05,4,7.0,True,8000,5.6347635108977556e-05,1.0
double_dqn,1925,0.05,5,6.0,True,8000,1.8955464838654734e-05,1.0
double_dqn,1926,0.05,4,7.0,True,8000,1.052406969392905e-05,1.0
double_dqn,1927,0.05,6,5.0,True,8000,1.850056287366897e-05,1.0
double_dqn,1928,0.05,1,10.0,True,8000,7.052762157400139e-06,1.0
double_dqn,1929,0.05,4,7.0,True,8000,8.429958143096883e-06,1.0
double_dqn,1930,0.05,4,7.0,True,8000,7.779155566822737e-06,1.0
double_dqn,1931,0.05,7,4.0,True,8000,4.895943675364833e-06,1.0
double_dqn,1932,0.05,6,5.0,True,8000,1.8139446638087975e-06,1.0
double_dqn,1933,0.05,7,4.0,True,8000,2.2880999495100696e-06,1.0
double_dqn,1934,0.05,4,7.0,True,8000,1.0573889994702768e-05,1.0
double_dqn,1935,0.05,4,7.0,True,8000,5.424723894975614e-06,1.0
double_dqn,1936,0.05,5,6.0,True,8000,4.541258931567427e-06,1.0
double_dqn,1937,0.05,5,6.0,True,8000,3.57275575879612e-06,1.0
double_dqn,1938,0.05,3,8.0,True,8000,2.8237868718861137e-06,1.0
double_dqn,1939,0.05,1,10.0,True,8000,3.3300593713647686e-06,1.0
double_dqn,1940,0.05,4,7.0,True,8000,3.333350832690485e-06,1.0
double_dqn,1941,0.05,7,4.0,True,8000,5.5006939874147065e-06,1.0
double_dqn,1942,0.05,3,8.0,True,8000,8.982630788523238e-06,1.0
double_dqn,1943,0.05,3,8.0,True,8000,5.422330559667898e-06,1.0
double_dqn,1944,0.05,7,4.0,True,8000,8.638483450340573e-06,1.0
double_dqn,1945,0.05,7,4.0,True,8000,5.170217718841741e-06,1.0
double_dqn,1946,0.05,5,6.0,True,8000,2.1799112801090814e-05,1.0
double_dqn,1947,0.05,5,6.0,True,8000,2.8026474865328055e-06,1.0
double_dqn,1948,0.05,5,6.0,True,8000,2.3571299152536085e-06,1.0
double_dqn,1949,0.05,4,7.0,True,8000,4.765653102367651e-06,1.0
double_dqn,1950,0.05,9,2.0,True,8000,5.8238792917109095e-06,1.0
double_dqn,1951,0.05,6,5.0,True,8000,6.386828772519948e-06,1.0
double_dqn,1952,0.05,7,4.0,True,8000,2.8225458663655445e-06,1.0
double_dqn,1953,0.05,3,8.0,True,8000,3.4022191357507836e-06,1.0
double_dqn,1954,0.05,6,5.0,True,8000,9.928202416631393e-06,1.0
double_dqn,1955,0.05,4,7.0,True,8000,4.4675929530058056e-05,1.0
double_dqn,1956,0.05,3,8.0,True,8000,3.484298940747976e-05,1.0
double_dqn,1957,0.05,8,3.0,True,8000,1.1250106581428554e-05,1.0
double_dqn,1958,0.05,6,5.0,True,8000,1.1510235708556138e-05,1.0
double_dqn,1959,0.05,5,6.0,True,8000,8.700541911821347e-06,1.0
double_dqn,1960,0.05,1,10.0,True,8000,8.915180842450354e-06,1.0
double_dqn,1961,0.05,5,6.0,True,8000,8.197120223485399e-06,1.0
double_dqn,1962,0.05,3,8.0,True,8000,3.853932412312133e-06,1.0
double_dqn,1963,0.05,6,5.0,True,8000,2.2164761048770742e-06,1.0
double_dqn,1964,0.05,6,5.0,True,8000,1.9540407265594695e-06,1.0
double_dqn,1965,0.05,3,8.0,True,8000,5.575723662332166e-06,1.0
double_dqn,1966,0.05,5,6.0,True,8000,4.606870788848028e-06,1.0
double_dqn,1967,0.05,2,9.0,True,8000,3.705299604916945e-06,1.0
double_dqn,1968,0.05,5,6.0,True,8000,1.5720681858510943e-06,1.0
double_dqn,1969,0.05,4,7.0,True,8000,3.567300609574886e-06,1.0
double_dqn,1970,0.05,5,6.0,True,8000,1.1175611689395737e-06,1.0
double_dqn,1971,0.05,7,4.0,True,8000,1.0609255696181208e-06,1.0
double_dqn,1972,0.05,6,5.0,True,8000,8.278643122139329e-07,1.0
double_dqn,1973,0.05,6,5.0,True,8000,9.0857798795696e-07,1.0
double_dqn,1974,0.05,7,4.0,True,8000,5.548953936340695e-07,1.0
double_dqn,1975,0.05,6,5.0,True,8000,4.2519318412814755e-06,1.0
double_dqn,1976,0.05,5,6.0,True,8000,4.208898189972388e-06,1.0
double_dqn,1977,0.05,3,8.0,True,8000,3.866713086608797e-06,1.0
double_dqn,1978,0.05,5,6.0,True,8000,3.191512178091216e-06,1.0
double_dqn,1979,0.05,1,10.0,True,8000,5.117512046126649e-06,1.0
double_dqn,1980,0.05,7,4.0,True,8000,3.973118509748019e-06,1.0
double_dqn,1981,0.05,1,10.0,True,8000,3.5219591154600494e-06,1.0
double_dqn,1982,0.05,3,8.0,True,8000,1.463546254854009e-06,1.0
double_dqn,1983,0.05,3,8.0,True,8000,1.306062131334329e-06,1.0
double_dqn,1984,0.05,6,5.0,True,8000,4.76359582535224e-06,1.0
double_dqn,1985,0.05,6,5.0,True,8000,2.5480730982962996e-06,1.0
double_dqn,1986,0.05,3,8.0,True,8000,5.081785275251605e-06,1.0
double_dqn,1987,0.05,2,9.0,True,8000,3.1377758205053397e-06,1.0
double_dqn,1988,0.05,4,7.0,True,8000,2.011293872783426e-06,1.0
double_dqn,1989,0.05,3,8.0,True,8000,3.326695832583937e-06,1.0
double_dqn,1990,0.05,7,4.0,True,8000,3.13504688165267e-06,1.0
double_dqn,1991,0.05,4,7.0,True,8000,2.382691036473261e-06,1.0
double_dqn,1992,0.05,8,3.0,True,8000,2.9078680654492928e-06,1.0
double_dqn,1993,0.05,2,9.0,True,8000,2.28767180487921e-06,1.0
double_dqn,1994,0.05,3,8.0,True,8000,1.8435920310366782e-06,1.0
double_dqn,1995,0.05,2,9.0,True,8000,2.09906079362554e-06,1.0
double_dqn,1996,0.05,6,5.0,True,8000,6.07150013820501e-07,1.0
double_dqn,1997,0.05,4,7.0,True,8000,1.001526561594801e-05,1.0
double_dqn,1998,0.05,5,6.0,True,8000,2.118227530445438e-05,1.0
double_dqn,1999,0.05,4,7.0,True,8000,3.950432073906995e-06,1.0
double_dqn,2000,0.05,2,9.0,True,8000,1.5763127521495335e-05,1.0
double_dqn,2001,0.05,5,6.0,True,8000,3.842488877126016e-05,1.0
double_dqn,2002,0.05,4,7.0,True,8000,3.7751212857983774e-06,1.0
double_dqn,2003,0.05,5,6.0,True,8000,4.4817472371505573e-05,1.0
double_dqn,2004,0.05,6,5.0,True,8000,1.0023446520790458e-05,1.0
double_dqn,2005,0.05,6,5.0,True,8000,1.2687512025877368e-05,1.0
double_dqn,2006,0.05,6,5.0,True,8000,1.9375194824533537e-05,1.0
double_dqn,2007,0.05,6,5.0,True,8000,8.707863344170619e-06,1.0
double_dqn,2008,0.05,4,7.0,True,8000,1.4226543498807587e-05,1.0
double_dqn,2009,0.05,5,6.0,True,8000,1.9726903701666743e-06,1.0
double_dqn,2010,0.05,4,7.0,True,8000,3.2060197554528713e-06,1.0
double_dqn,2011,0.05,6,5.0,True,8000,9.945470083039254e-06,1.0
double_dqn,2012,0.05,4,7.0,True,8000,4.465754955162993e-06,1.0
double_dqn,2013,0.05,7,4.0,True,8000,8.070416697592009e-06,1.0
double_dqn,2014,0.05,5,6.0,True,8000,2.7696469260263257e-06,1.0
double_dqn,2015,0.05,4,7.0,True,8000,1.248435069101106e-06,1.0
double_dqn,2016,0.05,3,8.0,True,8000,3.4928336845041486e-06,1.0
double_dqn,2017,0.05,3,8.0,True,8000,2.432604787827586e-06,1.0
double_dqn,2018,0.05,6,5.0,True,8000,2.6815998808160657e-06,1.0
double_dqn,2019,0.05,1,10.0,True,8000,6.149345608719159e-06,1.0
double_dqn,2020,0.05,5,6.0,True,8000,9.582032362231985e-06,1.0
double_dqn,2021,0.05,6,5.0,True,8000,3.967709744756576e-06,1.0
double_dqn,2022,0.05,2,9.0,True,8000,1.112371410272317e-05,1.0
double_dqn,2023,0.05,5,6.0,True,8000,6.331699296424631e-06,1.0
double_dqn,2024,0.05,4,7.0,True,8000,8.755871931498405e-06,1.0
double_dqn,2025,0.05,5,6.0,True,8000,6.5790500229923055e-06,1.0
double_dqn,2026,0.05,6,5.0,True,8000,2.3546901957161026e-06,1.0
double_dqn,2027,0.05,4,7.0,True,8000,4.293558504286921e-06,1.0
double_dqn,2028,0.05,1,10.0,True,8000,3.2710961477278033e-06,1.0
double_dqn,2029,0.05,4,7.0,True,8000,1.933636212925194e-06,1.0
double_dqn,2030,0.05,5,6.0,True,8000,1.5250361684593372e-06,1.0
double_dqn,2031,0.05,4,7.0,True,8000,1.3276044228405226e-06,1.0
double_dqn,2032,0.05,2,9.0,True,8000,1.5914287132545724e-06,1.0
double_dqn,2033,0.05,8,3.0,True,8000,2.449265366522013e-06,1.0
double_dqn,2034,0.05,2,9.0,True,8000,2.9432540031848475e-06,1.0
double_dqn,2035,0.05,3,8.0,True,8000,2.402108748356113e-06,1.0
double_dqn,2036,0.05,5,6.0,True,8000,1.6928319155340432e-06,1.0
double_dqn,2037,0.05,5,6.0,True,8000,1.6411818251071963e-06,1.0
double_dqn,2038,0.05,3,8.0,True,8000,1.7437433825762128e-06,1.0
double_dqn,2039,0.05,1,10.0,True,8000,1.8719410945777781e-06,1.0
double_dqn,2040,0.05,4,7.0,True,8000,9.131777005677577e-07,1.0
double_dqn,2041,0.05,1,10.0,True,8000,5.881507831873023e-07,1.0
double_dqn,2042,0.05,3,8.0,True,8000,7.73362899053609e-07,1.0
double_dqn,2043,0.05,7,4.0,True,8000,3.275853828199615e-07,1.0
double_dqn,2044,0.05,3,8.0,True,8000,6.461579573624476e-07,1.0
double_dqn,2045,0.05,7,4.0,True,8000,1.520909563623718e-06,1.0
double_dqn,2046,0.05,5,6.0,True,8000,7.58534906708519e-06,1.0
double_dqn,2047,0.05,5,6.0,True,8000,3.739057319762651e-06,1.0
double_dqn,2048,0.05,5,6.0,True,8000,2.1249306882964447e-06,1.0
double_dqn,2049,0.05,7,4.0,True,8000,5.427904397947714e-06,1.0
double_dqn,2050,0.05,4,7.0,True,8000,2.307486511199386e-06,1.0
double_dqn,2051,0.05,2,9.0,True,8000,4.525810709310463e-06,1.0
double_dqn,2052,0.05,6,5.0,True,8000,6.9092484409338795e-06,1.0
double_dqn,2053,0.05,3,8.0,True,8000,4.1425464587518945e-06,1.0
double_dqn,2054,0.05,6,5.0,True,8000,1.3910141660744557e-06,1.0
double_dqn,2055,0.05,5,6.0,True,8000,1.997455910895951e-06,1.0
double_dqn,2056,0.05,2,9.0,True,8000,3.914942681149114e-06,1.0
double_dqn,2057,0.05,4,7.0,True,8000,5.066228368377779e-06,1.0
double_dqn,2058,0.05,7,4.0,True,8000,2.2564925075130304e-06,1.0
double_dqn,2059,0.05,5,6.0,True,8000,3.0607143344241194e-06,1.0
double_dqn,2060,0.05,5,6.0,True,8000,4.861738034378504e-06,1.0
double_dqn,2061,0.05,3,8.0,True,8000,3.7649122077709762e-06,1.0
double_dqn,2062,0.05,5,6.0,True,8000,2.9973036816954846e-06,1.0
double_dqn,2063,0.05,5,6.0,True,8000,2.4499913706677034e-06,1.0
double_dqn,2064,0.05,7,4.0,True,8000,5.259809768176638e-06,1.0
double_dqn,2065,0.05,4,7.0,True,8000,1.3287564797792584e-05,1.0
double_dqn,2066,0.05,2,9.0,True,8000,4.9718078116711695e-06,1.0
double_dqn,2067,0.05,7,4.0,True,8000,2.3728503947495483e-05,1.0
double_dqn,2068,0.05,10,1.0,True,8000,3.3978150895563886e-05,1.0
double_dqn,2069,0.05,4,7.0,True,8000,5.725637311115861e-05,1.0
double_dqn,2070,0.05,6,5.0,True,8000,5.414738188846968e-05,1.0
double_dqn,2071,0.05,3,8.0,True,8000,5.94375524087809e-06,1.0
double_dqn,2072,0.05,5,6.0,True,8000,4.4935957703273743e-05,1.0
double_dqn,2073,0.05,5,6.0,True,8000,8.082200110948179e-06,1.0
double_dqn,2074,0.05,5,6.0,True,8000,6.300203676801175e-05,1.0
double_dqn,2075,0.05,4,7.0,True,8000,0.00011205454939045012,1.0
double_dqn,2076,0.05,7,4.0,True,8000,2.500771006452851e-05,1.0
double_dqn,2077,0.05,5,6.0,True,8000,2.4403743736911565e-05,1.0
double_dqn,2078,0.05,1,10.0,True,8000,5.375206455937587e-05,1.0
double_dqn,2079,0.05,8,3.0,True,8000,6.253818719414994e-05,1.0
double_dqn,2080,0.05,6,5.0,True,8000,0.00032991380430758,1.0
double_dqn,2081,0.05,3,8.0,True,8000,0.00017236215353477746,1.0
double_dqn,2082,0.05,2,9.0,True,8000,0.00011922451813006774,1.0
double_dqn,2083,0.05,5,6.0,True,8000,0.00013760173169430345,1.0
double_dqn,2084,0.05,10,1.0,True,8000,0.0003207270638085902,1.0
double_dqn,2085,0.05,6,5.0,True,8000,0.0008206688216887414,1.0
double_dqn,2086,0.05,4,7.0,True,8000,0.0005704296054318547,1.0
double_dqn,2087,0.05,6,5.0,True,8000,0.0003155673621222377,1.0
double_dqn,2088,0.05,6,5.0,True,8000,0.0011362247169017792,1.0
double_dqn,2089,0.05,6,5.0,True,8000,0.0017473975894972682,1.0
double_dqn,2090,0.05,3,8.0,True,8000,0.002985068829730153,1.0
double_dqn,2091,0.05,2,9.0,True,8000,0.0008665136992931366,1.0
double_dqn,2092,0.05,4,7.0,True,8000,0.0025980963837355375,1.0
double_dqn,2093,0.05,6,5.0,True,8000,0.001050319755449891,1.0
double_dqn,2094,0.05,5,6.0,True,8000,0.0030893387738615274,1.0
double_dqn,2095,0.05,5,6.0,True,8000,0.0034166094847023487,1.0
double_dqn,2096,0.05,6,5.0,True,8000,0.00286136195063591,1.0
double_dqn,2097,0.05,7,4.0,True,8000,0.0012631540885195136,1.0
double_dqn,2098,0.05,4,7.0,True,8000,0.0006255879416130483,1.0
double_dqn,2099,0.05,5,6.0,True,8000,0.0017911405302584171,1.0
double_dqn,2100,0.05,5,6.0,True,8000,0.0012041275622323155,1.0
double_dqn,2101,0.05,6,5.0,True,8000,0.0008789470884948969,1.0
double_dqn,2102,0.05,5,6.0,True,8000,0.0006128917448222637,1.0
double_dqn,2103,0.05,2,9.0,True,8000,0.0005212477408349514,1.0
double_dqn,2104,0.05,1,10.0,True,8000,0.0009635534952394664,1.0
double_dqn,2105,0.05,4,7.0,True,8000,0.000100557146652136,1.0
double_dqn,2106,0.05,5,6.0,True,8000,9.913879330269992e-05,1.0
double_dqn,2107,0.05,3,8.0,True,8000,0.00023892174067441374,1.0
double_dqn,2108,0.05,4,7.0,True,8000,0.0007329033105634153,1.0
double_dqn,2109,0.05,4,7.0,True,8000,0.00037429024814628065,1.0
double_dqn,2110,0.05,4,7.0,True,8000,0.0006221517105586827,1.0
double_dqn,2111,0.05,6,5.0,True,8000,0.0005171885713934898,1.0
double_dqn,2112,0.05,8,3.0,True,8000,0.00039130987715907395,1.0
double_dqn,2113,0.05,5,6.0,True,8000,0.0002480543334968388,1.0
double_dqn,2114,0.05,6,5.0,True,8000,0.00025309936609119177,1.0
double_dqn,2115,0.05,4,7.0,True,8000,0.0002213010156992823,1.0
double_dqn,2116,0.05,3,8.0,True,8000,0.00034562067594379187,1.0
double_dqn,2117,0.05,7,4.0,True,8000,5.7132390793412924e-05,1.0
double_dqn,2118,0.05,5,6.0,True,8000,0.0003471491509117186,1.0
double_dqn,2119,0.05,5,6.0,True,8000,0.00031421755556948483,1.0
double_dqn,2120,0.05,4,7.0,True,8000,0.0002914286742452532,1.0
double_dqn,2121,0.05,4,7.0,True,8000,0.0005138166015967727,1.0
double_dqn,2122,0.05,3,8.0,True,8000,0.00036569879739545286,1.0
double_dqn,2123,0.05,6,5.0,True,8000,0.00018525375344324857,1.0
double_dqn,2124,0.05,6,5.0,True,8000,0.000176549656316638,1.0
double_dqn,2125,0.05,6,5.0,True,8000,5.57864987058565e-05,1.0
double_dqn,2126,0.05,4,7.0,True,8000,7.755837577860802e-05,1.0
double_dqn,2127,0.05,4,7.0,True,8000,8.639855514047667e-05,1.0
double_dqn,2128,0.05,4,7.0,True,8000,9.01762759895064e-05,1.0
double_dqn,2129,0.05,3,8.0,True,8000,0.000204096722882241,1.0
double_dqn,2130,0.05,2,9.0,True,8000,0.00023094183416105807,1.0
double_dqn,2131,0.05,4,7.0,True,8000,0.00014314906729850918,1.0
double_dqn,2132,0.05,5,6.0,True,8000,0.00020583650621119887,1.0
double_dqn,2133,0.05,3,8.0,True,8000,0.00023210282961372286,1.0
double_dqn,2134,0.05,6,5.0,True,8000,0.00040978824836201966,1.0
double_dqn,2135,0.05,3,8.0,True,8000,0.00033542816527187824,1.0
double_dqn,2136,0.05,9,2.0,True,8000,0.00030724916723556817,1.0
double_dqn,2137,0.05,3,8.0,True,8000,0.00030238411272875965,1.0
double_dqn,2138,0.05,5,6.0,True,8000,8.327131217811257e-05,1.0
double_dqn,2139,0.05,4,7.0,True,8000,0.000143742305226624,1.0
double_dqn,2140,0.05,6,5.0,True,8000,4.954933319822885e-05,1.0
double_dqn,2141,0.05,5,6.0,True,8000,5.0738395657390356e-05,1.0
double_dqn,2142,0.05,3,8.0,True,8000,4.9711670726537704e-05,1.0
double_dqn,2143,0.05,6,5.0,True,8000,4.3377982365200296e-05,1.0
double_dqn,2144,0.05,6,5.0,True,8000,0.001411186414770782,1.0
double_dqn,2145,0.05,6,5.0,True,8000,9.54233983065933e-05,1.0
double_dqn,2146,0.05,9,2.0,True,8000,0.00018096918938681483,1.0
double_dqn,2147,0.05,1,10.0,True,8000,0.0003019406576640904,1.0
double_dqn,2148,0.05,7,4.0,True,8000,0.000181266397703439,1.0
double_dqn,2149,0.05,5,6.0,True,8000,0.00013007364759687334,1.0
double_dqn,2150,0.05,6,5.0,True,8000,0.0013175024650990963,1.0
double_dqn,2151,0.05,6,5.0,True,8000,0.00017616908007767051,1.0
double_dqn,2152,0.05,2,9.0,True,8000,0.0002497656678315252,1.0
double_dqn,2153,0.05,3,8.0,True,8000,0.00025666950386948884,1.0
double_dqn,2154,0.05,2,9.0,True,8000,0.00022050982806831598,1.0
double_dqn,2155,0.05,3,8.0,True,8000,0.000605380570050329,1.0
double_dqn,2156,0.05,5,6.0,True,8000,0.0006155938608571887,1.0
double_dqn,2157,0.05,6,5.0,True,8000,0.00010598036169540137,1.0
double_dqn,2158,0.05,6,5.0,True,8000,0.0002811361919157207,1.0
double_dqn,2159,0.05,3,8.0,True,8000,0.00021488775382749736,1.0
double_dqn,2160,0.05,1,10.0,True,8000,0.00027714361203834414,1.0
double_dqn,2161,0.05,7,4.0,True,8000,0.0005116501706652343,1.0
double_dqn,2162,0.05,6,5.0,True,8000,0.0006403356674127281,1.0
double_dqn,2163,0.05,6,5.0,True,8000,0.0008244329364970326,1.0
double_dqn,2164,0.05,6,5.0,True,8000,0.00012599112233147025,1.0
double_dqn,2165,0.05,6,5.0,True,8000,0.0003908660728484392,1.0
double_dqn,2166,0.05,7,4.0,True,8000,0.0001411592966178432,1.0
double_dqn,2167,0.05,4,7.0,True,8000,0.0013489500852301717,1.0
double_dqn,2168,0.05,2,9.0,True,8000,8.711112604942173e-05,1.0
double_dqn,2169,0.05,5,6.0,True,8000,0.00010280028072884306,1.0
double_dqn,2170,0.05,10,1.0,True,8000,0.0005308085237629712,1.0
double_dqn,2171,0.05,5,6.0,True,8000,0.00028742558788508177,1.0
double_dqn,2172,0.05,5,6.0,True,8000,0.0005895566428080201,1.0
double_dqn,2173,0.05,6,5.0,True,8000,0.0001603009586688131,1.0
double_dqn,2174,0.05,4,7.0,True,8000,0.00019898060418199748,1.0
double_dqn,2175,0.05,4,7.0,True,8000,0.000260193512076512,1.0
double_dqn,2176,0.05,4,7.0,True,8000,0.0001852606364991516,1.0
double_dqn,2177,0.05,6,5.0,True,8000,0.00041854375740513206,1.0
double_dqn,2178,0.05,4,7.0,True,8000,0.0008833994506858289,1.0
double_dqn,2179,0.05,2,9.0,True,8000,0.00010508283594390377,1.0
double_dqn,2180,0.05,5,6.0,True,8000,0.00013226344890426844,1.0
double_dqn,2181,0.05,1,10.0,True,8000,0.00023457988572772592,1.0
double_dqn,2182,0.05,4,7.0,True,8000,0.00019528920529410243,1.0
double_dqn,2183,0.05,4,7.0,True,8000,4.8668105591787025e-05,1.0
double_dqn,2184,0.05,8,3.0,True,8000,4.11627406720072e-05,1.0
double_dqn,2185,0.05,2,9.0,True,8000,0.00010540053335716948,1.0
double_dqn,2186,0.05,5,6.0,True,8000,0.00022840575547888875,1.0
double_dqn,2187,0.05,1,10.0,True,8000,6.356413359753788e-05,1.0
double_dqn,2188,0.05,7,4.0,True,8000,7.529164577135816e-05,1.0
double_dqn,2189,0.05,8,3.0,True,8000,0.0001083589595509693,1.0
double_dqn,2190,0.05,1,10.0,True,8000,8.209431689465418e-05,1.0
double_dqn,2191,0.05,7,4.0,True,8000,3.705899871420115e-05,1.0
double_dqn,2192,0.05,2,9.0,True,8000,0.00013562085223384202,1.0
double_dqn,2193,0.05,5,6.0,True,8000,0.00040636249468661845,1.0
double_dqn,2194,0.05,5,6.0,True,8000,0.0001833546266425401,1.0
double_dqn,2195,0.05,5,6.0,True,8000,0.00030603731283918023,1.0
double_dqn,2196,0.05,5,6.0,True,8000,0.00012945792695973068,1.0
double_dqn,2197,0.05,3,8.0,True,8000,0.00013965393009129912,1.0
double_dqn,2198,0.05,5,6.0,True,8000,0.00010860550537472591,1.0
double_dqn,2199,0.05,4,7.0,True,8000,7.883856596890837e-05,1.0
double_dqn,2200,0.05,1,10.0,True,8000,5.1975614042021334e-05,1.0
